"created_at","id","text"
"1771795865","3838424386752384868","Gagawa gawa ka ng kalokohan kasi eh. Tapos kbye"
"1771810522","3838547333211217405","Utak nya may ubo"
"1771777048","3838266535438340945","Same scenario. Nagkaron baby ko pneumonia when he was 2 months old, 3 days naadmit. May asthma and allergic rhinitis din siya. Halos every week kami nasa pedia, and yung last visit namin was just last week. Sabi ni doc, possible na lifelong na ito because of his allergies. Wala raw talaga cure, control and management lang. 7 months old palang baby ko ngayon pero ang dami dami na naming pinagdaanan. Di ka nagiisa mommy! Sobrang stress at pagod. Pero laban lang tayo 💖"
"1771810170","3838544385378760909","Yun nga momshie, walang cure and talagang need natin maagapan yung ubo't sipon 🥹 Hope your baby is always well and healthy. 🙏"
"1771810006","3838542999404669437","Dahil masama ang pakiramdam may ubo sipon naglaga ako ng fresh turmeric nawala ang running nose at pangangati ng lalamunan at may tunog na ang ubo ka ilangam kasi maagapan  para hindi tumagal stay muna sa loob ng bahay bawal madagdagan ang sakit may radiation  pa 
#nancypimentel 
#coughing"
"1771809035","3838534858058813491","Indi kanagid ya maagwantahan ok lng n ubo hilanat ari daw lala gd ya🥹🥹"
"1771808035","3838526469191126536","Forever na kami han akun ubo na fefeel kooo😭"
"1771807513","3838522096914230052","pwede kaya bakunahan ng anti rabies ang may ubo,
nag nebuLizer at antibiotics na bata?"
"1771806385","3838512631637037337","Effective na gamot sa ubo na matigas? Hirap ako lumunok pag hindi capsule huhu saka hirap din maglabas ng pleghm on my own"
"1771810488","3838547046613835059","mdoket qe ti paske mashum"
"1771810539","3838547477092153924","Ubo king flej tasht"
"1771808431","3838529792548308176","Nagsama na nmn sila
Stress, anxiety,ubo sipon pati na rin insomnia hayyy...
#insomnia  #anxietysupport  #fypシ゚"
"1771759095","3838115938004184664","Dili ing-ani nga Davao akong nailhan. Sige nakag ulan. Nag bago kana Davao City"
"1771807496","3838521947941232756","ganahan ko sa weather not until gi kalintura, gi ubo ug gi sipon nako🤧😂"
"1771804213","3838494414986187299","Mag sabaay napud ta kay di napud ta makatabi2 kay  tungod sa ubo huhuhuhuhu"
"1771803874","3838491566265224337","Nice unta kaayo ang panahon ganina buntag pero maka trigger sad kaayu sa akong sipon og ubo oy"
"1771803798","3838490931842606855","Gamot sa ubo😁🤣✌️🐟Salamat po sa nagbigay😊❤️Morning blessing maaga pa may kakatok sa bahay at abutan ng ganito at may kasamang gulay at siomai may pang ulam at dessert na😋
#chocolate
#thankfulgratefulblessed"
"1771803418","3838487743676687135","Kapoy sige trangkaso ba allergy,ubo sipon..haissttt"
"1771803334","3838487037180359707","bat need may ubo kung kelan may lakad?"
"1771802868","3838483130018035311","El día de hoy ubo templor...lo sintieron el templor??"
"1771802192","3838477455636520664","Kahuloya mn mag ubo sa bus a 😅"
"1771775635","3838254679105694050","Hopefully a new airport will rise in Bacolod, like literally in Bacolod not 2 towns away from Bacolod"
"1771811304","3838553897926108841","Wala nang available flat level land in Bacolod to accomodate an airport within city boundaries. Also we have to consider noise constraints and future expandability."
"1771793064","3838400886703422810","1st setting spray, dry. 
Wnd setting spray, dry. 
And again, your 3rd setting spray, and dry. Walang hulas girl! Tried and tested 🙌🏻😬"
"1771811278","3838553673379602898","Talaga? Akala ko once is enough hahaha. I will try it. Thanks for the tip 👍"
"1771741458","3837967985156569746","Sige po sir tingnantin kung manalo ba o talo sya 🤣😄😄😄"
"1771811222","3838553207166188637","Nagbanggit ka ng Siargao…..di ko yata alam na hanggang ngayon maraming school buildings ang not suitable to use dahil maraming malalaking bitak dahil sa mga lindol at ang iba ay walang mga bubong dahil sa bagyong Odette…..alam mo ba yon? Saka nang umupo ka sa kongreso, Anong mga significant na nagawa mo para sa bayan at sa nasasakupan mo?….sub standard pa nga mga flood control projects mo! Takot kayong maupo si Inday Sara dahil alam ninyong mananagot talaga kayo sa kanya! Kakalbuhin ka niya!"
"1771808911","3838533825136334325","Hindi tayo tinapos ng tadhana, tinapos tayo ng kalandian, Kasinungalingan, Kawalang respeto mo."
"1771811129","3838552426329389402","Ang sakit Nyan tanggapin pero kailangan tiisin Ang sakit para makawala sa nakaraan at mag simula uli ng walang hinanakit 😊"
"1771811083","3838552044446113773","walang malibug sa ilagan matitinu lahat"
"1771811062","3838551867579782067","Nakakatawa yung mga nag aaffiliate dito na nag rereviews ng item for recommendation, tas icocompare sa ibang brand, sabay lapag ng link kung san pwede mabili 🤣 seriously? Di nyo ba kaya mag recommend ng walang halong paninira and gusto nyo lang talaga mag reco just because useful and affordable or convenient yung item for u guys? Hahaha seryoso ba? Gusto kumita tas mang babash sa other brand?

“Mas maganda and mas matibay to compared sa brand X na mas mahal, here’s the link where u can buy it”"
"1771811049","3838551753923748751","Bat walang haha react kasi dto"
"1771810980","3838551175092735754","nagiging multo ko yung mga mistake ko dati, kung pwede lang bumalik sa nakaraan, i tatama ko lahat. Para walang bigat na nararamdaman"
"1771810979","3838551168768129522","Update sa life.! Ganon pa din walang tulog😅 eyebags pa din ang naipon😔"
"1771809235","3838536537944832149","wala pong may gustong maging stray sila o mamatay sila sa lansangan kaya nga po nag hahanap ng mag a adopt. kesa mapabayaan lang at magutom sila. lalo’t mga bata nga po yung nag aalaga at wala po pake yung mga parents nila kaya ako na lang yung nag accountability na ipa adopt sila sa maayos na kamay."
"1771810952","3838550941604198496","Kaya nga buti may isang tulad mo ang sinassbe ko  ung owner mismo responsibilidad nila yan kung pinapalayas sila jan daoat inihanap muna nila ng adopter di ung iiwan nalang. Paano kung wala ka magiging stray dog din sila or worst sa liit nila na yan mamatay at massgasaan pa. Responsible pet ownership dapat paano kung walang help paano na sila. Sa owner ako nagagalit"
"1771811279","3838553686969102994","Grabeng init ng katawan to sarap maligo sa tubig na may yelo, lagnat pa more"
"1771811079","3838552004474614545","Lagnat layuan moko dami ko pang gagawin🥺"
"1771811007","3838551400620705203","Mag march na bakit nagka lagnat kapa self"
"1771806533","3838513876556777114","Feb 20, 1st birthday ng bunso tapos biglang nagkasakit sila ng ate niya. Salamat sa Diyos, bumuti agad ang ate niya. Pero si bunso, dinala sa ER dahil di na halos dumede, mataas na lagnat, paos na kakaiyak at irritable. Nalaman ko may tonsillitis pala siya😢🥺Di ko alam pano nahawa pero ang importante may gamot na. 
Pagod at halos walang tulog pero may mister akong nakaalalay sakin kahit NAPAKALAYO niya. Panay pasasalamat kaya gumagaan lahat. 🥹 Salamat parin Lord at I surrender everything to you🙏🏼🫂"
"1771806439","3838513085276163594","Pumasok ng may lagnat sa office yan sama pa sa kapehan kahit walang tulog"
"1771790501","3838379383883785741","on/off talaga lagnat ko"
"1771790302","3838377717478343062","As a  teacher, hesistant ako lagi umabsent kasi inaalala ko yung klase ko na maiiwan at ayaw ko naman maabala yung mga co-teachers ko na kailangan magsubstitute sa klase ko 😭 Pero ayaw ko rin naman pilitin ang sarili ko kapag hindi ko kaya. Kada school year ata isa lang absent ko."
"1771803009","3838484309934751572","Same, kahit may lagnat ako pumapasok talaga ako kasi walang magsusubstitute sa klase at nakakaawa yung co-teacher ko dahil sa MAPEH yung hawak ko awiit kaya pasok parin. So get well soon sa mga teachers na lumaban sa buhay"
"1771799109","3838451597105467875","Good monday morning..may lagnat si enzo kagabi,di me alam kun papasukin ko today sa school..."
"1771797087","3838434631717466267","Ung nilamon ka ng trabaho.

Dinada sa hospital pamangkin ko mga around 2-3 na nakauwi may infection daw kaya mataas ang lagnat ako naman nag prepare ng maaga, nagmamadali pa kase ayaw ma late kahit ung nag hatid sakin nag madali. Nasa office na at naka set up na lahat. 
 
May iniisip ako kung sino naka leave samin na RTA para ma prepare ko ung file na need para sa campaign na isa.

I check ung leave filling namin, ako pala yung naka leave, may lakad nga pala ako mamaya. Imbis na natutulog ako ……"
"1771782154","3838309365967895110","Allergies due to pabalik balik na ubo't sipon. 😣 
Pero last time mukhang lagnat at trangkaso talaga 😒"
"1771779949","3838290871763333831","yown si lagnat"
"1771779161","3838284259208088821","Grabeng lagnat to 🤧 sumpa"
"1771777758","3838272492088223082","Sakit ng ulo? Lagnat? Wala yan. Kailangang bumangon kahit nahihilo para alagaan ang anak."
"1771811194","3838552976328195942","Gumising nanaman na ang bigat bigat ng pakiramdam😭😭

Lord, ayoko na po makaramdam ng ganto. 😭"
"1771810998","3838551294756111985","Mainit n dito s Baguio tapos malakas ang hangin"
"1771810909","3838550584803819588","Maganda ang panahon ngayon dahil di mainit kaya iwasan ninyong uminit ang ulo binyo!😄😄😄"
"1771810006","3838542999404669437","Dahil masama ang pakiramdam may ubo sipon naglaga ako ng fresh turmeric nawala ang running nose at pangangati ng lalamunan at may tunog na ang ubo ka ilangam kasi maagapan  para hindi tumagal stay muna sa loob ng bahay bawal madagdagan ang sakit may radiation  pa 
#nancypimentel 
#coughing"
"1771784523","3838329242229355872","Help! Sa mga bayaning puyat dyan, what supplement do you recommend for immunity and to stay fresh?? I’ve come across several Tiktok vids recommending Fortima and Conzace. Kayo, anong holy grail niyo? 🥹"
"1771808883","3838533589869481226","https://s.shopee.ph/BOZFS041K me as puyaters moma this one I take, before talaga grabe Hilo ko tapos hindi sapat ang tulog but now less na talaga Hilo at pagod na pakiramdam tapos makakatulong nako.kaya ang saya lang Hindi na masyadong mainit ang ulo ko mi😆"
"1771808745","3838532432777980185","ANG SARAP SA PAKIRAMDAM NA MARAMING NAASAR SAYO,  SPECIALLY YUNG MGA BOBO!
😄 🤣 😂 😆 😄"
"1771808529","3838530617450117438","Ang gaan sa pakiramdam kapag nakawala ka sa narcissistic at cheater na partner 😌"
"1771750315","3838042281589577036","Not recommend this frozen blueberry 😢 almost 4 days masama ang pakiramdam ko 😕🤮🤢💩🚽ending nakapag pacheck up to get the right med 💊

Sabi ng doctor ko maybe whats mixed on the shake specially dairy milk pero yun wag ko na daw itry ulit😂

Don't buy cheap frozen blueberries 🫐 mas better if real fruits and right handling"
"1771808276","3838528498538081841","Im using that for almost a year. Wala namang negative effect sakin."
"1771808608","3838531276383640046","🙏🕉️🔱🌹🪔Om Namah Shivay! 🙏🕉️🔱🌹🪔

May Lord Shiva’s divine blessings bring peace, strength, and happiness into your life. May His presence guide you through every challenge, fill your heart with calm, and bless you with health, success, and prosperity. Let His infinite compassion and power protect you and your loved ones always. May this day and every day ahead be filled with Shiva’s grace and light.

🙏🕉️🔱🌹🪔Om Namah Shivay!🙏🕉️🔱🌹🪔

@highlight 
@highlight"
"1771807683","3838523520452838985","February is so expensive for me! Valentines, dad’s birthday, Nyah’s birthday, Kaz birthday, Mardi Gras, I’m all splurged out. My cash app or Zelle will not be working until May. Please bare with me while I’m trying to recover 😂"
"1771803739","3838490431504401278","México, you are hurting right now, but you are not alone. Stay strong. I pray the Lord watches over México and all His children there. May His peace and protection cover every family. 🇲🇽🙏"
"1771801955","3838475467913711305","Faith may not remove the struggle but it does 
change how you get through it."
"1771801504","3838471684786171932","May sinat ako awit"
"1771800905","3838466658055147169","Just want to share a proud *single* Mom (since she was 7) moment….

My first born, Kyrie,  is graduating from MSU on May 2nd as a FIRST GENERATION COLLEGE GRADUATE!!!!! 
Today, she received her first acceptance letter to Law School!! 
A school whose acceptance rate is only 32%!! 

Can we all just take a moment to celebrate this girl, her intelligence, her determination, her drive…she is unstoppable!! ❤️👏😭🍾
SO proud of her!! ❤️"
"1771800499","3838463252565793376","She has no idea how breathtakina she looks through my eves. The world may see her as ordinarv, but to me, she's something rare and unforgettable. Every little thing about her - the way she smiles, the way she speaks, even the way she exists - feels beautiful in a way she probably doesn't even realize. I wish she could see herself the way I see her, just once, so she'd understand how truly incredible she is."
"1771799801","3838457378115840546","Figaro is on lucky cat! He came in with half of his face literally gone due to an abscess and he may not have survived without medical intervention. 
Figaro went from a very sick and injured kitten to a happy and loving boy and now he's been adopted by the Sackman's! 

Location Othello WA
 509-488-5514 Adamscountypetrescue.com"
"1771798992","3838450603542859973","May karma be forever be in her favor!"
"1771796987","3838433791841658591","My Merciful and Just King, at the end of time, You will return with all Your angels to judge the living and the dead, establishing Your eternal Kingdom. I pray that I will be counted among Your sheep. Please grant me the grace of humility and repentance so that I may grow in love for You and in charity toward everyone. Jesus, I trust in You. 🌷🙏❤️"
"1771807071","3838518389124561090","Bible has always been honest. There will be wolves amongst the sheep. So hindi naman nakakagulat. Kadalasan akala natin ang kalaban ay nasa labas pero pag talaga nagbasa ng word ang kalaban ay also nasa loob. So the important thing is to be vigilant, discerning, and to pursue God humbly always."
"1771811093","3838552123651622653","Sino po ang wolves amongst the sheep? Yung nagsasabi ng totoo na masakit kya di maacept o yung nag wino-water down ang gospel to make acceptable? Tanong lang po."
"1771777403","3838269515113834072","Sorry, kailangan ko lang talaga ilabas ‘to. Hindi ko naman ginusto na ipanganak ako sa mundong ‘to. Yung parents ko nasa late 50s na, mag-60 na sila, and wala na silang stable na source of income para tuloy-tuloy akong mapag-aral. Sinasabi nila na ipapaaral nila ako, pero laging may kontrabida sa buhay ko.
Yung tito ko sinasabi na huwag na daw akong patapusin kasi mag-aasawa lang naman daw ako sa huli. Like, bakit ganon? Ang unfair."
"1771810605","3838548034481766337","Masakit makarinig ng mga ganyan lalo na at galing sa kadugo mo. Ang mali mo lang diyan ay hinahayaan mong kainin ka ng negativity. Why not use it to fuel your urge to finish your studies instead? Kahit anong gawin mo sa buhay palaging may maririnig kang hindi maganda. Given na yan. Pero tandaan mo na nasa sayo pa rin yan kung hahayaan mong itulak ka lang pababa o itulak pataas ng mga salita nila. Lahat ng yan ay nakadepende sa kung paano ka magrereact."
"1771810006","3838542999404669437","Dahil masama ang pakiramdam may ubo sipon naglaga ako ng fresh turmeric nawala ang running nose at pangangati ng lalamunan at may tunog na ang ubo ka ilangam kasi maagapan  para hindi tumagal stay muna sa loob ng bahay bawal madagdagan ang sakit may radiation  pa 
#nancypimentel 
#coughing"
"1771808927","3838533956728406082","hahahahaha make sure din na if mang insult ka, yang masakit for me. hindi yang gina describe mo lang ang sarili mo😆😆"
"1771808799","3838532878876597728","33 days palang nawala ikaw Tiyo Ronaldo Fernandez Sumunod ka naman Agad Tiya Marissa Lloveras .. You both Still in our Heart 😭😭 ..
Kahit masakit pipilitin namin tanggapin 
Ksama niyo na ang lola Rosalina  at lolo dian 😭😭"
"1771807918","3838525494266450701","Mahirap magpala ng snow lalo na kung marami ang snow. Masakit sa likod. Mabuti na lang may taga clear ng snow sa parking ko."
"1771806065","3838509947827690292","Alam mo kung ano ang mas masakit? Yung si Risa Hontivirus ang gustong tumakbo pagka Presidente pero si Leni ang gusto ng mga pinklawan. Loteral na aray ko po!!!"
"1771806046","3838509764058036631","Mahigit 1 years masakit ang balakang #spirituality"
"1771789856","3838373977820168477","Paano mo na realize na, napunta ka sa tamang tao?

Yung asawa ko, ihahatid ako sa trabaho, 10am ang pasok ko, uuwi siya at matutulog pagkahatid sa'ken. Papasok siya sa trabaho ng 9pm pero susunduin muna niya ako sa BGC pagka out ko ng 7pm. Tapos ihahatid sa Angono. At pagkagaling sa Angono, derecho na siya Ortigas, Pasig para naman pumasok sa trabaho. Pagka out niya ng 6am, uuwi na siya at aalis na kami ng 8:30am para ihatid ako sa trabaho (naka motor kami, medyo malayo kaya maaga kami umalis)."
"1771804570","3838497403905849536","I'm happy to learn about other people being with good partners as well. 💕

Kanina lang, sinabi ko sa husband ko masakit lalamunan ko... Aba biglang yakag mag-grocery. Nagtaka ako kasi  every Thursday or so ung grocery run namin.

Wala daw kasi kami soup. Sa sore throat daw nagsimula ung flu symptoms niya last week, so essentially nagworry siya kung may makakain ako habang umiiral ung flu ko.

Bumili rin kami ng iba pang food kahit puno pa ang stock ng pantry. 😅"
"1771810197","3838544608498988313","dinaig ko pa nag karaoke kagabi. sakit ng lalamunan q siz!! kakaloka 🫠🫠🫠"
"1771810006","3838542999404669437","Dahil masama ang pakiramdam may ubo sipon naglaga ako ng fresh turmeric nawala ang running nose at pangangati ng lalamunan at may tunog na ang ubo ka ilangam kasi maagapan  para hindi tumagal stay muna sa loob ng bahay bawal madagdagan ang sakit may radiation  pa 
#nancypimentel 
#coughing"
"1771809618","3838539751134228071","Sumasakit lalamunan ko sa mga batang to 😭 hahaha"
"1771808573","3838530985768698219","Tinanong mo pa talaga sa akin yang bakit wala kang sugar daddy? putcha men hindi ako mahilig sa asukal nasakit lalamunan ko eme 😂😂"
"1771808261","3838528369798031794","sakit lalamunan na naman jusko"
"1771807421","3838521324777084900","Grabeng lalamunan to sobrang sakit paos na🙄🥺"
"1771805865","3838508269317617240","Di pa ko nag aalmusal. Ano ba pwede ko kainin? Sakit ng lalamunan ko. And nilalagnat pa me. Ayoko bumangon pero nagugutom ako. 🤧"
"1771805434","3838504652510473861","Sakit na naman ng lalamunan"
"1771804766","3838499046345041500","Parang iuubo na palabas 'yung lalamunan"
"1771745043","3837998054616425161","Isang masangsang na basura hahaha!"
"1771808779","3838532718125290590","Yong CNSBI nio g basura yan yong tinik sa lalamunan nio SUKA at TAE pinagsama"
"1771801022","3838467640738933797","Umagang kay ganda mo! 🤣

Hanep na tulog ko. Parang tulog manok lang. Panibagong bakbakan na naman na linggo mga pamangkins!

Reviewhin ko lang mga song requests niyo ha. Abang abang lang. Labyu ol!

-TBK😎"
"1771802092","3838476616062925284","Morning.... e di ako shudik 😂 ilang oras lng tinulog, kaloka 🤭 gusto ko na matulog kaso nsa mood kumanta lalamunan at boses ko 🤣"
"1771796709","3838431463642176440","Nahihirapan talaga huminga dahil sa parang may nakabara sa lalamunan ko.🥲"
"1771783900","3838324014776009690","Dahil pagising gising natuluyang mag-init ng kapeng barako nilagyan ng gatas ubo kasi kalaban ko kati ng lalamunan hindi pa nakuntento si lola nagsarilu ng mashed malaking tulong din para magcirculate ang dugo ko sa ugat gumanda ang daloy sinabayan ko pa ng pag-tap sa magician upang hindi mamuo ang phlegm haisst ano kaya oras ang tulog ni lola cancer kanina pa ako gising mga past 11:00 nakaidlip tas nagising uli buhay is life haha lolo gusto ko lng tumawa kayo 😄 kape tayo ☕️"
"1771781820","3838306562787681926","sakit sa lalamunan 🙃"
"1771796709","3838431463642176440","Nahihirapan talaga huminga dahil sa parang may nakabara sa lalamunan ko.🥲"
"1771789405","3838370196739358919","Maraming tao ang nahihirapan 👍,isa na ang pamilya ko , masakit tingnan ang anak pag nahihirapang huminga😭😭 , parang maka isip ka na ayaw kuna , ang daming tanong sa isipan ko, (but naman lord , my Congenital heart disease , at my syndrome😢😢 pa )kawawa naman ang anak ko, bahala wla kaming pera basta wla lang sakit ang anak ko ."
"1771663584","3837314728851492430","Required ba talaga na kapag broken, kailangan nahihirapan ka lagi huminga? Kailangan ba talaga mawawalan ka ng gana kumain at tatamadin ka sa lahat ng bagay? Patayan talaga sa ganito nuh"
"1771651253","3837211268323957056","Ung bang nahihirapan kana huminga dahil patay gutom ka 😜😅"
"1771589018","3836689226976579408","Super guilty parin ako sa nangyari 💔

2 weeks ago na confine ang baby boy ko 9 months old due to GERD. Day 2 namn sa public hospital umuubo sya kaya nalipat kami sa Respi ward for patients na may ubo. 

Day 3 namn may bagong patient na 5 years old boy. His name is Javier and he looks not well talaga. Every 15 to 20 minutes he looks tense na parang he's running out of air(nahihirapan huminga)

Sabi ng watcher nya na ganun talaga kasi may tonsillitis yung bata."
"1771682230","3837471144514035281","hi."
"1771682271","3837471484957354417","nahihirapan akong huminga"
"1771666298","3837337500222841018","Nung abot hanggang tenga na yung tubig, bigla niya akong binitawan, kaya bigla akong lumubog. For context, 4’11” ako at siya ay 5’11” ang height, plus, hindi ako marunong lumangoy or magfloating. Nagpupumiglas ako at nakainom na rin ng tubig, kaya inangkas niya ako sa likod niya. Akala ko ibabalik na niya ako sa gilid ng pool, pero hindi pa man ako nakakarecover para huminga sa pagkakalubog ko, inihagis niya ulit ako sa malalim na parte ng pool. Dahil mas malalim, di ko abot sahig ng pool."
"1771666299","3837337501195931994","Kahit nandun mga kateam niya, umiyak ako ng umiyak at nagsisigaw kasi nahihirapan ako huminga, at bukod pa dun ay takot ako sa tubig na malalim kaya nilapitan niya ako. Pagkabalik ko sa gilid ng pool ay nanginginig ako sa takot, kaya kinuhanan ako ng kateam niya ng tubig at tinanong ako kung okay lang ba ako at pinagsabihan siya na wag ginagawang biro yung ginawa niya sakin. Habang nanginginig pa rin ako sa takot, bigla niyang sa mga kateam niya, “Pabayaan niyo, di naman totoo yan”, sabay tawa."
"1771661780","3837299596574483101","May kaparehas bako dito na nahihirapan huminga pag nakakakita ng mga powderized, pulbos, or yung mga pinong pino like harina, alikabok, o ano basta mga ganun ba. Feeling ko ako lang 😪."
"1771583993","3836647074726220747","Nahihirapan ako huminga, baka may ganito kayo pabili naman ty!"
"1771488038","3835842146649439686","Alam na mismo ng katawan mo kung ano yung totoo bago pa man mangyari ang katotohanan. 

Yung panginginig ng buong katawan mo. Yung bilis ng tibok ng puso mo. Yung bigat sa dibdib mo na nahihirapan kang huminga. Lahat ng yan ay signs na hindi ka na safe sa nangyayari. Makinig ka sa katotohanan na sinasabi ng katawan mo.

Your body knew before your mind allowed it."
"1771471688","3835704992397526976","OGTT ko kaninang 8 am sa Hi-Precision. After ng first blood extraction, and pag-inom nung KRON juice, bigla nalang akong parang nahihilo at nahihirapan ng huminga. At yun na nga naisuka ko lahat ng ininom ko. 🤮

I was advice to comeback after 3 days. Any tips po para maiwasan masuka? 😅"
"1771449503","3835518891045662015","NAHIHIRAPAN AKONG HUMINGA PERO NAKAKAHIYA NMN NA DALHIN KO UNG SARILI KO SA HOSPITAL DIBAAAAA???!!"
"1771396966","3835078179401182155","first time ko mag ka gastritis tapos nahihirapan ako huminga ng malalim pag bloated, ganto ba talaga to? Clear naman lungs at heart ko dahil napa full lab test ako dahil sa lecheng pag hinga na to hahahaha"
"1771811059","3838551839318562539","Taking pictures by Jayvin ang
  At Shannon parents place 😂"
"1771810790","3838549584193797291","A day of my life as a single mom for to dis picture kay wala ang amahan hahahha"
"1771810526","3838547292710387445","Happy ang bebeloves ko
😘🥰😍😘😘"
"1771810404","3838546313977916855","Dai Ang Bootan  order ka sa shoppe nga motaas ang tiil?🤣

How could you say you love me|Sarah Geronimo 
Covered Janelle Nathania Galanque Vedra 

Disclaimer : I Hereby declare that I don't own the rights to this music and video. All rights belong to the rightful owner . No copyright infringement intended and I do not claim to own any of the original songs and video this for entertainment purposes only."
"1771810132","3838544067962255411","PHILIPPIANS 4:13, MARK 11:24, &  JEREMIAH 29:11 ANG BAON KO. THANK YOU, LORD! ☝🏻🤍"
"1771666230","3837333373044345704","Oh kay ganda mo Pulag."
"1771810096","3838543758380725204","ang gandaaaaa🥺🥺🥺"
"1771809770","3838541024357194373","MONDAY PRAYER

“Lord, kung kalooban Mo, let me win this time. I surrender everything to You.”

Ginawa ko na ang part ko—with honesty, integrity, and my best effort. Now I release the pressure and trust You.

If it’s Your will, no one can take it away. If not, I believe You have something greater.

#businessinfluencer 
#Godspurpose 
#Godswill"
"1771809553","3838539151138403716","Kiddie Party? Pero daw mas nag-enjoy ang mga moms and dads. Don’t worry kids the prizes are yours.

Thanks Jollibee Infante branch for this entertaining game. 🤪🤪🤪

Zariyah’s TWO-fast birthday ride.

 #toddlerouzeeros #chdwarrior #dragonballz"
"1771810540","3838547488039618763","6th time meeting for our Pistachio Book Smellers brunch club today. I have absolutely LOVED connecting with these childhood friends upon our move back to Spokane. What a treasure you each are finrallyfan __c_h_r_i_s_t_i_n_e and Big Ang ❤️❤️❤️"
"1771810378","3838546126668105481","SPA PRESENTS  2026 ""ANG HULING EL BIMBO"" gonna miss this, loveu y'all from the bottom of my heart."
"1771810310","3838545542545280399","Ti ve zel ang😂"
"1771809129","3838535409266181368","Being single is fun,but kanino ko isesend ang ramdom selfies ko?🫣🖤"
"1771808778","3838532704845017833","ANG DAMOOOOOT"
"1771808778","3838532708344583292","Yu gah ang gas maning🤩🥰🥰"
"1771808742","3838532406790489342","VOTD: Ecclesiastes 12:13

Maaaring magbigay ng panandaliang saya ang mga bagay ng mundo, pero kung hiwalay kay Lord ang ating hinahabol, mananatili pa rin ang kakulangan sa loob.

Kilala tayo ni Lord at alam Niya ang tunay nating kailangan, at mas nagiging maayos ang buhay kapag sinusunod natin ang Kanyang disenyo.

Sundin mo ang kalooban Niya, manalangin palagi, at patuloy kang humingi ng karunungang nagmumula kay Lord upang gumabay sa bawat desisyon at hakbang mo sa buhay. 🤍"
"1771808631","3838531470194027505","Double time ang DDS trolls since Marcos' visit to Naga, until today sa kumpil ni Digong sa crime against himanity. Double pay is waving🤡"
"1771808002","3838526199606459975","Tahimik ang kwarto noon, pero ang bigat ng bawat tunog. Ang bawat paghinga mo, parang may laban na kasabay.

Nakatayo lang ako sa gilid, walang magawa kung hindi magbilang ng segundo sa pagitan ng bawat hingal. Umaasa. Nagdadasal. Nagpapanggap na kaya ko.

Hanggang ngayon, kapag tahimik ang gabi, naririnig ko pa rin. Hindi sa tenga, kung hindi sa dibdib.

May mga tunog palang hindi nawawala. Hindi sila maingay, pero sapat para paalalahanan ka kung gaano kasakit ang mawalan."
"1771793424","3838403659877801780","Araaaay ko sakit ng ulo ko 🤢"
"1771799435","3838454333848133147","mas, gumaganda pla pag masakit ang ulo hehehehe"
"1771776154","3838259038790631026","Everyday masakit ang ulo"
"1771767930","3838190044209807686","Grabe tlga ang hang over nayan hindi masakit ang ulo pero daming cravings na gusto🙂"
"1771756623","3838095195586836108","Pag masakit Ang ulo ko di ko na need Ang paracetamol..kape lang solve na☕☕😃

#headacheattack #coffeeislife"
"1771740593","3837960731073535218","Ngaun masakit ang ulo ko hahhaha"
"1771673117","3837394698617628354","Lagi nalang masakit ang ulo ko!"
"1771665524","3837331006324649653","ang dami ko sana gagawin pero dahil masakit ang ulo ayon naka higa lang maghapon 😭"
"1771797490","3838438014582926555","Isang taon na sis!!! Natantusan ko na hanggang January hahahaha nakakainis kasi sis lahat ng contraceptive tumataba ako😭😭"
"1771797535","3838438393865542156","Same!!! Kung hindi naman laging masakit ang ulo hy"
"1771731181","3837881776061263438","Morning sesh 👌
masakit pa ang ulo. 🥹"
"1771675327","3837413238431123850","friends di ako maka reply sa into sa sovra ng daming isoin ng single dad maski kayo na may pamulya sa wala alam ko masakit ang ulo ninyo pero ito lang Ang kaya at magagawa ko kakayanin ko Ang lahat para sa mga inspiration ko at kung kanino man"
"1771674374","3837405242888167922","Goo evening guys 
Inaantok na ang person masakit ang ulo ko need sleep ba guys"
"1771653529","3837230357104851709","Papawis lng Sa Umaga 
Sarap sa pkiramdam 
Kahit masakit ang ulo 
3 days na"
"1771632091","3837050547611388874","3days ng masakit ang ulo ko ,wala pa akong engagement..bawi ako guys pag nag ok na ako...di ako makapagcp ng matagal.😢"
"1771595738","3836745597341101016","Katinko gaming na naman si tito mo Lucky masakit ang ulo tsk. 😩"
"1771572445","3836550197393473004","Lord di ako makahinga sa usok ng cigarillo ninyo araw araw na lng please tumigil naman kayo sa Yosi masakit ang ulo ko 😔😔😔😔😔😔"
"1771515404","3836071709951331394","masakit ang ulo"
"1771801455","3838471277820948917","Masakit ang katawan ko🤣 kakahabol ng⚽ ngayon lang to ah dati di naman🤔 nagkaedad na😅"
"1771777018","3838266286497824354","Medyo masakit ang katawan ko today
- Masakit ang mga paa (dahil sa hike)
- Nagka-pasá sa tuhod (as in yung namamaiolet)
- at humabol pa, nakagat pa ng pusa 🤦🏻‍♀️ (ya, my fault tho) need ko pang ipa-anti-rabies to make it sure 👍🏻"
"1771769563","3838203749240219264","Kasakit ng buong katawan, pati kaluluwa ko bubulagta na boi, masakit pa puso tanginang buhay to kapagod."
"1771767902","3838189815721028437","Keep singing for Him.
Pagod man ang katawan, kahit tuyo na ang lalamunan at masakit ang tiyan, kapag para kay Lord, may kakaibang lakas na dumarating. Para sayo lahat ito, Lord! 😭🙌✨"
"1771748208","3838024610893801414","Masakit ang katawan ko sa kakatalon ka gabi😩😩😩😩😩😩"
"1771724672","3837827171155442204","✅ Marathoner na ako 
Sub-6 (5:55)
Wave C 
Joined the 5:40 pace at naiwan ako sa Chinatown dahil sa kakapicture 😅 then picture uli sa Luneta

Injury: 
blister sa paa
chafing sa likod (dahil sa vest) 
at walang parte ng katawan ko ang hindi masakit 😅 kwarentahin ✌️"
"1771685393","3837497678846536414","Nakabawi din ng tulog, grabe yung puyat at pagod kahapon. 
Almost 24hrs gising 😂 Masakit pa ang katawan sa laro ng volleyball 😁🏐"
"1771754673","3838078836114268110","Last shift later pero hindi naman ako makakatulog ewan ko na lng self tapos masakit pa bu-ong katawan ko  hayst..."
"1771753533","3838069278806112060","Nakakapagud mglaba pero mas nakakapagudpag alang Pera feel ko Ang daming masakit sa katawan ko ...kayo din db."
"1771752991","3838064733103052784","POV: Opo, maghihintay ako hanggang sa maghilum na ang sugat na idinulot ng masakit na kahapon.🥹

I have seen slight improvements sa katawan ko when I stopped intaking white rice in my diet for 23 days now. Kasama na rin ang MWF lifting & dumb bell work out ko (🏋🏽‍♀️) and TTH running (🏃🏼‍♂️). Malayo na pero malayo-layo pa.

I would like to improve myself and my health so I could manage the effects of T2 Diabetes.🙂

📍 Bacolod City"
"1771737041","3837930929604121118","Sabi Nila Kapag Trentahin Na Madami Ng 
Iniinda Na Masakit, In Short Maaga Palang
Daw Uugod Ugod Na. 

Come On Hwag Mong Hamunin Ang Trentahin 
Walang Masakit Sa Katawan Nyan Kapag Humagupit 🤣🤣🤣"
"1771737013","3837930692986648162","Sabi Nila Kapag Trentahin Na Madami Ng 
Iniinda Na Masakit, In Short Maaga Palang
Daw Uugod Ugod Na. 

Come On Hwag Mong Hamunin Ang Trentahin 
Walang Masakit Sa Katawan Nyan Kapag Humagupit 🤣🤣🤣"
"1771648637","3837189325185498612","Hindi masahe ang gamot, kundi GIN para sa masakit mong katawan 🤣"
"1771633754","3837064499720068654","akala ko dati kapag nagbbreastfeed ka, madali lang kasi less gastos at maglalatch lang si baby. pero mali ako sobrang hirap pala. yung tipong nagpapadede ka tapos bigla na lang tutulo luha mo tapos tititigan mo si baby habang sobrang pagod ka, puyat, masakit ang katawan, pero kailangan mo pa ring ngumiti para sa kanya. parang ang bigat bigat ng puso mo, ang daming takot, at pagod, pumapasok sa isip mo tuwing nagbbreastfeed ka."
"1771590699","3836703324100348412","Matetest ko yan sa Rock-'n'-roll Series sa November. Naka register ako for the Remix challenge 42k plus 10k. May time pa ako mag improve sa 42k time ko para maabutan ko yung gunstart ng 10k. Hehe"
"1771608411","3836851906749346744","Wow! 🙌 buong taon na masakit ang katawan. Goodluck and best of legs Ms. Ultramarathoner ✨✨"
"1771603444","3836810242714456686","Ang lala😭 walang rd ? Masama na lahat pakiramdam mo pinapasukan mo pa mag extended pa hanggang closing tas mag openning ka pa kinabukasan ng 5am? Edi sana ponatay nalang nila ako, alam din na masama pakiramdam at masakit ang katawan pinapasukan pa din sila d man lang maging grateful, kahit d na kinakaya go pa din. Mamatay nslang talaga antayin bumigsy sng kstawan"
"1771811279","3838553686969102994","Grabeng init ng katawan to sarap maligo sa tubig na may yelo, lagnat pa more"
"1771811152","3838552619954992982","Sakit ng katawan ko
Need ng masah*
Bulusan📍"
"1771810630","3838548238878897998","Happiest 73rd birthday Mama🥹💖🎂🎉🎈🥳.
Maging malakas po kayo ni tatay sa lahat ng oras khit wla kaming mgkakapatid sa tabi ninyo🙏🥰. Gabayan nawa kayo ng Panginoon at bigyan pa ng kalakasan ng katawan sa araw² para magabayan ninyo ni Tatay ang isat isa... Miss u and love u both❤️🥰🙏.
Daghang salamat Ate Merlie Galido Taotao🙏😍 sa mga pictures pasensya na Te kamo jud ang madali dali namo ug istorbo sa mga ing aning higayuna. Thank u so much Te 🙏🥰."
"1771810416","3838546442500556705","Konting kaalaman lamang po😘Nakakatulong ang sunlight sa ating katawan
dahil ito ay nagproproduce sa atin ng Vit.D
na mahalaga sa ating mga buto para lumakas
Maiiwasan din ang mga sakit
Gumaganda ang pakiramdam
Nakakatulong din sa pag iwas sa depression
Nakakaboost ng energy
  Kaya mahalaga ang sikat ng araw sa umaga, pero huwag din sobra💛
#sunlightinthemorning
#tips
#Benefits
#fblifestyles"
"1771809980","3838542788062056814","Ang aking ante..Hindi na makakita at Hindi na makatayo pero kung magsalita ka malalaman nya Ang Boses mo galing naman ni ante🤗🤗, naibili Kona Ang bilin mo sa akin ante ..sa susunod naman bibilhan kita ulit pag Meron ng budget po ang gatas at orange na na sinabi mo sakin ubusin mo ha,patnubayan kapa ng panginoon na malakas Ang katawan at bigyan ng mahabang Buhay pa🥰🥰🙏🙏🙏
#everyoneシ゚  #highlight #loveimmesureable #KindnessInAction #fypviralシ"
"1771809170","3838535992937240182","https://www.facebook.com/share/r/1AmA5SSbub/
COCAINE PA MORE BBM  IKAW MISMO ANG SUMISIRA NG  IYONG KATAWAN AT KALUSUGAN MO NA HUMANTONG  KA SA MALUBHA MONG SAKIT"
"1771809054","3838535023734223645","So I came across with an X post na we should not be wearing charms or bracelets with evil eyes and the likes sa katawan or nagdidisplay nito sa mga bahay natin kasi mas nag iinvite daw ito ng evil spirits/negative energy and these are occultic daw according sa psychic priests. Your thoughts?"
"1771807570","3838522576256315381","sakit ng katawan q"
"1771736736","3837928371438848061","Nagpintig tenga ko kasi parang akala niya pineperahan siya ng side ko. Ano ba gusto niyang pag tulong? Yung libre lahat? E ni piso nga hindi siya nagbibigay sa side ko."
"1771810508","3838547218538847676","Try nya kamo na sa side naman nya ang mag alaga. Lola na ako and I'm telling you, sa edad na 60+ napakahirap ng mag alaga ng bata. Kahit sabihin pang apo ko aalagaan ko, hindi ko kakayaning maghabol, kumarga ng mabigat, magpaligo, magpatahan kapag umiiyak ang isa, paano pa kapag sabay umiyak ang 2? Ok lang kung paminsan minsan lang, like once a month pero araw araw? Kahit siguro bayaran ako, tatanggihan ko kasi hindi na kaya ng katawan ko."
"1771808980","3838534399948304010","Panahon na masipag pko mag maintain sa 55 na bigat ng katawan,Ngayon Ambot nlng tlga😆"
"1771806637","3838514745046082491","Sis how to use?☺️"
"1771807396","3838521111672448613","After mo maligo sissy.. Pagkatapos mo magpatuyo ng katawan lagay ka ng lotion sa palm tapos magpatak ka ng body oil i blend mo saka mo ipahid sa skin mo. Tinitipid ko yung body oil kasi medjo pricey pero worth it kasi ang bilis ng effect. Thank me later sissy ko. 🥹😘"
"1771807257","3838519949388936780","Almusal ang kailangan ng katawan,di baleng di kumain sa gabi basta s umga ay mg almusal kc magdamag ng walang giniling ang tiyan mo..kaya almusal na😋😋"
"1771807226","3838519683897436023","Paikot nyo po ang tape measure around your waist, over your belly botton..Don't suck in your stomach. Sabi ng mga eksperto, 35"" for women and 40"" for men are signs of excess visceral or belly fat.

Excess fats po ang istorbo sa natural na sistema ng ating katawan kaya merong heart attack, diabetes, hypertension, cancer, at iba pang health related problems..

PM nyo po sa akin ang inyong age, height at weight to calculate your BMI..Be healthy!😃"
"1771806468","3838513322497667866","After ng Katawan Sasakyan naman"
"1771806237","3838511386951904563","Good morning 🌞
Bigla na lang naupo at nagpapicture. 
Sigaw ng isip ko ""MADUMI ANAK"" 😅
Pero minsan lang yan, hayaan ko na lang.
Hugas na lang ng kamay after.

Minsan kailangan din nila ng konting bacteria sa katawan🥰"
"1771806224","3838511278512546327","After mag asikaso sa anak ko para pumasok sa school. Natulog ulit ako kasi napagod ako sa nangyari kagabi.(nag away kami ni hubby) Kagising ko lang 1hr lang, Kaso parang gising pa din diwa ko  nanghhina buong katawan ko anlakas ng tibok ng puso ko sobra na narramdaman ng buo kong katawan, anxiety attack ba yon?"
"1771811218","3838553149419045234","Family day is better with crispy, juicy Chop Lechon from Matthew’s Lechon! 🥰🔥
Perfect for birthdays, fiestas, and any special gathering.
Make every celebration extra special with that legit crunchy balat and tender meat!

📞 0936-916-2618
📍 Green Square Villa, Mambog 1, Bacoor, Cavite

#MatthewsLechon
#ChopLechon
#LechonBacoor
#CaviteLechon
#GreenSquareVilla
#FiestaHanda
#FamilyFavorite
#CrispyBalat
#LechonLovers
#SupportLocalPH"
"1771767966","3838190349739832813","Mga bhieee, eto na yung viral glow hack na super dali lang gawin sa bahay ✨😭
Kumuha ka ng NIVEA Creme at lagyan mo ng medyo makapal sa kili-kili o sa mga dark na singit. I-leave mo lang siya for around 10 minutes bago banlawan o punasan.
Sabi ng marami, nakakatulong daw ito para magmukhang mas bright at mas hydrated ang dark areas, lalo na kung dahil sa dryness o sun exposure. Mag-patch test muna para sure na hiyang sa skin mo. ✨"
"1771810605","3838548035882694200","Kalokoha bata palang ako user na ako dito. Bagay lang to pang winter. Pag dito ka sa pinas sobrang lagkit. Much better nivea soft try mo sis super lambot ng balat mo talaga"
"1771810420","3838546473890922635","✨ PRETTY PEACH  FEMWASH ✨

Ano daw amoy ng pretty peach fem wash?? Inyo pong subukan Ng Malaman nyo Ang kinakaadikan ng lahat sobrang Bango may cooling effect pa 😃

Yung kumakapit talaga ang amoy sa balat. Pang-matagalan, swabe sa lapot at bula. Bawat patak, super sulit! 😍
FDA APPROVE
#PrettyPeachFemWash 
#prettypeachfemwash
#prettypeach

@highlight"
"1771671933","3837384768410057720","PLEASE SHARE NIYO NAMAN SAKIN 🥺 Sino ang unang nakaimbento ng basic skincare combo na ’to? 😭
Paano nila naisip pagsamahin ‘to… Cetaphil + d’Alba + Finally Found You + Elsheskin + La Roche-Posay + SKIN1004 Mukhang simple lang, pero SOBRANG GRABE ng effect. Parang automatic glowing ang mukha, tapos ang healthy tingnan ng balat may vibes na “balat ng taong laging umiinom ng maraming tubig” 😭🫶￼"
"1771810208","3838544702040426332","Grabeh sa mahal naman oi. Mag SILKA green nalang. Parang true na nakakaputi ng face at balat xempre everyday use dapat anu ."
"1771809038","3838534884725436907","SA Power Networks’ $13.8M Energy Masters trial shows smart solar homes can run generation, storage, and exports - but only if devices can talk to each other. 

500 homes are testing smart appliances and HEMS, revealing gaps in interoperability, appliance compatibility, and installation complexity. 

The takeaway? National standards are needed to make fully automated homes a reality.

#RenewEconomy #Solar #Households #AusNews"
"1771808995","3838534526583157382","TW: ritual abuse, SA

When I say I was ritually r@aped by Epstein and Ghislaine I mean that they performed a magical ritual on me. I was brought to them when I was 6 years old on a specific night and time in a white linen gown. I was bathed prior and sedated. He asked me to verbally agree to the ritual to get my “spiritual consent.” He placed me in a pentagram drawn on the ground in white chalk. He had a magical balm/cream and a ceremonial dagger. 

He removed a piece of my soul that night."
"1771808895","3838533689878411180","How true? HAHAHAHAHA need sa ferson 😂"
"1771808207","3838527896990964565","Virender Sehwag got furious as soon as Abhishek Sharma and Tilak Verma were out..😱

 #AbhishekSharma #tilakvarma #virendrasehwag #TeamIndia #badchose fahadreviewsalltime T20WorldCup INDvsSA cricketlovers cricketnews viralreelsシ trendingreelsvideo"
"1771806890","3838516800044665737","Anong prutas ang itinatapon ang laman at kinakain naman ang balat #logic #probinsyalife #knowledge"
"1771806353","3838512363889407345","Hwag nyo gagamitin to kung ayaw nyo gumanda ang skin nyo. 😭 Sobrang ganda sa balat Bii.. ang lambot ng balat ko ngayon, nag lighten rin skin ko at effective pang moisturize.  Na lessen rin ung chicken skin ko.  Thank you sa nag share nitong Neutrogena Body Oil na to. 1 week ko palang siyang nagamit kita at feel ko na ang agad effect. Nabasa ko rin  mas maganda kung isasabay sa lotion kaya try ko to sa Vaseline Glu-Hya na gamit ko. Mas mura ko nabili sa black ap. Sharing is caring. Sna mkatulong"
"1771806637","3838514745046082491","Sis how to use?☺️"
"1771749107","3838032145668013634","Thanks po! Nakabili na po ako ng dalawa. Isang fresh milk for cats and dogs Made in Australia nakalagay.

Tas yung isa powderized made in Netherlands naman hahaha hopefully walang maging side effects"
"1771751472","3838051983937189172","Pag nakitaan mo po ng pagtatae pls stop immediately. Ayun kang sana lumaki sila malulusogg."
"1771687081","3837511841181966229","Kailangan ba talaga pa rota vaccine ang baby ?"
"1771722577","3837809603187568784","Yes. Gaya nga ng nangyari sa anak ng katrabaho ko, nahospital due to pagsusuka at pagtatae. Sabi ng dr, viral/bacterial daw cause dahil nga nagsusubo subo ng kung ano ano. Nag ask ako sa kanya. Wala daw rotavaccine ang anak nya.. E naisip ko bb ko na subo din ng subi  buttt. May turok sya ng rotavaccine. 2 shots. Talagang kahit mahal ay nag go kami. 3500 sa pedia per shot. Di kasi available sa center."
"1771605169","3836824708515985725","Poop ng poop? Visit your pedia. It’s not normal, baka madehydrate si baby. Ang cause ng pagtatae nyan is bacteria, baka kung ano ano naiisubo dahil nangangati ang gums. Not pag ngingipin alone."
"1771666299","3837337505717387153","thankyou noteeed"
"1771599332","3836775748766744832","Grabe naman bakit usong uso pagsusuka at pagtatae sa kids, para kong tinotorture sa pag-aalala. Ang hirap mag focus pag anak ang may sakit talaga. Pagalingin nyo po sila 😞☝🏻"
"1771523623","3836140649518853747","Can y'all give me any urban legends about your places? I wanna reaaaaddd. Tatakutin ko na rin sarili ko or I'll feed my curiosity na rin, is there one about Cebu as well?"
"1771524724","3836149888102537046","Meron sa mindanao na tinatawag nilang mangingilo. Sila yung uri ng mangkukulam na kapag tinapik ka, mamaya maya manghihina ka, magsususka, pagtatae, mapaparalyze at unti unti mamamatay. Para maiwasan, sabi nila kapag may tumapik sayo tapikin mo rin pabalik para bumalik sakanila yung sumpa o kaya magpa albularyo. Alam ko yan kasi natapik tatay ko. Pero nakapag albularyo naman sya kaya nakauwi pa sya ng manila."
"1771332743","3834539436185715076","Hays, anyone na nafood poison, after magsubside ng pagtatae niyo. Nahirapan naman kayo umebs puro utot na lang? 🥲"
"1771811250","3838553441996784055","Maraming tao ang akala nila yung happiness lang ang importanteng emosyon sa mundo. Mali. Lahat ng emosyon ay importante. Yan ang basic nature bilang tao. Normal ka kung nararamdaman mo iba’t- ibang emosyon. Kasi kung palagi ka nalang masaya. Siguro baliw ka hahahahhahaha"
"1771741458","3837967985156569746","Sige po sir tingnantin kung manalo ba o talo sya 🤣😄😄😄"
"1771811222","3838553207166188637","Nagbanggit ka ng Siargao…..di ko yata alam na hanggang ngayon maraming school buildings ang not suitable to use dahil maraming malalaking bitak dahil sa mga lindol at ang iba ay walang mga bubong dahil sa bagyong Odette…..alam mo ba yon? Saka nang umupo ka sa kongreso, Anong mga significant na nagawa mo para sa bayan at sa nasasakupan mo?….sub standard pa nga mga flood control projects mo! Takot kayong maupo si Inday Sara dahil alam ninyong mananagot talaga kayo sa kanya! Kakalbuhin ka niya!"
"1771811132","3838552453727014570","WARNING TO THE PUBLIC:

Wag po kayong tatanggap ng anumang call na gamit ang messenger account ko po na nag-uoffer ng ayuda from BBM. 

Maraming salamat po & God bless!"
"1771810722","3838549000488935120","Parents Talk @ Iloco Fambam! Maraming salamat Sissy Rowie for this talk 😘🥰🙏"
"1771809950","3838542533367093091","Thank you lord! 
Thank you din sa mga taong Anjan pag need ko Ng 
Kausap o karamay... 
Maraming salamat sa inyo!"
"1771809877","3838541926963161820","Naalala ko lng nung bata pa Ako ginagawa kung laruan yong mga bunga nito tapos syempre bata pa sinubukan ko rin tikman😁 medyo matamis yan kapag hinog na tapos maraming buto😁😅 awa ng dios hinde naman  bumula bibig ko😁😁"
"1771809642","3838539954263804486","Bakit kaya ang asin ay ginamit ng ating Diyos bilang paghahalingtulad o simbolo sa atin..Maliban sa asin merun pa bang ibang mga bagay o nilikha na makakapagbibigay alat sa ating mga pagkain? Kaya napakahalaga pala nito sa ating buhay sapagkat ito ay maraming benipisyo o gamit sa ating araw araw na pamumuhay..
#rocksaltremedy 
#salt
#RockSaltBenefits 
#everyone 
#fbpost2026シ"
"1771809419","3838538079628684010","Kaya Daw maraming pumerma SA impeachment dahil gusto Ng taongbayan damay niyo pa ako Dyan SA kalokuhan wala akong sinabi"
"1771808303","3838528692717467708","Dapat Lang Talaga Ibalik Ang Mga DUTERTE Sa Pamumuno eh.👊👊"
"1771809343","3838537447378082524","Dapat.lang talaga kayo ganyanin.kung maayos mga Kapatid nyo at Hindi adik ay d Sila magkakaganyab at wag nyo ibibtang Kay Duterte maraming drug Lords nagpalabas Ng mga pumapatay din Sa mga drug addict at pusher kung d Sila nag kaintindihan Sa bentahan alamin mo yan"
"1771424415","3835308431767722080","𝘔𝘢𝘭𝘪𝘮𝘪𝘵 𝘴𝘢 𝘬𝘢𝘭𝘢𝘨𝘪𝘵𝘯𝘢𝘢𝘯,𝘮𝘢𝘱𝘢𝘨𝘵𝘢𝘵𝘢𝘯𝘵𝘰
𝘗𝘢𝘨𝘬𝘢𝘩𝘢𝘱𝘰 𝘴𝘢 𝘥𝘪𝘸𝘢𝘯𝘨 𝘵𝘶𝘵𝘶𝘭𝘰𝘺 𝘱𝘢 𝘣𝘢 𝘰 𝘴𝘶𝘴𝘶𝘬𝘰
𝘕𝘨𝘶𝘯𝘪𝘵 𝘴𝘢 𝘬𝘢𝘭𝘢𝘨𝘪𝘵𝘯𝘢𝘢𝘯, 𝘮𝘢𝘢𝘢𝘳𝘪𝘯𝘨 𝘴𝘪𝘭𝘢𝘸 𝘯𝘢 𝘴𝘢 𝘭𝘢𝘣𝘪𝘴 
𝘯𝘢 𝘭𝘪𝘸𝘢𝘯𝘢𝘨 𝘰 𝘭𝘪𝘨𝘢𝘸 𝘯𝘢 𝘴𝘢 𝘢𝘯𝘪𝘯𝘰𝘯𝘨 𝘥𝘪𝘭𝘪𝘮
𝘋𝘪𝘵𝘰 𝘴𝘢 𝘬𝘢𝘭𝘢𝘨𝘪𝘵𝘯𝘢𝘢𝘯, 𝘬𝘶𝘬𝘶𝘮𝘱𝘢𝘴 𝘢𝘯𝘨 𝘳𝘪𝘵𝘮𝘰𝘯𝘨
𝘮𝘢𝘢𝘢𝘳𝘪𝘯𝘨 𝘮𝘢𝘱𝘶𝘯𝘥𝘪 𝘬𝘶𝘯𝘨 𝘱𝘢𝘩𝘪𝘩𝘪𝘯𝘵𝘶𝘭𝘶𝘵𝘢𝘯,
𝘮𝘢𝘢𝘢𝘳𝘪𝘯𝘨 𝘮𝘢𝘯𝘢𝘵𝘢𝘭𝘪 𝘬𝘶𝘯𝘨 𝘢𝘵 𝘥𝘪 𝘴𝘶𝘴𝘶𝘬𝘶𝘢𝘯."
"1768907104","3814191695978774147","2016 vs 2026
parang salamin lang naman nadagdag… with mabilis na pangangalay at pagkahapo 😆😆😆"
"1766930619","3797611739840971389","grabe yung pagkahapo ko sa paglilinis but i feel so good, general cleaning before new year, walang sulok na may alikabok sa bagong taon🤞🏻😆 and decided na talaga ako not to get a huge house, okay na ako sa kaya ko lang linisin haha"
"1765158514","3782746247481023315","3 days tayo walang salang kabayan kaya kontrolin natin pag inom ng tubig para maiwasan natin Ang pagkahapo at pagsakit ng dibdib.
#safetyfirstbeforeanythingelse
#fbreelsfypシ゚viralfbreelsfypシ゚viral #CKDwarrior"
"1763519217","3768994826704990045","Matapos ang anim na taon, muli akong magbabalik sa liwasan ng naudlot na damdamin. Salat sa kasanayang baybayin ang espasyo mula sa karimlan. 

Nakapaloob sa isang liham na ilalakip lahat ng mga pagkahapo't mga dahilan. Muling ipapaanod ang mga daluyong na sana'y makarating sa kalalagyan. Alon na lang ba ang magdidikta at huhulma sa bawat bagay na ipinunla? 

Nawa'y sa pagkakataong yaon, manatiling tama ang mga pasya. Lubos at tiyak. Walang pagaagam-agam at pagdududa.

Sigwa // Q"
"1756741226","3712136916608051069","Maari tayong magbigay ng mga suhestyon ngunit ang pinaka-epektibong paraan upang maintindihan ang isang tao ay ang makinig. Tahimik man ang paligid, huwag kalimutang magiwan ng espasyo at maglaan ng oras upang maintindihan ang mga hinuha ng mga bagay na ibinabato sa'yo. May inumin man o wala. Makaramdam man ng pagkahapo't maging masigla. Lulan man ng pait ang mga luha. 

Patuloy na makikinig. Patuloy na iintindi."
"1756132170","3707027789745095644","To Order Just Click The Link Below⬇️⬇️⬇️

Thank You So Much!""

✅JC Health Essentials
https://jcshop.ph/PGA16323314

“Pagod ka na ba sa madaling pagkahapo? ✨ Subukan ang Organic Barley Grass! 💚 Superfood na puno ng vitamins at antioxidants para sa energy at immunity mo. 🌱”
#BarleyLife #OrganicBarley #NaturalEnergy #barleygrassbenefits"
"1755742805","3703761554767101080","Grabe bagsak ng adrenaline ko. Right after mass, habang kumakain ng pandesal, nakaramdam ako ng pagka-hapo. Kelangan ko ng kama!!! Lola mode on!"
"1755580554","3702400493240150405","Subukin

Sa ngayon ang nais lang ay umagos.
Ang pighati hahayaan sa pag-alon,
Sasabay sa ano mang daluyong. 

Naisin ko man ang dagliang paghilom,
Hilingin man takpan ang mga sugat
At bitbitin ang mga bigat,
May mga bagay na hindi pa kayang abutin ano mang ibahaging lakas.

Kung tangayin ng hangin ang pagkahapo,
Susubukin namang bumangon - umahon,
Lalakarin ang pasigan ano mang panahon.

JCSM 2025"
"1754667893","3694744537863070831","putangina talaga nakakaramdam talaga ng pagkahapo at burnout pero masarap talaga magturo 😁.Makabuluhan at May saysay 👍🏻👍🏻
Hindi lahat matututo pero at least sinubukan mo dba? HAHAHAHAHAH"
"1753183908","3682295973591465455","Mahal, kamusta?
Kamusta ang iyong araw?
Sa mata mong umiilaw
Sa pagod at pagkahapo —
Andito ako, iyong pahinga.

Sasamahan ka habang ikaw ay nakahiga,
Sasaluhan sa mga lumilipad mong isipan,
Tutulungan ka maiayos ang bagay-bagay
Na gumugulo sa’yong isipan."
"1771807546","3838522374845771218","Pagod na pagod na ako sah😭"
"1771807289","3838520217849491703","araw araw at palagi kong pinagdadasal na sana makaalis na ko sa sitwasyon na 'to, ayoko na dito pagod na pagod na ko sobra"
"1771807034","3838518072437803172","Pagod na pagod  na jo! 🥲"
"1771804644","3838498026969770160","Why do I feel exhausted sa work? Papasok pa lang me parang pagod na agad pero pag uwi mas pagod. I used to be energetic, cheerful and passionate sa work, but how come na ganto na yung nafefeel ko. Sobrang Ganda naman ng gising ko, but then parang pagod na pagod ako after work.  Hindi naman ako pagod when it's Pag rest day kahit maglaba ako maghapon, luto andgala na maraming lakaran ganun. Work related stress ba to? Or sign with divine intervention? Haha"
"1771803715","3838490234523461715","Ilang days ko na dinideny tong pagod na nafefeel ko pero parang mas lumalala pag d ko nilalabas. So ngayon aaminin ko na, na buburnout na ko sa trabaho ko. D ko na kaya yung 3 byahe papunta dito. Nakakapagod na talaga. Oo, pagod na pagod na ko HAHAHAHAHA sobrang pagod na pagod na ko gumising ng maaga para makaadjust sa travel. Pagod na ko. Wala na kong ma feel na excitement sa kahit ano, kahit sa sahod ko, wala na talaga. Bumili na ko ng skin care ko thinking magaganahan ako, pero wala talaga."
"1771803689","3838490012804111933","Pagod na pagod na ako, please lang."
"1771803663","3838489800438102980","PAGOD NA PAGOD NA PAGOD NA AKO MAG TRABAHO huhuhu"
"1771800818","3838465931492863238","paano mag bubundok neto? e 1 km lang yung nilakad na medyo matarik talaga e pagod na pagod na? wag na lang!"
"1771796819","3838432383763476033","Pagod na pagod na ko!!!!!!"
"1771810290","3838545362945435369","Yung pagod na pagod kna tapos biglang naalala mo okay lng mapagod ang mahalaga may pera kaya go  more pagod more income  goodmorningeveryone 😆✌"
"1771805576","3838505843458346844","Yung katawan ko, laban na laban pa. Pero yung utak ko, pagod na pagod na. 🥹😅"
"1771798701","3838448174906952932","Ang bilis ng transition hahahhahaha from friday to monday na agad?!!! Hahahahhaha pagod na pagod na ako. 🥲🤣"
"1771795336","3838419945949170552","Pagod na pagod nako!"
"1771794365","3838411802422699799","Pagod na pagod na pagod"
"1771790597","3838380187965424148","Pagod na pagod na akong umintindi :(("
"1771786226","3838343526619483504","My mom just called. Gusto nya ako umuwi na sa probinsya. Gusto nya pa daw ako maabutan. Humihina na daw sya. (She has cervical cancer)

Gustong kong umiyak at sabihin sakanya na matagal ko na gusto umuwi. Matagal ko na gusto na ako na aalaga sakanya. Pero di ko masabi. Di ko magawa. Ni hindi ko maamin sakanila na struggling akong dito sa Maynila. Kahit pamasahe pauwi sa probinsya wala ako. Gustong gusto ko nalang sa tabi mo mama. Pagod na pagod na ang panganay mo dito sa malayo 😭"
"1771769844","3838206099954184105","Literally this 2 months puro ako doubt sa sarili ko and puro panghihina ng loob nararamdaman ko wtf this isnt me"
"1771751287","3838050433043146214","Ang hirap .puro problema .natatanggap ko. Na dapat pangpalakas ng loob .panghihina hayy buhay ."
"1771681580","3837465689846234650","I just published a new post on my  @buymeacoffee Elon Musk: To My Future Wife,Please Hurry, I’m Tired
https://buymeacoffee.com/mrxuniverse/elon-musk-to-my-future-wife-please-hurry-i-m-tired"
"1771729314","3837866117298256741","Bakit? Kung napapagod ka hanapin mo SI Lord, Siya Ang gagamot sa iyo sa kahirapan na dinadanas mong pagod at panghihina,tiwala ka lang sa kanya,Hindi Niya tayu pababayaan ,Ang Sabi Niya,Ang lumalapit sa akin ay palalakasin ko sa pamamagitan Ng espiritu,Amen"
"1771683416","3837481096397978458","Lahat ng pagod puyat gutom ay nasuklian ng sakit at panghihina"
"1771604250","3836817000618373097","Kasama ba sa pag palpitate yung pagpapawis kahit malamig at panginginig at panghihina? Hahahahaha kape pa more"
"1771465098","3835649708241608894","Sa wakas, humupa rin ang baha. Pero kahit nakaligtas siya sa rumaragasang tubig, hindi niya alam kung paano bababa sa puno dahil sa trauma at panghihina. Pinilit siyang tulungan ni Tatay—dahil isang maling galaw lang, puwede pa rin siyang mamatay.
Ligtas ang pamilya namin.
Pero ang pinakamasakit?
Natagpuan ang mag-ama—ang asawa at anak niya—kasama ang kalabaw, sa karatig na barangay. Wala na silang buhay.😭 Magkakasama pa rin sila nang matagpuan.🥺"
"1771717475","3837766797169833488","""Every gising is a blessing""sa quote nga ini may isang tao akong naaalala ang pinansan kong pumanaw na at lumaban din sa sakit na cancer hindi mo sya makikitaan ng panghihina almost everyday kaming nag chachat at lagi nyang sinasabing stage 4 na ako ate sabay smile  kaya kung saan ka man ngayon ne I'm sure you're in good right hand of our savior papaG miss ya"
"1771596610","3836752913709007362","Nakakapagod na talaga. 

Ang hirap maging ina at asawa tapos alam mo pang soon enough you will going to have a failed marriage. 

Lord, bakit?"
"1771604494","3836819048538300065","Sending you a big virtual hug 🤍🥹 Nakakaramdam talaga ng panghihina minsan, pero hindi ibig sabihin na wala nang pag-asa. Take a break, breathe, and let yourself feel. You’re not alone! 🫂"
"1771425128","3835314349183000282","Panghihina ng loob ko"
"1771811279","3838553686969102994","Grabeng init ng katawan to sarap maligo sa tubig na may yelo, lagnat pa more"
"1771811207","3838553080523269414","#Mujhe Bhi Darr Lagta Hai

567

V1M Q50K U20K 日10K

#lipstik #shadowsense #amitfam

10K

alonedesignphotowork amitphotography归函 alonedesign wideanglephotography sonuediti ng #denimlook smudgeproof alonedesignvlog fashionbloggeri tdream20k senegencedistributor officelook amitfame lipsensedistributor makeuptutorial jeanslovers deminlook lipsticklover lipstickaddict outdoorportraits waterproofmakeup natureportrait

47.1K

wideanglephotographlipstikhalalkosmetikvir"
"1771811152","3838552619954992982","Sakit ng katawan ko
Need ng masah*
Bulusan📍"
"1771811142","3838552534751642977","Don’t forget entries open on NextGen at 8am!!! The early section is filling up-if you are entering in NG and need early section please text me!!! See yall Friday-the weather is going to be great!!!"
"1771810630","3838548238878897998","Happiest 73rd birthday Mama🥹💖🎂🎉🎈🥳.
Maging malakas po kayo ni tatay sa lahat ng oras khit wla kaming mgkakapatid sa tabi ninyo🙏🥰. Gabayan nawa kayo ng Panginoon at bigyan pa ng kalakasan ng katawan sa araw² para magabayan ninyo ni Tatay ang isat isa... Miss u and love u both❤️🥰🙏.
Daghang salamat Ate Merlie Galido Taotao🙏😍 sa mga pictures pasensya na Te kamo jud ang madali dali namo ug istorbo sa mga ing aning higayuna. Thank u so much Te 🙏🥰."
"1771810416","3838546442500556705","Konting kaalaman lamang po😘Nakakatulong ang sunlight sa ating katawan
dahil ito ay nagproproduce sa atin ng Vit.D
na mahalaga sa ating mga buto para lumakas
Maiiwasan din ang mga sakit
Gumaganda ang pakiramdam
Nakakatulong din sa pag iwas sa depression
Nakakaboost ng energy
  Kaya mahalaga ang sikat ng araw sa umaga, pero huwag din sobra💛
#sunlightinthemorning
#tips
#Benefits
#fblifestyles"
"1771809980","3838542788062056814","Ang aking ante..Hindi na makakita at Hindi na makatayo pero kung magsalita ka malalaman nya Ang Boses mo galing naman ni ante🤗🤗, naibili Kona Ang bilin mo sa akin ante ..sa susunod naman bibilhan kita ulit pag Meron ng budget po ang gatas at orange na na sinabi mo sakin ubusin mo ha,patnubayan kapa ng panginoon na malakas Ang katawan at bigyan ng mahabang Buhay pa🥰🥰🙏🙏🙏
#everyoneシ゚  #highlight #loveimmesureable #KindnessInAction #fypviralシ"
"1771809691","3838540358193121255","Behind every strong woman is a story of sacrifice, courage, and endless love. Proud of the hustle, proud of the heart. ❤️

#SingleMomStrong #EarlyGrind #BossMama #HardworkingWoman La LorenIPhoneStation ng Palawan@highlight"
"1771809950","3838542475979972738","I found this amazing template in CapCut. Tap the link to try it out! https://www.capcut.com/tv2/ZThb2kNG9/"
"1771809351","3838537477150385374","🥳Tara maki birthday Tayo 🥳Happy birthday to me more wins,more blessings, more self this year.proud as being OFW  pinakamagandang version  ng Sarili ko so far  mas strong at mas bless this year thank you Lord for giving healthy is wealthy long life 🙏🎉🙏❤️
#fypシ゚ #birthday"
"1771809170","3838535992937240182","https://www.facebook.com/share/r/1AmA5SSbub/
COCAINE PA MORE BBM  IKAW MISMO ANG SUMISIRA NG  IYONG KATAWAN AT KALUSUGAN MO NA HUMANTONG  KA SA MALUBHA MONG SAKIT"
"1771809054","3838535023734223645","So I came across with an X post na we should not be wearing charms or bracelets with evil eyes and the likes sa katawan or nagdidisplay nito sa mga bahay natin kasi mas nag iinvite daw ito ng evil spirits/negative energy and these are occultic daw according sa psychic priests. Your thoughts?"
"1771808984","3838534430164833932","Happy Birthday Cuz keep resting up 🍾🕊️KiNg Corzay Thaboss"
"1771808980","3838534399948304010","Panahon na masipag pko mag maintain sa 55 na bigat ng katawan,Ngayon Ambot nlng tlga😆"
"1771808937","3838533994795971489","Good morning everyone, lets start the day right😊 😉
 Lola ng sexbomb 😂 😂. #fyp #everyoneシ゚ #SeniorMoves"
"1771811339","3838554186729483706","Latepost
Belated happy beer-day sisterette, alam mo n ang wish ko para sayo. Sana all nla tlga nakapadagat, imissyou all bawi ako pag uwi🥰
PS: beach nila kahapon inulan sieste nag siuwian nlang😁 nilalamig n mga bata🥰"
"1771811278","3838553673765637748","parang dating app na’to😭😭"
"1771810626","3838548209107619411","Ganto ba selfie ng mga trentahin? HAHAHAH"
"1771810914","3838550624682884254","parang ndi nmn 30 Yan"
"1771810323","3838545664280594873","Nilalamig o Kinikilig ???"
"1771809607","3838539660143027623","Parang i want din 🫢"
"1771809280","3838536919794530626","Katwiran ng mga bobo “binoto lang naman namin si BBM dahil kay Sara”HUH? Ulul pakyu sabi nyo nga non na ang galing galing ni BBM magsalita parang tatay nya. Meron pa “kay BBM ako kasi ang laki ng suporta nya sa mga artists” at “magiging mura na ang bigas dahil kay BBM”. The point is ya’ll should stop lying to yourselves that you only voted for him because of Sara.Ayw nyo lang aminin na nilamon kayo ng katangahan nong 2022 at dahil mataas pride nyo, kay Sara naman ngayon. Kingina di nga pumpasok!"
"1771808109","3838527093202892316","Parang twitter"
"1771807833","3838524774524646330","Lately, I’ve been feeling a quiet pull to attend a sunday service at CCF (Christ’s Commission Fellowship) especially the main branch in Pasig. I’m from Naic, Cavite and and I’m open to trying nearby branches sa Kawit or Dasma. I don’t know how to explain it, just a heart that wants to listen. Parang may tumatawag talaga."
"1771807114","3838518748786182961","2020 Una naming usap, sumasali pa sa online rambulan at internet love. Had feelings for each other that time pero hindi nag work and nagkatuluyan. Nagka girlfriend sya, nagka boyfriend din ako. No contact for how many years. 

And one day, bigla nalang nag usap nanaman kami. Parang kami pa din yung teenage self namin, alam na alam nya padin pano ako kunin. Pareho na kaming single now and sana this time mag work na. 

Totoo ba ang “Love is sweeter the second time around.” ? 🧿🪬￼"
"1771695144","3837579476405966449","Men, how do you know & show you're really into a woman? Like the SHE'S THE ONE already

🤓💭"
"1771807080","3838518459236504994","Idk how to distinguish or to know if siya na talaga & and all i do is effort to the max kaso parang na realize ko once you show too much efforts na bobored or nawawalan ng thrill based sa mga naranasan ko 🥺😭"
"1771777048","3838266535438340945","Same scenario. Nagkaron baby ko pneumonia when he was 2 months old, 3 days naadmit. May asthma and allergic rhinitis din siya. Halos every week kami nasa pedia, and yung last visit namin was just last week. Sabi ni doc, possible na lifelong na ito because of his allergies. Wala raw talaga cure, control and management lang. 7 months old palang baby ko ngayon pero ang dami dami na naming pinagdaanan. Di ka nagiisa mommy! Sobrang stress at pagod. Pero laban lang tayo 💖"
"1771810170","3838544385378760909","Yun nga momshie, walang cure and talagang need natin maagapan yung ubo't sipon 🥹 Hope your baby is always well and healthy. 🙏"
"1771810006","3838542999404669437","Dahil masama ang pakiramdam may ubo sipon naglaga ako ng fresh turmeric nawala ang running nose at pangangati ng lalamunan at may tunog na ang ubo ka ilangam kasi maagapan  para hindi tumagal stay muna sa loob ng bahay bawal madagdagan ang sakit may radiation  pa 
#nancypimentel 
#coughing"
"1771808431","3838529792548308176","Nagsama na nmn sila
Stress, anxiety,ubo sipon pati na rin insomnia hayyy...
#insomnia  #anxietysupport  #fypシ゚"
"1771759095","3838115938004184664","Dili ing-ani nga Davao akong nailhan. Sige nakag ulan. Nag bago kana Davao City"
"1771807496","3838521947941232756","ganahan ko sa weather not until gi kalintura, gi ubo ug gi sipon nako🤧😂"
"1771804687","3838498388082631244","Ubot sipon pleaseee , get away, I'm tired being with you, scared my troat and pain , I need to continue my everydays life,  pleaseee!!!"
"1771803874","3838491566265224337","Nice unta kaayo ang panahon ganina buntag pero maka trigger sad kaayu sa akong sipon og ubo oy"
"1771800900","3838466618427609403","Utang na loob kung may sipon at lalong lalo na UBO kayo pag magkocommute kayo, MAG FACE MASK KAYO!!!"
"1771805936","3838508863483035818","Masama pakiramdam dhil s sipon #notfellingwell #sipon #badmood"
"1771804545","3838497192167986534","Grabi ka bilar atung mata bisag pag mag sayo ug tulog pag motukar na Ang hutoy wala jid Tay mahimo sip.on ubo kanus.a pakaha me mag bulag ani ba? Loyal man kaau sya Nako di man ko Niya bayan😅ok Ra untag kwarta KADA iluha nato dli raba mag pampers nalng ta Aron dli ta che ihi-ihi paita🙄🙄
#highlight #flu"
"1771803418","3838487743676687135","Kapoy sige trangkaso ba allergy,ubo sipon..haissttt"
"1771795984","3838425381079055930","> dati, takot kami magkalagnat, magka ubo at sipon, magka sore eyes, mahawa ng Chicken Pox, o ano mang sakit, in short, ayaw namin magkasakit at all dahil pag may sakit, di ka makakapaglaro kasama ng mga kababata mo...

Ang swerte ng mga kabataan ngayon, 'di nila naranasan ung mga ganung sakit or kahit lagnat man lang, malupet at matinde mga kabataan ngayon! 

Rekta sila sa sakit na STD at HIV! #Soshal"
"1771791650","3838388760291964168","Doble ingat po dahil flu season pa rin ngayon, ayon sa health department. Sa gitna niyan, may paalala ang mga doktor lalo na kung mahigit isang linggo na ang inyong ubo at sipon."
"1771791205","3838385292148122205","Haiii dina nawala sipon at  ubo 😢😢😢"
"1771788618","3838363587631867256","I want to give a huge shout-out to my top Stars senders. Thank you for all the support!

Sipon Laskar, Labib Ahammed, جابر العزي"
"1771788036","3838358706878178768","Ito kasagsagan, ng covid 19😂 pauwi na sana kmi ng bohol.bigla kmi nag positive sa test🤣🤣, wla nman kaming ubo sipon.dinala kmi sa valenzuela para eh quarantine un nga lang abutan ng ilang days. Pinalabas kmi kasi malakas kmi kumain 🤣🤣🤣🤣"
"1771777048","3838266535438340945","Same scenario. Nagkaron baby ko pneumonia when he was 2 months old, 3 days naadmit. May asthma and allergic rhinitis din siya. Halos every week kami nasa pedia, and yung last visit namin was just last week. Sabi ni doc, possible na lifelong na ito because of his allergies. Wala raw talaga cure, control and management lang. 7 months old palang baby ko ngayon pero ang dami dami na naming pinagdaanan. Di ka nagiisa mommy! Sobrang stress at pagod. Pero laban lang tayo 💖"
"1771810170","3838544385378760909","Yun nga momshie, walang cure and talagang need natin maagapan yung ubo't sipon 🥹 Hope your baby is always well and healthy. 🙏"
"1771810006","3838542999404669437","Dahil masama ang pakiramdam may ubo sipon naglaga ako ng fresh turmeric nawala ang running nose at pangangati ng lalamunan at may tunog na ang ubo ka ilangam kasi maagapan  para hindi tumagal stay muna sa loob ng bahay bawal madagdagan ang sakit may radiation  pa 
#nancypimentel 
#coughing"
"1771809129","3838535409266181368","Being single is fun,but kanino ko isesend ang ramdom selfies ko?🫣🖤"
"1771808431","3838529792548308176","Nagsama na nmn sila
Stress, anxiety,ubo sipon pati na rin insomnia hayyy...
#insomnia  #anxietysupport  #fypシ゚"
"1771804687","3838498388082631244","Ubot sipon pleaseee , get away, I'm tired being with you, scared my troat and pain , I need to continue my everydays life,  pleaseee!!!"
"1771803874","3838491566265224337","Nice unta kaayo ang panahon ganina buntag pero maka trigger sad kaayu sa akong sipon og ubo oy"
"1771802364","3838478905305607635","So stressed! Natutulala nalang ako without ever realizing tumutulo na luha ko sa bigat ng mga sitwasyon. 😭😭😭😭😭"
"1771805936","3838508863483035818","Masama pakiramdam dhil s sipon #notfellingwell #sipon #badmood"
"1771777608","3838271235122456034","ever since tumambay ako dito sa threads mas naging conscious na ako sa mga kinakain ko at andami kong natututunan about foods. pero minsan confusing parin lalo na sa pagbasa ng label ng foods ano pa dapat bigyan pansin if magbabasa ng label?"
"1771805714","3838506998955243994","Hi po! always check & compare between macro content of prodcuts. if you want to lessen your bad fats, avoid saturated fats. Always check rin sa %RENI/%DV sa right column. If <5% siya it has a low content that can contribute to your diet. Habang >20% is high content. So if may nakita kang ex: sodium na beyond 20%, high content na siya that can increase your risk sa high BP. Pero if for example yung iron/fiber or protein ang >20%, yun yung ideal."
"1771804545","3838497192167986534","Grabi ka bilar atung mata bisag pag mag sayo ug tulog pag motukar na Ang hutoy wala jid Tay mahimo sip.on ubo kanus.a pakaha me mag bulag ani ba? Loyal man kaau sya Nako di man ko Niya bayan😅ok Ra untag kwarta KADA iluha nato dli raba mag pampers nalng ta Aron dli ta che ihi-ihi paita🙄🙄
#highlight #flu"
"1771801231","3838469374320311925","watch this funny video.. look at @atashamuhlach_ very real ang reaction...

#atashamuhlach #allank #EATBULAGA 

video credit: #tvjofficial 

Video and Music Owner Disclaimer*
This video is not mine. All rights belong to the rightful owner. No copyright infringement intended. ... Credits to the original creator."
"1771800900","3838466618427609403","Utang na loob kung may sipon at lalong lalo na UBO kayo pag magkocommute kayo, MAG FACE MASK KAYO!!!"
"1771799066","3838451229861465492","Just woke up!!! 

good morning lavz  kumusta mo? 
grabe ang oanahon dag-um japun  dires davao. 

Amping tang tanan 💚💚💚

#coldweather"
"1771796938","3838433385422316963","Yung kakagising mo lang pero biglang tumulo luha  mo ng hindi mo alam kung bakit?"
"1771810938","3838550827091610966","todo side view wala na mang ilong!😑😑"
"1771766984","3838182111690567393","Let's keep them in our prayers 🙏 
💚💚💚👊👊👊🇨🇿🇨🇿🇨🇿"
"1771810671","3838548585026298526","Si Respicio di nya afford? 🤣🤣🤣 yung malaki butas ng ilong pero sarat"
"1771808948","3838534125153756417","Tinitingnan ko lang kung kailangan ko pa ng isang butas ng ilong. Nak ng teteng barado naman ngayon! 😅😄

#GoodVibesLang  #happymonday
#everyone"
"1771808347","3838529082234201288","Scam ang ilong
#chatgpt 
#chatgptprompts 
#anime
#follower 
#fypシ゚viralシfypシ゚viralシalシ"
"1771808201","3838527863277124113","DDS Update: 

Rodrigo Duterte: Nakulong at naging karton
Sara Duterte: May impeachment case at alleged corruption, absentee at naging dora kakalakwatsa 
Rodante Marcoleta: Natagpuang boneless ang ilong, naging Tsinador pa nga at abogado ng mga Discaya
Pastor Quiboloy: Nakulong, di na istap ang pulis kahit syay appointed son of the GOD
Bong Revilla: Nakulong, anak ka ng teteng
Senator Villanueva: Ikukulong palang, best dramatic actor award goes to Jowel
Francis Escudero: Forwith gurl 💅🏻

💚💚💚💚💚"
"1771806428","3838512989636426989","SALA BA DIAY SA LUBI, kung ang iyang PALWA naa sa imong ilong.,"
"1771804836","3838499631366495574","sa ilong rajud ta nakabawi ani sa batasan rag duha duhaan man

follow for More 

#monday"
"1771804692","3838498427031143162","Good morning 🌞♥️✨
D tlga maaalis yung pag gsing mo tulala ka Muna 😁
May pa side view Muna 😁 kitang kita Ang katangusan ng ilong 👃"
"1771743108","3837981822618357692","Di ko magets yung matatanda na mahilig mag criticize ng mga newborn babies. Araw araw ba naman punahin na maitim daw tas pango. Newborn pa ngani, mag iiba pa itsura nyan. Kawawang baby, puro pintas agad."
"1771803058","3838484726404034807","ewan koba sa utak ng mga yan, pinagdidiskitahan yung ilong sabi ko kahit di na yan pisilin, di naman yan pango. kasi kung pangi yan, hindj namin yan anak. wala naman pango sa’tin e. kapikon haha"
"1771808927","3838533956728406082","hahahahaha make sure din na if mang insult ka, yang masakit for me. hindi yang gina describe mo lang ang sarili mo😆😆"
"1771808799","3838532878876597728","33 days palang nawala ikaw Tiyo Ronaldo Fernandez Sumunod ka naman Agad Tiya Marissa Lloveras .. You both Still in our Heart 😭😭 ..
Kahit masakit pipilitin namin tanggapin 
Ksama niyo na ang lola Rosalina  at lolo dian 😭😭"
"1771808002","3838526199606459975","Tahimik ang kwarto noon, pero ang bigat ng bawat tunog. Ang bawat paghinga mo, parang may laban na kasabay.

Nakatayo lang ako sa gilid, walang magawa kung hindi magbilang ng segundo sa pagitan ng bawat hingal. Umaasa. Nagdadasal. Nagpapanggap na kaya ko.

Hanggang ngayon, kapag tahimik ang gabi, naririnig ko pa rin. Hindi sa tenga, kung hindi sa dibdib.

May mga tunog palang hindi nawawala. Hindi sila maingay, pero sapat para paalalahanan ka kung gaano kasakit ang mawalan."
"1771807918","3838525494266450701","Mahirap magpala ng snow lalo na kung marami ang snow. Masakit sa likod. Mabuti na lang may taga clear ng snow sa parking ko."
"1771753023","3838064999064035163","33 year-old Tito from Bulacan.

Ikaw anong entry mo?"
"1771807755","3838524128022905602","39 yo tita from Bacoor. 

Palageng masakit ang likod 😂"
"1771806512","3838513646381994380","Yung pak na pak ka...tapos dumating na ang bus at ang layo mo pa masakit na ang paa🤦🏻‍♀️🙈👣👣 kaya wala na poise...itapon na🤣🤣🤣 #pinoyabroad #modellangangpeg #modelmaterial #pinoy #feelingera #walangsapatos #takbopamore #positivevibes #enjoylife #uklife @highlight"
"1771806424","3838512958314586110","MALUPITON ONCE SAID: 
""NAKAKALUNGKOT DITO SA PINAS, SA TOTOOSIN LANG, ALAM MO KUNG BAKIT? PRE PAG WALA KANG BITAW, WALA, TAE KA SA KANILA. WALA KANG MATATANGGAP NA RESPETO NI ISA PAG WALA KANG PERA""

MASAKIT MAN PERO YUN ANG TOTOO, NA SA PANAHON NGAYON, PERA AT ESTADO NA ANG BASEHAN PARA IRESPETO KA NG IBANG TAO. KAYA KUNG SINUMAN YUNG MGA TAONG NIRERESPETO KA SA KUNG ANO MAN ANG ESTADO MO NGAYON, DESERVE DIN NILANG MAKATANGGAP NG RESPETO GALING SAYO, TANDAAN MO YAN 💯"
"1771806291","3838511842520679429","The most heartbreaking moment is when most of my babies are all together in heaven now. Mas masakit pa sa break up. I know for a fact that part of it is my fault but I just couldn't stop blaming those people who didn't save my angels. I know they tried their best pero nasa point na ako na sana I have the power to heal my cat, to make sure they're not suffering, there are a lot of ways to save them but my babies were not given a chance to see another light."
"1771806065","3838509947827690292","Alam mo kung ano ang mas masakit? Yung si Risa Hontivirus ang gustong tumakbo pagka Presidente pero si Leni ang gusto ng mga pinklawan. Loteral na aray ko po!!!"
"1771810874","3838550290983574518","Wala na talagang pinipiling oras ang mabigat at mabagal na usad ng traffic dito sa Metro Manila. Kahit anong aga ng alis mo…late ka pa rin darating sa trabaho."
"1771808002","3838526199606459975","Tahimik ang kwarto noon, pero ang bigat ng bawat tunog. Ang bawat paghinga mo, parang may laban na kasabay.

Nakatayo lang ako sa gilid, walang magawa kung hindi magbilang ng segundo sa pagitan ng bawat hingal. Umaasa. Nagdadasal. Nagpapanggap na kaya ko.

Hanggang ngayon, kapag tahimik ang gabi, naririnig ko pa rin. Hindi sa tenga, kung hindi sa dibdib.

May mga tunog palang hindi nawawala. Hindi sila maingay, pero sapat para paalalahanan ka kung gaano kasakit ang mawalan."
"1771807788","3838524335338319670","Maagang nakarating Mabilis ang byahe walang mabigat na daloy ng trapiko sa daan.. Good day po sa lahat☝️🙏👌
#fblifestyles"
"1771807076","3838518424321992160","Karamihan gusto may kasama
kahit magulo ang buhay.
Ikaw, pinili mong ayusin muna.

At ’yan ang hindi nila nakikita:
ang disiplina mo tahimik, pero mabigat.

Para sayo ba…

Mas tama bang piliin muna ang pag-ayos ng sarili kahit mag-isa,
o sayang ang oras kapag wala kang kasabay sa buhay?"
"1771806816","3838516242236483575","Good morning 🌞 mag kape muna sa Umaga bago pumasok sa work ibah talaga ang my lakas ka lalo na kung mabigat an trabaho mo"
"1771805813","3838507833017343638","Ang buhay parang kalsada,Hindi laging deritso,minsan may lubak,minsan may liko,pero magpatuloy ka lang dahil ang kalsadang tinatahak mo ngayon,habang buhay mong kwento❤️❤️

Pero wag mong kalimutang huminto pag nakita mong may LTO at HPG sa daan😂😂😆😆Mabigat bigat yan kung wla kang lisensya at kolurom🤣🤣😅😅✌️✌️

GOOD MORNING🥰😍

#happymonday 
#fblifestylechallenge 
#follower 
#everyoneシ゚ 
#goodvibes"
"1771810102","3838543810910167318","First 10Km run for 2026! ✨"
"1771810100","3838543791574455580","Walangyang 17 promax ko sumasabay din sa lundag ko kada takbo Hahhahahahaha Mabigat syang tunay tehhh! Hahahhaha"
"1771776454","3838261552655619458","Bakit ba bawal ipost ang kotse pag hindi fully paid? ano ba problema niyo sa installment? maganda nga yun ibig sabihin responsable ka eh!!!"
"1771809150","3838535823319582238","Madami kasing inggit mii HAHA hayaan mo sila manikip ang dibdib😅😂"
"1771796065","3838426064004313054","Masyado ba akong kuripot o masyado lang akong nagtitipid at parang hinayang na hinayang akong mag-angkas 😅

₱60 ang balikan na pamasahe, pero ₱100 na agad kapag nag angkas.

Kung wala lang akong madaming dala eh…"
"1771808332","3838528961387872607","Ganyan din ako. Madalang lang talaga mag-angkas/move it/joyride, etc. Kahit na madami dala ko pero kung kaya ko pa naman buhatin go lang. Mag-diretso jeep na lang ako kesa mag book. Ayoko din minsan mag-lrt kasi nga madami akong dala tas mabigat pa tas rush hour pa nadatnan mo? 😅 Last angkas ko neto lang hirap kasi kasi sumakay ng jeep rush hour punuan, 70 pamasahe 100 binigay ko sa rider."
"1771795581","3838422002290614392","Mabigat ang accusation mo unless you have proof na galing sakanila yung food poisoning. Be careful with your statements"
"1771804728","3838498730656634407","I have proof kasi dun lang naman kami kumain that time 🤣 first time namin and we tried it. Plus the place is not that clean at all, ang dami pang langaw"
"1771798901","3838449852074933704","Ganito na po ba ang mag pa upa ngaun? Tagal ko na pong nangungupahan, government issued id lang hinihingi ngayon may COE na. at 2+2 na po ba tlga? 5 years na ksi ako dto sa inuupahan, change work assignment lang and need mag cut din ng expense kaya lilipat.. pero di ko ineexpect ganito na pala.. 😔 mukhang pag titiyagaan ko nalang tong inuupahan ko kahit 3-4 hrs araw araw ang biyahe.. 😭😭😭"
"1771804706","3838498549907287727","Nakaka guoat requirement 😂 Pero I think gusto lang manigurado ng landlord/landlady na you have the capacity to pay the monthly rent. Meron kasi dyan sa lang good renters pero biglang sasabihin mabigat na yung monthly rent. 
Dun sa ibang comment ls na sabe may humihingi din NBI or police clearance, possible din na gusto nila masigurado na di criminal ma nag tatago yung renter or baka may gawin kalokohan sa property nila. 
That's just my take 😂 pero seryoso hassle yan hahaha"
"1771804463","3838496503640221327","Pinaaalalahanan tayo ng Punch: 
Kapag ang mundo ay mabigat,
humanap ng isang bagay — o isang tao — na parang tahanan at huwag sumuko."
"1771803549","3838488841460472903","After Cyphers Hill Zabarte Gig rekta Taping naman tayo, lagare at walang tulog pero palag para sa binubuong pangarap✨

Batang Mental Buo dibdib, sira tuktok💯"
"1771736725","3837928278543416279","Nagtalo kami ng asawa ko na tipong gusto na niya ibangga yung sasakyan par sabay sabay na daw kami mawala..

Context: Sinabi ko lang sa kanya na gusto ni papa (side ko) na sahuran na lang namin daw ng 10k sila sa pagaalaga ng mga anak namin (6 mons & 1yr old), para naman may pera daw sila at pambayad sa mga bills nila. Ang set-up kasi hinahatid namin mga bata sa kanila pag may work kami. So konsumo din sa kuryente, tubig ang mga bata.. Ni piso wala binibigay husband ko sa side ko."
"1771801902","3838475028837633109","Pakunswelo nalang yun sa magulang mo eh 🥲 
hindi madali mag alaga ng mga bata ah, lalo yan maliliit pa need talaga ng atensyon at pag aalaga. Kaya pagod din magulang mo for sure. Sakit sa dibdib pag ganyan makita mo partner mo wala man lang konsiderasyon. Try niya kamo kuhanan sila ng magbabantay kulang pa yang 10k"
"1771759705","3838121048991258224","Pet peeve: yung mga magulang na  hinahayaan yung mga batang takbo ng takbo sa loob ng kainan. What if patirin ko? Char hahahah"
"1771811106","3838552235714995823","Naexperience ko to sa amici ayala triangle…may yaya at may magulang pero di masaway ang bata. As in pumapasok na un bata kahit sa counter at papasok pa sa employees only area na kitchen pinigilan lang ng waiter. I called the manager on duty and i told him patigilin nya or ako magpapatigil. The parents looked at me at kausapin sila, i looked them directly in the eye na pang principal na galit ang mukha ko.  I am a mom too, di ko kasi hinahayaan anak ko nung maliit pa sya magtatakbo sa restau"
"1771810755","3838549269234395954","Advance birthday 🎂🎈🎉 celebration 
Jhen A Lee.happy birthday nak I wish your good health and many more birthdays to come.take care your self and ingat ka palagi sa work mo.
And thank you for Leonard F. Alejandro for preparing the food...
Nauna pang mag blow ng candle ung pamangkin sya ah daw m birthday...."
"1771648452","3837187797149661630","Hi guys! 😊

I’m thinking of buying a Le Labo perfume and nakita ko na nasa ₱19,000 siya. Legit ba talaga yan na price? May alam ba kayo na shop na legit pero medyo mas mura? At sa tingin niyo, worth it ba sa ganitong presyo paki rate nmn from 0-10. 🥹🫶🏻

Any tips or experiences would be super helpful! Thanks in advance! 💖"
"1771810654","3838548440640976313","Hello ❤️ I have this perfume and I can say it is worth it. Super tagal matanggal ng amoy and unique yung amoy nya. Nit the usual florallt sweet na common sa pinas. It’s unisex. Main notes nya cardamom. May pagka woody and powdery scent sya. The trick to this, mga one to two sprays lang kasi malakas sya sa umpisa pero pag tumagal nagbleblend na sa pheromones mo. 

Since your asking if worth it ba sya sa price, I assume na naamoy mo na sya in person. Mahal sya yes but because of good reasons."
"1771767966","3838190349739832813","Mga bhieee, eto na yung viral glow hack na super dali lang gawin sa bahay ✨😭
Kumuha ka ng NIVEA Creme at lagyan mo ng medyo makapal sa kili-kili o sa mga dark na singit. I-leave mo lang siya for around 10 minutes bago banlawan o punasan.
Sabi ng marami, nakakatulong daw ito para magmukhang mas bright at mas hydrated ang dark areas, lalo na kung dahil sa dryness o sun exposure. Mag-patch test muna para sure na hiyang sa skin mo. ✨"
"1771810605","3838548035882694200","Kalokoha bata palang ako user na ako dito. Bagay lang to pang winter. Pag dito ka sa pinas sobrang lagkit. Much better nivea soft try mo sis super lambot ng balat mo talaga"
"1771810420","3838546473890922635","✨ PRETTY PEACH  FEMWASH ✨

Ano daw amoy ng pretty peach fem wash?? Inyo pong subukan Ng Malaman nyo Ang kinakaadikan ng lahat sobrang Bango may cooling effect pa 😃

Yung kumakapit talaga ang amoy sa balat. Pang-matagalan, swabe sa lapot at bula. Bawat patak, super sulit! 😍
FDA APPROVE
#PrettyPeachFemWash 
#prettypeachfemwash
#prettypeach

@highlight"
"1771810381","3838546148856927037","Ang pagboto daw kay Candidate A ay paghihimagsik sa pamahalaan (na pinamumunuan ng isa pang trapo) Sus! Same S#!t Scenario"
"1771810146","3838544181971882002","Masaya din pala yung walang pang amoy kasi diko naaamoy ung erna ng pusa namin hahahahaha"
"1771810042","3838543303742184528","Noong wala pang nangingitlog na manok halos puro itlog lagi ulam ngayong may nangingitlog na mga alaga magsasawa ka na talaga sa itlog #RhodeIsland #farminglife 
Maghihintay nalang ng may maglimlim na native at palimliman ang iba para mas dumami pa sila #SustainableFarming"
"1771809718","3838540589743051377","MABUHAY ANG MGA ADIK!Bangag na administration ubosin nyo pang pera ng taong bayan."
"1771766141","3838175037299452015","I’ve tried thinner brows and I think hindi bagay sa akin? Hahaha or it’s just me kasi nasanay akong thick brows. Wtdddd?? 😅"
"1771811277","3838553670427035749","Hindi nman masyadong manipis na pang bebot haha linisin and expirement, may AI nman try to check first anong bagay dun na eyebrows dn copy lang hehe"
"1771811252","3838553442735061108","Comedy prank video short video#funny#prank#viral#Hindi"
"1771810882","3838550337943384577","Trending Hindi 90's old songs...............💗#story #trending #songs"
"1771810847","3838550049165596751","Anirudh and bondita💞♥️❤️ #BarristerBabu 
#AnirudhRoyChoudhary 
#Bondita 
#AnirudhAndBondita 
#BarristerBabuFan 
BarristerBabuLove 
BBFamily 
ColorsTV 
HindiSerial 
ITVCouple 
FanEdit 
ReelViral 
TrendingReels 
ExplorePage 
ViralReels 
SerialLovers 
IndianTVShow 
FanPage 
CoupleGoals 
ReelsIndia"
"1771810733","3838549105195609856","SALE 🤸 SALE🤸 SALE 🤸

ORIGINAL to hindi galing Shoppee ❌

LEGIT SELLER OF MULTIPLE SKIN CARE BRAND FDA APPROVED 🤍"
"1771810510","3838547227556591972","#style #reelindia❤️❤️ #hindi 
#healthy"
"1771810475","3838546917404766390","Di masyadong malamig kaya nakasayaw..pag malamig nakakatamad gumalaw🥰"
"1771810261","3838545144043396137","Happiest 2nd Birthday, Mochi boy pogi!🎁🎂🩷🎉 We love you!🥰😘😍 Wag ka na masyadong 'bahe! Wag mo na aawayin daddy Choco mo pag sisilip ka sa kwarto namin!🙄🤭😅 Love you so much!🥰😘😍 02/22/2026

#LatePost"
"1771810222","3838544803408314536","Hindi song 💐💕
 Rahul dancer 06 !!
..
..
..
..
..
#explorepage✨ #reelinstagram❤️ #foryou #post #viralpost❤️ danceing dance viralreels❤️ dancer"
"1771810029","3838543165280823405","Short video #Hindi gaan #good morning post #🌄🌄🌄🌄🦜🦜💚♥️♥️💚💔 @"
"1771811269","3838553601135992146","Nakaka pang hina talaga pag walang pera..."
"1771733211","3837898803207399239","Ang fck up lang nung Biological father ko.

Ako ‘yung iniwan tapos gusto ako ‘yung bibisita? 

Lol."
"1771811170","3838552770539041951","Ay fota same tas kaya pala todo hanap siya sakin sa facebook para ako yung hingian na in the very first place pinag bubuntis palang ako ng mom ko nasa ibang bahay na sya kapal ng muka ni piso nga walang naiambagvor naitulong sa pagpapalaki sakin, iginapang ng mom ko kaming magkakapatid mag isa tas ngayon sya manghihingi jusko baliktad tas ako pa gusto pumunta sa province nya 😑"
"1771810523","3838547347412622284","ka happeeeh ma single oyyy 🤪"
"1771810611","3838548079705010820","Happy naman talaga walang stress walang overthink mas better yan kaysa mapunta ka sa maling tao"
"1771810463","3838546838610388231","Walang bawian n talaga🤣"
"1771810295","3838545421993007034","Aussie taste na ang mga anak ko😁💕 ewan ko hindi ko talaga gusto ang lasa. Baka may mali lang sa panlasa ko😅
#vegemite"
"1771810152","3838544226858932519","Special ka man sa aking panlasa Pero Pag nalalaglag kana sa putikan di na kita pupulotin pa"
"1771808743","3838532415992843191","8-5 walang kuryente sa olongapo, mygodddd"
"1771808587","3838531101590159938","""They jump when it's convenient to be with the person already. They leave when it's difficult""

Meaning, mababaw yung understanding nila ng realtionships. If a person thinks na relationship is puro positive lang, na walang difficulty and can easily walk away —isang malaking red flag yon"
"1771808527","3838530604002025124","Sinu walang pasok today?"
"1771811252","3838553442735061108","Comedy prank video short video#funny#prank#viral#Hindi"
"1771811001","3838551353752382805","#viralreelschallenge #hindi #hilightseveryonefollowerseelsfypシ゚viralvideo #followers #friends"
"1771732274","3837890946940208213","For context, me & my fiancé want ang intimate 50 pax wedding. How will we push through knowing both of us have big families?
P.S We’re also Batangueños 🙃"
"1771810999","3838551337890724137","Amybe first off, don’t get married in Batangas. For sure parents of both sides woild like to invite a lot from their side. Maybe choose a destination wedding & for the reception, choose a olace that can only fit 50 people. So even if your parents wanted to invite more & kajot sila ang mag bayad, hindi kakasya talaga."
"1771810889","3838550398055848078","Universe 13.8 Billion Years Old?
#BigBang
#UniverseAge
#Brahmand
#SpaceFacts
#trending
CosmicMystery
ScienceHindi
UniverseExplained
GautamTruthFiles
Astrophysics
SpaceDocumentary
HindiScience
Cosmos
MysteryOfUniverse
SpaceVideo"
"1771810882","3838550337943384577","Trending Hindi 90's old songs...............💗#story #trending #songs"
"1771810878","3838550301234835083","Instant Karma is real. Piche toh dekh lo! 🚨🏃‍♂️
​Instant Karma Video
​Domino Effect Fail
​Revenge of Nature
​Life Lessons Hindi
​Funny Karma Moments
​#Karma #InstantKarma #CircleOfLife #FailVideo #DesiHumor WhatGoesAroundComesAround FunnyReels LifeLessons TrendingNow KarmaStrikes"
"1771810733","3838549105195609856","SALE 🤸 SALE🤸 SALE 🤸

ORIGINAL to hindi galing Shoppee ❌

LEGIT SELLER OF MULTIPLE SKIN CARE BRAND FDA APPROVED 🤍"
"1771810732","3838549096218497250","🅹︎🅾︎🅱︎ 🆅︎🅰︎🅲︎🅰︎🅽︎🅲︎🆈︎ 
 
➖➖➖➖➖➖➖
🔽🔽🔽🔽🔽🔽🔽

*Job Opening:  Accountant 
*Location: Industrial Area 5, Sharjah*

*Requirements:*
* *Minimum 2 years of experience in Tally, MS Excel, and MS Word*
* *Strong knowledge of UAE VAT and Corporate Tax*
* *Preferred languages: Malayalam, English, and Hindi*

*Salary & Benefits:*
* *Salary: AED 2,500/-*
* *Accommodation provided*

*How to Apply:*
*Interested candidates are requested to submit their CV via* *email or WhatsApp*:"
"1771810510","3838547227556591972","#style #reelindia❤️❤️ #hindi 
#healthy"
"1771805005","3838501053093065748","how ironic 🤡 you did something trashy, laughed about it, then cried “trauma” when people reacted.

accountability isn’t trauma.
consequences aren’t bullying.

you weren’t confused you were comfortable.
comfortable being trashy until people noticed. if you’re bold enough to do stupid things,
be grown enough to deal with the results.
don’t play victim when all that happened
was reality finally checked you.

next time, think before doing stupid things.
not everything deserves a victim card."
"1771810818","3838549818126316795","Bastos Kasi siya. Tapos siya pa ang may ganang magsabi na traumatize siya. Pervert Ang dating . Deserve niya yung negative reaction sa kanya. Nagpapicture pa talaga eh."
"1771810380","3838546147120092232","🎰 SBCROWNGAMING 🎰

GEISHA'S REVENGE - PG 💥

""Target locked and loaded! 🥷 From ₱10.00 bet just sliced through for a ₱2,630.00 win. 🗡️✨ Ang talas ng swerte natin today, walang kawala! Feeling like a total winner.💸🎰

🚦PLAY RESPONSIBLY 🚫
Sign up, Play and win 👇"
"1771809510","3838538847244626081","Posting some pre~love dresses from my lady boss with a lower price some are un used. size can be fit small to Medium with a lower price. hong Kong only ang can be pick up at Nam.Cheung station Today, pambili ng bigas malakas daw kumain helper niya😂"
"1771771368","3838218891702065670","gals, i want a lippie na long lasting & not drying on the lips, drop your recos 💋"
"1771809211","3838536341995526826","Go for kiko milano!!! shade 121 yung gamit ko, rosy pink siya and walang retouch retouch kahit nabasa na sa beach or after kumain 🥰 + may Gloss pa if you want na shinyy siya. Cons, mahirap talaga tanggalin hahaha binababaf ko pa sa lip oil para matanggal once needed  https://s.shopee.ph/4qAOoUfrfU"
"1771807791","3838524424602143208","SA GANANG MUKA NAGAWA PANG MANG BABAE EH, KAKAIBABES KA SIRKO🙌🏻"
"1771807257","3838519949388936780","Almusal ang kailangan ng katawan,di baleng di kumain sa gabi basta s umga ay mg almusal kc magdamag ng walang giniling ang tiyan mo..kaya almusal na😋😋"
"1771806215","3838511204692842155","Hirap ng mga gerd no? Walang gana kumain kasi feeling ko isusuka ko lahat pero kailangan pilitin kumain kasi lalong magpa-pile up yung acid pag walang laman yung tyan. Is this my karma? Hay huhuhahahahaha"
"1771802504","3838480062186745954","Piattos Sour and Cream Taste Test. Walang lasa pala to. #toytherapy #EatNRun #piattos"
"1771796414","3838428991527751826","HAHAHAHA next time! if meron pang next time 😭

Nakatambay ang mango sago sa ref, walang may gustong kumain 😭"
"1771799819","3838457548798908959","HHAHAAH"
"1771811135","3838552477046201848","Kapag binigyan kita ng 10K sa, Cash, saan mo ito gagamitin?
Kung nandito ako sa US pero ikaw nasa Pinas, curious lang ako kung anong unahin mong gastusin o paglalaanan nun.
Pambili ba ng pagkain? Bayg-load?
Bayad sa bills? O ipon muna?"
"1771811095","3838552142466540321","Kapag binigyan kita ng 10K sa, Cash, saan mo ito gagamitin?
Kung nandito ako sa US pero ikaw nasa Pinas, curious lang ako kung anong unahin mong gastusin o paglalaanan nun.
Pambili ba ng pagkain? Bayg-load?
Bayad sa bills? O ipon muna?"
"1771811011","3838551438000020710","Hindi man ako palaging masaya 🙄  ang importante araw-araw akong maganda with a grateful heart emme 😂😂✌✌

#goodvives #happymondayeveryone #fblifestyle"
"1771810935","3838550796741162040","Dinayo pa talaga si TALABA..
dahan dahan lang sa pagkain..

MAGKAPATID 
- Magkakaiba man ang ugali at kapalaran sa buhay, sa bandang huli, sila pa rin ang magtutulugan kahit magkaroon man ng hindi pagkakaunawaan..

#fatherBunso #highlights #talaba #highlightseveryone #contentmonitezation #engagement #buhayqoutes #TopFan"
"1771810864","3838550201587020712","Good morning mga cc sino relate dito khit matagal na ako sa amo ko d ako nkkikialam sa pagkain nla basta d ng aalok sa akin 🫣🫣kya ito madami pa tinapon lang nla 🫣🫣 ganun tlaga ang buhay 😂😂wag tayo mkialam sa d atin 
#OFWHK 
#everyone 
#everyoneactivefollowersシfypシ゚viralシalシ"
"1771810742","3838549182798347937","May naiisip ako. Unang una sasabihin kong di ako maganda, di ako payat, di ako mayaman, di ako 100% mabait, hindi rin ako genius. Pero ok lang kaya nag impose ng standards - like - mga guys pala tanong yan sila - ""anong gusto mo sa lalake?"""
"1771810658","3838548473743110705","Ngayon lang ako nakikita ng stalker na umiiyak kapag nakakita ng hindi maganda sa sinusundan niyang tao."
"1771810193","3838544571823795399","Narealize ko parang every weekend ng February andito sya ah at naghahanap tlga sya way mag meet kami hahaha masarap ba mga pagkain dito sa Makati? HAHAHAHA or dinadayo mo lang tlga ako? HAHAHA chariz"
"1771810186","3838544513145008760","Kapag binigyan kita ng 10K sa, Cash, saan mo ito gagamitin?
Kung nandito ako sa US pero ikaw nasa Pinas, curious lang ako kung anong unahin mong gastusin o paglalaanan nun.
Pambili ba ng pagkain? Bayg-load?
Bayad sa bills? O ipon muna?"
"1771810094","3838543744656254603","Kapag binigyan kita ng 10K sa, Cash, saan mo ito gagamitin?
Kung nandito ako sa US pero ikaw nasa Pinas, curious lang ako kung anong unahin mong gastusin o paglalaanan nun.
Pambili ba ng pagkain? Bayg-load?
Bayad sa bills? O ipon muna?"
"1771811378","3838554519638226538","NAALALA MO PA BA ANG ATING UNANG PAGKIKITA KISLAP SATING MATA TUWING TAYOY MAGKALAPIT PWEDE BA TAYONG BUMALIK SA ATING UNANG HALIK"
"1771811303","3838553868590828330","#trindingreels♥️ Jai Mata di❤️🙏"
"1771811285","3838553735169882460","Yong ang lakas ng loob mag off shoulder ni wifey . 

Pero nung nasa  theater na Kami  nilamig ang beauty at siya na Ang may-ari ng blazer ko 😭.

Buti nalang may pa seductive performance ang #runwayrevolution .Nainitan ako kahit naka sleeveless tas si wifey Panay kurot sa likod ko - sabay sabi nag enjoy ka Ang mata mo mahal ko . Hahahahaha

Ikaw ba Naman naka stockings sila lahat in black nakaka dala , pala Ang ma stockings . Jusko po 🫣🫣

Grabe Ang init hahahahhahahaha"
"1771811227","3838553250198579493","Jia Mata Di"
"1771811214","3838553144343904058","Mao no ba ang di nku ganahan basta mu tukar akaong Rhinitis😔 mag maga dyud akoang mata😢"
"1771811197","3838552991972956462","Jai mata di 🙏🙏❤️"
"1771811164","3838552714351762857","#❤️ trendingreel 💖#@# Jay mata di 🙏🏻🙏🏻🚩🚩🌺🌹🏵️🪷"
"1771811068","3838551912920229269","Hello everyone good morning 🌞&happy 
monday 🙂 To all my kaCClabs 😘 ayaw kaluya 😀 
Bawal ang tamad dto, engagement time 👍"
"1763145345","3765858540183465405","Jai ganga maiya 🚩🙏
Har har mahadev 🙏🚩🌹"
"1771811302","3838553881526120166","Jai mata di 🙏🚩"
"1766158641","3791135918442779074",""
"1771811233","3838553303417061207","Ang Ganda mo Teh, period"
"1771565940","3836495637039477174","#jay maa laxmi mata di 🌸🌸🪔🙏🙏"
"1771811133","3838552463725705292","Jai Laxmi Mata 🙏🙏🙏🙏"
"1771732274","3837890946940208213","For context, me & my fiancé want ang intimate 50 pax wedding. How will we push through knowing both of us have big families?
P.S We’re also Batangueños 🙃"
"1771810999","3838551337890724137","Amybe first off, don’t get married in Batangas. For sure parents of both sides woild like to invite a lot from their side. Maybe choose a destination wedding & for the reception, choose a olace that can only fit 50 people. So even if your parents wanted to invite more & kajot sila ang mag bayad, hindi kakasya talaga."
"1771810951","3838550926278053095","Jai mata di"
"1771810880","3838550321132645029","#trindingreels♥️ Jai Mata di 🙏"
"1771810790","3838549584193797291","A day of my life as a single mom for to dis picture kay wala ang amahan hahahha"
"1771810519","3838547308094516462","23 February 2026
𝐌𝐚𝐭𝐚 𝐒𝐡𝐫𝐞𝐞 𝐍𝐚𝐢𝐧𝐚 𝐃𝐞𝐯𝐢 𝐉𝐢
𝐇𝐢𝐦𝐚𝐜𝐡𝐚𝐥 𝐏𝐫𝐚𝐝𝐞𝐬𝐡 𝐁𝐢𝐥𝐚𝐬𝐩𝐮𝐫"
"1771810784","3838549534322017861","Jai Mata di"
"1771811354","3838554292375132679","Jay Mata Di"
"1771811303","3838553868590828330","#trindingreels♥️ Jai Mata di❤️🙏"
"1771811285","3838553735169882460","Yong ang lakas ng loob mag off shoulder ni wifey . 

Pero nung nasa  theater na Kami  nilamig ang beauty at siya na Ang may-ari ng blazer ko 😭.

Buti nalang may pa seductive performance ang #runwayrevolution .Nainitan ako kahit naka sleeveless tas si wifey Panay kurot sa likod ko - sabay sabi nag enjoy ka Ang mata mo mahal ko . Hahahahaha

Ikaw ba Naman naka stockings sila lahat in black nakaka dala , pala Ang ma stockings . Jusko po 🫣🫣

Grabe Ang init hahahahhahahaha"
"1771811227","3838553250198579493","Jia Mata Di"
"1771811207","3838553080523269414","#Mujhe Bhi Darr Lagta Hai

567

V1M Q50K U20K 日10K

#lipstik #shadowsense #amitfam

10K

alonedesignphotowork amitphotography归函 alonedesign wideanglephotography sonuediti ng #denimlook smudgeproof alonedesignvlog fashionbloggeri tdream20k senegencedistributor officelook amitfame lipsensedistributor makeuptutorial jeanslovers deminlook lipsticklover lipstickaddict outdoorportraits waterproofmakeup natureportrait

47.1K

wideanglephotographlipstikhalalkosmetikvir"
"1771811197","3838552991972956462","Jai mata di 🙏🙏❤️"
"1771811164","3838552714351762857","#❤️ trendingreel 💖#@# Jay mata di 🙏🏻🙏🏻🚩🚩🌺🌹🏵️🪷"
"1771811142","3838552534751642977","Don’t forget entries open on NextGen at 8am!!! The early section is filling up-if you are entering in NG and need early section please text me!!! See yall Friday-the weather is going to be great!!!"
"1771811066","3838551884895019887","AesthetiQ Code on Facebook 
Join for anti-aging, flawless skin and exceptional health 
Link below 👉
https://www.facebook.com/share/g/1NgLQpxjyn/

#healthy #beauty #biohacking #antiaging #viralreels"
"1771732461","3837892510182619818","Nasa damit ba respeto? Kala ko nasa pag uugali? Tsk"
"1771811254","3838553473319950295","Nakadepende sa Mata ng tao!!!"
"1771810253","3838545075927843171","23 February 2026
𝐌𝐚𝐭𝐚 𝐒𝐡𝐫𝐞𝐞 𝐍𝐚𝐢𝐧𝐚 𝐃𝐞𝐯𝐢 𝐉𝐢
𝐇𝐢𝐦𝐚𝐜𝐡𝐚𝐥 𝐏𝐫𝐚𝐝𝐞𝐬𝐡 𝐁𝐢𝐥𝐚𝐬𝐩𝐮𝐫🚩🚩"
"1771811227","3838553248193668241","Jai Mata di"
"1771565940","3836495637039477174","#jay maa laxmi mata di 🌸🌸🪔🙏🙏"
"1771811133","3838552463725705292","Jai Laxmi Mata 🙏🙏🙏🙏"
"1771810951","3838550926278053095","Jai mata di"
"1771810880","3838550321132645029","#trindingreels♥️ Jai Mata di 🙏"
"1771810755","3838549269234395954","Advance birthday 🎂🎈🎉 celebration 
Jhen A Lee.happy birthday nak I wish your good health and many more birthdays to come.take care your self and ingat ka palagi sa work mo.
And thank you for Leonard F. Alejandro for preparing the food...
Nauna pang mag blow ng candle ung pamangkin sya ah daw m birthday...."
"1771754913","3838080851040628798","महाकाली के अलग अलग अवतार 🙏💫🔥"
"1771810737","3838549142105379790","Jai mata di"
"1771728646","3837860503625010236","Jai vaisno devi"
"1771810729","3838549067815908748","Jai mata di"
"1771810700","3838548815988725561","Happy birthday Satguru Hardev Ji Maharaj wishes 🙏💐🌺 
blessed congratulations 🎉 🎉🌟⭐🌙🌛🌜🌖🌕🌏🎉 for opening 23/02)2026 Health City on your vision completed by Satguru Mata ji #sudhikshasavindarhardrvjimaharaj
#satgurubabahardevsinghjimaharaj 🙏 🎉💐🌺🙏🎂🍭🧁
..
..
#exploremore
#divineguidance 
#birthdaywishes"
"1771810677","3838548620384275345","#jeenmata mata"
"1771811278","3838553673765637748","parang dating app na’to😭😭"
"1771809607","3838539660143027623","Parang i want din 🫢"
"1771765380","3838168659827728127","This is me shooting my shot into the void :’) My name is Jyn! I’m currently writing a fantasy novel set in the Philippines! In the scenario that it was never colonized. There’s alchemy activated by Filipino indigenous languages, a Romantasy sub-plot AND YEAAAARNIIIING 👀 

(And family dynasty that has secrets heh)"
"1771809325","3838537290343345930","Minus the yearning hindi ba 1/4 nyan is like “The Kingdom” already? So parang Encantadia x The Kingdom hybrid?"
"1771808876","3838533528112523416","Potekz haha eto na naman yung katabing room ko HAHA kagabi before ako matulog ganyan ginagawa nla, tapos ngayon nagising na ganun padin HAHA normal ba toh HAHA kaya sguro andami kong random thoughts kahit nadydysmenorrhea ako eh HAHAHAHAHAHAHA PERO ATLEAST MASAMA PAKIRAMDAM KO AT NASUSUKA PERO HNDI AKO SOBRANG STRESS KASI NAKAKATAWA PA AKO OR BINABALIW LANG AKO NG PERIOD KO TODAY HAHAHAHAHAHAHAHAHAHAHA pero us2 ko tlga chocoboom, sana sipagin ako mamaya HAHAHAHAH"
"1771808582","3838531062415391674","Hndi masayang gumising ng nadydysme pero at the same time andaming random thoughts HAHAHAHAHA masama pakiramdam at nasusuka pero nagagawa ko pa tlga mag overthink ng mga bagay2 HAHAHAHAHAHA"
"1771808109","3838527093202892316","Parang twitter"
"1771807833","3838524774524646330","Lately, I’ve been feeling a quiet pull to attend a sunday service at CCF (Christ’s Commission Fellowship) especially the main branch in Pasig. I’m from Naic, Cavite and and I’m open to trying nearby branches sa Kawit or Dasma. I don’t know how to explain it, just a heart that wants to listen. Parang may tumatawag talaga."
"1771810626","3838548209107619411","Ganto ba selfie ng mga trentahin? HAHAHAH"
"1771810914","3838550624682884254","parang ndi nmn 30 Yan"
"1771808133","3838527296542829583","Tyaka lang nila tinawag anak nila nung naka ilang tingin na ako sa mga bata jusko"
"1771808882","3838533574249883420","Di ba? Eto grabe! Asphalt  or semento Ang kapal ng mukha? I was already giving darting looks sa Mommies. Deadma. Their faces were so DENSE!! Parang foundation lang nila..IN LAYERS!"
"1771808784","3838532756251513923","Parang I woke up from the wrong side of the bed. Not feeling ok. 🤢🤕🤧😷"
"1771745825","3838004615724619647","Mura lagi siya ug si Richard Gere ani si FPRRD 
Inday Sara Duterte
Congressman Paolo “Pulong” Duterte
Sebastian ""Baste"" Duterte"
"1771807957","3838525822555266149","Ano bang napapala na pati litrato pinag didiskusyunan at kung saan saan at ano na ang mga lumalabas sa mga comment nila. Talaga lang ha? May relevance ba ang mga ito sa mga buhay buhay ninyo? Meron pang nasusuka ng green haha ano ba yan."
"1771774765","3838247384338556830","First time ko mag-shave ng buo… and bakit ang weird pala pag walang buhok?"
"1771806734","3838515555427564084","Parang baby hehe"
"1771806526","3838513811276600975","aaaaah hahaha parang di pa fully develop frontal lobe non ha"
"1771806257","3838511560218868745","ita kadugay na ba nakong ga antos ani HAHAHAHAHAHAHAHAHAHA. i stood up every single day nga parang nothing happened. pero mag breakdown ra jud diay at the end of the day."
"1771804990","3838500927120620329","Parang fiesta lng❤️‍🩹"
"1771811333","3838554136355517323","Ma's masarap pala to pag medyo bahaw na🤭
Ma's lasa ung butter tapos ma's crunchy na siya pero ma's bet ko sawsaw sa kape ay pagkakasarap🤤
Last n yan... Ano nmn Kaya ang maisunod🥰
#GoodMorningEveryone #haveaniceday #almusalfortoday ✨"
"1771770062","3838207928621497066","Bakit ang daming nagreresign now na working sa bank 🙁"
"1771811319","3838554023259091597","Dahil medyo TAXING ang workload dyan hehe!"
"1771810374","3838546093759582555","Student Nurse on Hospital Duty 💉🩺🧑‍⚕️

Medyo Malapit na Tayo anak ✍️♥️ 
Thanks for always making me proud 🙏 

#BSN #studentnurse"
"1771810241","3838544885977881813","Medyo busy pa ang merkado karong buntaga daghan pa ang mamalita para sa ilang kunsomo og sa ilang baligya pra savilang karenderya🥰 #CarbonPublicMarket #communityfirst #localmarket"
"1771810209","3838544712106351818","kung di kanaman
kasing Billioner tulad ni many Pakyaw relax; pwedi ba hinaan  Ang hangin mo,medyo malakas na e 🤫"
"1771809877","3838541926963161820","Naalala ko lng nung bata pa Ako ginagawa kung laruan yong mga bunga nito tapos syempre bata pa sinubukan ko rin tikman😁 medyo matamis yan kapag hinog na tapos maraming buto😁😅 awa ng dios hinde naman  bumula bibig ko😁😁"
"1771809643","3838539957594710914","medyo true"
"1771809596","3838539570645030690","Nahihilo na ko maghanap ng mga pitik ko sa BHM. I know its free pero ang hirap hanapin isa isahin mo talaga sila 😄😫😥"
"1771810296","3838545443350115044","Yung ""aray mo, pakak""  likeee g@g0 ka ba? HAHAHHAHAHAH"
"1771810355","3838545933454529883","Yung pakak, medyo tanggap pa eh pero yung “aray mo”?? KAKA BWISIT"
"1771809563","3838539291203602551","Medyo la pang laman ung task namin mga lalabs
#viewers
#follower"
"1771809374","3838537705680096261","wala bang carpool na medyo late na aalis 🥲"
"1771809139","3838535737092696627","Good morning mga kalanglang wala pa ko napilian sa kato ako gi pa games. So far puro nindot ang mga tubag murag pang Miss U😂 Pero wala pa ko kahuman ug basa kay medyo busy pa. Mag post ra ko utro kinsa makadawat sa 500M ahw 500 pesos diay.😂😂😂"
"1771724134","3837822663670742643","👋"
"1771809094","3838535354563536045","Medyo busy po lately tsaka wala ng matugtog. Kaya kung sino man makakita nito. Request lang kayo, tugtugin ko pag alam ko yung song :)"
"1771809084","3838535271248076067","Monday grind💞 mamahaw ta☕️
Maayo unta dili na mag ulan karon medyo nihayag man ang adlaw🌻☀️
#friends #everyone #StarSender"
"1771808573","3838530986917730590","Wala po ako gaanong kuhang action shots kahapon sa BHM2026. LECHONAN and other food stufff poses sa aid station, marami, 😂

Sorry po sa mga di ko nakuhanan kahapon. Medyo tight yung daanan. Siksikan ang lahat.

Bawi po ako next event sainyo.

Salamat po.

-Mike, Team BR."
"1771807888","3838524900018192028","@𝑠𝑘𝑦✨:Agree so much na sobrang focused niya sa problems dito sa Naga. Andami niyang ganap everyday. Kwento ng Tito ko na medyo working closely kay Mayor Leni dito sa Naga City Hall, palagi daw maaga pumapasok pero late na umuuwi para madaming matapos pero madalas naiuuwi pa sa bahay ang trabaho. Nakakahinayang yung result ng 2022 elections pero blessing talaga siya saming mga Nagueño 🩷✨"
"1771783218","3838318291269539971","2 days nang lasing, ginawang hobby ang pagsusuka😂"
"1771753092","3838065580654637645","First time makatulog ni lo ng naka tuwad sya, and natulog sya on her own. Nung nagising sya, nagmimiryenda ako. Tinatawag nya ako, akala ko gusto nya din, so kinuhaan ko sya ng shake na peras. Unang patikim ko sa kanya, di nya bet tapos biglang nasuka. Inulit ko, nagulat ako biglang ang dami nya ng sinuka. Tapos maya maya chineck ko sya, ang init nya and may lagnat na. Kinabahan ako. Medyo napi-feel ko na mainit na bandang ulo nya nung morning, di ko alam bakit di ko chine-check temp nya."
"1771753821","3838071690379753590","Mataas/malakas ba pagkakauntog niya mii? Kasi walang kinalaman yung pag iipin sa pagsusuka niya mii. Ipacheck up mo siya mii para sure kasi sabi mo nauntog. 

May mga nababasa ako sa iba, if nauntog daw, imonitor muna si baby and dapat daw hindi siya sumuka."
"1771690504","3837540549793046466","IUD po mas ok sakin kasi sa pills grabe sakit ng ulo ko may kasama pang pagsusuka 🥲"
"1771690579","3837541179918986365","masakit po ba magpalagay ng IUD?"
"1771559476","3836441408094427258","Totoo pala talaga na kahit gaano ka pa kabait, may masasabi at masasabi ang MIL mo sayo.

STORY TIME
Context: Dito sa bahay nagspend ng Christmas yung sister and mother ng partner ko. Christmas Eve (Dec 24), since nasa 1st trimester pa ako, grabe pa yung pagsusuka ko pero mas malala talaga that night. Starting 9pm nagsuka na ako nonstop after ko maamoy yung oil ng friend chicken. Every 30 mins nasa CR ako para magsuka, sobrang sakit na rin ng sikmura ko dahil lahat ng nakain ko nasuka ko na."
"1771664165","3837319601458437815","Sarap kutusan ng asawa mo"
"1771599332","3836775748766744832","Grabe naman bakit usong uso pagsusuka at pagtatae sa kids, para kong tinotorture sa pag-aalala. Ang hirap mag focus pag anak ang may sakit talaga. Pagalingin nyo po sila 😞☝🏻"
"1771783218","3838318291269539971","2 days nang lasing, ginawang hobby ang pagsusuka😂"
"1771785068","3838333813391355667","Rough one huh"
"1771687081","3837511841181966229","Kailangan ba talaga pa rota vaccine ang baby ?"
"1771722577","3837809603187568784","Yes. Gaya nga ng nangyari sa anak ng katrabaho ko, nahospital due to pagsusuka at pagtatae. Sabi ng dr, viral/bacterial daw cause dahil nga nagsusubo subo ng kung ano ano. Nag ask ako sa kanya. Wala daw rotavaccine ang anak nya.. E naisip ko bb ko na subo din ng subi  buttt. May turok sya ng rotavaccine. 2 shots. Talagang kahit mahal ay nag go kami. 3500 sa pedia per shot. Di kasi available sa center."
"1771689083","3837528627289908937","hi mga mommy, ano family planning nyo? kamusta mga side effect sainyo? o widthrawal din kayo at dasal? 🤣"
"1771690504","3837540549793046466","IUD po mas ok sakin kasi sa pills grabe sakit ng ulo ko may kasama pang pagsusuka 🥲"
"1771559476","3836441408094427258","Totoo pala talaga na kahit gaano ka pa kabait, may masasabi at masasabi ang MIL mo sayo.

STORY TIME
Context: Dito sa bahay nagspend ng Christmas yung sister and mother ng partner ko. Christmas Eve (Dec 24), since nasa 1st trimester pa ako, grabe pa yung pagsusuka ko pero mas malala talaga that night. Starting 9pm nagsuka na ako nonstop after ko maamoy yung oil ng friend chicken. Every 30 mins nasa CR ako para magsuka, sobrang sakit na rin ng sikmura ko dahil lahat ng nakain ko nasuka ko na."
"1771433887","3835387890885654435","Mommies need your help to enlighten me about ‘usog’
Story time:
Kanina while nasa mall kami may matanda na bumabati kay baby i think she’s 50’s buyag buyag daw then sabe ng asawa nya baka mausog mo yan tas nung lalawayan nya na nilayo ko si baby then sabe ko dipo ako naniniwala jan then after 30mins i think grabe yung iyak ng baby ko sobrang hikbing hikbi pinapa dede ko ayaw nya basta sobra lang yung iyak nya then ngayong gabi naulit nanaman yung iyak nyang hikbing hikbi hindi ako makampante -"
"1771498757","3835932062410954377","Feeling ko totoo sya or ewan. Kase yung anak ng SIL ko palagi binabati yun na cute nga daw sya. Then one time nasa labas anak nya nakikipaglaro tapos maya maya bigla syant sumuka. Nanghihina. Sabi ng byenan ko baka nausog kase madami nga daw bumabati, ang ginawa ng byenan ko pinakuluan nya yung damit na suot nung anak ng SIL ko, siguro mga after 1hr, umokay sya. Nawala yung pagsusuka nya tapos sumigla na."
"1771497379","3835920504897745579","May mga viral infection din palang pagsusuka? Eto yung case ng anak ko now 🥹 hirap itrack kung saan nanggaling yung sakit"
"1771412237","3835206279586070861","Sabi sa center may UTI ako kaya niresetahan at binigyan ako ng antibiotics. 

Sabi naman sa private OB wala daw, normal daw lahat, huwag ko raw inumin.

Kayo guys? Hahahaha"
"1771494454","3835895966692678251","Parang napaaga lang yung catch ng wiwi, considering na di pala ikaw nabigyan ng instruction na midstream clean catch dapat.

If no symptoms like pain, fever, chills, pagsusuka etc no antibiotics needed."
"1771806224","3838511254814357595","3 days ko wala ka himo aning kamunggay og loy-a, turmeric. Hangak ko morag moabot si hubak, mag organic lang ko ron.
#breakfastfortoday 
#fblifestyle"
"1771731019","3837880412300079080","gi hubak nako sig inom yawa"
"1771697509","3837599310624752794","Grabe hubak te kita rajuy mualaga sa atoang sarili. Bawal masakit kay ting duty na 🥹"
"1771684764","3837492400600828549","bisag unsaon pa natog pugos sa tao, kung dli jud kita ilang pilion nya e tuklod pa dayon kas lain maka hubak jud siya"
"1771658990","3837276188791882928","unlimited hubak"
"1771654359","3837237343850543179","AAAAH ambot oy, bisag hubak o hilak lang grabe na akuang suka nya maalaan pirme ug buntis nah simbakooo"
"1771632788","3837056391501307110","Tinood nang tambukaka makatambal sa hubak? Kay ug tinood na mangita ko arun dina mubalik ang hubak🙏"
"1771608395","3836851772716144932","g hubak tas way kwarta Ani😫"
"1771764524","3838161473189926708","si Ra Quel ay hubakon😆  uyaba dayun ninyu arun ug mag minaldita  tiwasan nig sugmat sa hubak 😆😆😆"
"1771752312","3838059030913065586","Balik na sab tag inom ani kay balikan npod ta allergy...hubak nmn pod ta self.
#fighting"
"1771683240","3837479608651941253","Tahu bakso sek wendul nek rembang

Tahu ns hubak..
Perpaduan sambel kecap pedes🤤🤤

Rasakno dewe bes🤤🤤

#fyp
#foto
#jangkauanluas"
"1771599764","3836779372007529748","WAPA KA TUNGA SA RAMADAN,  GIPANG HUBAK NA 🥴🥴🥴"
"1771590553","3836702098164193485","Hubak napud hayss kapoya😔"
"1771537669","3836258477661148548","mana mn tas hilanat, dire napod tas hubak og sip'on 🤧"
"1771512775","3836049656107935740","hubak🤝sakit pus on 🤝shaket hart"
"1771501616","3835956023354405032","Paulan now, subaw og hubak later 😩"
"1771811308","3838553907849788710","Koris na kok kok😅"
"1771811283","3838553704040155482","All about today's 2na Beauty Makeup TTT work shop at Dehradun Branch,💓💓💓💓
Amazing Day Amazing work shop Learning Never Ending 
2nd Beauty and cosmetics ttt work shop at Dehradun Branch 💓💓💓#ttt work shop#💓💓💓 #surbhithapacontact9639112769"
"1771811194","3838552971479555504","Tara dasma shot now na"
"1771811120","3838552353063001534","Di ka na normal gurl"
"1771811116","3838552314223676258","Na simplicidade"
"1771811105","3838552119893067057","📣 Take Action! 

🟥 WAISN Action: Protect Apple Health expansion ➡️ https://bit.ly/4tNaBjQ (en español➡️ https://bit.ly/4awlqPP)

🟥 Require private detention facilities to report critical incidents to LEO ➡️ https://bit.ly/4kPIrk5"
"1771795093","3838417883702289901","If you must win an election, listen to this."
"1771811102","3838552199181992486","See what a leader is telling his core supporters and friends. If na other people, they will be mentioning Egypt, Bangladesh, China and quoting nonsense."
"1771811102","3838552196892542937","pashuk na"
"1771811244","3838553375147959167","Shop na mga suki! All made from full grain leather. 🥰

Shop now 👇
www.urbanessentials.com.ph 

Urban Essentials
5 Capitol Hills Drive, QC
Mon to Sunday. 930AM to 630PM"
"1771811157","3838552660899268455","Elegant & Classic ✨ Step into Elegance ✨

Nude ya Black? Kyun na dono! 💖 In beautiful hand-embellished slingbacks ke saath apne har step ko shiny banayein. Chahe wedding ho ya dinner, these are a must-have! 👠✨

Order : www.zunezo.com
WhatsApp 03258448172 ⭐

#FootwearFashion #Slingbacks #HandEmbellished #zunezo #WeddingShoes"
"1771811136","3838552482759516693","Good morning everyone 🥰 
Lunes na naman..work.work.💪"
"1771811091","3838552108668386613","Lunes na naman 😌Good morning everyone 🌞 God bless you all 🙏 
#fallowers"
"1771811082","3838552033381829768","na budol ako dun 😭"
"1771811081","3838552020396272599","Day 4:

All I can say is that walay pulos ang weekend. Dapat gina isolate nako akoang sarili every weekend unya kay gina view man niya akoang mydayyy, i-view sad nako iyaha. 

See you around later na shift nalang, wala nakoy mahimo. Mutago ko unya."
"1771811079","3838552006067334515","Lf na ka call wlw☺️"
"1771794916","3838416422557328547","Payag ba kayo?? Sila Ang tatakbong bagong pangulo ng pilipinas para e ayos Ang baloktot na kalakaran nang dating pangulo
E RATE NYO NGA nang 1-10"
"1771811005","3838551387207266989","Lalo na c 2k"
"1771810987","3838551238259238128","LF: Christian girlies na pwede makasama mag-walking/running or cafe hunting around Noveleta or Kawit 🙋‍♀️👋🏼"
"1771809035","3838534858058813491","Indi kanagid ya maagwantahan ok lng n ubo hilanat ari daw lala gd ya🥹🥹"
"1771805840","3838508059341922175","Kami sauna malipay najud me makasugat rag ingun aneh Bisan way sud an ...
Nagtuo nag looy najud kaayu pero ang tinuod ..
Kadtu diay mga panahuna ang pinaka maayu ug swerte nga kinabuhi,Kay ang mga lagutmon way mga side effects way chemical nga makuha natu gikan sa mga pinalit nga mga pagkaon ...maong 0urya buyag walay mga sakit ang mga kabataan saunang panahon ,,
Hilantan me Royal rag biscuits ang tambal ..
Maayu nah ,,"
"1771801284","3838469842421415599","Once in a blue moon hilanat and it's very colddddddddddddddd... 🥶🥶🥶"
"1771800576","3838463899193296491","Hilantan nasad ;(( bihaaaa sge lang tag kasakit ani"
"1771782743","3838314306505774027","Nadutlan jud kos hilanat daaa haysss! 😫😭"
"1771764010","3838157161277572490","geatay taasa sa hilanat oy"
"1771759203","3838116838044191914","Grabi ka sakit hilanat +toothache ahh😭"
"1771756481","3838094003582269679","Dutlan mantag hilanat ani..
Mia pa masahe oe 🩺🌡️😢"
"1771745446","3838001432767655683","Ano ang grado na ibibigay mo sa performance ni PBBM, mula 1-10? 🤔🇵🇭 Gusto kong malaman ang inyong mga saloobin! 👇💯🙌 #PBBM #Philippines 🌟✨🙏😊"
"1771795779","3838423665147582993","hilanat ang grado"
"1771779029","3838283152003917838","Unsay tambal pawala sa hilanat.. laag!!"
"1771764133","3838158199460116519","Hilantan pero ga OT HAHAHAHAHAHAHAHAHAHAHAHAH"
"1771762678","3838145988952023032","Grabe ga dungan man ning depression ug hilanat"
"1771753912","3838072455789928604","Cold Weather + Cold treatment = Hilanat"
"1771811428","3838554920380039567","yesyesyesyes init kaayo ang dalan atong kaloan kag payongan"
"1771811298","3838553843408565060","Ang init today no?"
"1771811285","3838553735169882460","Yong ang lakas ng loob mag off shoulder ni wifey . 

Pero nung nasa  theater na Kami  nilamig ang beauty at siya na Ang may-ari ng blazer ko 😭.

Buti nalang may pa seductive performance ang #runwayrevolution .Nainitan ako kahit naka sleeveless tas si wifey Panay kurot sa likod ko - sabay sabi nag enjoy ka Ang mata mo mahal ko . Hahahahaha

Ikaw ba Naman naka stockings sila lahat in black nakaka dala , pala Ang ma stockings . Jusko po 🫣🫣

Grabe Ang init hahahahhahahaha"
"1771809633","3838539880342874458","Ang init na here sa japan 😩"
"1771809412","3838538023339941896","gagi ang init na 
olongapo 📍"
"1771809268","3838536816908320639","Chada ang tempo pero Lain atong Pamati🤕"
"1771809129","3838535409266181368","Being single is fun,but kanino ko isesend ang ramdom selfies ko?🫣🖤"
"1771808301","3838528705107458225","#kuhitgamay .com/masarap Kumain sa labas Ng bahay pagkasama Ang buong pamilya.. bonding/w my mom and sister, pamangkin...Ali na init pa.."
"1771808200","3838527859435217355","Purya gaba ang ka init diris GenSan! 😅 😅 😅"
"1771665555","3837331264693766732","bakit naman ang init dito sa manila ninyo"
"1771811308","3838553932646271069","tagdo man sana yan 🤣"
"1771810369","3838546046583606931","Kakalapag lang, mainit init pa 🔥

Ang Trending na slimming coffee C9!
Kanang mahadlok ug tusok paniwang or gapatusok para maniwang pede kaayo ni sabay syarog di ma Size 10 imong hawak🤣"
"1771809565","3838539310682398143","Maayo pah Ang gensan Kay init pah"
"1771809070","3838535153128087284","Init na ang panahon
Sana this week
Gogogo na kami
Sa Lab ni tatay ko
Deretso nasa CTSCAN"
"1771807865","3838525049570252454","Oh well, Sunog na forehead ko sa init...pero keri lang ganito tlga ang buhay 😅 sayang ang skincare"
"1771807708","3838523729605964474","Ang mura ng ticket pa Japan sa Air Asia. Summer to, September. Pero tolerable naman yung init non parang Pinas lang. Skl."
"1771807616","3838522954129602793","inoff na yung aircon ang init na ulit 🥵"
"1771806312","3838512017833858147","Engon ting init.. ulo ra man lagi ang ang init panahon kay gtugnaw bugnaw pa sa ice"
"1771806083","3838510097950265106","bug-at lang sa pamati nga ikaw naningkamot para sa kaayohan sa imong kaugalingon. gagasto ka kay para mahoman ra ang angay mahoman. unya kung dili nimo mahatag kung unsa ila expectation. mawala ang tanan nga imong gibuhat, mawagtang tanan nimong paningkamot sa ilang panan-aw. sa gamay lang nga kalapasan nga imong nabuhat kay  tungod dili pod kaya nimo kung unsay ilang gi expect. hanaw na tanan. nabuhat na nakong baliwalaon ang mga ingani nga butang, mabuhat ra sad siguro ni nako karon."
"1771811369","3838554443093181721","Baseball season is back and we could not be happier. 
This weekend we stuffed way too much crap in an enormous vehicle and laughed and catch phrased our way down to St George.  Watching Port Coach, and Rebb play on the same field made this Momma heart so happy. Beck and Tara came to watch Rebb play and we got to have dinner with Benton and KoKo. 
I love our travels with Boggy and Papa and I'm so thankful to have added another little getaway to our memory banks."
"1771771026","3838215992648686321","Allah hum sabke rozey aur ibadat ko Qubool karley ❤️ 
:
:
:
:
:
:
#islamic #explorepage #motivational #ramadan #dua"
"1771811236","3838553328448592653","Aamin summa ameen🤲"
"1771811235","3838553316067057674","Good morning my Facebook Ko 🌞🌄🌄 
#photograph"
"1771811232","3838553277840105303","Happy 9th Birthday kenken ko. 🎂🥳i love you naknak koh 🥰😘😍❤️🫶🏻"
"1771811229","3838553269300617184","VA mode. Work with me while listening sa set ko kagabi at Lakewood."
"1771763502","3838152903043933762","Macam maggi plak kamu ni 🤤🤤"
"1771811229","3838553264896497372","Ko real ke ni cing"
"1771811224","3838553222910501492","@jessica_87_ghatto__country_ Hello love ❤️’I love what we share here on thread click the link to join my WhatsApp group if you are a lover or a fan 
👇👇👇👇👇👇👇👇
https://chat.whatsapp.com/DHqwGnR1QkkBxYC7Ag78dQ?mode=gi_t"
"1770975891","3831545944022673641","Tang Ina nyo Hindi ako bakla sedan ko kayo dyan e mga Gago nato HAHAHHA"
"1771811385","3838554576539309359","Pm"
"1771811217","3838553158151539353","Good morning 🌄🌄🌄🌄 all Facebook family ko Radhe Radhe gays 🙏🏻🙏🏻🙏🏻...... and follow me 🙏🏻🙏🏻🙏🏻🙏🏻🙏🏻"
"1771689920","3837535654352412047","T xem phim sẽ thấy lúc lên đỉnh bắn cả nước ra thì có đúng không chúng mày?"
"1771811217","3838553165986417118","Ko m:))"
"1771811206","3838553072838261015","@wampler0606 Hello love ❤️’I love what we share here on thread click the link to join my WhatsApp group if you are a lover or a fan 
👇👇👇👇👇👇👇👇
https://chat.whatsapp.com/DHqwGnR1QkkBxYC7Ag78dQ?mode=gi_t"
"1771782807","3838314842487438215","FH!! TAGUIG📍"
"1771811203","3838553045274339472","Pm kuya ko"
"1771811201","3838553028875010439","All fecebook family ko Namskar"
"1771811177","3838552826281731617","Sabhi Facebook family ko good morning ji 
#GoodMorningFriends #activefollowers #nonfollower #trendingreel #reelsviralシ"
"1771809169","3838535986352136092","Good morning ❤️❤️❤️"
"1771811163","3838552709846859080","Thakurain ko good morning 👋🌹🌹"
"1771811157","3838552660899268455","Elegant & Classic ✨ Step into Elegance ✨

Nude ya Black? Kyun na dono! 💖 In beautiful hand-embellished slingbacks ke saath apne har step ko shiny banayein. Chahe wedding ho ya dinner, these are a must-have! 👠✨

Order : www.zunezo.com
WhatsApp 03258448172 ⭐

#FootwearFashion #Slingbacks #HandEmbellished #zunezo #WeddingShoes"
"1771811350","3838554283348811489","Ang sakit mo"
"1771808911","3838533825136334325","Hindi tayo tinapos ng tadhana, tinapos tayo ng kalandian, Kasinungalingan, Kawalang respeto mo."
"1771811129","3838552426329389402","Ang sakit Nyan tanggapin pero kailangan tiisin Ang sakit para makawala sa nakaraan at mag simula uli ng walang hinanakit 😊"
"1771811030","3838551599447483123","Friends from threads 

Hindi na ako matatalot to ask help.. 
Kumakatok ako aa mga pinto nyo to ask for help para sa 2d echo for my heart condition na hindi ko kayang tustusan libo parin sya kahit may PWD.. 
member naman ako ng YAKAP kaso di naman nya sakop ang 2d echo.. 

Narito pa ung mga lab request ko na ang iba sakop ng PH Yakap.. 

Pleasee help kahit magkano lang poo napakagirap pag puso na  ang sakit.. 

Maya 
09917389850 
Florane Mendoza"
"1771810883","3838550363117282820","Kain tayo ng prutas ngayon dahil USO pa ang sakit #PrutasNaMasustansya #happymonday"
"1771810416","3838546442500556705","Konting kaalaman lamang po😘Nakakatulong ang sunlight sa ating katawan
dahil ito ay nagproproduce sa atin ng Vit.D
na mahalaga sa ating mga buto para lumakas
Maiiwasan din ang mga sakit
Gumaganda ang pakiramdam
Nakakatulong din sa pag iwas sa depression
Nakakaboost ng energy
  Kaya mahalaga ang sikat ng araw sa umaga, pero huwag din sobra💛
#sunlightinthemorning
#tips
#Benefits
#fblifestyles"
"1771810331","3838545659775069904","Basbasan Mo ang linggong ito—ang aking trabaho, mga deal, at bawat usapan. Bigyan Mo ako ng lakas, karunungan, at pabor. Ingatan Mo kami sa sakit at kapahamakan, at pagkalooban ng mabuting kalusugan at proteksyon.

Salamat sa tagumpay na darating.
Amen. 🙏

#sihkhey #highlights #everyone #fyp #everyone #highlights #followers #sihkhey #fypシ゚ #fypviralシ #fyp #highlighteveryone"
"1771810141","3838544105601511879","Grabe ang sakit😭 Order na kayo guys 100 pesos lang per tub

Thankyou 

#fypシ゚"
"1771809214","3838536363755622964","tangina ang sakit padin ng tiyan ko 😭"
"1771810093","3838543737258198144","Sorry dakin😔"
"1771810006","3838542999404669437","Dahil masama ang pakiramdam may ubo sipon naglaga ako ng fresh turmeric nawala ang running nose at pangangati ng lalamunan at may tunog na ang ubo ka ilangam kasi maagapan  para hindi tumagal stay muna sa loob ng bahay bawal madagdagan ang sakit may radiation  pa 
#nancypimentel 
#coughing"
"1771809987","3838542845448823589","Perks of being an entrepreneur na walang lending o arawan!! In short walang loan.👌🏻💯

1. Nakakapagsara ka ng maaga! No need magpuyat.
2. Ok lang kahit late ka ng magbukas.
3. Quota or not, ok lang.
4. Anytime pwede kang gumala o magsara. 
5. Di ka naghahabol ng paldong benta.
6. Napa-priority mo ang health mo. 
7. Benta is life but pahinga is lifer.😁 
8. Walang sakit sa ulo. Di ka nag o-overthink.
9. Di ka tumitingin sa ibang nag nenegosyo.
10. May peace of mind ka!💯"
"1771809913","3838542225932986133","Hanep na basketball yan, sakit sa katawan, 
Ang epic pa, kubg kelan bibembang na, saka pa pinulikat hahahahaha awittt"
"1771809852","3838541718933888930","Ang sakit sa puso"
"1771726974","3837846483384170578","Paki sagot mga badiii"
"1771809769","3838541020389118971","Sila Ang Tunay na nagbigay SAKIT SA BAYAN!!!"
"1771809758","3838540923349708273","Ang sakit ng puson ko po HAHA MAG SL KAYA AKO BUKAS HAHAHA"
"1771747099","3838015306552253008","Ang lala! Nag pa-check up ako kanina at kasabayan kong magpa-check up ay isang 14 year old mother. 14 YEARS OLD!! Mas nagulat pa ako sa sinabi ng ibang mother na nandoon. “Okay nga ‘yan para paglaki mo parang magkapatid lang kayo.” And I was like?????? Ateee????"
"1771809733","3838540717090823018","Kasabayan ko rin manganak noon 14 yrs old, kawawa kasi imbes kino-comfort ng mga nurses pinapagalitan pa. 23 nako that time, siya 14, sobrang sakit na sa akin na adult ako, what more pa siya na baby lang din"
"1771809657","3838540073256613810","Kapag nalampasan na ng isang babae ang sakit ng pagkawala ng babaeng minahal niya nang higit sa lahat,
kaya na niyang lampasan ang kahit anong pagsubok sa buhay niya.

dahil kadalasan, ang mga babae, ang pag-ibig nila ay totoo at buong-buo,
dahil kapag nagmahal sila, nagmamahal sila nang tunay at lubusan.
#sociallife #relationshipadvice #relationshipissues #relationshipproblems #personalachievement"
"1771811237","3838553330016599824","@ang_hel0520 Hello 👋 I choose you as giveaway winner 🏆 so text me “bless me ”on telegram now https://t.me//mommjoy"
"1771811091","3838552106530447244","Anyone knows if may hiring for nurses around tuguegarao? Asked some of my friends. Tpos na daw mostly ang hiring around January pa. Baka meron pang on going, pls share 😍TIA."
"1771811068","3838551912920229269","Hello everyone good morning 🌞&happy 
monday 🙂 To all my kaCClabs 😘 ayaw kaluya 😀 
Bawal ang tamad dto, engagement time 👍"
"1771752003","3838056446240555511","Bakit nga ba ang daming Filipino na sobra kung maka-discourage when it comes to travelling locally? Magtatanong 'yong iba saan maganda pumunta sa Pilipinas tapos ang isasagot: huwag sa Pilipinas, mahal lahat, mag-international ka na lang. Tama ba 'yon? Nakakalungkot lang kasi meron at meron pa ring maganda at murang puntahan dito."
"1771810988","3838551245456657653","Maybe some of them didnt really travel locally like hindi ganun ka immersive so they cant appreciate the places they went to and focused only on how expensive it was to travel. Aside from traveling locally, Ive been going back n forth to Vigan, Marinduque, seldom nalang sa Naga tho, coz our family comes from these places and there’s still so much to see. Ang dami parin naman mura lalo sa food. Kailangan lang talaga magresearch at hindi magdepend sa feature lang ng content creators."
"1771810967","3838551070746673465","Lucky ang proud to be yours...🥰🥰🥰
After gala midnight pose muna...🌙🌌⛺️
#thankfulandgrateful 
#ProudMoment 
#foreveryoungathearts
#couplegoals 
#couplelife"
"1771763046","3838149076454648140","Simple questions, have you ever travel to visit China to see for yourself instead of just read from social media and your western narratives against China.
Don’t be like monkey see monkey do!"
"1771811282","3838553710306511838","If China wanted to change the world start it by supporting good human being Ang leader in any country and improve it's nation. By killing every corrupt government official in the world in the shadow."
"1771811059","3838551839318562539","Taking pictures by Jayvin ang
  At Shannon parents place 😂"
"1771810790","3838549584193797291","A day of my life as a single mom for to dis picture kay wala ang amahan hahahha"
"1771810774","3838549428668601009","Ano ang kwento Mt. Pulag mo? 

Disclaimer: This post is not meant to scare anyone. We’re simply sharing our personal experience during our climb at Mount Pulag.

#creepystory #mtpulag #horror #scray #Hiking"
"1771810567","3838547708818339151","Ano “AmFee”????"
"1771810764","3838549366785880408","Ang feeling in a jeje way HAHAHA reaction ni Alex Gonzaga yan 😅"
"1771810613","3838548096708436178","Morning feed adiser mag sleep ang disney Aki❤️"
"1771729415","3837866958910332098","Ba't ako magseselos?
Licensed Civil Engineer ba yan?
Licensed Project Enginewr ba yan?
Licensed Master Plumber ba yan?
Certified Safety Officer 2 ba yan?
Marunong ba yan mag Violin?
Marunong ba yan mag Piano?
Marunong ba yan nag Ukelele?
Marunong ba yan mag Guitar Fingerstyle?
Marunong ba yan magdrawing?
40k per month ba salary&income nyan?
At higit sa lahat, may abs ba yan?
😆"
"1771810540","3838547485279843647","Grabe sa comments. 40k is not a flex daw? Super underpaid po ang engineers sa PH. Because in this country, being a licensed professional gives you a title, not money. 😅"
"1771810540","3838547488039618763","6th time meeting for our Pistachio Book Smellers brunch club today. I have absolutely LOVED connecting with these childhood friends upon our move back to Spokane. What a treasure you each are finrallyfan __c_h_r_i_s_t_i_n_e and Big Ang ❤️❤️❤️"
"1771811448","3838555105289989731","Looking for something nga makapahurot og kan-on?
Try our Garlic Infused ""Spicy Tuyo"" And  a Authentic ""Chilli Sauce"" handmade, flavorful ug sakto ra ang  Anghang!
✅ Made with quality ingredients
✅ Freshly Prepared
✅ Perfect for breakfast, baon and Pasalubong 

Made in BOLJOON Cebu ❤️
Pm now to order!
✅ Support local, support Boljoon ❤️
#BoljoonPride #supportlocalbusiness #FarmersGourments"
"1771811419","3838554862649536328","https://www.facebook.com/share/p/1C4wdUgEQc/"
"1771811326","3838554079136737050","Ang Ebanghelyo (Gospel of Matthew 25:31–46) 
Mahitungod sa katapusang paghukom

nagtudlo nga ang tinuod nga gugma makita sa binuhatan, dili lang sa pulong.

Kon motabang kita sa gigutom, giuhaw, masakiton, ug kabus, si Jesus mismo ang atong gi-alagaran.

Sa Kwaresma, ginatawag kita sa pagpakita og kalooy ug pag-alagad, kay sa katapusan, ang atong gugma sa uban mao’y sukdanan sa atong kasingkasing. 💜"
"1771811009","3838551418228367394","Er em getgyi huuhduuddde Hariutslaga. Hair. Hundlel gsn 3 zuiliig mash suulagamaar yum shig. Huuhed2 gd huuhdedee hariustlaga gh zuiliin oilgolt bhgui za huuhed yum chin gl tgtel ter ni baga suusan dadal surshlaas asuudal uuseheer esteg eh oornegnees buruu haina. Hairladaggui zarim erhluuldeg teriigee hair gdg huuhed buruu aash gargaad idiilj saldag. Hundlel ni engiin l zuilees yamarch huntei mendleed yariltsah. Ugni hun ooriinhoo geriig tsewerleh ayaga tawgaa ugaah huwtsasaa ugaah ni engiin bur"
"1771811306","3838553909166795031","Bur hamgin engiin asuudal baital zarim etseg ehchuud emegteichuud hiih yostoi manai huug zarlaa. Zarim bertei bolloo gd barag zartstai bolloo ireed ayaga ugaaj ger tsewerlehiig harj bj beree bolgono gshhssh. Omg joohon daruuha ajilsag eregt bwal nohrooroo hiilgeed ooroo zugeer suuj bdg teriigee bi ugaasaa ajilgui ndtai hamt bmaar bgaan bol hiih yostoi gj ntr. No shu erni hun bolood hariutslagatai bjiij huneer hairliulj hundleliig hurteneshdee. Tgd gants heldeg ug ni tom bolood ooroo surna gdg"
"1771811227","3838553251230895607","Mama's duty sa dli pa muadtu sa merkado atiman USA sa malding ayha pa kalakaw ug mauli na gikan school 😊 very good today Kay wla magpahatud unya nag-una²* ug Uli Kay Humana daw siya ug write gibawi last time Kay siya pud ang last nga nakauli 😁 

Look papa Patrick Tahanlangit  palita daw iyaha check ug singko 😂😂😂
#lildaycarepupil"
"1771811205","3838553065104836705","Haaaa! Hinga! May mga desisyon ka na namang gagawin! My goossh! Ha!😮‍💨"
"1771811122","3838552371768633108","🔥CASH OR LAY-AWAY🔥

💦GOOD FOR 2 MONTHS TERMS
💦PWEDE WEEKLY
💦FOR 15 DAYS TO PAY
💦PWDE POD ARAWAN NNYU PARA DI RA KAAYO BUG- AT SA BULSA 😊

🌼BRODU SPEAKER BTS- 2099🌼

✅Good Quality✔️
✅Brudo Bluetooth Speaker
✅BTS-209
✅Rechargable
✅Makasaksakan USB
✅Masaksakan Memory Card
✅Bet pud ug tingog kusog 🔥

✔️dual 8inches speaker with two wireless microphone 🎤
✔️3.5mm Aux jack
✔️6.5mm microphone hole
✔️USB/SD socket
✔️Equalizer light

PAUBOS SALE !

#everyoneシ゚ 
#highlightsシ゚ 
#fypviralシ"
"1771811118","3838552308359906867","Inggitira ngani tas nawung ug kwarta🤧"
"1771811103","3838552177161861370","UPSA girls fine pass UG ? True or false #pov #explorereels #treandingreels #trendingpost #povシ"
"1771811052","3838551777169002000","Bilib gyud ko sa brgy. sto. rosario, madako o magamay ang balay, abroad o dili ang tag balay kontakon gyud ka para ipakuha ang ayuda. 🫣 Thank you sa among abtik na kapitan ug mga kagawad.🫡inyong brgy inani pud?"
"1771807050","3838518206764571972","Dapat nag heal ka muna"
"1771811044","3838551712500749345","Feel ko naman healed nako in a sense na wala naman na akong feelings sa past ko. Dko lang maintindhan bat pako nagrerelapse HAHAAH saka hindi sya sa isang past ha halos sa lahat ng naging past ko. Baliw yata ako🥹"
"1771810786","3838549553332229065","We ran into Queen AJ at the Skid Row History Museum. She spoke about her run for mayor and described Los Angeles as a city of broken wings and cracked halos.. from Skid Row residents fighting to survive, to immigrant families separated, to working families barely getting by. She says the city’s problems start with leadership and calls for new values, new standards, and new perceptions, beginning with small, subtle, and simple shifts"
"1771810777","3838549468288085297","Murag ginakumot ang akong kasing kasing  nga naay program sa school ang mga bata unya dili ko kaatiman sa ilaha .. kay single parent lagi Ka kylangan mangita kag kaayuhan sa ilaha.. 😭.. maong igo ratas hilak dili nato sila makita samtang sila gadako 😭 it hurt much.🤔☹️😭 @highlight"
"1771770906","3838215015635720442","Better to return fund to treasury than to misuse it"
"1771810388","3838546213382311436","Alam mo kulang ka sa pansin. Mantakin mo bulag ka sa tunay na katotohanan na nangyayari sa bansa natin.. Dahil lang ayaw mo kay SARAH DUTERTE napaka onesided nyong mga TRAPO kayo. Lahat ng inuhusga nyo kay sarah NAPATUNAYAN NA NG COA NA WALA SYANG NAGAWANG KASALANAN.hnasa posisiyon ngayon si BBM kaya hnd nyo mapansin at kayang kalabanin si BBM. halos BILLION BILLION ang insertion sa FLOODCONTROL PERO NAOAKA TAHIMIK NYO MGA TRAPO NIMAL KAYO."
"1771810170","3838544363996294690","#trending #comdy😅🤣#reelsvideo💔🥀💯💚💯💔🥀💯❤️ 2026 ka #comdyreels 
#viralsreels❣️❣️❣️❣️ viral kar do bhai please funny videos ko 😂🤣😂💯❣️🥀 

Introducing the ""VitalWear Smart and,"" a next-generation wearable gadget 🎉
Beyond health tracking, the VitalWear SmartBand integrates with your digital Life, offering seamless notifications, voice assistant support, and quick access to your schedule, reminders, and messages. It also includes a built-in...more"
"1771810042","3838543303742184528","Noong wala pang nangingitlog na manok halos puro itlog lagi ulam ngayong may nangingitlog na mga alaga magsasawa ka na talaga sa itlog #RhodeIsland #farminglife 
Maghihintay nalang ng may maglimlim na native at palimliman ang iba para mas dumami pa sila #SustainableFarming"
"1771809791","3838541206389984227","As a woman, you just know na dadatnan ka na kapag iniiyakan mo agad yung mga simpleng bagay. Last night, pinanood ko for the nth time yung performance ni Alysa Liu. Take note, nth time at expected ko na mga moves niya at timing. Pero kagabi humagulgol ako habang pinapanood ko siya ulit. Tapos Ayun na buong gabi halos kahit cute na pusa or funny post iyak tawa yan siya. Kaloka."
"1771808584","3838531075829133759","Signing off, hindi talaga ako para dito. 
Kaya pala iba kaya napapansin eh ginagawa nila umiihi at dumudumi sabay video, iba halos kita na kalukuwa. Kakasuka, yung nakita ko ito dumaan sa newsfeed ko, grabe kakadiri kayo🤢🤮🤧."
"1771810094","3838543746460505435","Sakit na ulo ko kakaisip :(("
"1771809145","3838535758399483906","pag aq problema mo hahaha mauumay ka talaga noh ..
happy monday but low energy
sakit ulo ko and i hate this"
"1771808934","3838534012756033240","Parang gusto ko na lang mag spaghetting pa baba sa sakit ng ulo ko, ng balikat ko —ng everything"
"1771808273","3838528465737473202","Nag VC(videocall) kami ni papa yesterday, then sinabi niya sa akin may mga nararamdaman na siyang sakit sa pangangatawan, nag te-take na siya ng medicines. Sabi ko sa kaniya itigil niya na muna pagtitinda kasi lalo lang siya mapasama. Then sinabi niya sa akin na sinuportahan niya pa rin yung kuya ko na may pamilya na. Gusto ko makatulong sa financial, kaso wala rin akong magawa. Hindi pa ako makapag work, gusto ko mabili yung kotse na gusto niya. Lord, sana maraming bumili sa akin this year! 🥹"
"1771807878","3838525159888865275","Grabe yung sakit nang katawan ko, para akong kinarate nang ninja turtles. 😭"
"1771807511","3838522079935912396","Sakit ulo sobraaaa"
"1771807283","3838520164632110743","Napapala ng matigas ulo di makainom ng gamot khit namimilit sa sakit ng tagiliran🤦🏻‍♀️"
"1771807400","3838521147768643808","before, diko want mag tab/ipad since magsakit jud akong ulo sa large screens. Now, want na nako kay lisodan ko mag lappy if mag make og activities. Hays, madala raman guro ni sa advil akong ulo"
"1771806963","3838517476838330550","Sakit man akoang ulo 😊 naulanan man gud ,, sa ka bugnaw gahapon uip 😊kailangan ko ng napaka-init na yakap ng aking my love 😊 gusto ko Ngayon ng mainit na kape at mainit na pag mamahal 😊😊"
"1771806864","3838516646584168164","Grabeha ka labad sa ulo tas sakit sa mata.  Di nako mo usab ka isa nalang 🥴🤪"
"1771806194","3838511028733406562","need na nako mu leave bali  2 weeks gyud hahaha di na healthy ang kainit sa akong ulo every duty.. like 5 mins palang ko gikan nag in, ma trigger na dayon si anger.. huuuuuy bad liyapi.."
"1771805961","3838509074271655862","Init kaayo akong ulo ron ay hayst"
"1771805847","3838508119522165012","Ayaw kog labda ron teh kay labad ra ba akong ulo🙂"
"1771800576","3838463899679529832","Protect Inday Sara Duterte sya ang ating pag asa parasa maayos na Pilipinas!"
"1771811066","3838551902796256046","Sira ulo."
"1771810645","3838548370387061298","Why does the world make me feel nga everyone’s slowly leaving me? Ingani nalang gyud sguro ko ka lisod e deal? or am I the worst? Heavy na gyud kaayo ang everything for me to carry. Randomly crying in the middle of the day wondering where, how and why it went wrong."
"1771804825","3838499547748902626","kawawa ang Pilipinas pag si sara ang naging presidente. period!"
"1771810017","3838543098138321658","Hahaha..mas kawawa Ang pilipinas pag nanatili Ang bangag nyong presidente? Mga liwba na Kasi kayo.lagbu kaayo mo sa mga wabuya!!!"
"1771809352","3838537519437388697","pass na sa trentahin mainitin ang ulo"
"1771809289","3838536994956420361","Diba kusog ang ulan sa davao? Kung gi ampingan pako nimo, di na unta magdag-om ang langit. Gahi mag ulo."
"1771808448","3838529932058244360","Nakipicture lng kosa baka mga lodz nindot kaayo ang nati sa baka guys
#buhayprobinsya #tugwaybaka"
"1771807175","3838519257337086178","Nakakatamad ang Monday! Pero Pas2 kaayo ang Oras 🤙🏽"
"1771806682","3838515126820969584","2 way Baga kaayo ang Handle Gwapa isagpa sa marites 🤣 May ink lang sya Baka may Gusto pa nito wampepte nalang"
"1771806307","3838511981486359863","bruh wdym after 3months of no contact, nakit an najud tika balik, na touch, nakauban tikag balik?! aaahh last night my heart was beating so fast nga naunsa oy ni alimoot og kalit ang kalibutan nga bugnaw man unta kaayo gabie😭"
"1771808911","3838533825136334325","Hindi tayo tinapos ng tadhana, tinapos tayo ng kalandian, Kasinungalingan, Kawalang respeto mo."
"1771811129","3838552426329389402","Ang sakit Nyan tanggapin pero kailangan tiisin Ang sakit para makawala sa nakaraan at mag simula uli ng walang hinanakit 😊"
"1771810416","3838546442500556705","Konting kaalaman lamang po😘Nakakatulong ang sunlight sa ating katawan
dahil ito ay nagproproduce sa atin ng Vit.D
na mahalaga sa ating mga buto para lumakas
Maiiwasan din ang mga sakit
Gumaganda ang pakiramdam
Nakakatulong din sa pag iwas sa depression
Nakakaboost ng energy
  Kaya mahalaga ang sikat ng araw sa umaga, pero huwag din sobra💛
#sunlightinthemorning
#tips
#Benefits
#fblifestyles"
"1771809758","3838540923349708273","Ang sakit ng puson ko po HAHA MAG SL KAYA AKO BUKAS HAHAHA"
"1771809751","3838540865544097320","Maypa lage di dug-on! Mag abot man tanan oy! Labad sa o, init sa o, sakit sa lawas, tanan sapot ug kalagot mag abot jud poryagaba!! 🤯🤬"
"1771809657","3838540073256613810","Kapag nalampasan na ng isang babae ang sakit ng pagkawala ng babaeng minahal niya nang higit sa lahat,
kaya na niyang lampasan ang kahit anong pagsubok sa buhay niya.

dahil kadalasan, ang mga babae, ang pag-ibig nila ay totoo at buong-buo,
dahil kapag nagmahal sila, nagmamahal sila nang tunay at lubusan.
#sociallife #relationshipadvice #relationshipissues #relationshipproblems #personalachievement"
"1771809597","3838539576298896887","Tried 1 min dead hang for the first time after my upper split workout, ang sakit!!!! Hope it gets better as I get used to it 🥹"
"1771809237","3838536557665536472","ang sakit pala pag ikaw yung bumitaw :("
"1771808358","3838529181085493351","🥺 shit ang sakit sa paki ramdam"
"1771810883","3838550363117282820","Kain tayo ng prutas ngayon dahil USO pa ang sakit #PrutasNaMasustansya #happymonday"
"1771809171","3838536005260436056","Mabuti pa tong dalawa palagi lang nag cucudle ang sakit ng mata ko aray koo🤣🤣"
"1771809170","3838535992937240182","https://www.facebook.com/share/r/1AmA5SSbub/
COCAINE PA MORE BBM  IKAW MISMO ANG SUMISIRA NG  IYONG KATAWAN AT KALUSUGAN MO NA HUMANTONG  KA SA MALUBHA MONG SAKIT"
"1771808735","3838532342123094483","Nag simba ang pray nya amo ni

LORD GAE LNG KO Pirme KUSOG KG MAYO LAWAS 
Tpos pg puli nag inom tanduay wla kpanyapon Asta kaagahon,
kabalan cmu ba
Intu mopa c lord 😅🤣"
"1771807570","3838522572305708559","Kaloka! I tried sampling ang sarili ko, ang sakit pala ahahaha😂😂😂😭😭😭"
"1771807078","3838518441150644535","Akong gi total tanan nakong bayrunon this month, murag sakit sa lawas nalang gyud mabilin sa akong sweldo 😂."
"1771806820","3838516284414434695","hindi yan sha nakapag jog today dahil ang sakit ng puson niya"
"1771806418","3838512912001029044","My tab was so used, ni start nag separate ang screen sa lawas 😂 may gali ga function pa hahahaah 😝😝😝"
"1771806336","3838512223061492067","Hoooyt kapoy kay akong lawas, sakit akong tutunlan ug ginasip'on kooooo. Pwede mag'sick leave 😭😭😭😭🥹"
"1771757766","3838104782045849097","Dati noong nag sisigarilyo pa ako badtrip sakin yung mga ka klase kong babae, masyado daw mabaho, ngayon 9 yrs na akong tumigil at nakakaamoy ako ng usok, tama sila ang baho nga😅 sakit sa ilong😅"
"1771810778","3838549485618971187","🤣🤣🤣at least tinigil mo na at now you know it..good boy👏👏"
"1771809987","3838542845448823589","Perks of being an entrepreneur na walang lending o arawan!! In short walang loan.👌🏻💯

1. Nakakapagsara ka ng maaga! No need magpuyat.
2. Ok lang kahit late ka ng magbukas.
3. Quota or not, ok lang.
4. Anytime pwede kang gumala o magsara. 
5. Di ka naghahabol ng paldong benta.
6. Napa-priority mo ang health mo. 
7. Benta is life but pahinga is lifer.😁 
8. Walang sakit sa ulo. Di ka nag o-overthink.
9. Di ka tumitingin sa ibang nag nenegosyo.
10. May peace of mind ka!💯"
"1771809751","3838540865544097320","Maypa lage di dug-on! Mag abot man tanan oy! Labad sa o, init sa o, sakit sa lawas, tanan sapot ug kalagot mag abot jud poryagaba!! 🤯🤬"
"1771809597","3838539576298896887","Tried 1 min dead hang for the first time after my upper split workout, ang sakit!!!! Hope it gets better as I get used to it 🥹"
"1771809553","3838539151138403716","Kiddie Party? Pero daw mas nag-enjoy ang mga moms and dads. Don’t worry kids the prizes are yours.

Thanks Jollibee Infante branch for this entertaining game. 🤪🤪🤪

Zariyah’s TWO-fast birthday ride.

 #toddlerouzeeros #chdwarrior #dragonballz"
"1771809171","3838536005260436056","Mabuti pa tong dalawa palagi lang nag cucudle ang sakit ng mata ko aray koo🤣🤣"
"1771808735","3838532342123094483","Nag simba ang pray nya amo ni

LORD GAE LNG KO Pirme KUSOG KG MAYO LAWAS 
Tpos pg puli nag inom tanduay wla kpanyapon Asta kaagahon,
kabalan cmu ba
Intu mopa c lord 😅🤣"
"1771808394","3838529482630804253","Sino dito ang nag-iinvest sa stocks? I did it back in 2016 and I really gained from the investment pero I stopped it din. I'm planning to do it again, pero I know it's a bit risky. They said invest at your own risk and invest what you can lose lang. I used COL financial before. 

I hope to connect sa mga masters ang COL financial."
"1771807078","3838518441150644535","Akong gi total tanan nakong bayrunon this month, murag sakit sa lawas nalang gyud mabilin sa akong sweldo 😂."
"1771811237","3838553330016599824","@ang_hel0520 Hello 👋 I choose you as giveaway winner 🏆 so text me “bless me ”on telegram now https://t.me//mommjoy"
"1771811091","3838552106530447244","Anyone knows if may hiring for nurses around tuguegarao? Asked some of my friends. Tpos na daw mostly ang hiring around January pa. Baka meron pang on going, pls share 😍TIA."
"1771811068","3838551912920229269","Hello everyone good morning 🌞&happy 
monday 🙂 To all my kaCClabs 😘 ayaw kaluya 😀 
Bawal ang tamad dto, engagement time 👍"
"1771811059","3838551839318562539","Taking pictures by Jayvin ang
  At Shannon parents place 😂"
"1771752003","3838056446240555511","Bakit nga ba ang daming Filipino na sobra kung maka-discourage when it comes to travelling locally? Magtatanong 'yong iba saan maganda pumunta sa Pilipinas tapos ang isasagot: huwag sa Pilipinas, mahal lahat, mag-international ka na lang. Tama ba 'yon? Nakakalungkot lang kasi meron at meron pa ring maganda at murang puntahan dito."
"1771810988","3838551245456657653","Maybe some of them didnt really travel locally like hindi ganun ka immersive so they cant appreciate the places they went to and focused only on how expensive it was to travel. Aside from traveling locally, Ive been going back n forth to Vigan, Marinduque, seldom nalang sa Naga tho, coz our family comes from these places and there’s still so much to see. Ang dami parin naman mura lalo sa food. Kailangan lang talaga magresearch at hindi magdepend sa feature lang ng content creators."
"1771810967","3838551070746673465","Lucky ang proud to be yours...🥰🥰🥰
After gala midnight pose muna...🌙🌌⛺️
#thankfulandgrateful 
#ProudMoment 
#foreveryoungathearts
#couplegoals 
#couplelife"
"1771763046","3838149076454648140","Simple questions, have you ever travel to visit China to see for yourself instead of just read from social media and your western narratives against China.
Don’t be like monkey see monkey do!"
"1771811282","3838553710306511838","If China wanted to change the world start it by supporting good human being Ang leader in any country and improve it's nation. By killing every corrupt government official in the world in the shadow."
"1771810835","3838549958090477131","May allotment pa rin ba if ang sign of date is end of the month? HAHAAHAHAHAHAHA PLEASE ANSWER 😭"
"1771810790","3838549584193797291","A day of my life as a single mom for to dis picture kay wala ang amahan hahahha"
"1771810774","3838549428668601009","Ano ang kwento Mt. Pulag mo? 

Disclaimer: This post is not meant to scare anyone. We’re simply sharing our personal experience during our climb at Mount Pulag.

#creepystory #mtpulag #horror #scray #Hiking"
"1771810567","3838547708818339151","Ano “AmFee”????"
"1771810764","3838549366785880408","Ang feeling in a jeje way HAHAHA reaction ni Alex Gonzaga yan 😅"
"1771809651","3838540025928231434","including cebu. not for cebu alone 😜 share share lang. barya lang sa umaga. pero na kurakot nila hindi barya. 😜"
"1771810675","3838548617817403867","INDAY BOGO, fyi mao ni ang gikan sa CEBUUU from the private sector after the September 2025 earthquake in Cebu, companies and organizations contributed roughly ₱10 million in direct corporate aid most notably from VinFast Philippines and Green GSM along with additional tens of millions of pesos in donations and in-kind support raised by business groups, foundations, and volunteer networks supporting relief and rebuilding efforts."
"1771810613","3838548096708436178","Morning feed adiser mag sleep ang disney Aki❤️"
"1771810540","3838547488039618763","6th time meeting for our Pistachio Book Smellers brunch club today. I have absolutely LOVED connecting with these childhood friends upon our move back to Spokane. What a treasure you each are finrallyfan __c_h_r_i_s_t_i_n_e and Big Ang ❤️❤️❤️"
"1771704403","3837657144775013067","GRABE KA TALAGA XD JACKPOT77 🔥

Game name: Chinese New Year 2 (FC)

Deposit 5,000 ➡️ ₱20,000 Success withdrawal via Gcash💰 
Congrats lucky player! Naglibang kalang kumita kapa😱 Ganyan kalambot si XD JACKPOT77!🔥

MAGLARO AT MANALO. REGISTER NA SA LINK KO⬇️⬇️"
"1771624196","3836984316799755581","nag usap kami ng sarili ko inaway ko sabi  tama ng ansayte na yan te🙄
nagbawas ng screen time
natulog ng maaga 
naglibang gamit gitara , 
sarili lang din makakatulong sayo wala ng iba 🙄
pag may pera nawawala din minsan agad ang ansayte 🙄"
"1771440602","3835444207377369364","Di naman broke, naglibang lang. pasensya na sa mukha, sa boses at dun sa lyrics na TO MAKE 🤣  #fypシ #marinoph #marinongpilipino #seamanph #seamanslife"
"1770480587","3827391035828551816","Dahil may bantay si Munggo.. naglibang na lang ako magtransplant.. sana maglakihan para may anihin 🤭

Back pain ka lang.. magtatanim ako 😤🤦🏻‍♀️
#plantita 🤗 #pechay #kangkong #kamatis #ampalaya #bellpepper"
"1770365599","3826426446361875593","Namamasyal po kami sa mall. Malamig dito at naglibang libang kami. #strolling #strollingaroundthemall #mall #mallingtime #everyone"
"1770188428","3824940207029036094","At my jungle hotel kaligandaki parbat naglibang -08 JYAMIRE 9828198180"
"1770068036","3823930302259816214","Naglibang sa tiktok🤣"
"1769124082","3816011839399240484","𝟏𝟎𝟎 𝐂𝐀𝐒𝐇𝐈𝐍 𝐍𝐆𝐈𝐍𝐆 𝟐𝐊🤭
🤩𝐍𝐀𝐆𝐋𝐈𝐁𝐀𝐍𝐆 𝐋𝐀𝐍𝐆 𝐒𝐈𝐀 𝐏𝐔𝐌𝐀𝐋𝐃𝐎 𝐏𝐀
𝐀𝐍𝐆 𝐒𝐖𝐄𝐑𝐓𝐄 𝐀𝐁𝐀! 

📍 𝐄𝐆𝐘𝐏𝐓 𝐁𝐎𝐍𝐀𝐍𝐙𝐀 𝐔𝐍𝐃𝐄𝐑 𝐅𝐂 𝐒𝐋𝐎𝐓

𝐂𝐋𝐈𝐂𝐊 𝐋𝐈𝐍𝐊 𝐈𝐍 𝐂𝐎𝐌𝐌𝐄𝐍𝐓👇👇👇"
"1770151429","3824629856190305018","ka klaro anang gi type nako"
"1770167560","3824765168891614886","Naglibang ka sa Cebu???"
"1769071543","3815571107605641143","Naglibang sa tabing dagat"
"1768791789","3813224309112101905","Naglibang😅
#everyone"
"1768645152","3811994263421226863","Ito nag injoy lang wag naman kayong mang husga dahil ito naglibang lang after makipag' kaya naisipang mag saya dahil kina bukasan d alam kung kailan naman mag kita-kita pasalamat din kami dahil ang pantawang magulang kahit malayo nakarating"
"1768480904","3810616436629379741","Subscribe to get exclusive benefits:
https://www.facebook.com/morenayuanhalley/subscribenow

Naglibang ang mga bata 😂😹
#playtime #catlovers"
"1768476314","3810577932868813285","Naglibang LNG po pra my Mai post🤗🤗cenxia n PO😊"
"1768448315","3810343071775569144","Mahina ang kontrata😅
#naglibang"
"1771811424","3838554896220808310","PILA GID KA “I WILL NOT”!!!!

Hebrews 13:5
God said, 
“I will not in any way fail you 
nor give you up 
nor leave you without support. 
I will not, 
I will not, 
I will not 
in any degree leave you helpless 
nor forsake 
nor let you down. 
I will not relax My hold on you! 
Assuredly not!

-Amplified Bible Version"
"1771762176","3838141777173370195","Strong independent… hanggang first set lang HAHAHA"
"1771810466","3838546863390164394","San ka Nag gygym pasabay"
"1771809565","3838539303743423001","kadlawon malibang! human ug quaker oats e libang rapud! di nako mokaon uy sayang2 manta anig kwarta 🤣🙄"
"1771809547","3838539153202374250","To my first friend, my enemy hahaha bahala mag lalis me bsta lab2x ghpon ka nku Mama and my forever Young Mama—Happy Birthday, Ma I hope your day is as beautiful as the life you've given me.""
Alwys amping sa lakaw, bawal nka mag gara2x ug lusad sa ubos ky gor na.
Alwys be good health.
#fblifestyle
#mamalolanghongkong
#MomsBirthday"
"1771809351","3838537513917338875","🏡✨ OPEN THE DOOR TO YOUR OWN HOME!
Sa halagang ₱10,000 reservation, may bahay ka na!

✅ ZERO DP
✅ ZERO EQUITY
✅ NO MOVE-IN FEES

📍 Pila Townhomes – Brgy. Masico, Pila Laguna
2 Bedrooms ,1 Bath + Powder Room ,May Garage pa!

Hindi na rent. Sariling bahay na.
Message me ngayon bago maubos ang units! 🔥
📲09102244947"
"1771809031","3838534826249355925","First time sa akung papa mo bayad ug bills kay wala kog davao nag full force sila sa akung manghud utro sang dili kabalo haha ka cute na maka lagot 

Papa ; Te ikaw nlng bayad dara sa manila ga libog nami diri
Ako : Pag practice mog bayad dra pa after 4yrs paku mo uli 
Manghud : Kapoya diay ani te oy maka libog 

HAHHAHAHAA ATE problems"
"1771808049","3838526584165623277","PSA ASSISTANCE 😊 (for willing to wait only) No time to get any of these??? We offer assistance! NO need to travel, NO PILA & NO PAGOD 🙂 HASSLE FREE 💯💯💯

 ✔️PSA BIRTH CERTIFICATE
 ✔️PSA MARRIAGE
 ✔️PSA DEATH CERTIFICATE
 ✔️PSA NEGATIVE COPY OF BIRTH 
✔️PSA CENOMAR

Door to door delivery tru LBC
LUZON AREA 3-5DAYS
VISAYAS & MINDANAO AREA 7-10DAYS

Pm directly 😉"
"1771742221","3837974385085468279","Daming entitled sa landers balintawak ha. Nag grocery kasi kami ni boyfie and medyo mahaba pila so yung guard kada counter inaassign nya randomly diba so nung kami na inassign sa counter we are waiting with our cart. Then may naassign na couple na matanda pinapila sa likod namin then tinanong kami ng matanda “neng pumila ba kayo? Kasi kami tagal namin pumila eh” like wtf"
"1771811053","3838551786261136580","Daming ganyan. May iba pa nga dire-diretso lang na uunahan ka ng hindi manlang nagsasabi. I mean, okay lang naman na unahin kayo pero sana respeto pa rin."
"1771809376","3838537706251662321","Baudia pila"
"1771803068","3838484810063627940","Looking for bebe boi asap. Hahaha kanang kaya ug 5 rounds hahaha 🤣"
"1771808021","3838526353319318628","Bae ka ?"
"1771807982","3838526029804331694","its great to have rural health centers pero at times like this na super haba ng pila & limited lang stock ng gamot which means kapag di ka umabot sa cut off kahit gaano ka pa kaaga dumating, youll go home. nakaka galit ang gobyerno (: tangina do better"
"1771807691","3838523589507853651","Posted 2 photos, one before running and one having breakfast. Wasn’t too much to consider overindulging. 2 eggs, tapa and rice. Then received a semi-annoying message saying “nag-jogging ka pa”. I know it was only a 5k run. Seriously, am I not allowed to eat post-run?🥺 These comments do hurt especially when I’m trying right here."
"1771807683","3838523520745830702","Thank you Gurl,marky sa pag pa stay bisan pila lang ka week ko sa inyo, ug kay nice salamat pd. I miss you gurl unta magkita na pd ta. 🤍🤍 
My bestfriend 💜❤️🤍"
"1771807586","3838522704694238929","Nag update ang Spotify dati even if you are not in premium maka play man hapunan kag song UNLI now naa nay limit. Di ko sure ug bag o pa na kay more on podcastan Jud ko pero ka sad ba."
"1771806469","3838513329309135398","nag sorry ka pa"
"1771806179","3838510901461484431","One sided rakay ka. Never ko nag explain since then pero mura ug nonsense. Diman lang kabalo manguta unsay reason or what the whole story came up."
"1771811341","3838554206692798195","Di ko na talaga magets?! Umalis kasi si hubby ng 1:30am kasi gagawin nya long run today. Tapos naiwan na lang sa room ako, si Brimstone and si Killjoy. Sabi ko kay Brim, gisingin ako ng 4:30am kasi may gagawin ako saglit na work then magluluto na ako.

So ayun. Nakaalis na si hubby and bumalik ako ng tulog. After a few hours, dinaganan ako ni Brimstone tapos nagising ako. Chineck ko phone ko and it was 4:35am.😭 di ako nagalarm! Nakalimutan ko magalarm actually kasi antok na antok ako kanina.😆"
"1771811387","3838554593869017127","Di ko na talaga magets how?! Pang ilang beses na ito. Haha alam ba ng dogs ang time?😅"
"1771808515","3838530498189323423","We usually bought ung emborg. Mejo pricey pero atleast known brand for frozen fruits and veggies"
"1771810920","3838550671222822076","Ay matanong ko lang. Yung emborg po ba na nabibili nyo may mga butas din sa ilalim? Ours po kase ganun  mapa gulay o fruits. Minsan, naghalo nalang yung kulay njng frozen mushroom tsaka cauliflower nung ni thaw ko. Ilang beses na yun. Yung  blueberries nagkulay sa ilalim. Mga may butas pala. Bat po kaya ganun? Di ba mas prone na pasukan ng bacteria and microbes yun?"
"1771745164","3837999058984828377","i thought its back cam 😭"
"1771810592","3838547925949957727","Ako na, nakailang beses bumalik sa escalator HAHAHAHAH 😭😭😭🤣"
"1771809989","3838542850548696026","Quiero volver a enamórate mil veces, todo los días con tal de que tú me beses ☺️🤭😍

#ferz #guatemala🇬🇹 #zumbafitness"
"1771809167","3838535951707439953","Viene de mamá no la beses #paratiiiiiiiiiiiiiiiiiiiiiiiiiiiiiii #talento #chicoslindos"
"1771808363","3838529225879540031","Ano Ang dalawang beses mong makikita sa Isang araw ngunit Isang beses mo lang makikita sa Isang taon?"
"1771807869","3838525081413398221","Ang funny niyo talaga, nung kayo yung gumawa okay lang. Pero nung ginawa ko yun, sasabihin niyo wag sumali sa alitan ng mga magulang? Nung kayo nag disrespect ng ilang beses okay lang. Tapos pag ako, ang dami niyong sinasabi? Ginaya ko lang naman yung ginawa niyo 😌"
"1771807344","3838520677251645280","sa rami ng mga simbahang napasok ko bawat isa’y naging tahanan ng lihim kong lambing at pangarap sa bawat altar, may isipang lumilipad at may bulong na parang panata: “dito ako maglalakad.”

marahil sa rami ng beses kong inuulit nakapahid na sa mga sulok ang tahimik kong panalangin
at hanggang dumating ang araw na iyon patuloy kong hahaplusin ang pangarap at boses na may marahang nagsasabing: “dito ako ikakasal.”"
"1771810202","3838544650240736265","gilaay!gikapoy!ambut"
"1771795335","3838419939498367168","gikapoy nakog huwat kung kinsa jud ang para akoa ba"
"1771809833","3838541556480124517","hangyua nalang tong sa taas na if wla pa silay na decide kung kinsa para sa imuha .. igna naa kay e recommend basg pwde ra"
"1771809708","3838540507652461613","gikapoy nako aning RD"
"1771807909","3838525411630363979","Dili nako madala sa jamming kay sure ko mu absent ni ugma kay gikapoy😂"
"1771806248","3838511485552146033","LORD,  unta tagaan ko nimug UYAB nga naay motor kay gikapoy nakog commute."
"1771805311","3838503619495143974","Gikapoy nako cgeg pinangita kasunod aning asa ang ubang episode sa salida ni Linda Walker.🥴😂"
"1771803231","3838486173791250501","Maayong Buntag ma nga ka idol so mag off line sa ko karon pila ka  buwan  hunong sa pag reels waman sa  engon gikapoy ko  Basta relax lang sa ta  karon bye"
"1771801623","3838472685110828556","Gikapoy nakog byahe taga lunes tug pa unta ko run hays"
"1771807256","3838519885231638351","Gikalingawan nako si moi² ug sayo kai gilaay jud ko ron mga migs, gikapoy nakog pamagul😜

#gitripan
#bahakhaknasad 
#moi2palaboy"
"1771806578","3838514249085345007","Ikaw ang gikapoy ug laba,siya nga gigutom"
"1771803361","3838487262540309599","wa sa tay carenderia kay gikapoy og bangon ang kusinera, naa pa si odoy nga dili buhian akong yototz🤣🤣

Hi-way lang sa maninda unya hapon."
"1771795737","3838423308321508319","Ang usa ka inahan bisag gikapoy ug kuwang sa tulog ug gigutom unya naa sakit buhaton jud ang tanan para sa iyaha mga anak ."
"1771794971","3838416884669309890","gikapoy na ko daan para unya 🫩"
"1771792854","3838399122538473064","di jud ko ka move on everytime makita naku masakitan ko kay grabe last year gikapoy baya ko ato tapossss huhaaay dili nalang ko mag talk!!"
"1771791487","3838387662156456965","gikapoy nako singhagan ug customer. gusto ko ako napud maninghag 😭"
"1771544826","3836318510901654361","Aduna ba kamoy gepamati nga sama sa akong gebati? Nga mag lisod tag genhawa pangapoy sa kalwasan ilabina kung wala tay kwarta? Na a ra ang sulbad mga higala,imon lng kamo niine kay sigurado gyod nga mahuwasan mo paniguro mo kang yoyo Romeo kay xa ang liget ane nga produkto..beware sa fake..kang yoyo Romeo lamang mo deretso..."
"1763294163","3767106939630353891","Tulog na ta sayo basin mauli-an na ta ugma aning cge balik2x na pangapoy sa lawas💪"
"1762840841","3763304201322670253","Kana ganing gibbati tag pangapoy  Homan salinog ug bagyo Kay nangandam ug nag hipos2x. Nga deli mga basa mora gípa maolan. Peró ok rà Kay wala pasadí ßa ginoo."
"1755130018","3698621128072250263","pagbantay mo!
labad sa ulo, sakit sa tiyan ug pangapoy.
pipila lang na sa mga simtomas nga wa kay kwarta."
"1743516011","3601195773436128920","Pagbantay mo!
labad sa ulo, sakit sa tiyan ug pangapoy.
pipila lang na sa mga simtomas nga wa kay kwarta."
"1740487754","3575792914384519543","walang pang-apoy at panglasa combo 🤒"
"1737166249","3547930109509359425","Officially enrolled kana gd man pro ga pangapoy-poy kaman ka schedule 😑"
"1733642237","3518368557502017198","pagbantay mo!
labad sa ulo, sakit sa tiyan ug pangapoy.
pipila lang na sa mga simtomas nga wa kay kwarta."
"1756959091","3713964503399000103","Pagbantay mo!!!

Kon kamo makasinate sama labad sa ulo,pangapoy sa lawas kana mga# sintumas sa walay KWARTA🤣🤣"
"1755926971","3705306449877303283","pagbantay mo!
labad sa ulo, sakit sa tiyan ug pangapoy.
pipila lang na sa mga simtomas nga wa kay kwarta.
#hihglightseveryone"
"1755306207","3700099110040675352","Pagbantay MO!
labad sa uyo, sakit sa tijan ug pangapoy. Pipila na mga simtomas na wayay imu kwarta!!"
"1732759963","3510967507111219130","I need paracetamol
para maayo ni akong pangapoy ug sakit sa ulo."
"1726819787","3461137699278529050","pagbantay mo!
labad sa ulo, sakit sa tiyan ug pangapoy.
pipila lang na sa mga simtomas nga wa kay kwarta.🥺😅"
"1725414457","3449348933745064302","Pagbantay mo! Labad sa ulo, sakit sa tiyan ug pangapoy. Pipila lang na sa mga simtomas nga wa kay kwarta!"
"1725353595","3448838384137439794","Pagbantay mo! Labad sa ulo, sakit sa tiyan ug pangapoy. Pipila lang na sa mga simtomas nga wa kay kwarta!"
"1724495215","3441637773067958499","pagbantay mo!
labad sa ulo, sakit sa tiyan ug pangapoy.
pipila lang na sa mga simtomas nga wa kay kwarta."
"1724174933","3438951053388799037","pagbantay mo!
labad sa ulo, sakit sa tiyan ug pangapoy.
pipila lang na sa mga simtomas nga wa kay kwarta😂😜🤣🤭"
"1724037026","3437794204188069216","pagbantay mo!
labad sa ulo, sakit sa tiyan ug pangapoy.
pipila lang na sa mga simtomas nga wa kay kwarta."
"1771810883","3838550356918472051","Matod pa sa panoltihon, walay aso nga dili makomkom,kini mga binohatan nga dili maayo una sa mata sa Ginoo ug sa tawo,maskin unsa ka pa kahawod mo tago niini,mahibaw-an ug mahibaw-an gyud,maayong adlaw sa tanan, #asodilimakomkom #binohatandilimasyo #followersviewerseveryone  #photochallenge"
"1771810321","3838545646111094000","paghuman anig kamatay sa kamatyunon na relasyon. Pass lang sa gyud dayun. Usahay tungod kay lonely ta, pangitaon gyud nato nga mka palipay sa atoa. Pero sayup diay to, ang tinuod nga kalipay naa ra gyud nimo mkita sa imong kaugalingon mga desisyon mismo. Busa, mas maayo tay single! Ga labad2 ra gyud sa ulo musulod ug relasyon."
"1771809701","3838540452061166242","So ofc nagworry ko. Naa pd sya tungkod gigamit. She retold me the story giunsa pagkaslide niya. Face planted sa road jud. Di ko ka imagine. Obvious a samad and all but na first aid na sya. Maayo gane wala sya nabali-an kay lisod jd sa ilang edad. Anyways, mao diay nanawag sya nako kay muask unta ug hinabang. Syempre, atong kasing2, duol jd ug mga tiguwang. We sent her daughter some cash thru gcash since wala ko cash on hand that time"
"1771809843","3838541640634609549","And that was my Sunday na. I didn’t think much of it after. This morning, while working sa may sala, I heard someone knocking sa gate. Without knowing who it was, di kaayo ko mutubag usually 😅 Kay wala man sad expected parcel today. But I was kinda familiar sa tingog. It was tita babes diay.

She wanted to give me this atleast to show her appreciation sa tabang. She kept saying thank you and I told her di na man unta needed."
"1771809661","3838540110073966245","Maayo najud Kay member kog philhealth Wala Ra Koy gibayran. Ang gipalit Ra tulomaron nga anti biotics rajud. Kini talagsaon rako makatunob ug hospital kulba jud kaayo🤣🤣🤣🤣"
"1771809499","3838538751731146599","LIBAKON MAN KO NYO UG MAAYO, PASAGDAN RA TAMO KAY IN THE FIRST PLACE, WAMOY AMBAG SAKONG KINABUHI, SAGBOT RAMO."
"1771809493","3838538701542073845","♥️🙏Ang pagtudlo sa mga kabataan sa pag-ampo usa ka importante nga katungdanan sa ginikanan aron sila makabaton ug lig-on nga pagtuo, espirituhanong giya, ug maayong pamatasan gikan sa sayong edad. Kini ang naghatag kanila ug kasegurohan, kalinaw, ug koneksyon sa Ginoo matag adlaw, bisan pa sa mga pagsulay. ❤️❤️ ❤️ 🙏 

Busa, ang makanunayong pag-ampo sa mga Kabataan, makabaton ug mas maayo nga koneksyon sa Ginoo ug malikay sa dili maayong mga bisyo. Sige mag Angelus nata matag 6pm mga kabataan!"
"1771809490","3838538676485335035","Matay ka Muyati na ni ron kung share ta ug pulong sa Ginuo ug mga bersikulo maayo aduna tulo o upat ang mo like
Mga yawan on jud."
"1771808880","3838533559871753177","Kay gi feel jud ug maayo"
"1771808735","3838532347046876266","FLY HIGH nang Gloria Patrocinio Sojor salamat kaayo imong maayo ug dako natabang namo sukad sauna dli ug dli jud ka namo malimtan"
"1771807161","3838519141566287398","Mao jud, sa sunod kuno na panukala s mga mudaug krung umaabot nga  butuhan..kini maoi piskay Ang tga pgmana nga dli kamao mubyad sa buwis  unsay maayo dli pud pmanahan.Ki kini uban kuno listo lng sa iyang mahimong kapartihan
Pro bahin sa buhisan
Murag maoi  tuyong
 kalimtan
Hlos exempted
S tnang  mga kakuli-an
Pro kwidaw s hearingan
Mutunga  oi  ug naai
 Kabahinan dli pauwahi
Haskan  mga ginikanan
Kamo nay mag egu
Sa inyong mga kayuta-an
🤣🤣🤣🙏🙏"
"1771414994","3835229406215032988","nangluya ko gaina ba HAHAHAHAHHAHA"
"1771037972","3832066713991732852","HAYYY KA HAPPY SAKONG HEART. Being loved this right by husband, always always spoiling me with money (kay nangluya nadaw ko wala nay shopee2. Haha) to seeing my threads nga puno ug nawong ni Connor. Ahhhhhh!! And of course the privilege of being alive, healthy, loved, sleeping peacefully, and to lose some freaking weight!! Thank you, Lord! plus ginauli ko sakong bana every weekend sa Polomolok kay naa ddto akong family and friends. I am blessed. Very very.

HVD everyone! <3"
"1770611969","3828493141195903062","Paita ..lipong3x ghapon ta..
Di gyud ka pangwarta ug ingon Ani..saputon nalng tag hunahuna.
Unya atong mga kauban sa balay nangluya pod..
Mga2weeks na gyud ni akong vertigo...😭😞
Ug kita magluya way insaktong mag atiman sa atoa.😭
Kanus apaba ni mahuman😭
Ka surrenderon naku ani."
"1770481525","3827398899812934275","dehaaaa ta nangluya"
"1770162368","3824721612361685926","Galaw galaw kaibigan, dae para luya luya.

Pag nangluya ka sa oras nin kaluyahan..maluya mananggad. Galaw galaw dae para problemahon ang problema ta problema talaga yan, kundi hanapan ki solusyon.

Dae ka man tatawan ki problema na dae mo kaya.

Pasalamat ka ngani ta namamati mo ang problema, ta kung dae ka na nakakamati ki problema gustong sabihon ika na problema ta abnormal ka na."
"1769999322","3823353890880847197","sobrang dami mong babae sa following list mo nakakapanghina"
"1770035202","3823654875091828731","Ngano Mang nangluya nang bayhana 😆"
"1769793213","3821624918912676121","Ngano MN nangluya,diin na to Ang mga ka chat nimo dong?😆🤣"
"1769771231","3821440524524545626","Thank you, Lord! 🙏"
"1769771368","3821441671498945681","Nangluya tibuok adlaw after evaluation kay nag panic🥲 Hopefully makuha ulit this time 🤞🤞🤞"
"1769632528","3820277000821791139","Poya na da. Nangluya nmn ang ferson"
"1769392189","3818260884805255045","Katilaw mn ta sng gin pamunit ni Ken ba,, kon wla nangluya wla ya ginpaluto 🤣🤣"
"1769281931","3817335973756490284","Nangluya nmn lage na"
"1771811091","3838552106530447244","Anyone knows if may hiring for nurses around tuguegarao? Asked some of my friends. Tpos na daw mostly ang hiring around January pa. Baka meron pang on going, pls share 😍TIA."
"1771809770","3838541024357194373","MONDAY PRAYER

“Lord, kung kalooban Mo, let me win this time. I surrender everything to You.”

Ginawa ko na ang part ko—with honesty, integrity, and my best effort. Now I release the pressure and trust You.

If it’s Your will, no one can take it away. If not, I believe You have something greater.

#businessinfluencer 
#Godspurpose 
#Godswill"
"1771809759","3838540935748264083","Loving my man deeply that I can’t see myself loving someone else🥹 ang swerte ko na kasi ngayon super as in, he’s doing everything for us! Nakakatuwa pa na he always told me that I’m beautiful inside & out even though I don’t wear any make up or not wearing fancy clothes🥹🫶🏻"
"1771809680","3838540269198192933","Na experience najud nako  ang bajao nga masuko ug dili tagaan 
Hahahahahhahahahhahah…. Sukoa niya n ingon ko sorry kaayu wala koy extra maghatod pakos akong anak pauli kay galain ang lawas … nisinggit pa dawo kuno ko…. 

AGARAY!!!"
"1771809443","3838538250411621965","So blessed to have a partner who have faith in God and if galeng talaga kay God package na ang ibibigay sayo😁☺️"
"1771809302","3838537104335450473","Thank you tita Babes! You didn’t have to 🥺

Share ra nako. I met tita babes when she visited our small kmart shop. She’s in her 80s na. So ofc she doesn’t understand what our products pero grabe sya muask 😅 I had to explain unsa ang buldak or jin ramen or shin ramyun. She was also looking at our display of cakes. She was very interested and ended up buying 1 shin ramyun. For me, that’s just one of the usual interactions you experience when you’re selling in a small community with lots of elderly"
"1771808994","3838534517473314059","want to swap my YGs now so ill have more WGs

(pero last year, i wanted to dispose my WGs so all YGs na lang…. that is - after mining RGs…. ano ba talaga self? ang gugulo mo 🤣 )"
"1771808735","3838532342123094483","Nag simba ang pray nya amo ni

LORD GAE LNG KO Pirme KUSOG KG MAYO LAWAS 
Tpos pg puli nag inom tanduay wla kpanyapon Asta kaagahon,
kabalan cmu ba
Intu mopa c lord 😅🤣"
"1771808463","3838530043442879851","CapEath together ✨
From choosing each other as Big Winner to officially becoming part of the Ultimate 8, grabe ang journey ninyo! 🥹💙🩷

Proud na proud kami sa inyo! 💜

And now, Kapitans, we have unlimited votes to make them the Big Winners! ✨️

#CapriceCayetano • #HeathJornales
#CapEath"
"1771786880","3838349010814236837","One of my biggest fear is iwan ako ng person na mahal ko i understand na di nya kaya ldr pero i ask my partner na wag nya ko iwan mahalin nya lang ako and mamahalin ko siya sobra but i didn’t expect na susuko siya ang sakit kase iniwan nya ko sa situation na mahal ko siya ng sobra 💔

This is the last message before nya ko i block sa lahat ng socmed ko kanina imagine from “ i love you “ to goodbye “ ang hirap pala"
"1771810523","3838547345106204872","Ahhhhh! Know that you are loved and pain is temporary alam ko madali sabihin but always look at the bright side of it siguro God has a purpose why it didn’t work. You deserve someone better that will love you even more without asking for it. Hugs to you!  Merong sapat na taong inilaan ang Diyos para sayo maniwala ka. Hugs to you 🤗🥰🙏🏻"
"1771809049","3838534981019499862","🚨 NEW PLAYERS, THIS IS YOUR SIGN! 🚨
Wala pa kay account? Tara na sa JiLiP.com! 🎮

Create your NEW account today and experience the real thrill!
Easy registration, instant fun, and exciting games waiting for you! 💥💰

Don’t get left behind. basin ikaw na ang next lucky player! 
But always remember to play moderately and use extra budget only. 💛

https://charllote11.jilip07.cc/?referralCode=ycb7756"
"1771808995","3838534527254498939","🏘️ Lawas’ first serviced apartments

📞 Want to know more? Contact Ah Teck's Team or visit our Sales Gallery!
👉 Click the bio link for details!
Whatsapp:  Violetha Vyee
https://wa.me/60107948892"
"1771808571","3838530968974757739","Oren lawas"
"1771808168","3838527590151241993","Self-care is not selfish, Mommy 💚
Choose natural wellness 🌿 

PM na! Sa comment section ang link👇

#everyone #follower #highlights #Clicknamics"
"1771807722","3838523845427568634","2 Titos Teams 2 games, both won, and one is now bound for the Finals! 🏀

My Hoop Ballers currently has 3 ongoing leagues, and one team is already waiting for the semis.

Sana may mag champion na dito ang laki na ng gastos ko hahaha! 😂"
"1771807025","3838518000898627599","Utod mo Ang lawas pero Ang huna huna  hindi"
"1771722774","3837811250072552121","Teka Teka,
May nakita akong post from the HR. Yung..

""Ngayon niyo Sabihin na nahihirapan kayo mag hanap ng work?""

Eh Kasi Yung interview schedule is 7:30, nag antay Ang applicant until 8:45. Then nag message Yung HR 11:20 na nasa meeting room na sya.

Nakita niyo to?
Bakit ganyan ka po ate ko? 🤣😭"
"1771806894","3838516904894604166","I don’t think “Slight” delay ang almost 5 hours. She even have the audacity talking about professionalism when she can’t even be on time sa scheduled interview. Wow! Buti sana if advance or at least 30mins-1 hour nung ma delay siya nag notify na sya sa mga applicants. Whatever company man yan, please hire a new HR."
"1771809530","3838538949887444635","#kuyatybtv @kabukidlife semi tugnaw na gyud dering dapita mga kabukid #followersreelsfypシ゚viralシfypシ゚viralシal please like and share"
"1771809527","3838538959216266279","Kanang gi serve nila puchera nga guma hahaha 
murag among ngipon ang mapildi 😂 

#hilightseveryonefollowerseelsfypシ゚viralvideo #starseverywherefypシ゚viralシypシ゚viralシhtag #reelsviral"
"1771809139","3838535737092696627","Good morning mga kalanglang wala pa ko napilian sa kato ako gi pa games. So far puro nindot ang mga tubag murag pang Miss U😂 Pero wala pa ko kahuman ug basa kay medyo busy pa. Mag post ra ko utro kinsa makadawat sa 500M ahw 500 pesos diay.😂😂😂"
"1771808443","3838529897270890256","JeanGi effect"
"1771807763","3838524188689312131","Nindota mo iyot ron oy tugnaw kaayu hahah
Lf 📍lapulapu"
"1771807389","3838521051249349819","Gi subawan jud si zoe, murag dadto ni sa S&R kay grabi ka tugnaw jud dadto"
"1771807187","3838519344201105979","So tugnaw today, kaulanon..."
"1771807695","3838523624278245703","Punitive Psychiatry: When Diagnosis Replaces the Court

https://youtu.be/MeDbX5MGi_g"
"1771807131","3838518892860402777","Good morning Monday 😊 Mamahaw ta ninyu pakaun sa mga kulit ni Papa og Mama 😍😁 Tugnaw Ang kabuntagon 🥶🥶🥶🥶"
"1771807127","3838518828586314576","WAH sa tuno!!! Ambot ug na unsa Sha!!murag gi kaun niya Ang lyrics!!
Only bisaya Ra Ang Maka gets ani"
"1771807078","3838518441150644535","Akong gi total tanan nakong bayrunon this month, murag sakit sa lawas nalang gyud mabilin sa akong sweldo 😂."
"1771806898","3838516931309916320","Mamahaw guys,Basta mabuntag mga dinalian nga pagkaon atung ma andam,samot na late ta maka mata sa ka tugnaw sa panahon ⛅
Pasalamat ta sa grasya matag adlaw ma dghn mn O magamay at least naa 🙏"
"1771806631","3838514693892323714","📷 by markiza.gi"
"1771806589","3838514340119632819","sgi ratag laroy² aning davao bisag tugnaw na"
"1771804952","3838500608009666577","Time passes and we may be apart,but cousins always stay close at heart..

P.s Murag first time nako nakapa picture kauban nila..
#cousins
#fatherside"
"1771810805","3838549709971789073","Today I closed out a really challenging spiritual and ancestral initiation. I cleared some very deep wounds in my maternal lineage. It has taken months to get through this. It has been heavy. 

Tonight I am going to sip on some hibiscus tea, sit at my altar, and allow my ancestors to pour into me. Then, I am going to allow them to lead me into the deepest soul-nourishing sleep. Asé. 🕊️"
"1771804941","3838500498564036847","Update from Puerto Vallarta: we’re safe and so is everyone else. Thank you for all your messages. We love you. 🙏 💜"
"1771809612","3838539704250131049","Omggg you’re good I was worried awwww you’re going to sip on a margarita too? Awww!!! Cheeers!!!"
"1771809268","3838536812646621453","🎨 Come and join us to paint the ‘Cowgirl’s Clover’ @  Madera Ranchos Pizza Factory! 

 Sunday,  March  1st @ 5:00 PM
$40 per person
Join us for an evening of creativity, food, and fun!
All canvases will be pre-drawn

Customize your painting with your own colors and style.

Your first drink (wine, beer, or soft drink) is included!

Come early to grab some delicious pizza, sip on great drinks, and enjoy good times with friends!

📞 RSVP with Elaine at 559-232-9442 theartofpaintingwithelaine"
"1771808811","3838532967736615988","Sip on delicious wine, enjoy wine tasting flights, mocktails as you shop waistbeads, anklets & rings. FREE RINGS to the FIRST 15 guests (COMMENT BELOW “ring” If coming) cleurbanwinery This is my First FRIDAY pop up of many. #sip#shopping#waistbeads#entrepreneur#wine"
"1771807233","3838519722836582228","Fresh pasta, flowing Aperol Spritz, and a little bit of la dolce vita 🥂

Tickets are LIVE for my April 10th & 11th cooking classes.
Come learn how to make pasta from scratch, sip on an Aperol Spritz, laugh, and eat like we’re in Italy.

Spots always go quickly.
Tickets available at www.justgiulialombardo.com

Private bookings available for birthdays, team events, girls’ nights and more.
DM me for details."
"1771805175","3838502477042216738","#TrapxCanvas we are the Greatest PAINT 🎨 and SIP 🍾 on EARTH 🌍! We are coming to your city, get your TIX 🎟️ TODAY:  www.TrapxCanvas.com"
"1771804687","3838498388082631244","Ubot sipon pleaseee , get away, I'm tired being with you, scared my troat and pain , I need to continue my everydays life,  pleaseee!!!"
"1771804616","3838497795762396866","🎉 National Margarita Day – Today Only! 🍹
Join us for $4.00 House Margaritas today, February 22nd!

Visit us at either location:
 •  Salsa Leedos Riverton – 13298 S. Market Center Dr, Riverton, UT
 •  Salsa Leedos Draper – 136 E 12300 S, Draper, UT

Come celebrate with us and sip on your favorite margarita! #margaritas"
"1771807554","3838522438875778990","aga pa ya tulolagas luha ko kag sip on 
yots 2 weeks na ya nga atake sakon di ko maintindihan
kapoy na"
"1771805601","3838506038593690587","Join me live on Saturdays for sip and slay!💋💄 Follow me on  TikTok  @MakeupbyMrs.Johnson💋#fypシ゚viralシfypシ゚ #makeuplook #looks #beauty"
"1771803582","3838489112060553830","It’s National Margarita Day
Let me sip on this"
"1771800884","3838466466853839077","🌿 Our doors are open for enjoyable family moments! 🍽️☕

We welcome our valued guests 6 days a week.
🕚 We are at your service between 11:00 a.m. and 8:00 p.m.
❗ We are closed on Mondays.

With our café and restaurant concept, we offer a warm family atmosphere where you can:
☕ Sip your coffee,
🍰 Enjoy our desserts,
🍲 Experience our home-style meals.

We look forward to welcoming you to spend quality time with your loved ones 💛

#familyatmosphere #caferestaurant #tastestop #cityfavorite 
#cleveland"
"1771798618","3838447480724671442","What is the best place you can go on a date with someone who’s vegan? I say smoothie king. I don’t want no rabbit food. So we can just sip on a drank"
"1771797633","3838439199004032082","$6 margs on National Margarita Day is a dream come true 💭🍹 

Come sip on some margs at Roost tonight!"
"1771795708","3838423065378257296","On this episode of Sip on it Saturday/Sunday
we are going to have the taste of tequila battle here at Slime’s B.A.R. (Bring A Rhum). 
The first is a silver patron bottle in 2015 bottles in Jalisco Mexico. It is a agave tequila with limited production. The second bottle is also distilled and produced by way of Jalisco Mexico, but it both that it is 100% pure agave. Make sure that you cast your vote."
"1771788100","3838359224238484078","Still in bed 😮‍💨"
"1771794505","3838412971240985663","Can I sip on you the blunt"
"1771810692","3838548763619775706","Parang siya dehydrated at soft food I guess"
"1771811456","3838555173204160830","Pina check ko po siya sa VET kahapon ang sabe po dehydrated at may sipon siya pinag water at cerelac siya ni doc, hindi muna binigyan ng meds kasi masyado weak baka daw po mabigla"
"1771811420","3838554866281746335","Nag babalik! 🤩 MELAWER BULL COMPANY! barato rani kamo nay bahala pakyaw ani! For 950 pesos ang box sealed! 

Add df sa mga mag pa deliver or drop off ha! 29 box available!"
"1771811342","3838554214168167508","Reflecting on how beautiful my aunt in laws ceremony was yesterday. SIP Aunt Mona #celebrationoflife"
"1771811339","3838554186729483706","Latepost
Belated happy beer-day sisterette, alam mo n ang wish ko para sayo. Sana all nla tlga nakapadagat, imissyou all bawi ako pag uwi🥰
PS: beach nila kahapon inulan sieste nag siuwian nlang😁 nilalamig n mga bata🥰"
"1771811309","3838553939928030387","View ko habang nag luluto ng Pizza sa Karinderya

Gymnastics boys and girls. 

Mga Carlos Yulo ang Caliber ng mga Batang Athleta

-Kwento ng Kusinerong pang Karinderya"
"1771811293","3838553804384312966","Tiny flowers in my bag, sparkles in my day, and a sip of something sweet to match the vibe 🌸💖
Proof that happiness lives in the little pink details.

#SoftPinkVibes #AestheticMoments #SweetAndSoft #pinkobsessed"
"1771811285","3838553735169882460","Yong ang lakas ng loob mag off shoulder ni wifey . 

Pero nung nasa  theater na Kami  nilamig ang beauty at siya na Ang may-ari ng blazer ko 😭.

Buti nalang may pa seductive performance ang #runwayrevolution .Nainitan ako kahit naka sleeveless tas si wifey Panay kurot sa likod ko - sabay sabi nag enjoy ka Ang mata mo mahal ko . Hahahahaha

Ikaw ba Naman naka stockings sila lahat in black nakaka dala , pala Ang ma stockings . Jusko po 🫣🫣

Grabe Ang init hahahahhahahaha"
"1771696079","3837587316508507577","Nag kita rin ang dalawa😊 Angelly Casire  thank you ding Saturday off ✨"
"1771811265","3838553568915808978","Lol"
"1771811253","3838553466994647940","Narinig nyo na ba Yung kasabihang...

"" Ga-barko man Ang iyong problema, ga-dagat Naman ang Diyos para solusyunan yan""

Alam nyo ba na Hindi lang Yan Basta Basta kasabihan. Ito ay Isang malaking katotohanan. 

Ang pag-ibig Ng Diyos ay nag uumapaw, Ang awa at biyaya nya ay sapat para sating pangangailangan.

Manatili Tayong konektado sa Panginoon Hesus at walang bagay Ang impossible Basta Kasama sya 🙏."
"1771811227","3838553251230895607","Mama's duty sa dli pa muadtu sa merkado atiman USA sa malding ayha pa kalakaw ug mauli na gikan school 😊 very good today Kay wla magpahatud unya nag-una²* ug Uli Kay Humana daw siya ug write gibawi last time Kay siya pud ang last nga nakauli 😁 

Look papa Patrick Tahanlangit  palita daw iyaha check ug singko 😂😂😂
#lildaycarepupil"
"1771728352","3837858043573543266","ANG MGA INVOLVED SA ILLEGAL  ARREST KAY TATAY DIGONG AT MAY KASONG KIDNAPPING AT BINAYARAN NG BILLION BILLION NI MARCOS BANGAG!!! AT ANG MGA KASABWAT NILA PARA DALHIN SA THE HAGUE NETHERLAND!!!"
"1771811456","3838555167156039829","Billion billion? May tama sa utak tong nag post na to or magkano binayad sayo para manira? Para kang si inday kahol ng kahol."
"1771811413","3838554810631347185","Ilang araw na c Wild Ape nag bibigay ng biyaya
Paldohin nyo na
#XDJACKPOT777

Link nsa comment section 👇👇👇"
"1771809149","3838535816558383437","G"
"1771811409","3838554776708203586","nag chat na ako"
"1771811302","3838553006660458037","Kung nag-upgrade daw ako, bakit daw sa maliit pa rin na space? Here’s the answer. 🤣"
"1771811285","3838553735169882460","Yong ang lakas ng loob mag off shoulder ni wifey . 

Pero nung nasa  theater na Kami  nilamig ang beauty at siya na Ang may-ari ng blazer ko 😭.

Buti nalang may pa seductive performance ang #runwayrevolution .Nainitan ako kahit naka sleeveless tas si wifey Panay kurot sa likod ko - sabay sabi nag enjoy ka Ang mata mo mahal ko . Hahahahaha

Ikaw ba Naman naka stockings sila lahat in black nakaka dala , pala Ang ma stockings . Jusko po 🫣🫣

Grabe Ang init hahahahhahahaha"
"1771772277","3838226511124653444","Bakit lagi nya sinasabi ung ginawa nya sa davao? She's the VP now, bakit hindi nya i highlight ung mga ginawa nya as the current vp to prove that she has what it takes to be the president?"
"1771811270","3838553608108051822","Mga bulag lang kayo kaya di nyo nakikita. Remember ang ovp ay nag aantay lang kung bibigyan sila ng budget para sa mga proposed project nila. Nong 2024 ang 25 zero budget sya. Gayon pa man nakakatulong pa rin sya kahit papano. Wsla syang insertion kc du nman sya mambabatas. Tapos kung batikusin nyo sya kala nyo sa Ang magnanakaw. Walang nagtatanong sa inyo sa 100 billion na nawawala. Pilit nyong ikinakabit sa kanya yong 125 million na ok nman sa COA."
"1771811253","3838553466994647940","Narinig nyo na ba Yung kasabihang...

"" Ga-barko man Ang iyong problema, ga-dagat Naman ang Diyos para solusyunan yan""

Alam nyo ba na Hindi lang Yan Basta Basta kasabihan. Ito ay Isang malaking katotohanan. 

Ang pag-ibig Ng Diyos ay nag uumapaw, Ang awa at biyaya nya ay sapat para sating pangangailangan.

Manatili Tayong konektado sa Panginoon Hesus at walang bagay Ang impossible Basta Kasama sya 🙏."
"1771809597","3838539576298896887","Tried 1 min dead hang for the first time after my upper split workout, ang sakit!!!! Hope it gets better as I get used to it 🥹"
"1771807262","3838519964161353855","Pa refresh sa ko sa akong mga mata Kay hago kay'g otok nga di ma imagine nga mka experience akong mao maong  babae💔 Sakit man sa dughan apan isalig nalng nko sa ginoo Ang tanan🙏"
"1771797614","3838439050920059309","Walay night mode ang threads guys? Sakit man sa mata oy, may nalang gani kana ray sakit dili akoang dughan kay gahuwat man kos akoang future girlfriend/wife faithfully hehe 🙂❤️"
"1771795069","3838417708128604713","sakit na akong dughan."
"1771736376","3837925351926758943","Tagsa ra kaayu mag melt down ge kausa sad ang ka sakit sa dughan"
"1771513318","3836054204737777751","Normal ra ba ni, i was single for 1 and a half year. Naay isa ka guy nga gusto ko i pursue jud and grabe kaayug effort. Grabe nakog hilak kay ga sakit akong dughan kay feeling nako di nako deserve higugmaon ug ing ani."
"1771808842","3838533246397649888","Update, i didnt left him hanging. Im not the only one he tried to pursue there’s another girl nga gina pursue sab niya, iyang reason is dugay daw nako siya gi sugot ( he courted me for 2 weeks) like wtf??? So my instinct telling me not say yes thats nag sakit akong dughan cos i already fell for him but again i recently knew that he pursue another girl so (BUSTED)."
"1771806791","3838516020735275858","I still have a heavy heart after watching ""The loved one""🥺😭 I was too emotional while watching it. Ang sakit🥺#thelovedonemovie #multocupofjoe"
"1771796738","3838430998502303750","33, and i just realized ang sakit na ng kasukasuan ko 🫣"
"1771756274","3838092273238763752","Nag baktas ko crb to grandmall nag hilak nagpa ulan mawala lang jud ang sakit sa dughan. Hays lord ikaw na lang bahala sakit akung dughan"
"1771688607","3837524132725116745","Ing’ana rana pro nag sakit na ang dughan😆"
"1771678892","3837443142685112584","ga sakit nmn dughan ko"
"1771673285","3837396105051727413","sakit dughan ta haw"
"1771572240","3836548481763051915","😭😭kalabad oi..bisan pag naaka pinas ug Waka sa imoha anak sakit jud ang dughan..mingaw jud lahi rajud pag sila imoha kauban..lord nganu mani"
"1771811305","3838553900492995387","Momata nasad nga Bug at ang gibati"
"1771811373","3838554470532501286","Why"
"1771811293","3838553801977309703","2 grandparents 7 adults 7 kids 1 week 4 new teeth a stomach bug long nights early mornings lots of laughs and love. Annual Harris trip is always a hit ❤️"
"1771811292","3838553794091539775","My Seager hates change.  He’s a little neurotic about things.  Parvo survivor.  Huge love bug.  And he loves popcorn.  We moved and now have a second floor balcony.  He doesn’t love it.  Until popcorn.  Still keeping a foot inside lol.  Don’t mind me and my music lol."
"1771811192","3838552958401331400","Funny pics from my french project session with smeraigna_ bug.princess21 and juneisshort !!"
"1771811129","3838552424039151792","Smelly Mozzarelly is getting big! Such a sweet fluffy little cuddle bug 😻"
"1771811122","3838552371768633108","🔥CASH OR LAY-AWAY🔥

💦GOOD FOR 2 MONTHS TERMS
💦PWEDE WEEKLY
💦FOR 15 DAYS TO PAY
💦PWDE POD ARAWAN NNYU PARA DI RA KAAYO BUG- AT SA BULSA 😊

🌼BRODU SPEAKER BTS- 2099🌼

✅Good Quality✔️
✅Brudo Bluetooth Speaker
✅BTS-209
✅Rechargable
✅Makasaksakan USB
✅Masaksakan Memory Card
✅Bet pud ug tingog kusog 🔥

✔️dual 8inches speaker with two wireless microphone 🎤
✔️3.5mm Aux jack
✔️6.5mm microphone hole
✔️USB/SD socket
✔️Equalizer light

PAUBOS SALE !

#everyoneシ゚ 
#highlightsシ゚ 
#fypviralシ"
"1771811087","3838552071490986309","Had a great Mom’s weekend with my Lili!!! While it didn’t go exactly as planned, we had a great time!!! I miss you already bug!!!

#lilibug #udkappadelta #KDMOM"
"1771810701","3838548835450871056","Underrated Gems From Great Bands:
Indian Summer Sky - U2
Birthday Gal - The Replacements
Afterimage - Rush
The Full Bug - Van Halen
Resurrection Joe - The Cult
Hitsville U.K. - The Clash
The Party's Over (Hopelessly in Love) - Journey
City's Burning - Heart
Lightning Strikes - Aerosmith"
"1771810510","3838547235416437995","Senior Sunday ❤️love you bug❤️
#seniorsunday2026"
"1771810434","3838546590928350163","This has been a good deep freeze and first real winter in many years. The snow has stayed through the season so our spring thaw will be Very wet. Be prepared. Floods and mountain river beds that shrank will widen once more. It should lead to less bug over population. Nature’s deep clean cycle is upon us. Let her do her magic. She’s about a month behind but more normal than she’s been. 
❄️ Blessed be ❄️"
"1771811312","3838553962635717930","Ayan mga idol may lulutuin naman tayu pang meryenda 🥰🥰🥰 
Bagong pitas po ito  ang 🌽🌽 kayu Anu meryenda Nyo mamaya?
Shout out  pala sa nagbigay nito 👉🏻Jolin Solis 
Thank you so much 
#thankyou  #generousniegbhor #sweetcorn #bagongpitas"
"1771811309","3838553939928030387","View ko habang nag luluto ng Pizza sa Karinderya

Gymnastics boys and girls. 

Mga Carlos Yulo ang Caliber ng mga Batang Athleta

-Kwento ng Kusinerong pang Karinderya"
"1771811108","3838552251627060853","Active po uli.
Pagkatapos mo makuha ang beans may diamonds pa yan.Kunting push nalang,sa wala pang agency ilagat niyo lang ang id # ko Click Join Agency  at bind my #."
"1771759705","3838121048991258224","Pet peeve: yung mga magulang na  hinahayaan yung mga batang takbo ng takbo sa loob ng kainan. What if patirin ko? Char hahahah"
"1771811106","3838552235714995823","Naexperience ko to sa amici ayala triangle…may yaya at may magulang pero di masaway ang bata. As in pumapasok na un bata kahit sa counter at papasok pa sa employees only area na kitchen pinigilan lang ng waiter. I called the manager on duty and i told him patigilin nya or ako magpapatigil. The parents looked at me at kausapin sila, i looked them directly in the eye na pang principal na galit ang mukha ko.  I am a mom too, di ko kasi hinahayaan anak ko nung maliit pa sya magtatakbo sa restau"
"1771811091","3838552106530447244","Anyone knows if may hiring for nurses around tuguegarao? Asked some of my friends. Tpos na daw mostly ang hiring around January pa. Baka meron pang on going, pls share 😍TIA."
"1771811070","3838551926930377569","#mondayvibes #HulaanChallenge tayo ulit,
Ano itong nasa kamay ko, kaht saan nakikita, salas, kwarto pwede din sa cr,
lima  ang #LuckyWinner  ng pang ulam,, #letsgo #followerseveryonehighlights @highlight #GCASH #ShareThisPost #friends"
"1771765494","3838169613067468795","Mahirap na palang ibalik Ang tiwala na minsan mo nang ginawa at binigay sa Isang tao,, konting kibot nghihinala kna na naging Tama Naman lagi,,"
"1771810766","3838549380266141144","Laban lg di namat lahat ganyan meron pang nattering matino"
"1771810755","3838549269234395954","Advance birthday 🎂🎈🎉 celebration 
Jhen A Lee.happy birthday nak I wish your good health and many more birthdays to come.take care your self and ingat ka palagi sa work mo.
And thank you for Leonard F. Alejandro for preparing the food...
Nauna pang mag blow ng candle ung pamangkin sya ah daw m birthday...."
"1771810648","3838548389798053074","Clutch spring ng TMX155 mo pagod na? 😂 Baka gusto mo lagi half power!
KRYON Clutch Spring pang malakasan! 💪
Pre-Order | Available stock sa bodega | Onhand ni supplier
Sulit ang paghihintay! Siguradong quality at swak sa budget.

direct message us to order
DM TO ORDER
From our door to yours—nationwide! 
Order now! 🛒✨

#retailer #retailshop #sanmanuelisabela #JEAMotorcycleParts #ClutchSpring #TMX155 #Kryon #MotorcycleParts #PreOrder #QualityParts #SwakSaBudget"
"1771810630","3838548238878897998","Happiest 73rd birthday Mama🥹💖🎂🎉🎈🥳.
Maging malakas po kayo ni tatay sa lahat ng oras khit wla kaming mgkakapatid sa tabi ninyo🙏🥰. Gabayan nawa kayo ng Panginoon at bigyan pa ng kalakasan ng katawan sa araw² para magabayan ninyo ni Tatay ang isat isa... Miss u and love u both❤️🥰🙏.
Daghang salamat Ate Merlie Galido Taotao🙏😍 sa mga pictures pasensya na Te kamo jud ang madali dali namo ug istorbo sa mga ing aning higayuna. Thank u so much Te 🙏🥰."
"1771810602","3838548008887197697","di man jud kaayo ko mo tuo anang mga readings sa imong star sign no, pero kita ko’g video sa black app ana didto nga pinaka dili daw swerte nga zodiac sign kay CAPRICORN 😂 maong mga hardworking ug they strive harder daw to achieve what they want 

and as capricorn, wala pajud ko ka try nadaog ug mga raffles - gahapon very rare na panghitabo kita kog 30 pesos sa dalan, 
from what I remember, last nako kitag kwarta kay 6y.o pako 100 pesos rapud to HAHAHAHA

char, I don’t believe in luck bitaw oy🤣"
"1771808701","3838532056204252073","#icecreamlotion grabe super humot og nindot kaayo sa imong lawas gamiton dili kamahayan"
"1771808575","3838531002940117462","Meta asa naman ang hustisya Ani, Dili na gyud ko ka income Ani every month😭😭😭
Sayang kaayo padugang dugang panunta to kumpra nako sa store
#hoping
#views
#sad
#realtalk 
#blogger"
"1771808350","3838529116392634515","Dali ra kaayo mag open pero lisud kaayo mag withdraw. PAG-IBIG should add more branches to cater loyalty card plus applicants if they mandate releasing of MP2 exclusive via card only. Grabe ka hassle mag apply for a loyalty card especially if you’re also a government worker who works mon-fri 6-6."
"1771808147","3838527410493589169","i isolated myself too long because I focused sa pagka mama most of the time. Karon dili nako kahibaw makig tabi sa ubang tao awkward kaayo makig social encounter. iykyk!!"
"1771807679","3838523485228812295","Why your so pogi 😊 Mayor Jason John Joyce bagay kaayo oh grabi samot ka gwapo ❤️🫶hahaha"
"1771805336","3838503827499293027","naa ko friend sa dump account nako nga gusto na kaayo nako i unfriend kay dili na ko ganahan sa iyang mga gina post 😭 annoying na jud kaayooo and dili na nako maihap ug pila na ka girls ang niagi sa iya then if wala na sila kay gina post niya sa dump ang mga negative comments niya sa girl"
"1771803491","3838488358654187571","""Kung naa gani tawo nga maayo kaayo sa imuha. Balusi pod og kaayo, 
kay talagsa ra jud ka karon kitag tawo nga tinuoray nimo bisag Dili mo kadugo.💯
𝓜𝓪𝓪𝔂𝓸𝓷𝓰 𝓪𝓭𝓵𝓪𝔀."
"1771802253","3838477974194912592","Mao Ng Dili naku ganahan mutan-aw ug mga Balita sa TV Kay grabe kaayo Ka bias 🙄
Mas gi feature pa Ang mama ni Kian Delos Santos seeking for justice sa iyang anak..Wala gabae 🤮 Maka ulaw kaau Ang Pilipinas 🤦"
"1771774446","3838244710946770267","sana makatagpo tayo ng lalaki sasamahan tayo sa zero days"
"1771803674","3838489887721542979","@klasnts , kung Dili lang ka pili.an daghan kaayo Sila mo sabay nimo saimong ZERO DAYS..

awa ng mga nag Comments..hehehe"
"1771802060","3838476349279406495","Worth it kaayo amoa support nimo lang...
Dili makambyohan amoa kalipay lang..
Proud me kaayo nimo...

Paningkamot lang maayo lang..
Kai naa rasab me dre nga maningkamot sab nga masuportahan ka...love kaayo kang ate bisag maldito ikaw...🤗🥰🤭😘

2nd runner up"
"1771801779","3838473993675006446","kung dili malate, sayo sad kaayo maka adtog skwelahan"
"1771800746","3838465325758746817","Maaslum na kabuntagon sa Lunes diha kaninyo! 🤤😁

Dili tungod sa kagrabe na trapik sa Hangar- Basak, kundi tungod aning nagbitay na mga mangga duol sa dalan.
Mao lagi ni basta trapik, daghan tang makit-an 😅

Sa kung kinsa man ang tag-iya aning punoan, palihug na kog pupo ani beh! 
Haturi na lang pud mi sa balay! 
Daghan mig asin didto! 
Please bitaw ni!! 😂

Makatulo laway kaayo ni.
Pwerte man gud trapika uy!!!"
"1771800206","3838460799149645459","ngano ni ilahang mga admin aid oi nga dili man professional mo text ug chat. jeje typings kaayo 🥲 like ga deal kay applicant unya ang tinextan kay mura rakag ga text og barkada huhu pagsure mo deha"
"1771796732","3838431658409221806","good morning guys🙂🙂

 mata nata kumbati nata basin naay klase ron basin walay suspension sayohan jud nakog mata kay laba sa kos akong uniform kay wa koy sooton unya huhuhuhu wa ko kalaba gahapon kay hastang tugnawa kumbati nasad kog baktas later para mo school, unta dili pani mo ulan😭😭😭

thank you guyses sa always pag supporta sa ako♥️♥️🙏 ang ginoo nay mo balos sa inyong kaayo nako

#hilightseveryonefollowers2025 
#follower2026 
#followersreels 
#follower"
"1771794843","3838415808284748444","Mao mao gyud ni sa akong kahimtang kong dili ko ma ngitag pamaage aron maka hugas kay daghan kaayo sugo"
"1771793998","3838408725490227011","Lisod pud ug di sila mo brown out maskin minuto lang? 😂Alams na🤔Dili modagko atoa baryunon ug Dili mangadaot atoa appliances.ayahay kaayo ta:⁠-"
"1771789681","3838372506181438489","Lf ka talk laay najud kaayo haha"
"1771811104","3838552220866023470","Walay occasion nag post lang ko kay gwapo ka dire AJ 🤧 

I miss you 🥺❤️"
"1771811081","3838552020396272599","Day 4:

All I can say is that walay pulos ang weekend. Dapat gina isolate nako akoang sarili every weekend unya kay gina view man niya akoang mydayyy, i-view sad nako iyaha. 

See you around later na shift nalang, wala nakoy mahimo. Mutago ko unya."
"1771810823","3838549861914854561","Hayuuuuup walay taoooooo!!!!!"
"1771810326","3838545692072341039","nakaafford magpa ayos ug balay pero wala jud nakapalit ug bagong panty

1 week na yata ko walay pantyhay ay ☹️"
"1771810267","3838545199786591731","Revenge hike puhon kay walay clearing
#Ugispeak"
"1771810170","3838544333277201837","Ka lami na lng jd sa nawong😊
Mura man ug walay problema si Ina Tay 
#highlights 
#everyoneシ゚viralシviralシfypシ゚viralシalシ 
#singlemomlife 
#InaTayLife"
"1771809957","3838542594939253913","Sa mga nangita lote walay ika down??gusto mag tukod dayon og balay nako mga area ma offer sa inyuha panabo, carmen, titled lot ni no down, straight monthly lng. e pm ko."
"1771809785","3838541152526616445","Inig magdebate ta sa election, walay personalan ha, Walay pikonay, Dili mang unfriend, dili pud mang block debate ra gud
#highlight ."
"1771810828","3838549864884703004","Magsayaw ko walay music ako lang mag music"
"1771810671","3838548564893712639","Kalouy sa nawong sa Walay Kwarta💸🙄😂
#everyoneシ゚ #buhaycontentcreator"
"1771810368","3838546040233241435","ARAT NA!
dima worry ug walay kuryente oie 😝
Pwedi ta sa lagyo guys J&T got you covered🫶
#Limited stocks ➡️ PRICE  P9550"
"1771809678","3838540255246519398","Walay budget kani lang sa😁😋"
"1771809522","3838538950039042950","“Kapoya ani oi, daghan pa kaayo proseso.. walay sayon ani?”

Sometimes the amount of work required to fulfill what God called us to do intimidates us. We realize it will cost time, comfort, and sacrifice, so we hesitate or stop before we begin."
"1771809173","3838536019411921406","Kanaa bang moadto kag mall kay feeling nimo daghan kag kwarta. Pero inig tan aw nimo sa presyo dayon kag kaluya 😅

Ay uli ta uli kay kuwang atong sape😅

Nagpojo pa lage ug na tog naka ginansya na untag? Unsa man be?

Haha tubag mga kwartahan  pero walay sape😅

#highlightseveryone"
"1771809014","3838534655146751546","Hahay bahalag Walay Earnings diri padayon gihapon ta🤭😚😊
#FBVIDEO #fbpost2026シ #reelsviralシfb"
"1771809004","3838534595747145129","Happy monday morning everyone, makalipay pud makakita ta sa atong sahud pagcge post maski panagsa nako magpost kay gilaay ko walay time magcge open facebook kay busy sa work, thank you so much boss M ug sa inyong lahat mga viewers lagi nagsupport kahit maliit ang sahud atleast mayrun, post nalang ta ani panagsa sensya namo diko ka engage kay saun work first man, thank you all🫶🥰❤️
#GoodMorningEveryone 
#appreciationpost"
"1771811529","3838555785320314388","Service Awardee 5 Years. Going 6th year this August 24, 2026
#ILoveUniversityOfMakati February 23, 2026 Pictorial at Museo ng Makati for March 27 Awards Night"
"1771811414","3838554818475089923","Wala na bang tropa sa makati?"
"1771811366","3838554390571825787","The 2 daughters.. 😅 Naglutog popcorn na dili kabalo🤗 

#reelsfbシ #fypreelsシ゚viralシ #fypシ゚ #followerseveryone #goodvibes #blogger #popcorn"
"1771811108","3838552249429744351","Don’t loose hope Pilipinas the earth is Round 🫶🏼🌏, Ma tul id paba kaha ning balaod dako2 njud damage ning Admin karon 🤣

kay dili naman mahadlok mangurakot harap harapan na.. when is the change is coming?? 🫶🏼🔥💀 di nani pwd mag sigeg agwanta 🏴‍☠️🌻🥵💸 kalas na kayg kwarta."
"1771811038","3838551659274693999","A 21 year old man armed with a shotgun and carrying a gas can was shot and killed by law enforcement early this morning at President Donald Trump’s resort in Palm Beach.

Trump spends a lot of weekends at Mara Lago but he was in DC at the time. Follow @newsnationnow for more details from Secret Service and FBI."
"1771810824","3838549868869333022","Please keep my sister in law Vickie in Prayer. She will have surgery Friday morning."
"1771810801","3838549671678717861","Salamat sa Ginoo sa Akong mga content, gamay ra gud kay di manta sikat,salamat sa inyong tanan nga naga subay bay nako sa inyong supporta,Ako lang ni pkita para ganahan sad mo motrabaho Dili lang NATO palabian Kay makadaot baya pod sa atong panlawas palabi sa Cellphone,Ang tip maghimondaan ug content Aron pagka ugma ,sunod ugma naa Kay ma post🫰🫰🫰"
"1771810668","3838548560740173726","Yall watch 13th on Netflix… watching Nixon and hearing him it’s crazy how much of what was going on the. Is repeating it’s self now. “We need complete war in America”. “We cant have progression if we don’t have law and order” it’s crazy how the peaceful protests still are seen as uncivil and unjust when it’s our first amendment right."
"1771810633","3838548264489207670","𝐓𝐇𝐈𝐒 𝐈𝐒 𝐅𝐎𝐑 𝐘𝐎𝐔 ❤️

If you’ve been praying for a sign… this might be it.

Ready to level up your income, purpose, and growth this 2026?

Join us for an exclusive Career Preview, a powerful session filled with clarity, real stories, and actionable insights on how you can build a meaningful career with Pru Life UK.

🎤 𝐆𝐮𝐞𝐬𝐭 𝐒𝐩𝐞𝐚𝐤𝐞𝐫: 𝐌𝐢𝐤𝐞𝐞 𝐑𝐞𝐲𝐞𝐬

📌 Limited slots only!
🗓️ February 23, 2026 | 7:00 PM
📍 SPACE, One Ayala, Makati City

#JoinPRU #PruLifeUK"
"1771811100","3838552161987464616","This week on #BeatKoBaraMo #BKBM 1/2 group member of Lunchbox Project  and long time friend Cinco hermanos day @sandokid Sonny Koufax.  Dropping his 16bars using the iconic shure sm59 microphone. Follow our official page https://www.facebook.com/share/18BMGLFFEW/
For updates tag or comment an Mc friend who you think who got it takes to be part of this.

Specail thanks to @teammanila check their physical store at Suez & Zapote Gallery 2631 Zapote cor Suez Street, Brgy. Sta. Cruz, Makati Cit"
"1771811085","3838552057054347430","95% of tasks aren’t worth the time they take ⏳

According to Parkinson’s Law, work expands to fill the time you give it. 📝
In corporate settings, many tasks could be done in a fraction of the time — but people drag them out, wasting energy and productivity 💼

Work smarter. Set limits. Get results. 🔥"
"1771810854","3838550103875882925","It’s just simply automotive law 😅 said noise only exists when the one who fixes it isn’t around 

kchilites @jedcogear michaelprotools @dovetailworkwear #car #sparkplug #hardknoxgarage"
"1771810627","3838548218889134358","First day in Manila checking out BGC and Makati! 🤪🍻

Cheers! 🇺🇸
Tagay! 🇵🇭

COWABUNGA! 😎🌎🍻"
"1771810597","3838547967842697026","Well, I finally did it. This week I dedicated my entire piece just to AI.

After reading that OpenAI knew about the Tumbler Ridge shooting but decided not to inform law enforcement I started to review everything I'd written about it in the last year.

Reader, it was a lot. So I put together a summary. 

The major players and the news on jobs, copyright, impacts to mental and physical health, the easy spread of mis- and disinformation, and how people are falling in love with chatbots."
"1771810496","3838547116105581705","lesson learned nga dili njud magpa utang og someone nga naa nay pattern for never paying on time. also never offering others og pa utang sad nya inig singil nimo sendan rakag screenshot without even a “thanks” or “ty” man lng. i don’t take for granted whatever i earn and i should also not share it with people who take it for granted."
"1771810492","3838547086711202081","BREAKING NEWS: Former Minnesota Gov. Jesse Ventura calls for the U.S. to pass a law requiring that when Congress votes to go to w-r, an immediate family member of each member of Congress must immediately be enlisted."
"1771781157","3838300999975679518","Sa mga taga-Makati, mag-ingat kayo sa taong ito. Nakakadisappoint na pine-promote pa ang pagiging SK at pagiging “batang simbahan,” pero taliwas naman sa ipinapakita na ugali. Estudyante pa ng LPU-Manila pero ganito ang asal. Kung gusto mong sumikat, ito na ang pagkakataon mo."
"1771810460","3838546815741965511","Resolve matters privately through his parish. Not in a public forum like Threads."
"1771810245","3838545009172379631","My sisters MAGA in laws came in to town. 

They’re talking about an accident they were in. The guy definitely hit them. Father in law explains their reasoning, which is based in photos, evidence and his training as chief of the fire department. 

It was so obvious. He could prove it. Didn’t get how you could dispute it. 

You know I said, “Denying facts when faced with so much concrete evidence. Imagine that.”

Everyone pretended to not hear it. Just call me the crazy lady at the dinner table!🤪"
"1771811419","3838554830940662279","🎥
Client all the way from Korea 🇰🇷

Product:
allegoryink 
@MOTattooneedle
skincandy1964 

What’s App:(+63) 9055003235. . 
KakaoTalk: inksidercebutattoo 
Follow us:https://www.instagram.com/inksidercebutattoo/ https://www.instagram.com/brian.bonzqured/

#tattoo #tourist #mactantattooartist #mactanisland #cebutattooartist @highlight"
"1771811310","3838553949206528958","Kaon sa diha maka buang raba daw ni dili mo kaon😄"
"1771811193","3838552964768303509","Katong mga ni kontra sa duterte ayaw namog pa atik2x🤪🤪🤪nasilip naman mo.nya kron magpa duterte napud mo kay wa kadaog inyong manok😜😜😜kaon tae tawag ana oi.🤣🤣"
"1771810816","3838549798832819783","MAMA 💋🫂🤟
(@thala__kavi__0143 )

#friendship #gana #newarrivals #instgram #instamood"
"1771810758","3838549289526775949","...💥☠️❤️‍🔥
.
.
.
.
.
.
.
.
.#reels #trendingreels #rowdysam🔥🗡️⚔️ #gana #attitude"
"1771810492","3838547082442128860","Nag luto ng inun_unan kay ga craving inun_unan. Sa dihang mo kaon na dili ganahan mo kaon giluod man nuan ko. Tungod sa hapdos ako ginhawaan way gana mo kaon.😔"
"1771809522","3838538947497269832","Paksiw na naman Guyz,ma high blood nako sege kaon ani huhuhu😃
#fblifestylechallenge"
"1771809454","3838538376702733668","Permi nalang magkaon mag inusara, way musabay dihag kaon? 😭"
"1771808434","3838529817680280802","Sauna di gyud ko mo kaon ug bulad pero krn nga mag 32 nko lamj na kaahk ang bulad. Hoysss hahahaha"
"1771806953","3838517393782701427","Giving you guys proof that just changing little things about ur diet & doing bare minimum activities can make a huge difference already. Comparing my APE results from last yr & this yr. I intentionally dont compute what I eat, I estimate. I focused on my relationship with food and change small things like our rice to black rice. More vegetables. 1/2 rice. Daming sidequests na di consistent😅, like gym, running, golf, hiking. Normal naman even last yr except sa OGTT hehe but grabe parin progress🤍"
"1771807605","3838522867131058115","When I say bare minimum activities as in, minimal walking lang, di ko binibilang steps. Minsan kung kelan may gana mag ggym. Mostly for fun ako nag eexercise, pag may nagaaya mag hiking ganun. I still eat sweets or chocolates and have a stash of snacks by my desk pag nag wowork.

Kaya di kailangan talaga sobrang strict at isiping wala ka ng kakainin. As long as you know your moderation, aware ka sa mga kinakain mo, and may variety parin, big step na yun.

Rooting for everyones healthy lifestyle✊🏻"
"1771811310","3838553949206528958","Kaon sa diha maka buang raba daw ni dili mo kaon😄"
"1771810801","3838549671678717861","Salamat sa Ginoo sa Akong mga content, gamay ra gud kay di manta sikat,salamat sa inyong tanan nga naga subay bay nako sa inyong supporta,Ako lang ni pkita para ganahan sad mo motrabaho Dili lang NATO palabian Kay makadaot baya pod sa atong panlawas palabi sa Cellphone,Ang tip maghimondaan ug content Aron pagka ugma ,sunod ugma naa Kay ma post🫰🫰🫰"
"1771810492","3838547082442128860","Nag luto ng inun_unan kay ga craving inun_unan. Sa dihang mo kaon na dili ganahan mo kaon giluod man nuan ko. Tungod sa hapdos ako ginhawaan way gana mo kaon.😔"
"1771802238","3838477846076170810","Ganahan rakayko mo rant diria sa mga  indirect post na maka assume ka na ikaw bisag dili HAHAHA dibaaach"
"1771796541","3838429978597942599","Ganahan mo mo  kaon ug Pina kupsan og bad oy?... Dia Ra.. #everyone #reelsvideoシ #highlight #trending #trendingpost #trendingnow"
"1771791119","3838384569998021898","dili na ni mo kaon naunsa gikan alas 12 padulong karun gabie way kaona padulong ugma kini kay mamatay nata ani"
"1771789234","3838368759141249295","Manifesting a love so pure and genuine, I want my man to love, respect and need me. Ganahan pud kog yearner, Lord tapos financially stable and please lang kanang emotionally mature to handle a relationship. Tas pwede kanang gwapo, 6ft tall, and with tattoos hehe. Pero kung dili nimo ihatag Lord, pwede kwarta nlng? Please kqnang daghan. Hehe"
"1771774759","3838247333931242110","As an HR, maikog gani kog dili maentertain dayon akong mga tao kay need ko nila. bahalag wala koy kaon, wala naka inom ug tubig basta matagad nako dayon akong mga tao because wala jud ka kibaw kung unsay nahitabo sa ilang daily life. Maski janitor, security guard or etc. naa pud nay problema and mas dako pa na sa inyo kay gamay nagsweldo kaysa ninyo. It doesn’t mean employer or higher position kas company maghinilas naka. Parihas ra mo tao. And ofc naa pud nay pagset ug boundaries ninyo."
"1771779081","3838283582566199934","Lesson learn. Dili jud diay pwede mag pakawala ug luto (Rice) Labina ug naa kay gamay nga bata.. kay naa jud time nga gutomonon, Parihas karon 12 midnight pa Naka mata ko niya kay sige panaghoy ug kaon kay Lage gigutom nya kay nahotdan man jud me ug luto so akong gibuhat lung-ag sa ko, nya Naka hunahuna ko nga naa'y ko'y salted Mao sa akong gipakaon sa bata para mo wala iyang kagutom... di jud baya lalim ang gutumon."
"1771776926","3838265485645699323","Ito po Ang gown nang bridal ganda nito sino gusto mag rent or mo palit Kay dili naku ganahan Makita Ani...pm sa gusto😊"
"1771764429","3838160676187657991","Shout out ko sa mga magdula diha ug ML 
Ug Dili Gani mo kabalo ayaw mo ug dula ug RANK😡Mao nang Dili Nako ganahan magdula ug rank bah Kai daghan kaayo toxic karon😂😂Makaguba mo sa akung record top global Nako ni baba na ug Philippines tungod sa mga makasabay sa game,solo player Rajud Maka relate Ani😂😂😂"
"1771759050","3838115552750493413","Dili unta ko mo kaon rice wholeday,gutom jud xa bisag ga kaon kaon ko"
"1771751253","3838050153014413745","GINAGMAY RAGUD, BASIN GANAHAN MO MOSABAY PAPALDO!💰💲

PISO BET RANA🤑
DIAY BAG-O NGA LINK‼️ 
KUSOG PA KAAU MO HATAG‼️ 
DILI NI PUGSANAY, OG GANAHAN MO MODUWA NAA ANG LINK SA COMMENT SECTION!"
"1771740473","3837959717948754789","Ing-ana gyud d i ang pang lantaw sa uban. Kong bati tag nawong dili gyud d i sila ganahan sa imoha or sayangan sa imoha. 
Perog hitsuraan ka gwapa or gwapo ka ganahan  ug sayangan sila sa imoha.

Bantog ra wala kaayo koy friends bati man good tag nawong pero dili lang ko mo ambak bisag bati kog nawong. Haha 😄"
"1771739874","3837954696804213615","Ug ganahan mo mogwapa mo pink2 ang nawng kaon mo ug kamatis 🍅"
"1771732368","3837891732609125362","Maayo kaayo ni  mo taas ka ana day mo taas gyud ka Jazryl Lapuz  taronga ng baba nimo mura nmn kag bato kina on nimo kay ana ka  huna2x a dili ka bakal lawas mo abut ra sad nimo mag sakit ka unya ingnon kag karma  ganahan baka imbis mo ingon kag onta maayo na tonglohon man noon nimo nagago naka 😡😡😡😡😡😡😡😡"
"1771811216","3838553153470715538","Jai Maa Kali 🌺🙏🌸🙏🙏🙏🙏🙏🙏🙏🌺🙏🌸🛕🛕🙏🙏"
"1771811464","3838555235497946915","Jai Mata di 🙏"
"1771761563","3838136635317408905","Jay Maa Durga 🔱🌹💐🌷👍💐❣️🐚🐅🌺🙏 Day sunday"
"1771811463","3838555230942966556","Jai mata di"
"1771774190","3838242538449450341","Jai Mata di🙏#instareels #viral #fbreels #india #jai Mata di"
"1771811449","3838555108318100795","Jai Mata Di 🕉️🕉️🌹🚩🚩🙏🏼🙏🏼🙏🏼🙏🏼🙏🏼🙏🏼🙏🏼"
"1771811386","3838554584257110021","Good morning everyone laxmi mata le sabeiko rakchya garun"
"1771811378","3838554519638226538","NAALALA MO PA BA ANG ATING UNANG PAGKIKITA KISLAP SATING MATA TUWING TAYOY MAGKALAPIT PWEDE BA TAYONG BUMALIK SA ATING UNANG HALIK"
"1763145345","3765858540183465405","Jai ganga maiya 🚩🙏
Har har mahadev 🙏🚩🌹"
"1771811302","3838553881526120166","Jai mata di 🙏🚩"
"1771811285","3838553735169882460","Yong ang lakas ng loob mag off shoulder ni wifey . 

Pero nung nasa  theater na Kami  nilamig ang beauty at siya na Ang may-ari ng blazer ko 😭.

Buti nalang may pa seductive performance ang #runwayrevolution .Nainitan ako kahit naka sleeveless tas si wifey Panay kurot sa likod ko - sabay sabi nag enjoy ka Ang mata mo mahal ko . Hahahahaha

Ikaw ba Naman naka stockings sila lahat in black nakaka dala , pala Ang ma stockings . Jusko po 🫣🫣

Grabe Ang init hahahahhahahaha"
"1771811227","3838553250198579493","Jia Mata Di"
"1771811214","3838553144343904058","Mao no ba ang di nku ganahan basta mu tukar akaong Rhinitis😔 mag maga dyud akoang mata😢"
"1771565940","3836495637039477174","#jay maa laxmi mata di 🌸🌸🪔🙏🙏"
"1771811133","3838552463725705292","Jai Laxmi Mata 🙏🙏🙏🙏"
"1771810347","3838545864423925181","Shri Lakshmi Mata"
"1771810165","3838544336196018714","Jai mata di ❤️"
"1771806375","3838512532156550901","#Jai mata di🙏🏻🙇🏻‍♀️🕉️🌸🚩"
"1771803675","3838489894239183844","Jai Mata Di"
"1771785141","3838334426649084960","Kapoy kaayo ning trentahin na ta unya wa pa tay uyab. pag naay muabot sa atong life ila-ila napud sugod na pud tas uno unsa iyang favorite color etc. exchange nalang dayon ug resumé para ma expedite"
"1771779081","3838283582566199934","Lesson learn. Dili jud diay pwede mag pakawala ug luto (Rice) Labina ug naa kay gamay nga bata.. kay naa jud time nga gutomonon, Parihas karon 12 midnight pa Naka mata ko niya kay sige panaghoy ug kaon kay Lage gigutom nya kay nahotdan man jud me ug luto so akong gibuhat lung-ag sa ko, nya Naka hunahuna ko nga naa'y ko'y salted Mao sa akong gipakaon sa bata para mo wala iyang kagutom... di jud baya lalim ang gutumon."
"1771772801","3838230874601399718","Nanghugas ko ganina , mao diay ni iyang gikabusy'han .. 
Nag.effort tawon ang bata ♥️🥹
Imbes kahilakon ko gipugngan nalang jud nako kay basin moapil pd ni cya'g hilak, haha langas raba pd kay nig mata bataa 🥹🙏"
"1771766767","3838180291118732000","Bantog ra Dili nako makita iyang IG Kay gi block diay ko nya tapos ana pa sya restricted iyang account don't me may tinago ka 😏 

Sabi mo restricted tapos Makita Pala sa Iba so ibig sabihin may tinago ka sa akin💔💔💔

So igo rako mata morning Ani at the end Wala Diay useless raman Akong pag love nmo if Dili nmo gi love sayang tana effort nako pag mahal ug pag alaga nmo tapos ingon Ani lang e block nalang ko sa uban total option raman ko nmo Dili ko nmo priority 💔💔💔💔💔💔"
"1771766136","3838175002504047381","Very sad really. Most DepEd teachers are still inherently feudal ang perspective. Maambunan minsan, todo ang utang na loob at pikit mata kahit mali na. Right naman nila na huwag pumasok kung walang pasok, takot lang, baka mapag-initan o di ma promote, o maassign sa malayo. Totoo din naman pero nangyayari iyon kc they do not stand on their rights. Nagrereklamo tungkol sa mga milagro ng school heads, supevisors, pati ng mga taga Div at Reg'l Office  pero patalikod lang kahit tama sila. +"
"1771766694","3838179676720292434","++++ DepEd teachers, meron kayong mga rights na ipinaglaban ng mga teachers' organizations na naisabatas. Nakikipag-usap at nakikipagtulungan ang mga teachers' unions sa management para maiangat amg kalagayan ninyo. Himdi basta basta ibibigay ng management ang mga kagustuhan ninyo kung di ninyo ipaglalaban. Iyang mga additional non-teaching items, matagal na naming hiningin iyan. Himdi si Sara ang nagbigay ng items.  Requested muna iyan thru proposals, dadaan ng budget hearing,& aprubahan ng DBM"
"1771811535","3838555831499052886","Good morning everyone have a great day salamat sa mga nag great"
"1771811438","3838555017427717085","nag hapdi parin ng mata bwisit."
"1771811386","3838554560029302871","Sano nag content sa Houston, Texas, U.S.A. 2026 

Chris M TV 
Chris ManatadTv 
Chris Manatad TV 
Sano TV 
Chris Manatad 
Manatad Chris 

FB Reel: Manatad Chris & Chris Manatad TV
YouTube: Chris Manatad TV
TikTok: @chrismanatad_tv
FB Page: Chris Manatad TV
Instagram: chrismanatadtv
Threads: @chrismanatadtv
Snapchat: Chris Manatad TV
Telegram: Chris Manatad TV👍🤗

#highlights2026everyone  #fypシ #fypviralシ #highlightsシ゚ #highlightseveryone #Seafarer 
#chrismanatad 
#chrismanatadtv"
"1771811378","3838554519638226538","NAALALA MO PA BA ANG ATING UNANG PAGKIKITA KISLAP SATING MATA TUWING TAYOY MAGKALAPIT PWEDE BA TAYONG BUMALIK SA ATING UNANG HALIK"
"1771811285","3838553735169882460","Yong ang lakas ng loob mag off shoulder ni wifey . 

Pero nung nasa  theater na Kami  nilamig ang beauty at siya na Ang may-ari ng blazer ko 😭.

Buti nalang may pa seductive performance ang #runwayrevolution .Nainitan ako kahit naka sleeveless tas si wifey Panay kurot sa likod ko - sabay sabi nag enjoy ka Ang mata mo mahal ko . Hahahahaha

Ikaw ba Naman naka stockings sila lahat in black nakaka dala , pala Ang ma stockings . Jusko po 🫣🫣

Grabe Ang init hahahahhahahaha"
"1771772277","3838226511124653444","Bakit lagi nya sinasabi ung ginawa nya sa davao? She's the VP now, bakit hindi nya i highlight ung mga ginawa nya as the current vp to prove that she has what it takes to be the president?"
"1771811270","3838553608108051822","Mga bulag lang kayo kaya di nyo nakikita. Remember ang ovp ay nag aantay lang kung bibigyan sila ng budget para sa mga proposed project nila. Nong 2024 ang 25 zero budget sya. Gayon pa man nakakatulong pa rin sya kahit papano. Wsla syang insertion kc du nman sya mambabatas. Tapos kung batikusin nyo sya kala nyo sa Ang magnanakaw. Walang nagtatanong sa inyo sa 100 billion na nawawala. Pilit nyong ikinakabit sa kanya yong 125 million na ok nman sa COA."
"1771811253","3838553466994647940","Narinig nyo na ba Yung kasabihang...

"" Ga-barko man Ang iyong problema, ga-dagat Naman ang Diyos para solusyunan yan""

Alam nyo ba na Hindi lang Yan Basta Basta kasabihan. Ito ay Isang malaking katotohanan. 

Ang pag-ibig Ng Diyos ay nag uumapaw, Ang awa at biyaya nya ay sapat para sating pangangailangan.

Manatili Tayong konektado sa Panginoon Hesus at walang bagay Ang impossible Basta Kasama sya 🙏."
"1771811068","3838551916402696813","Bagong umaga nag bibigay ng bagong usbong na pag-asa sa bawat isa kaya laban lang sa bawat paggising.

Katulad netong beans ko kahit di na naidiligan ng ilang araw tumubo parin.."
"1771811054","3838551762069030966","Nag review Ako sa CCTV ..d ko alm na tintawag Ako.. 
3:30 na Ng umaga... Yan, tulog na Ako.. 🥺 
Di ko din alm kung anung kailngan,Ng review din aq Ng chat peo Wala nmng chat.. , miss Muna ga Ang mama Steven Lee Bautista 🙂🥹 Kasi ...mas miss na kita🥹🥹🥹"
"1771731890","3837887722199572508","HUWAW! Pampa-beauty lang 500 Million pero sa Cebu na earthquake na 200 Million lang. 

Let our response be: Sana All

Ano kaya lasa ng suka? Masarap kasi 500M din yan."
"1771811324","3838554061847905269","Why ddshit is so DUMB? Like di ka nahihiya spitting nonsense eh makikita mo naman lahat ang sagot sa online like may utak ka ba? Murag wala man. Ang pagiging tanga dapat di inuugali yan."
"1771811142","3838552532049852811","Mo makan enak butuh uang. Mo liburan butuh uang. Sakit, mau ke dokter, juga butuh uang. 💸 💰 🤑  Tapi ingat, uang tidak bisa menyelamatkan kita. Kalau Tuhan kasih uang, first thing to do tanya: “Tuhan, uang ini mau dipakai untuk apa?” Hidup ini singkat—pakai uang untuk memuliakan Tuhan. 💛✨ Btw, siapa yang dulu suka maen game hayday?😅 😅 Ngumpulin ini itu ga habis2.. 😂 Hidup jangan kayak game hayday yah.. #biblecomics #CNY2026 #christianlife #prosperity #gongxifacai2026"
"1771810379","3838544487619202949","Lagi suka sama outer its fridey gemash banget petern di belakang dan depannya. Cocok di buat formal ataupun casual look . Nyaman di pake adem bahan kainnya.
Dulu belinya pas masih mahal sekrang bisa turun harga jauh banget yak 
Aku belinya disini
https://s.shopee.co.id/qeG4JIOMo"
"1771809369","3838537658805723100","I suka dengar ayat ni; 

'Just because it takes a longer time, doesn’t mean it won’t happen'

Kalau selama ni Tuhan dah taken care of all of our affairs, what makes you think He will miss this one? 

So reassuring 🤍"
"1771808608","3838531283371232096","Suka/Henry and River on their charging stations 🚉. Resting 😴 up for the week ahead.🐾🐾🐾💤💤💤"
"1771808414","3838529655310101123","Mo mudik bawa barang ribet dan susah? 🫣

Nahh solusinya, mudik mudah pake tas ransel ini guys, tasnya besar muat banyak 😁 
yg pasti model cakep, pas dikantong 🤭 gass CO jgn sampe kehabisan warna yg km suka!"
"1771808346","3838529082200208280","Selamat pagi gayss
Suka sampe suka mo ba a day in my life mar bocil kecil nimboleh lia dpe mai ba diri tripod langsung mo ambe 🤦🏻‍♀️🤣🤣 

#fypjangkauanluas #fotofyp #fbprofesional #algoritma #trend"
"1771807639","3838523146237070377","Tidak tau kapan mo selesai ini tugas mingguan ini eee 😭
Suka so monyerah🥺🥺"
"1771805216","3838502829347202463","Review singkat first impression drama ""Generation to Generation"" 💖

Udah kelar maraton 5 eps sekaligus. Sejauh ini aku suka sama alurnya cukup satset.. ini ceritanya lebih ke tentang dunia sekte gtu. Ya seperti biasa klo udah menyangkut tentang sekte berarti nama karakter tokohnya mayan bnyk jg.. jd klo km mau nonton hrs diinget dgn baik tu nama² ketua sekte a,b,c,d dsb lupa sedikit aja pasti langsung ngeblank nanti sama ceritanya 😂"
"1771810373","3838546087904403379","nah ini kak, ak tu team yg tunggu kelar dulu. tapi ga tau ini jadinya mo on going kali ya, soalnya udah penasaran duluan. aku suka zhou yiran sama bao shang en soalnya 😍 btw betul yg kakak bilang, aku kalo liat yg kolosal emang kadang ulangin bentar scenenya buat inget2 namanya biar ga ketuker 😅"
"1771681389","3837463607509251800","KAKAMPINKS: Ang hirap mo ipagtanggol Ate Shawie... 😅😅😅"
"1771810281","3838545311036515187","Kainin mo ang suka mo Sharon"
"1771809356","3838537553116505617","Support? Hindi ho support tawag don. Trabaho yon, ginagWa kasi nila trabaho nila
professionally kesa mangampanya agad e ang layo lato pa ng election hahahahahha si Sara nga inendorso si BBM hqhqhqhqhq"
"1771809657","3838540076150663896","Trabaho nilang mag bulag bulagan sa billions na corruption ni bbm? Habang kay sara nag aalburoto sila sa 125m na cleared ng coa? Ang galing naman ng trabaho nila.. Hays.. Di malinaw ang sagot mo.. Ang sabihin mo.. Kain suka kayo at wala kayong prinsipyo.. Yun matatanggap ko pa.. Isa pa wag niyo kaming sisihin kung lagi nalang kayong talo sa eleksyon.. Una yung kandidato niyo bobo.. Pangalawa bobo din kayo.. Bye."
"1771804952","3838500608009666577","Time passes and we may be apart,but cousins always stay close at heart..

P.s Murag first time nako nakapa picture kauban nila..
#cousins
#fatherside"
"1771804872","3838499939312281239","Carry na murag spy 🤣"
"1771803679","3838489932172570050","Good Morning ☀️ 

pag mo alboroto ta anha pa manglihok 🤗kanang layo tas anak usahay kay wala tay choice unya ma apektuhan gyod ilang behavior mao pag naa ko mabuang ko pa ilin ilin na dili masuko kay lagi gaka byaan nako dila murag etolerate nalang usahay sabton pero murag dili gyod maayo erason na mabayaan nato ihatag nalang ang tanan bisan dili na maayo ang batasan na nakat-onan.. laban inahan gyod ta ani 💪

Lisang gyod pag motukar akong pag ka dragon 🙏"
"1771803181","3838485752044916010","Meta pls ibalik na Akong 
Fb live. Murag raas ra and suspension"
"1771811069","3838551923222377980","Mga gwapa gamay nlng available.alagaan jud nato atong face protektahan sa init very nice partner ni sila trust me ky ako mismo numero unong user 🥰"
"1771810939","3838550796783204327","Happy Monday morning everyone. Relax after blessings Agus gamay houses.."
"1771810841","3838550011710438965","Gamay ra nalista kay dli makita kinsa ga share"
"1771810801","3838549671678717861","Salamat sa Ginoo sa Akong mga content, gamay ra gud kay di manta sikat,salamat sa inyong tanan nga naga subay bay nako sa inyong supporta,Ako lang ni pkita para ganahan sad mo motrabaho Dili lang NATO palabian Kay makadaot baya pod sa atong panlawas palabi sa Cellphone,Ang tip maghimondaan ug content Aron pagka ugma ,sunod ugma naa Kay ma post🫰🫰🫰"
"1771810624","3838548191037976020","Kanami ka yuhum sng akon Amay ba!
Thank you sister sa blessing nga Gina share mo sa aton ginikanan .love love gd kaayu !
Miski Gamay nga blessings ng lipay lipay Naya c tatay  love you tatay namon."
"1771810552","3838547589634459679","D najud buta ang pinoy? Gamay nalang mailad nila.. tan awa ang media mura nalang og comedy show, way lami, may pang mga bloggers ninyo mo balita ka2ohan pa.. grabing katawa sa mga reactions. D man namo ma angkon ang tinood nga hustisya sa among pinalangga nga #PresidentDuterte diri nalang me ni #SARAfor2028 #letsGo."
"1771810081","3838543635177578572","Nagpakita najud SI haring Araw ,.Maka UGA na Gamay Ang MGA nilabhan Ani 🤗♥️"
"1771809210","3838536326283674613","Makahunahuna ta sa una ug karon
Lisod sa una karon Kalma na 
Makatabang na gamay,sila sa unahon.
Nalipay Kay nabuhat na nga mutabang.
Nagpasalamat Kay maayu ang Ginoo.
E tugyan ko ang tanan sa taas,Kay kinsa raman ko ug wala ka sa akoa life Lord."
"1771808440","3838529830858389771","Gamay pero yayay ky dako man tag appraisal....

Happy yarn?  Salamat sa pagsalig

💰 Mamapalit kog GOLD scrap, resibo, o karematahon nga dili na gusto i-renew ✨

✔️ Dako tag appraisal
✔️ Sure buyer
🤝 Transact only sa kaila / trusted transactions only

📩 PM lang sa interesado."
"1771808898","3838533644554259987","Wheels ministry in Gamay
Episode #1 
#kafreddiechannel 
#Wheelsministry
#cummunitysupport 
#helpingothers"
"1771808455","3838529997229961617","Pahuway gamay✅
Tulog dako✅
Lihuk❎
'Basta kay matog ko"""
"1771808414","3838529653648764214","Snack ta,maayo Gani na binlan pa ug Gamay nga puto."
"1771673926","3837399774488912456","Ako lang ba nasa satisfied mag luto sa kawaling bakal kesa sa non stick?"
"1771808395","3838529493410165179","Ako din! Yung pritong isda mas gamay ko lutuin sa ganyang kawali"
"1771808016","3838526314774058421","Ang tigulang subong daw pariho na gid sang batang gamay.kung d napag bigyan sang gusto nxa ay abaw Hindi gid sxa😂"
"1771807990","3838526095041302501","Katong mga gipang laay DHA laban lang kung Gamay ra Ang mopansin sa Inyo Ari mo sa akong 🏠 Kay magtinabangay ta let's go and grow"
"1771807190","3838519382285389739","gamay nalang ako najd mag storya"
"1771806748","3838515677809027622","need na ta modagan gamay kay hangak naman mosaka lang sa hagdanan hahahaha"
"1742979746","3596697260467888000","Maka simhot lang gani kos ilimnon kasukao  nako!!

Ani dy basta hang over pa no?"
