"created_at","id","text"
"1771805019","3838501173108437570","I Beg of you to change the name of Usher syndrome please. like they changed corona virus to COVID 19 due to confusion with the brand."
"1771804996","3838500978249470064","I Beg of you to change the name of Usher syndrome please. like they changed corona virus to COVID 19 due to confusion with the brand."
"1771777886","3838273568287930837","Congress’ fate in 2027 was already on display at the AI Summit, their “protestors” weren’t heard, they were kicked out by the people.May be it is shape of things to come if the party continues to betray the national cause by blindly and senselessly opposing PM Narendra Modi."
"1771785939","3838340719379805400","Identify the person who kick out corona virus"
"1771780611","3838296390962784666","Aqui reportando,todo encuanto,a los virus que estan por todo lado por si aun usted esta a tiempo de prevenir posiblemente,sea corona virus por que pierces todo sabor y apetito"
"1771697366","3837598116078198169","It was planned.

एपस्टीन फाइल्स : 

बिल गेट्स का जेफरी एपस्टीन को भेजा गया ईमेल  हुआ  लीक, उसमें लिखा था:- 
""महामारी की तैयारी है""

""अगले स्टेप्स पर बात करते हैं, जैसे कि WHO और CDC को ऑफिशियली कैसे इस महामारी के प्लान में शामिल किया जाए। मुझे उम्मीद है कि हम यह कर पाएंगे!"""
"1771768368","3838193723629450956","Bill gates is GUILTY For the spreading CORONA VIRUS paid 65 million dollars to WHO to save his ASS HE is also selling you SYNTHETIC.MUTTON made from BLOOD OF CHILDREN'S D N A SOLD IN ALL AMERICAN OUTLETS IN INDIA 🇮🇳"
"1771759832","3838122115854133700","i think you’re just a retard"
"1771762159","3838141636296229397","So the reason is just because I stated facts? lmao!!!!

Calm down, it’s just facts. Relax!
Happy Corona Virus New Year 🎉"
"1771758305","3838109306995245776","And why should others stop calling it Chinese new year but because you adopted the festival from the Chinese? How would you feel it someone adopted an aspect of Vietnamese culture and then demanded that you stop calling it Vietnamese because they use it too?"
"1771760522","3838127905906299964","Cause it's a global holiday, obvi? You say like just the Chinese people celebrate it. Even the United Nations call it Lunar New Year, just Chinese people think it's theirs and try to make it theirs by adding their country's name. The second part, I think China is a country which wants to make everything theirs. They said kimchi theirs, everything theirs but corona virus"
"1771698644","3837608830872546703","Happy Chinese New Year from Taiwan🧧🇹🇼"
"1771757769","3838104809342403676","Lunar New Year and Chinese Corona Virus"
"1771757572","3838103159135561213","Whatever you said doesn’t harm me, but it can’t change the fact that Koreans like to steal other cultures and traditions. 

For example, they claim Confucius is Korean, chopsticks were invented by Koreans, and then there’s Chef David Chang in the US who applied for a ‘chili crunch’ trademark—only to face pushback from Chinese and Japanese communities…"
"1771757630","3838103643728456406","Monkeys with corona virus are spreading fake news"
"1771750499","3838043824665215494","Who Remembers"
"1771755926","3838089354707469937","Corona Virus fizzy phlegm"
"1771766040","3838174192517597818","I’m getting induced in a week and yall are TERRIFYING MEEE 😫😫😂 from the comments i know that wanting a c section is the right choice because WTFF"
"1771808617","3838531354053179534","The healing from acsection sucks though. Can’t laugh, can’t do nothing. Can’t cough."
"1771772109","3838225106896503644","Gary, Indiana checking in ✔️"
"1771808605","3838531255713842917","Cough cough! No thanks."
"1771808457","3838530013771631833","I have the social energy of a victorian child with a light cough."
"1771808299","3838528687801788931","I know one of my cousins got now that’s tv cough it up or I’m changing the Zeus password 😭😭😭😭😭‼️‼️‼️"
"1771808041","3838526519715538110","Lisa. Leslie. 

People have been saying players names wrong the whole season. (*cough cough* Lish *cough cough*)

You correcting yourself and making sure that everyone knows how to say Za's name properly is really important to me. 

I appreciate you."
"1771807830","3838524755280772500","Why is it that when you have a cold/cough you can’t taste food but take some cough medicine and the taste stays with you forever?"
"1771807445","3838521520599877174","I don't have the flu, my beloved heavenly friends, as I vibrate with you and heal you through the touch of God in the energy field.... as I keep talking, I have asthma, so I cough sometimes, I apologize."
"1771807372","3838520909489793156","My body is still tired, the cough is constant, and I spend most of my day in bed enduring the pain with patience and prayer..
 Please don't forget me in your prayers 🙏🏻❤️‍🩹https://gogetfunding.com/evacuation-to-safety-funds-for-the-odeh-family/"
"1771804116","3838493600074970014","Grieving. My Godfather lost his battle to cancer the morning of valentines day. An angel of a man. Soft spoken. Incredibly sincere. Always thought of other people. Knew how to make you feel heard and seen. Only 63 years. Its unfair. I am devastated and heartbroken. 

Still. 

I haven’t been in the same room as both my parents in 16 years. Can’t remember the last time I saw them smile together since the divorce. (Can you read my mom’s lips in the video? lol)"
"1771804114","3838493578793070799","I got to see my little Godbrother as a man now. My family all together again satisfied something deep in my soul. My Godfather would’ve loved that. Laughter. Memories. Prayer. More grief. Church. The smell of my moms collard greens filling the house. Soft snowfall out the window. More grief. Tears. The squeeze of a hand. A head on a shoulder. A hybrid strain named chicken and waffles. Thats So Raven. A dry cough. The sound of a fork on a plate. Different flavors of pain. And still more grief."
"1771685702","3837500266925603334","I’ve been to the doctor twice and do steam and Vicks daily."
"1771796807","3838432285197716142","Do you smoke? Around smoke?  Wet or dry cough? Seasonal allergies?"
"1771794262","3838410894171503522","Dry cough😢

Disclaimer: Results may vary. This herbal drink is not a substitute for medical advice. If cough continues or worsens, seek professional medical help.

#herbalmedicine
#drycough
#drycoughremedy"
"1771790153","3838376464732108186","My body has been through a lot lately. 3 days of stomach issue; diarrhea & vomiting. Now, it’s mild sinus pressure, dry cough, and missing someone. Can’t sleep!!! 🤧"
"1771786719","3838347665642120836","Hey hon, where are you?? (naliligaw k p din🤭)btw, I woke up late and fine yesterday.. almost missed the window time for my Filgrastim injection (3/7).. Last day for my cough suppressant today but still have dry cough😷..had my hair cut💇‍♀️(shortest in my entire life🫣😂)as part of our journey😉
21.02.2026
#maijourney#10:31☝️41:10☝️
📍🏠"
"1771780754","3838297619769326998","Fever, aches, dry cough, stuffed nose."
"1771779372","3838286027543409631","Okay Thriends!! Give me best home remedies for being stuffy with a dry cough!!! 😷"
"1771713513","3837733564616731538","Anyone else in LA been sick for 10 days with a cough?"
"1771767774","3838188735251668274","Could be dry cough"
"1771759547","3838119723053958782","Dry cough cold"
"1771729249","3837865556770929325","Best home remedy for dry cough and cold #ajwinseedsbenifits #coughremedy #homeremedy #coughsyrup #coughremedy"
"1771808651","3838531644366633904","Observing Drew Barrymore's birthday 🎂 and opening weekend of Spring Training baseball games ⚾️ by watching Fever Pitch."
"1771808265","3838528405499621305","Spent the day deep cleaning, caught up on all the laundry, finished this week’s school work, made cookies for the storm and chocolate chip bread for the morning. Ryker has had a fever all
day and both kids are already sleeping. 

Thankful I am able to work from home tomorrow. Stay safe and warm ❄️"
"1771808196","3838527814279357293","鉄塔に夕日🌅

#fever_colours 
#todo_aviation_ 
#boats_super_pics 
#be_one_colours 
#tv_colors 
jj_colorlove 
color_captures 
ww_colors 
addicted_to_colors 
raw_collage
gw_colours 
universal_prettycolors
fever_colours 
colorful_challenges
atlas_colours
world_bestcolours
lory_country 
just4dots
total_colors 
addicted_to_colors
todo_fulcolor 
bits_colors
atlas_colours 
blooming_colors
world_bestcolours
focus_bestcolors
focus_vehicles"
"1771808086","3838526881868696606","#brixxmediain
#wb_batch_23

#T20WorldCup #T20WC2026 #CricketWorldCup ICCWorldCup
Team Specific: TeamIndia BleedBlue PakCricket CricketAustralia ThreeLions
Viral/Reels: CricketReels CricketFever CricketMeriJaan MatchDay WinningMoment"
"1771698375","3837606580451923394","Being a real lover and missing intimacy/ affection while simultaneously going through an intentional season of singleness and solitude is a fight they don’t tell you about. It’s truly a struggle everyday."
"1771808026","3838526398365806437","I’m traveling through that now… and the bad part is I relocated to a state where none of my family or friends live so I’ve spent weeks alone feeling like I have cabin fever…"
"1771807747","3838524030613275888","Learning “Fever Dream” in less than 3 minutes…?

#alexwarren #newsong #feverdream #music #fyp"
"1771807686","3838523545803227004","My poor baby is sick with a fever again. 🤒"
"1771807506","3838522036231221677","40.2 fever? Kaya yan."
"1771783565","3838321196061085710","two years ago today, chappell roan covering katy perry’s ‘the one that got away’ during soundcheck in san diego, CA for the midwest princess tour 2024!

february 22nd, 2024 

via pinkponygirl"
"1771808057","3838526660141390753","2024 was 2 years ago 🫠
The last two years feel like a fever dream"
"1771807953","3838525784471517484","Life HAS to be a fever dream.. yeah? 😵‍💫"
"1771652209","3837219306237659452","Elder millennials, which movie messed you up the most as a kid? It can be a kids movie or a horror movie you saw too early, anything"
"1771807482","3838521836439493510","Fight club + fever = a bad time 
I couldn’t watch Ed Norton movies for years! And now I have a legit fear of being insane and not knowing it."
"1771541202","3836288111534547326","Asian girls just aren’t pretty. I’ve never seen a hot Asian girl in my life. I don’t care if a bunch of hot Asian ladies reply to this with pictures of themselves. I’ll NEVER be convinced. So don’t bother! Or I’ll be so mad! Grr! So angry! 😡👀"
"1771807432","3838521412353475401","Sorry to say i caught yellow fever livin in San Francisco, no cure!"
"1771807397","3838521120094008240","Let’s talk about the Spider-Man 2002 movie game, because this chaotic masterpiece still lives rent-free in my head.

​Let’s be real, before we got the god-tier, physically accurate swinging in Spider-Man 2, we had THIS absolute fever dream of a game, and it was glorious. 🕸️

​A few things we desperately need to acknowledge:"
"1771806964","3838517476560806499","Today was the last day of @emmasaluja Travel Ball career! Bittersweet moments, with an awesome Dub over Wallingford. I’m so proud by how you showed up, laced up, even though you were sick w/ a high fever 🤜🏽🤛🏽 #TrueWarrior #GoHill #TravelBasketball #OnToTheNextChapter rhtravelbasketball"
"1771805375","3838504161047117736","Pretty sure my son’s coming down with something.one day before I start chemo.Yay. 🙃🙃🙃🙃"
"1771806883","3838516808232337326","Wednesday is my final chemo and my daughter has a fever today 😩"
"1771806881","3838516789139870528","We had us a nice long weekend at the beach…. But here we are trying to get through Airport security , left my passport up front in the machine hear a man yelling my full name through the quiet destin airport
Gets to be the “ Random” who gets cloth checked for explosives. 
Aces bags lit the whole place up  bc he had a bottle full of slime. Now my Face is burning up feeling like I gave a fever. 😭

God get us HOME Safe! I want to be in my own bed."
"1771764291","3838159519423694703","How does silver not rhyme with fever?"
"1771806642","3838514787894472937","Because the word is ‘fever’ and not ‘filver’."
"1771791282","3838385940788210019","Kia howa apko"
"1771806498","3838513579616409637","Fever 🤒 🤧"
"1771807705","3838523705446796560","Apple jelly soft chewy yummy👇
Ingredients:
250 g  apple puree
75 mlapple cider
6 gpectin
35 gsugar
290 g sugar
60 g glucose
Sugar for coating

Instructions
 mix pectin and 35 grams of sugar.

heat apple puree and cider to a temperature of 40c degrees.

Add the pectin mixture gradually, while constant whisking

Bring the mixture to a boil and add the rest of the sugar, glucose and a little lemon juice.

cook the mixture over medium-high heat until it reaches a temperature of 105.5c degrees."
"1771795481","3838421157146734114","I'm a single mother and a jewelry designer. California always has such a great eye; I wonder what the weather is like where you are?"
"1771804994","3838500966858190842","Here's the weather for California, USA on Monday, February 23, 2026:

Sky Conditions: Mostly Cloudy

Temperature: High 18°C, Low 6°C

Chance of Precipitation: 10% both day and night (rain)

Wind: Southwest, 4 mph

Humidity & UV: 57% humidity, UV Index 1

Overly cloudy weather is expected. Certain cities in California are also expected to experience this."
"1771803071","3838484834868351155","16! Ack."
"1771804047","3838493021714003319","😂 That's today's high temperature! 🧊🥶"
"1771803259","3838486407179137878","Incandescence

Incandescence is the emission of light (visible electromagnetic radiation) from a hot body due to its high temperature. It occurs when thermal energy causes atoms to vibrate and release photons, with hotter objects appearing red, then orange, yellow, and finally white. 

Lava flows are rivers of incandescent of molten rock or lava moving downslope or away from an eruption vent."
"1771797016","3838434041410965477","If your home feels off, check these 3 things first:
Lighting temperature.
Rug size.
Art scale. (is anything too small or hung too high)"
"1771794651","3838414196698607500","SourdoughTrheadFriends is this sourdough overproofed or underproofed? First try, ima eat it anyway 🤷🏻‍♀️🥖😂"
"1771795732","3838423271880915821","Is it baked long enough? They need high temperature, at least 220 degrees C, and 45 minutes."
"1771793446","3838404070357484945","SILKY Deepwave Extension (Fibre) #styleinspiration 

PRICE: 50gh a pack

 LENGTH: 24 Inches 

150grams

1-2 packs recommended for boho braids 

4-6 packs recommended for pick and drop, braids, etc

Hair is high temperature fibre 

Maintain by applying water, hair mousse and hair oil. 

DM/WhatsApp 0509385109 to order"
"1771793294","3838402800019878838","SILKY Deepwave Extension (Fibre) 

PRICE: 50gh a pack 

 LENGTH: 24 Inches 

150grams

1-2 packs recommended for boho braids 

4-6 packs recommended for pick and drop, braids, etc

Hair is high temperature fibre 

Maintain by applying water, hair mousse and hair oil. 

DM/WhatsApp 0509385109 to order"
"1771804732","3838498765267669435","Good morning💫

Ready to grind after severe back pain, sore throat and mild fever💪

Thank you Lord, siguro pinagpahinga mo lang ako kahapon🙏

#feelinggood"
"1771759696","3838120976068646320","A smell from your childhood you have never forgotten? 😃"
"1771804664","3838498191847222997","TCP Antiseptic. I remember being given it to gargle with when I had a sore throat. Honestly the sore throat was much more enjoyable than the smell and taste of that horrid concoction"
"1771780397","3838294630915403077","5 random facts"
"1771803719","3838490266885987878","i have a cat
i have had a sore throat for the past 5 days
i like chocolate over gummies
my life is joy and whimsey
my parents are awesomesauce"
"1771803496","3838488394960416382","5mg too much for me on ramadhan. I cant eat sahur and eat very little during iftar. Im changing back to 2.5mg next week. Also got sore throat might cause by dehydration."
"1771801618","3838472639678394932","Ong please somebody my allergies is so messed up my nose won’t stop running my eyes is literally running throat itching so bad in it’s starting to feel like I’m getting a sore throat what can I take 😭"
"1771800124","3838460113892156843","Sore throat remedies?🥺"
"1771799595","3838455671336307426","Sore throat but still feeling blessed! God is good all the time. Love God, love people. Blessed & Highly Favored"
"1771798551","3838446916363785550","What’s the first thing you do when you have a sore throat? Trying to see something 👀"
"1771798137","3838443428154336819","Istg, talking feels like such a chore for me and on top of that, I'd get a sore throat from trying to force words out of my mouth when everyone around me talks normally💀😭

#stutteringproblems #nevermind #hardtotalk
#speechissues"
"1771797944","3838441820200788604","A few days tok rasa on off demam, gastrik ngn sore throat 🥹"
"1771803863","3838491473587566515","great way to remember the 3 main clinical manifestations of Aortic Stenosis…
Aortic Stenosis makes you SAD
syncope, angina, dyspnea 

#aorticstenosis #cardiac #cardiology #nursing #nursingtips #nclex #nclexprep #nclextips"
"1771797611","3838438979423863783","Daily Pearl:

Inducible Laryngeal Obstruction (ILO), also known as Vocal Cord Dysfunction (VCD) or Paradoxical Vocal Fold Motion (PVFM), is a functional disorder characterized by the involuntary, paradoxical adduction (closing) of the vocal cords during inspiration, leading to acute upper airway obstruction. 

It is a key mimic of asthma and anaphylaxis, often presenting with acute dyspnea, chest tightness, and inspiratory stridor."
"1771781832","3838306663124220972","Acute Dyspnea + Crackles

Before furosemide, ask:
• BP?
• JVP?
• Cold or warm extremities?

Hypertensive pulmonary edema ≠ volume overload.
It’s redistribution. Treat the pressure.

Complete Cardiology Explained PDF available"
"1771692535","3837557588288359259","A 28-year-old woman presents with syncope during exercise. ECG shows deep T-wave inversions in V4–V6. Echo shows asymmetric septal hypertrophy (septum 22 mm). Which mechanism most directly explains her syncope?

A. Fixed LVOT obstruction
B. Dynamic LVOT obstruction due to systolic anterior motion
C. Ventricular septal rupture
D. Aortic regurgitation
E. Mitral stenosis"
"1771759150","3838116391719334007","B correct 
HCM → asymmetric septal hypertrophy.
During exercise ↓ preload → septum + anterior mitral leaflet move together → dynamic LVOT obstruction → ↓ cardiac output → syncope.

Others wrong:

A Fixed obstruction – HCM is dynamic 

C Septal rupture – post-MI 

D Aortic regurgitation – volume overload 

E Mitral stenosis – dyspnea/AF, not this picture"
"1771734557","3837910080465488784","Broooo please stopppp 😵

Laughing so hard you can’t breathe happens because your body forces out rapid, repeated bursts of air, which can briefly limit how much oxygen you’re taking in. This temporary shortness of breath is sometimes called functional dyspnea. During intense laughter, lung volume can drop, airways may tighten slightly, and it can even lead to coughing, wheezing, or in rare situations, feeling lightheaded or close to fainting — a reaction known as laughter-induced syncope."
"1771693257","3837563584440688261","Case Record of the Massachusetts General Hospital (@massgeneral): A 91-year-old man was admitted to the hospital with weight loss, dyspnea, and eosinophilia. An anteroposterior chest radiograph obtained 2 months earlier showed bibasilar patchy opacities. A diagnosis was made. Full case details: https://nej.md/463iKqj"
"1771613916","3836898083427562476","Dyspnea。"
"1771583201","3836640426451297510","A 63-year-old man with prior anterior MI presents with worsening dyspnea. Echo shows LVEF 30%. ECG shows sinus rhythm, QRS 168 ms with LBBB morphology. Despite optimal GDMT, he remains NYHA III. Which intervention provides mortality benefit primarily by reducing dyssynchrony?

A. ICD implantation alone
B. Cardiac resynchronization therapy with defibrillator (CRT-D)
C. Ivabradine
D. Verapamil
E. Intra-aortic balloon pump"
"1771557631","3836425912589531917","This is way too accurate &
Laughing so hard you can’t breathe happens because your body forces out rapid, repeated bursts of air, which can briefly limit how much oxygen you’re taking in. This temporary shortness of breath is sometimes called functional dyspnea. During intense laughter, lung volume can drop, airways may tighten slightly, and it can even lead to coughing, wheezing, or in rare situations, feeling lightheaded or close to fainting — a reaction known as laughter-induced syncope."
"1771516005","3836076749742002452","Offload then tca outpatient echo 😂"
"1771516060","3836077212717658258","Actually dia dah dpt tca echo tapi bulan may nanti. Makciknya dyspnea teruk😂"
"1771808019","3838526333648244610","Near the end of difficulty, often we are the closest to giving up. Please take a deep breath and know that you can do this.🙏🏼
#keepgoing"
"1771805222","3838502819171176029","It comes after a teenager was admitted to hospital in Hull with chest pain and difficulty breathing"
"1771797579","3838438754877069935","Today my heart is with Mexico.

In moments of uncertainty and difficulty, we turn to prayer. I’m praying for protection over every family, strength for every leader making decisions, and peace in every home.

May God bring calm where there is fear, clarity where there is confusion, and unity where there is division.

Mexico is resilient. Mexico is strong. And Mexico is deeply loved.

#PrayersForMexico #FuerzaMéxico 🇲🇽"
"1771781029","3838299930612560210","Desabafar não reduz a raiva, mas outra coisa sim...

Highlights
•
Of all the negative emotions, anger is the one people have the most difficulty regulating.
•
Activities that decrease arousal (e.g., breathing, meditating, yoga) decrease anger.
•
Popular wisdom suggests that venting reduces anger and aggression, but it does not.
•
Going for a run is good for your heart, but it is not good for managing anger.

https://www.sciencedirect.com/science/article/pii/S0272735824000357?via%3Dihub"
"1771775527","3838253777188205311","Has anyone heard of this new medicine
Phukmegood? If you're having no issues at all but you just want little edge get phukmegood give ya little extra boost! Side are but limited to rosey cheeks, hives, numbness in your extremities, difficulty breathing, bleeding from your eye's and ass and death. Get some phukmegood if everything going well but you just want a little boost!"
"1771774502","3838245181246778670","Sunday Flowing 💛✨

As you swipe ——> the degree of difficulty increases. 

Slow ✔️ Controlled ✔️ Focused 💯 

SAVE IT + TRY IT. 

📲 Formè Upcoming!! This Week IS 🔥🔥🔥

Mon : Feel It ALL ~ Springboard / Tower Flow
Thu : Formè & Flow ~ Advanced Reformer Flow
Sat : Spicy Strength ~ Intermediate EXPRESS Flow

🔗Link in bio for your FREE 7-day Trial xxx"
"1771750447","3838043371218737436","Hello friends, is there anyone who can help take Greya to the clinic? Suddenly Greya is having difficulty breathing 🥺🙏
If you are willing to help Greya, donations can be sent via PayPal which is in the bio thank you 🙏"
"1771747991","3838022768050924276","🐶 🦷 DOG MOUTH CANCER 
⚠️ Know the Warning Signs

🚨 Watch for These Symptoms:

🔴 Lumps or Bumps
Swelling on gums, tongue, or jaw

🩸 Bleeding & Drooling
Blood-tinged saliva or excessive drooling

😷 Persistent Bad Breath
Strong foul odor

🍖 Difficulty Eating
Chewing on one side, dropping food

🦷 Loose Teeth
Or wounds that don’t heal

😟 Facial Swelling
Swelling below the eye or on the face
#dogcancer #cáncer #dogsign #reels #explore"
"1771747174","3838015932082678099","Benefits of Alrgydoc (10 main benefits in Hindi)
Alrgydoc helps reduce allergy problem.
Controls repeated sneezing and nose flowing.
Relieves sore throat and burning.
Helps with skin allergies and itching.
Helps strengthen the body's immunity.
Beneficial in dust, smoke and climate change allergies.
Sinus related pain gives relief.
Helpful in reducing the difficulty of breathing.
Useful for both children and adults (as advised by the doctor).
Regular use helps reduce allergies repetition."
"1771697885","3837602453701568459","⚠️ RSV and Influenza cases are rising in Kerala. These viral infections can lead to serious complications like pneumonia, breathing difficulty, and worsening of existing health conditions. Early diagnosis and proper treatment are essential. Don’t ignore persistent fever, cough, or breathlessness. Stay safe and seek medical care when needed."
"1771808736","3838532349420823261","Well I hope everyone had a great day today ☺️

Hope your heads don't feel too heavy in the morning 😂. 

I'm grateful for another beautiful day with my family and to know I won't wake up with a terrible headache 😜. 

Nighty night 🌌"
"1771667833","3837350369949888768","What Lunar New Year really looks like😂:

New Year’s Eve:
Stuffing myself with reunion dinner until I feel like throwing up.

Day 1: Gossiping with family until I get a serious headache.

Day 2: Sleeping in (strictly no alarm) and waking up with a headache (again)

Day 3: Scrolling on my phone until my thumb starts twitching.

Day 4: Playing mahjong until my shoulders are sore.

Day 5: My whole body feels terrible… might as well go back to work. (Certified corporate slave 🪪✨)"
"1771808673","3838531827380986073","Happy New Year! It sounds like you had a fulfilling break. But what was with the headache while chatting with family? Did you stay up too late? I can definitely relate to the stuffing part, but I also ate way too many snacks... I'm starting to feel a bit guilty now!"
"1771808648","3838531615224578132","@zohrankmamdani @nycmayor u did not have to be so loud just and give me a headache. 🤕"
"1771808604","3838531244657333950","I got a mean headache."
"1771808582","3838531059361754226","After escaping specs for 20 years (cuz contact lens)… when you hit 40, specs say hello again. 

See far headache, see near headache.
Wear contact lens headache; and pocket also ache.

Damnit."
"1771808334","3838528981210192971","Wheww where this headache come from!!!😩"
"1771808321","3838528863216245447","Cause It’s The Last Sunday Of The Month & The Last Week Of Black History Month ✊🏾
I Know I’m About To Have A Headache 🤕 But I Had To Have Them 🤷🏾‍♀️"
"1771808235","3838528147969406041","Have a killer headache and then asked myself how much water I’ve drank this weekend. 

Oops. That explains things."
"1771807965","3838525883591277526","Late to the party, but I just found out Sparkling Ice Black Cherry and I'm addicted to it. It’s the perfect middle ground between sparkling water and zero-sugar drink. It has that crisp carbonation bite and the sweetener doesn't give me a headache.

Highly recommend!"
"1771807870","3838525088140726400","On my way home, stopped and took a few shots with my X-T30 III. Still getting used to the switch from Sony but it’s so much less of a headache when you don’t have to edit."
"1771790417","3838378681455333322","SLE Myalgia is a no joke BUT! I am able to walk slowly again. Cumanya sometimes masih perlukan tongkat, my walker or my wheelchair"
"1771697806","3837601809062243862","I'll say this to you Sweetheart, yer a fine Irish warrior, you pick yerself up every day for your kids, no matter what's happening with you. I totally and utterly respect you Natalia. Yer some wummin as they say. 🏴󠁧󠁢󠁳󠁣󠁴󠁿🇵🇸🏴󠁧󠁢󠁳󠁣󠁴󠁿🇵🇸🏴󠁧󠁢󠁳󠁣󠁴󠁿🇵🇸"
"1771698150","3837604691186673161","Natalia, I'm a sixty five year auld man, there is no agenda here with me. I have a daughter and a granddaughter. I've seen life and lived life. I know Warriors, my ex wife is a warrior she fights Lupus, Fynbto Myalgia, and every form of arthritis there is. And she needs two knees. Do I know. 🏴󠁧󠁢󠁳󠁣󠁴󠁿🇵🇸🏴󠁧󠁢󠁳󠁣󠁴󠁿🇵🇸🏴󠁧󠁢󠁳󠁣󠁴󠁿🇵🇸"
"1771156056","3833057276962373020","Duduk lama = Investasi nyeri di masa tua? ​Jangan remehkan nyeri bokong yang menjalar ke kaki. Itu namanya Piriformis Syndrome. Cek gerakan simpel di video ini buat ""jinakin"" otot yang kaku! ​Tag temen kamu yang kerjanya duduk terus seharian! ​ #PiriformisSyndrome #SakitBokong #NyeriPinggang #SarafKejepit #kesehatantulangbelakang"
"1771678553","3837440299040224291","Dok kalo otot betis sakit buat jalan , lama lama sampe paha dan bokong tapi sebelah kiri saja, itu myalgia atau piriformis syndrom 
apa karena kita jalan jauh menggunakan higheels yg lama naik tangga yg tinggi atau gym/berenang gak pemanasan
Suda 3 minggu sakit belum sembuh"
"1771666355","3837337974221134315","Ya Allah Myalgia/pegal kambuh lagi
‎Buat tidur di udara dinginpun tak membantu 
‎
‎Sepertinya...
‎
‎iftar nanti hajar pake kopi selepas tuh minum obat flu dan batuk aja,  kan biasanya saya begitu juga sih 😋
‎"
"1771251262","3833855920746038608","Myalgia..."
"1771146411","3832976345979381264","PO KOREA🇰🇷

Patch yang dgunakan untuk Myalgia/nyeri otot dan nyeri sendi, sakit punggung serta keseleo"
"1771138556","3832910468487383008","Malaise and myalgia!!! Check it out …..

#breastimplantillness"
"1771697951","3837603020133206521","Rejuvenation therapy AVAILABLE FOR FIRST TIME IN WARANGAL 
IV INFUSION COCKTAILS , WITH ANTIOXIDANTS , ANTI  AGING , SKIN BRIGHTENING , VITAMIN DEFICIENCIES , NEUROPROTECTIVE , POST VIRAL MYALGIAS &  MULTIPLE BENEFITS AVAILABLE AT YOUR MEGHANA MULTISPECIALITY HOSPITAL 
FOR MORE INFORMATION CONTACT - 97 108 108 37/86

#rejuvenate #ivcocktail #gluthatione #glutathionedrip #rejuvenation"
"1771506437","3835996485117079363","Benefits of vajrasana:-
• Promotes digestion- no matter how heavy your meal was
•  Supports weight loss
• Cures sciatica, varicose veins, myalgia
• Relieves bloating, constipation and has
• Controls diarrhea 
• Calms pain due to fissure and piles
• Relaxes the body
• Calm the mind 
.
#yogaphilosophy 
#vajrasana 
#benefit 
#yogalife 
#yogaforstrength"
"1771362209","3834786616778517095","What’s it called when you don’t feel depressed, but all you wanna do is be in your bed?!?￼"
"1771428150","3835339765248549313","Pajama myalgia."
"1771312245","3834367488050851188","Rasa mcm dengue pun ada. Low grade fever n myalgia. Tp xde headache so xtau la. If so ni 3rd time ni..kena banyak minum air…"
"1770989502","3831660117985800313","Rare. Severe. Often forgotten.

Muscle pain.
Crippling fatigue.
An immune system in chaos.

Eosinophilia–Myalgia Syndrome may be uncommon but every story deserves to be heard.

Rare doesn’t mean unheard.

If you live with EMS — or treat it — Share  your own “Google Review” with us.
#EosinophiliaMyalgiaSyndrome #RareSyndrome #ImmuneDisorder #RareDiseaseAwareness"
"1770989330","3831658673341615143","He asked ""Did you water the plants today?"" 

I replied in gratitude ""الله watered them as I nap through the day calming the cramps and myalgia"""
"1770892758","3830848574486367821","Restless AF in pain tonight bad for some reason aka Fibromyalgia/Myalgia.. 🫸🏼🩻🫷🏼"
"1770800917","3830078154812488737","Honestly, I do two toe warmers because Frank taught me that he wanted to and his crocs one of the toes, one of the heel what a genius my boy is
And so I use warmers when I drive because I have a five of myalgia so I have to have cold and heat and I just love those. It’s itty-bitty. You can put them everywhere. I just had surgery in my spine so I warm my body up.
￼#armymom #autismmom #sharertheknow"
"1771806456","3838513228410652879","What is one thing that no one told you about when becoming a mother?"
"1771807135","3838518925591652662","All the body pain due to breastfeeding..pretty sure because of the way I'm laying while breastfeed my baby 😣"
"1771804102","3838493484236175163","Feels like a change in the barometric atmospheric pressure right now my body isn’t a fan - but I’m feel sad for my friends up north.  I’ll deal with the headache and body pain"
"1771802827","3838482787477888633","some dude really traumatized me, it even triggered body pain and kidney pain just by seeing him in a dream. What a demon. Lord protect and heal me."
"1771793573","3838405131533743346","Day 3 of seasonal flu… headache, body pain, 102 fever — and still mommy mode is ON. 🤒💔

Motherhood doesn’t pause for sickness.
Even when your body is weak, your love shows up strong.
No sick days. No clocking out.
Just a mama running on fever, faith, and unconditional love. ❤️✨

Strong? Maybe.
Tired? Definitely.
But still showing up… always. ❤️‍🩹✨💕

#momlife #sickmama #motherhoodunfiltered #reallife #strongmoms"
"1771785363","3838336284482513719","Conversation i just had (not a dig, just amused):

Person as I slowly walk up to them : oh, no, does your back hurt?

I amost just say yes, because its easier, but instead I said heart issues because thats really why I'm moving so slow. Yes, full body pain, headach and nausea but thats just everyday. 

Person: oh, you haven't recovered? Is it still from the Long Covid

Me: Well, looking at studies,  its looking more likely to kill me than my recovering from it, so yeah no. 💕"
"1771779208","3838284648473166407","Acu-approved and thumbs up 👍

She’s been coming in for biweekly sessions since last spring as part of her self-care routine. We’ve been working on muscle tension and occasional low back pain that radiates down to her right calf. 

With consistent treatments, acupuncture is a great holistic approach to help keep body pain in check and under control.
.
.
.
.
.
.
#holistic #acupuncture #lowbackpain #pain #traditionalchinesemedicine"
"1771777984","3838274383659960655","We offer traditional Chinese  Reflexmassage that contributes wellness and relief for your body pain and improves  your blood circulation..
We do have separate  shop or spa for men and women.
Man to man and women to women only.

Our Business Hours:

11:00 AM - 1:00 AM

Last booking slot: 10:00PM-12:00AM

Please let us know your convenient availability, We will check and book accordingly.

For booking,  please call:
📲 +971585650488
☎️ +97165656986"
"1771765222","3838167330770054758","I’ve been a doctor for 25 years, a surgeon for 20 of them

I can’t sleep tonight, so for this week’s insomnia-driven MedThreads post, let me answer some common questions I get about things that happen in the operating room that patients don’t always see

Hoping numbers 4 and 5 especially allay some anxiety 

↓"
"1771798194","3838443920968272628","I have fibromyalgia. I've had surgery twice, gallbladder removal and microvascular decompression surgery for trigeminal neuralgia. My gallbladder surgery was an emergency so I didn't talk to the surgeon before, but after I woke up my whole body hurt like hell for weeks. 
With my MVD my neurosurgeon knew so he used pillows to help with positioning during surgery. Woke up with no body pain (except my head lol). It was great. Definitely recommend telling your surgeon about all your medical issues!"
"1771788160","3838359747703272607","O no KY ho va g AP ki tabiyat ko g"
"1771788324","3838361121716385412","Fever head pain body pain 🤒🤒🤒"
"1771644735","3837156615712019164","Getting an epidural is no easy task either. You have to sit still for basically an I.V to your spine while still having contractions and sweating. And when you get through it, better pray that it’s still working during delivery!"
"1771786014","3838341751085543239","Fun facts with an epidural:
1. If it is too effective, they will shut of off and not tell you. You’ll go from having mild contractions to feeling full force labor. 
2. Sometimes it will only take on one side of your body. Pain free on one side, feel EVERYTHING on the other. 
3. Your BP can bottom out. You feel like you can’t breathe and your body is boiling. The room sounds stuffy and panic that you can’t react to sets in."
"1771775698","3838255213963364020","grabeng body pain to pang trentahin na"
"1771773918","3838240263584201644","Red flags of body pain✊💯
.....
.....
.....
.....
.....
#physiotherapists #bodypain #heathcare #heathtips #viralreels"
"1771767732","3838188385312379720","body pain from last night hangout 🥺"
"1771763300","3838151208947935885","Lala ng body pain"
"1771757602","3838103411666252042","Neurodivergent people, do you get headaches  and body pain from hyperfixation but think hyperfixating was the only way to flow state? 

Well that was me. But recently I’m experimenting with 1-2 long walks during the day while dictating what I usually write on a laptop or listening to what I usually read. Still need some laptop work later but making work happen alongside movement has been life-changing. 

What hacks / routines do you have that fits your neurodivergent needs?"
"1771746298","3838008550627293711","Body pain, muscle stress, and health lifestyle problems? Consult Dr. Rajpurohit in Agra. The therapy session starts with unit 1 and 2 at the clinic. For more information, please contact me. 🌟💆‍♀️👍💫😊

#Dr_Rajpurohit_agra 
Sugana Foundation-Meghlasiya"
"1771808250","3838528278781264781","am I sick with body aches or am I an athlete I don’t know"
"1771807933","3838525614576202818","Mag stayed at 1.7!! I think the not drinking anything 1/2 before or after a meal is helping!! Still have body aches but that could be from something else. Yay, I’ll take it!!"
"1771807428","3838521381441448265","Well, at first I thought it was the changing weather that had me coughing with a headache.

But now I have body aches and I’m pretty sure I have the flu. 

Because that’s what I needed with a lung drain."
"1771805635","3838506337286973874","Hi, update on my Friends hubby. He is home & improving. Thank you all for the Healing Prayers and Healing Energy.
 I am not doing too good. Tons of chills for about 5 hours today & complete body aches. Heating blanket didn't help. Sent Dr an email about it.
 I hope anyone in the path of the East coast blizzard stays safe"
"1771804541","3838497161130907891","So over this cough and body aches!! I just want to feel better. I don't have time to be sick"
"1771797576","3838438736363521440","Oh chimmmmn!
I am so draineddddddd 😩
Been out of the house since 7AM, i legitly just got home 😩
I miss my man 😂😂😂
My body aches, my legs are sore 
I honestly need a Car 
I honestly need to give my parents soft life 
Me self, I need to give myself soft life.
Brahhhhhhh, I deserve every damn good thing & more 
And I, we, will get it.
👁️👃👁️"
"1771797210","3838435669228390255","I have a feeling the Flu B is about to take this momma out!  Hoping these body aches are just from my 14 hour shift yesterday (23,000 steps, 10.5 miles, 53 flights of stairs at the Motorcross. That might do it 😋😬😩…… 🙏"
"1771795443","3838420840342423323","Adulting has been very expensive today especially while fighting exhaustion & body aches. 

$600 today for front breaks and break fluid changed. 

I still have to have my back breaks changed (10% left) $499.00, alignment $109 plus an oil change soon $80.

I’m praying God will provide a way to continue to keep us safe and for our finances to be better at some point. 

#trustinhim #trustinhim247 #carmantainence #singlemom #christianmom"
"1771762454","3838144114945236452","Schumann Resonance 🌎 ……….My dreams have been insanely vivid & I’ve been exhausted lately. 
How about y’all?"
"1771808427","3838529762809651580","Vivid dreams, extremely symbolic and similar themes. Body aches, exhaustion...however, there is quiet deep calm inside :)"
"1771791639","3838386553006206791","My first time snowboarding the origin of the phrase”my whole body aches,but I still enjoy playing it 🏂🇯🇵🫶🏻🥰 #japan #スノーボード"
"1771791342","3838386437604124557","Run fast from anyone who has this nasty virus. Acute upper respiratory infection. It’s contagious. I keep feeling worse. Body aches like a truck ran over me, pounding head aches, coughing up gross stuff. Can’t wait to get on the other side of this. Gnarly. I haven’t been sick in 2+ years. You start feeling invincible. Well, not any more."
"1771791247","3838385641483343222","I need a massage 😮‍💨😩 my body aches"
"1771791019","3838383733989345755","Nobody talks about how your body changes after 35 omg. One bad meal humbles me for 3–5 business days. Hormones shifting like the stock market. Body aches a week before my 🩸I want to crawl under a rock RN 

I’d give anything to go back to my 20’s 🥹"
"1771786992","3838349949440842225","I’ve been sick just about EVERY DAMN DAYYYYY LORDT!  And the body aches chileee"
"1771785057","3838333723155212746","definitely been having body aches & pain from this accident"
"1771784543","3838329406577826288","This is the season of major illnesses. I’m at home tucked under my covers, wishing I was better. Body aches, sneezing & runny nose. I hope it’s just a common cold! 🙏🏽"
"1771784442","3838328561770552885","Body aches I conquered"
"1771807623","3838523013553743657","Post-MI Day 2–3 Chest Pain

Think mechanical complication until proven otherwise.
• New murmur → papillary muscle rupture?
• Shock → free wall rupture?
• Pulmonary edema → acute MR?

Not every ST change is reinfarction."
"1771805778","3838507522915958208","Started my Sunday morning with 15 minutes on the vibrating plate prior to my workout. Primarily it makes me feel less tense and more loose.

Here are other benefits ⬇️

Helps relieve inflammation
Reduce joint pain and improves muscle recovery
Helps with lymphatic drainage
Improves circulation 
Helps improve metabolism 
Stress reduction 

#selfcare #sunday #recovery #musclerecovery"
"1771804833","3838499503414839159","Neck and shoulder pain can feel dull, stiff, sore, or tender. It may occur due to poor posture, muscle injuries, nerve compression, and arthritis."
"1771803732","3838490315581441849","Low back pain when you stand up?
It might not be your back.
If you sit a lot, your hip flexors (especially the psoas) shorten.
When you stand, that shortened muscle pulls on your lower spine.
Instead of cranking into your low back, try this:#LowBackPain
#BackPainRelief
#HipFlexorStretch
#Psoas
#TightHips
SciaticaRelief
MobilityMatters
PainReliefTips
MoveBetter"
"1771802767","3838482273716982579","Just posted the first page of my endometriosis comic strip! 🙏 Next two are coming soon, then a new one daily - your honest feedback is appreciated, please?! Watch this space for more paint therapy and my top picks for massagers that actually work for muscle and nerve pain. What's your go-to medication? xxx"
"1771802255","3838477983314619340","This cold weather needs to go. The muscle and joint pain I feel is unbearable today. Especially in my hands. 

Warmer weather needs to get here. Yesterday, when the weather was warmer, I almost felt invincible. I was highly productive and got a lot accomplished. Today, I'm struggling to move."
"1771802114","3838476807599986100","Up to 40% of the weight you lose on GLP-1 medications can be muscle. If your core muscles stop bracing your spine, losing weight can actually make your back pain worse. I call it the sarcopenia trap. Resistance training while you’re on these medications isn’t optional."
"1771801765","3838449113330930594","Are you constantly massaging your shoulder blade… but the pain keeps coming back?

Most people assume shoulder blade pain is a tight muscle problem. So they grab a massage gun, dig into the spot, and hope it goes away. But very often, that pain is referred from somewhere else — usually the neck, and sometimes the upper spine where the rib heads attach. If you don’t address those areas, you’re just chasing symptoms."
"1771801316","3838470109405563977","I have two broken ribs. And I already feel my muscle tone leaving. I also know I cry in pain when I reach for snacks. So anything eye level to belly bottom level in my fridge is all veggies, smoothies and frozen grapes.. I got a tub of cottage cheese and pitted cherries in my bed watching witchy coven movies, and Nordic Vsmpire Lesbian movies… it is a niche genre"
"1771792857","3838399148533562767","If men are stronger than women, then why do men get prescribed powerful narcotics such as Vicodin for painless procedures? such as, vasectomies. And women have the ability to endure the most painful procedure in existence, child birth, unmedicated?"
"1771806657","3838514911567705118","Because what a 22 yr old blonde cali girl pain level 9/10 is the same as the pain level of 0.2/10 of a 60 yr old male farmer.

Women tend to exagerate their pain level while men tend to play it down.

Also, you know what estrogen and testosterone do to your imune system? Testosterone weakens it while estrogen helps it which is why even the common cold hits men harder.

Also the muscle mass is way different and the most comon flu symptom is muscle pain.
Have you even heard of medical studies?"
"1771805530","3838505457715113808","How does it work in a body with autoimmune disease"
"1771806049","3838509811126884597","first, i need to be clear it doesnt ""fix"" or ""cure"" autoimmune disorders. What it can do is help w the unpleasant wffects like pain, inflammation, gut motility, muscle spasms associated w IBS, Crohns"
"1771804786","3838499215820051859","CY Soaps has added a New salve to their fantastic salve line. Arnica Salve. 
Arnica salve is widely used to reduce inflammation,  muscle aches, and fades bruises. It is effective in treating sprains, joint pain, arthritis pain, swelling and post surgery bruising by stimulating blood flow and improving circulation. 
I hurt my knee a few days ago. I tripped over my cat. The Arnica helped my knee pain. 
Introductory price of $10. Available now."
"1771803301","3838486746439141866","لعبها عقل 🧠 

#noplanb#classicphysique #Hardcore #NoExcuses
#TrainHard BeastMode LiftHeavy MuscleBuilding
NoPainNo Gain Strength Gains HardWorkPaysOff Shred
FitnessMotivation Powerlifting GymBeast BeastModeOn
HardcoreTraining PushYourLimits
InstaFitness FitnessAddict Gainer
BodybuildingMotivation TrainInsane FitFam
StrengthTraining GetStronger"
"1771802127","3838476913271563991","True,sad story…. I was dancing with my grandsons to “hop little bunny” and then my hip went out. Holy muscle pain🤣🤔🤣😭🥹"
"1771800666","3838464655837270749","Benefits of cupping therapy

Depending on your goals, cupping can help with:

✨ Increasing circulation
✨ Reducing muscle tightness
✨ Helping with muscle recovery
✨ Improving joint mobility
✨ Encouraging lymph flow and drainage
✨ Reducing pain from tension or chronic inflammation

These benefits are why we sometimes use cupping for pain, stiffness, or sluggish feeling muscles."
"1771797644","3838438997819784237","Tension out. Comfort in.
Therapeutic Botox isn’t just cosmetic — it can relieve jaw pain, headaches, and muscle tension caused by clenching or grinding.
Book your consultation with Dr. Barton Walters today and feel the difference."
"1771797581","3838438781184006995","Pulled a muscle in my thigh yesteday, in actual pain, hurts if i pivot my hips too quickly. Was worried bc I was supposed to shoot tomorrow, but its been canceled bc of the blizzard, SNOW DAY!"
"1771795818","3838423955049282749","➡️ Adversity is the loss.

E.g The accident, trauma or diagnosis. It is when the life you knew gets replaced by a version you didn’t ask for.

➡️ But let me remind you this adversity doesn’t get the final say.

Adversity is the weight. Resilience is the muscle. And pain—pain is the teacher.

#AdversityToStrength 
#RiseAgain 
#LifeAfterInjury 
#Resilience 
#TurningPainIntoPurpose"
"1771807424","3838521350026388018","Bila kulit anak sensitif dan cepat naik rashes mak la paling risau. Macam macam cream dah try untuk atasi masalah ni. Bila dah jumpa cream yang sesuai terus stop try and error guna cream lain."
"1771806280","3838511753953706047","Most people today don’t actually have 
“too much heat”. They have depletion.

In Chinese medicine, many heat symptoms come from fluid loss and Yin deficiency,  not real excess fire.

You can drink all day and still feel dry:
peeling skin, ulcers, rashes, cracked lips, acne…

Because hydration isn’t just about water intake.
It’s about the body’s ability to turn water into real nourishing fluids."
"1771804824","3838499524193467316","Dude I’m just here for the love of the sport and the cute rash guards. It’s not that serious. #jiujitsu #whitebelt #jiujitsulife #jiujitsumotivation"
"1771770561","3838211935464977403","Islamabad"
"1771804410","3838496062550324937","Inbox ta rash"
"1771803932","3838492051075785471","Porsche Genuine Wheels
for 981 and 718 GT4  and others 
Asking $4,500 shipped  per item

Set of genuine Porsche GT4/Spyder wheel rims suitable for both 981 and 718 Cayman GT4 and 718 Spyder. Satin black and no wheel rash. Hardly used. Fronts are 8.5JX20 ET61 and rears are 11 Jx20 ET50. All have Porsche Tyre Pressure Monitoring valves fitted and original coloured Porsche crest centre caps. Bolt pattern (PCD) is 5x130. New price was over $10k 
 No tyres fitted.

DM US FOR MORE DETAILS"
"1771803229","3838486156819892967","Day 19 :  my poor baby started to breakout face rashes, has pain from circumcision and is constipated 😩. 
All normal but the discomfort breaks my heart 💔

“And we know that all things work together for good to those who love God, to those who are the called according to His purpose.”
‭‭Romans‬ ‭8‬:‭28‬ ‭NKJV‬‬
https://bible.com/bible/114/rom.8.28.NKJV

#Godisgoodallthetime #babyboy #EverythingIsGoingToBeAlright"
"1771802806","3838482606896389489","End slide 👀🧜‍♀️
My passion is my work at @foreaustralia ! I wake up thinking about it, spend all day thinking about it and go to sleep thinking about it. BUT! I also have other parts of my life that I love! And anyone who sees my IG story knows that swimming has become a part of that in the past 6 months 😂. So wanted to share a little milestone  and celebrate how far I’ve come (don’t even get me started on the wet suit rash though!)."
"1771801787","3838474053275786526","Normal people use Greek yogurt for breakfast…
Me? I use it for dry, itchy winter skin and a thin layer for diaper rash relief 🤍🥣

#kitchenskincare #naturalremedies #glowup #winterskinrelief #greekyoghurtmask"
"1771799417","3838454163793874739","Brides-to-be 👰✨ Don’t skip this step!

Your wedding makeup can make or break your big day.

✔️ Always do a makeup trial at least 1 week before
✔️ Make sure your base & foundation match your skin tone
✔️ Avoid rashes, breakouts, allergies & patchy makeup
✔️ Ask your makeup artist to sanitize hands & brushes – skin safety matters!

One small step = stress-free, glowing wedding day 💍✨

📲 WhatsApp me for guidance: [your WhatsApp number]

#moms#wedding#usa#canada#viral"
"1771772696","3838230027025402658","I’ll take a bucket of iced coffee please 🙋‍♀️"
"1771808779","3838532712437751609","i’m going to need the bucket to poop in after i finish drinking this thing. sorry but it’s true. diarrhea much?"
"1771767611","3838187367673174688","Things we would rather do than watch the State of the Union address…"
"1771808616","3838531344456824137","Clean diarrhea and vomit in a public bathroom"
"1771807939","3838525669840660681","As a cat pawrent, deworming is so essential for your cat's health 👇

Your cat can have worms even if they:
- Stay indoors
- Look perfectly healthy
- Eat good quality food"
"1771807938","3838525662962052404","Parasites can cause:
- Weight loss
- Dull fur
- Vomiting / diarrhea
- Low energy and tiredness
- Poor nutrient absorption"
"1771786883","3838348931256890052","Joe Rogan, who endorsed Donald Trump in the 2024 election over Kamala Harris, recently said he has trouble sleeping as a result of the current administration's ""madness."
"1771807607","3838522883547333089","Hope he has constant explosive diarrhea"
"1771806935","3838517242232917678","Dating tip: if they keep going to the restroom during the date, they’re doing coke."
"1771807203","3838519489919336644","They could have diarrhea"
"1771807030","3838518044797513638","I have a friend visiting Puerto Vallarta and they are in lockdown. She has posted videos from her window of billowing smoke and cars on fire. Police are on loudspeakers telling people not to go into their cars due to all the car bombs. It's also her birthday today.

I can't share the videos but here is one of her pictures, along with two CBC News clips from our TV. It looks crazy there. And last week there were reports of a massive diarrhea outbreak at a resort in Cancun.
Yikes!"
"1771622685","3836971627687267765","Name something or someone more likeable than #Trump...."
"1771806871","3838516705262416155","Diarrhea"
"1771776629","3838263017299002522","Any vet Friends or just friends with cats?? A kitten about 8 months just pooping liquid? We have changed multiple foods any ideas??"
"1771806858","3838516597485343705","Why are you changing the food? Rapid diet changes can cause GI upset. Liquid diarrhea will not be cured by giving a different food. 

Get this poor sick kitty to a vet for proper treatment."
"1771597238","3836758177367210559","Fries aren’t available, what are you having with this burger?"
"1771806243","3838511437199519984","Diarrhea"
"1771808232","3838528127526492690","I think I have to pet my cat this Tuesday, so I can’t watch his speech. Sorry, but that is much more important."
"1771808705","3838532089650564998","My Tuesday bowel movement is around that time."
"1771805952","3838509001877893466","Ada org makan nasi sepinggan penuh sekali makan. Lauk sikit je tp seminggu sekali berak. Cemana tu?"
"1771808380","3838529369795597771","Check balik activity bowel movement. Mungkin terlampau slow."
"1771807773","3838524278246094585","Soft movement meets everyday elegance. This loose long-sleeve top and skirt set drapes beautifully, creating an effortless, feminine shape. Ideal for days when comfort is key but style is non-negotiable.

Shop Artse at www.artsemnl.com"
"1771807078","3838518442450906553","Had to purrito him to clear his bladder and bowel, else he would kung fu me"
"1771804432","3838496245338153527","Remember college educated women you voted this movement into the USA.After two more elections you will loose all your rights including “your choice “"
"1771801416","3838470947133553271","Spinal cord infarcts make up 1% of all strokes (pretty rare). Had 3 in < 21 days, 3 different etiologies (causes). They had the following symptoms (gives an idea of the spinal cord’s functions). All had some movement on discharge 🙏🏾

1) acute (sudden) paraplegia (paralyzed from waist down)

2) LE anesthesia (complete loss of sensation to both legs) 

3) saddle bag anesthesia (inability to feel private area in shape of a saddle) 

4) urinary/bowel incontinence (can’t hold #1 or #2)"
"1771799788","3838457290169709701","FOODS THAT CLEAN YOUR GUT & RESET DIGESTION👇🚨

1. Yogurt provides healthy probiotics
2. Papaya improves digestion enzymes
3. Oats support good gut bacteria
4. Ginger reduces bloating
5. Kefir restores microbiome balance
6. Apples provide cleansing fiber
7. Chia seeds improve bowel movement
8. Spinach supports gut lining
9. Bone broth strengthens digestion
10. Bananas feed healthy bacteria

📌 Follow for ""FREE"" daily health tips
Your body will thank you later."
"1771798173","3838443748540453532","Successful Galentines where we talked about our bowel movements and what constitutes as ""cake"""
"1771597238","3836758177367210559","Fries aren’t available, what are you having with this burger?"
"1771797916","3838441591586078539","One big ass bowel movement. 🥴"
"1771784060","3838325355401096039","He can't go five fucking minutes without embarrassing this country!"
"1771796884","3838432934458845230","He can not control his bowel movement that’s why needs a fresh diaper every few hours"
"1771808457","3838529780652849289","Most new parents are living this hidden struggle, don't be one of them!

Access Full Guide: https://go.growdeen.com/mercy2child If your arms are shaking from tiredness, hear this gently. A baby can build safety with more than one loving caregiver. A trusted family member can hold them warmly so you can rest. fyp#viral#foryou#trending#Islam#allah#MuslimMom"
"1771807939","3838525669840660681","As a cat pawrent, deworming is so essential for your cat's health 👇

Your cat can have worms even if they:
- Stay indoors
- Look perfectly healthy
- Eat good quality food"
"1771807938","3838525662962052404","Parasites can cause:
- Weight loss
- Dull fur
- Vomiting / diarrhea
- Low energy and tiredness
- Poor nutrient absorption"
"1771703409","3837648805953687238","I'm a old white married guy that has just finished my first period that came after my first abortion in December.  Hear me out - my new smartwatch came with a period tracker and I've been tracking my ""period"" monthly. I want to screw up any data that the gov is collecting to ID pregnancies. Let them burn their resources on me.

So, any symptoms I should record for a first period after a first abortion?"
"1771807457","3838521626389051968","Depending on how your periods normally are post abortion symptoms can differ. Some might get spotting, some might have a daily tidal wave. Cramps, fluctuating moods, tiredness, nausea, dizziness."
"1771796274","3838427666848933960","👏👏👏 to the NBCOlympics cameraman who panned to Alysa Liu yawning during the #Olympic president’s speech. 🤣🤣🤣 #ClosingCeremony #WinterOlympics #nbc #peacock"
"1771807243","3838519832929205079","As someone who yawns quite a bit in my life, it doesn’t always mean tiredness or boredom. It’s unfortunate that they panned over at this moment, but do not assume anything!"
"1771804638","3838497980790139601","I finally understand why my parents used to just stand in the kitchen and stare at nothing for 20 minutes.

It’s not tiredness. It’s not sadness. It’s a hard reset.
We’re just rechargeable humans with no user manual.

If you see me standing in the aisle at Target with no cart and empty hands, don’t worry. I’m just buffering. The update should install by Tuesday. 🧍‍♂️🔋

#adulting #comedian #standup #lowbatteryhuman"
"1771802392","3838479139087542220","“The only reward for rushing is tiredness”-my therapist today. First of all….please lower your tone."
"1771794683","3838414464446776772","Margareth sent you a “hello” 👋 5 minutes ago… ❤️
Are you going to say hi back or keep her waiting? 😉✨"
"1771796943","3838433430066122649","Thanks  to greet and giving  me hello I'm happy to see that word's  today. And me I see also to you my warmness  hello  dear how's yours  daily  work are you tiredness  of your  doing."
"1771795018","3838417240840477960","That heaviness you feel when you scroll?
It might not be tiredness.
It might be envy.
And envy is expensive. 🌙
Day 5.
#Ramadan2026
#RamadanSeries
#IslamicReminder
#MuslimTikTok
#HeartCheck"
"1771808517","3838530517340017481","Stress created metabolic fatigue creating helps your atp. This feeds the brain regulates emotional imbalances."
"1771808351","3838529121886736608","When knees collapse inward during a squat or landing, that’s dynamic valgus.
It’s not “just bad form.” It’s usually:
• Weak glute medius
• Poor hip external rotation control
• Delayed neuromuscular timing
• Fatigue
Biomechanically, knee valgus increases torque at the joint.
Longer lever arm from hip instability = more stress at the knee.
Translation: Your hip controls your knee.
Train: • Lateral band walks
• Single-leg RDLs
• Slow eccentric step-downs
Control upstream. Protect downstream."
"1771803357","3838487229672580673","Over 35 year old women, am I supposed to be this tired? I can’t seem to go a day without being tired. What’s happening to me? I just turned 36… is this the beginning?"
"1771808099","3838527008669798171","I was like that at my mid 30's and always slept all night on the couch. Get your hormones checked out and also check about the Adrenal fatigue. One thing you can do to help Adrenals before any testing is to cut out caffeine to reduce the stimulants. It should help with improving the energy. Another thing you can do is first thing in the morning, drink bone broth instead of coffee. It boosts your energy without caffeine."
"1771778137","3838275669214384460","Go to her father's house back to no rent paid."
"1771808072","3838526784409490587","This has to be AI horseshit. Then again, black fatigue is real."
"1771807459","3838521640498255834","Je me souhaite un merveilleux anniversaire, aujourd'hui 23 février,un jour agréable, sans prétention,mais qui comte pour moi.
Je vais aller me coucher pour que ce jour ne soit pas abîmé par la fatigue
Bizz à toutes et tous💋💋"
"1771807382","3838520993929656159","I escaped to the bathroom. 
TWO conference attendees came in to puke. 
I unescaped from the bathroom. 

Lipstick on.
Existential fatigue gently folded into my tote bag."
"1771807202","3838519483653381911","It's ok sometimes to take a break, leave things aside and just let it be. Be tender with yourself before you deplete all your strength. You can be there for others when you feel well. Accept your fatigue. Rest isn't giving up. Be kind to yourself."
"1771806623","3838514628327092296","Fatigue.  It's not like anyone understands.  It just isn't.  I'm in the middle of a flare and my legs feel like a 1000 pounds. Thankful for my husband and family... their support and love gets me through."
"1771808770","3838532637317960736","🌊 Water Signs 🌊 Angel Message Tonight 💙✨Cancer • Scorpio • Pisces

Angel Stepping Forward: Archangel Haniel

Water signs, Haniel brings emotional balance and moonlit calm. If your feelings have been intense lately, this angel is smoothing the waves.

Message for Tonight:
You are allowed to feel deeply — without drowning in it.
What hurt you is losing its grip.

There is grace in your softness. It is not weakness — it is sacred.

🌙 Whisper: “I release heaviness and return to flow.”"
"1771808712","3838532140191875400","True strength is often silent.
Calm is not weakness — it is mastery. 🌿
#silence #calmenergy #mindset #awareness #foryou"
"1771808648","3838531595435937230","When G|P pathways, insulin patterns, and stress hormones are dysregulated, hunger cues amplify.

It’s biology not weakness.

Supporting signaling quiets the chaos.

Has food felt louder this year than before?
Comment PEP.

#glp1education #metabolichealth #menopauseweightloss #womenshealth"
"1771808625","3838531418377185133","2 Corinthians 12:9-10 
But he said to me, “My grace is sufficient for you, for my power is made perfect in weakness.” Therefore I will boast all the more gladly about my weaknesses, so that Christ’s power may rest on me. That is why, for Christ’s sake, I delight in weaknesses, in insults, in hardships, in persecutions, in difficulties. For when I am weak, then I am strong."
"1771808615","3838531336764794476","Not weakness. 
Not bitterness. 

Just boundaries."
"1771808510","3838530450113823114","Thank You for the gift of a new day.
As I step into today, guide my thoughts, guard my heart, and order my steps.
Fill me with peace where there is worry,
strength where there is weakness,
and wisdom in every decision I make.
Let favor surround me,
let grace speak for me,
and let everything I do today bring glory to You.
Amen. 🙏✨
#MorningPrayer #NewDayGrace #BlessedDay #GodFirst"
"1771808508","3838530380655351731","Generosity with strings is a craft.
You give with an aim.
Charity without purpose is weakness.

Every favor creates an obligation.
Design yours to buy leverage.
Make kindness strategic, not sentimental.

Give like a commander, not a beggar.
Your gifts should secure loyalty.
Generosity is a calibrated tool."
"1771808073","3838526793595212109","Ruining happy healthy lives. Could of had what we once knew."
"1771808493","3838530311055759268","Your own hate and weakness ruined you. Not him.
He has implemented policies, same as every other president.

Your emotional demise is from your own making, sadly"
"1771808471","3838530070511739161","You remain calm when others rage.
Silence sharpens your decisions.
Calm is not absence of feeling — it is mastery.

You let storms reveal who is useful.
Chaos exposes ambition and weakness.
You mark allies by what they do under pressure.

Hold your center. Move with purpose.
Discipline wins where impulse fails.
Live like a man who has no need to prove anything."
"1771791059","3838384064257237153","All this chaos in Mexico is a direct result of the US' addiction and consumption of drugs."
"1771808468","3838530105206992012","No it’s a direct result of drug dealers taking advantage of human weakness and creating addicts."
"1771804186","3838494187444767328","The meek shall inherit the Earth in peace and harmony...This is not about blood lines..This is about evil supremacy control..."
"1771808389","3838529444295113467","but with principalities and weakness in high places⁉️🤔"
"1771808338","3838529012700300193","Because God is eternal, patience is part of His operation.
He does not rush through centuries. He does not panic in silence.
Time was created by Him, so He is never pressured by it.
We however, are quick to demand, quick to fear, quick to move ahead of Him.
But eternity does not hurry. When we rush what God is growing, we step outside the rhythm of heaven. Patience is not weakness but rather it is alignment."
"1771808276","3838528492036643012","lol you think this is negative?"
"1771808310","3838528777148814768","My weakness is showing."
"1771808273","3838528472147213119","4. Intensity Is Untapped Power:
�The same energy that fuels panic can fuel purpose.

Fear before growth feels identical to fear before danger. Your body doesn’t know the difference.

I stopped asking, “How do I calm this?” I started asking, “How can I transform this?”

Emotion is fuel. Direction determines destiny."
"1771808280","3838528530842319330","5. Self-Compassion Is Strength:
�I believed being hard on myself would fix me.

It didn’t. It buried me.

Compassion doesn’t mean weakness. It means inclusion. You stop abandoning yourself when it’s inconvenient.

If you can sit with your own pain without judgment, you become unshakeable.

The hug you’re waiting for is your own awareness 👐."
"1771808251","3838528286666910374","Ty for sharing!!! I love ❤️ to hear 👂 this! I feel like we need to remind ourselves and each other that we are the ones who have the voices now! 

Please don’t stop sharing your testimonies! Remember our civil rights leaders were willing and DID GIVE UP THEIR LIVES FOR US AND OUR CHILDREN LET US REMEMBER THEM with our stories of love and unity ❤️ not hate!"
"1771808461","3838530046521238659","Woooooo Yes girl!! Chills down my body! Love & Unity always ✌️🇺🇸🇺🇸🇺🇸🇺🇸🇺🇸💙💙💙"
"1771782374","3838311197804641787","“WATCH THE POWER OF GOD “

Here is PROOF that prayer works ‼️ This woman had 18 buzzards on her roof ( yes a witch will use animals when she wants put a curse on you ) this lady was in prayer and WATCH THE POWER OF GOD ‼️"
"1771808388","3838529430679830876","Chills!!!!"
"1771806884","3838516467294517247","Everybody love Trump

Patriot Alert:🚨 

This young man took the time to salute President Trump as he passed by, he’s being raised right!"
"1771808153","3838527464742691641","Chills!"
"1771808105","3838527064236964131","i did 80+ oracle card pulls for strangers on threads from my deck i wrote, Animal Guides, and here were the moments that gave me chills!"
"1771807891","3838525268797554786","We went to Costa Rica last week to celebrate one of our best friend's 50th bornday. We were a group of 22. Wheh I tell you it wss the most amazing group to travel with. While there, 15 of us decided to hop over to Nicaragua for a day trip. OMG. It was Chef's kiss. I had such a spiritual experience as I stood at the mouth of an active volcano. Seeing God's handiwork gave me chills. I'll share more abt Costa Rica but wanted to share some pics and videos of Nicaragua."
"1771807742","3838524011093481220","https://open.spotify.com/track/5dQaAUdNlZijJeMoWa0io0?si=ib7JcX5ISnKv60BzKXpk4w

Att detta är AI, herregud! Så bra chills!🔥"
"1771807314","3838520422195587460","Dear algorithm, please show this to people from Colorado who love music, the arts, and theater. 

We opened Songs For a New World this weekend and it is phenomenal! I am still getting chills and tearing up at times even though I have seen it about 8 times over tech week. Certainty one of, if not the, best shows I have ever been a part of and I really hope that people don't miss their chances to see it!
https://youtube.com/watch?v=VfgrqkFQEIc&si=tCT7UJggqIXL4R82"
"1771806033","3838509675105559249","I couldn't do what I do without my support system ♥️ I am a meal prep monster. I eat the same soup for lunch EVERY DAY and have for close to a year because i don't have to think about it. My mom knew my entire house has been sick so she made us baked spaghetti and stuffed shells. Now we don't have to worry about dinner for a few days 🙌 here's to warmer days with fewer colds 🍻"
"1771805988","3838509299673553329","ROUND 3  na kami ng cough colds and fever 😩"
"1771780821","3838298188877296350","Where are the 40 year olds with toddlers?"
"1771805457","3838504847201120919","2 colds in 3 months clocking in 🙋🏽‍♀️🤦🏽‍♀️"
"1771804022","3838492808776416447","Day 166 on T!

Things. 

Hair is wavier, dare I say curly, now? I have more acne on my chest, facial acne is more around my jawline. 

I have more energy when fighting colds and viruses. My body is hairier, appetite is well and truly up there although it has been since months one to two... my voice is doing things and still going high pitched here and there... But I have never felt so happy."
"1771800200","3838460745671859269","Well I did it. 28 days straight of swimming with a combined distance of 60k. Happy with my personal challenge complete even though I will still be swimming tomorrow at Master Swim Club. Worked through two head colds. Very happy with my accomplishment and how much my stoke has improved. Tuesday and Wednesday rest day 🫣😎. #swimmersofinstagram #iswim #28days #itri #wheelchair2ironman"
"1771798712","3838448268993482413","Frick I hate head colds"
"1771791302","3838386109081099710","Head colds for everyone… to the crafts!!!!"
"1771790149","3838376417193596245","Orange juice work w/ wonders & it really helps against colds!"
"1771797362","3838436941411353337","Is it possible you have COVID? Or have you had COVID with smell loss before? 🤔"
"1771801629","3838472739343143718","I’ve had COVID several times. I’m also fully vaccinated for it. The last time my son got COVID I didn’t. We were both vaxxed for it. 

I get smell loss/taste loss with like allergies, colds, etc. and probably have had COVID at least once like that."
"1771800278","3838461406107298119","Hey! USAF Vet here with some Nuclear, Biological, Chemical warfare training. 
The image reflects how different threats have different methods of barriers. 
Republicans were the ones that claimed Coivd was a bio weapon lab leak then harassed and attacked people for trying to stop it. They then threw a fit over the vaccine that trained our bodies to identify and stop Covid from doing more harm if infected."
"1771800278","3838461406258299534","Social distancing and masks are easy methods of reducing and even stopping the spread of highly infectious biological threats like Colds, Flue and Covid. 

In fact we do similar behavior changes in cold weather when roads are slick or icy by slowing down and giving extra distance for safety. 

I hope that helps. 

We need to treat biological threats more seriously but sadly we have to deal with people who a pro illness and death."
"1771727299","3837849210587010430","Anyone else in Chicago sick like nose won’t stop running, can’t stop sneezing, eyes watering? Been two days of this shit"
"1771797403","3838437287381813083","Buckle up buttercup. These “colds” aren’t like what I had as a kid."
"1771784756","3838331191909866393","Alright witches, your girl has been fighting for her life with the flu 😩 Drop your flu protocols below 👇🏽 Herbs. Teas. Grandma remedies. Weird shit that doesn’t make sense but works. I want it ALL 😭😭"
"1771788998","3838366780611432264","So during cold and flu season I also take sambucol cold and flu specially that brand as directed there's a lot of research behind it shortening the life of the flu and colds"
"1771787740","3838356222878319275","This been my life since Thursday sick as a dog trying to make it shake but this shit been ruff. I feel like ever since I had Covid some years ago colds shut a brother down."
"1771780052","3838291736132629788","Bits wanted to let everyone know, that she’s still on the job. Taking care of me while I get over this cold.😻"
"1771786122","3838342649278970113","I know she's doing a good job.  Stubborn colds can last a month ... Take care"
"1771785323","3838335942419551044","Day 53:

Coughs, colds and sneezes all week but we pulled it round for a Sunday afternoon “rave” 😎 🍷 🕺 

#365daysofhappiness ✨"
"1771780100","3838292136756662596","Let’s have a snowball fight in Central Park tomorrow 😊"
"1771784479","3838328868961333023","The way these colds and viruses set up nah 😂"
"1771781717","3838305695440198877","Watching her struggle through teething, fever, colds, and cough at 1 a.m. while I’m sick myself… this is one of those nights motherhood tests you."
"1771807356","3838520757916435021","Dropped by at @edamama.ph for some of Avery’s essentials and finally got happynozph for runny nose (just incase lang coz of the weather lately)

#momlife #edamamaph #singlemom #boymom #motherhood"
"1771807000","3838517788541553296","What can I take for a severe runny nose, cough and congestion while breast feeding? I am so sick and I need to do something about it this is kicking my ass hard."
"1771804699","3838498488728772091","If my ramen doesn’t clear up my sinuses while also making my nose runny, it’s not spicy enough."
"1771803437","3838487904436554753","Kids have gone to school, husband left for work. The easiest thing to do is go back to bed with my cat. But I'm telling myself, it takes 30 days to form a habit so expect it to be hard. Trying to psycho myself. 
I have lots of excuses handy too. Like how I feel so sleepy now. Didn't sleep well last night. I have an insistent cough. Slight runny nose. But yeah, putting on shoes now. But still rasa malas nak mampos."
"1771802638","3838481197769329951","When your eyelids hide because you eyes are swollen and you can’t see crap and you feel like there’s a thousand grains of sand in them, plus runny nose and now you feel the headache hit. Looks pretty huh? 🤣🤣🤣"
"1771801977","3838475651876034526","Since last night, I’ve had a runny nose and random sneezing 🤧
It feels like some kind of allergy.
I’m feeling kinda foggy and can’t focus on my work 😭"
"1771795784","3838423705186391407","If you’re suffering from the Chicago runny nose because of our up n down weather lately, get these! They really help! 
https://www.tiktok.com/t/ZP9eDGNkGnDDW-ENFXj/"
"1771794422","3838412279751281053","For you. Thankfully,  I can take time to recuperate"
"1771794552","3838413365471770178","“Recuperate” from what, a runny nose and upset stomach? The fact that you’re saying this so proudly is HILARIOUS😭. “For you” excuse me I’m not a fat lazy pos who lives off other peoples money and then complains."
"1771789760","3838373168411781728","Hate this runny nose"
"1771754027","3838073410102867098","He has three nose 👃 

#fyp #goviral #genznigeria #trending #nigeria"
"1771802776","3838482357813085553","A stuffy nose worst nightmare"
"1771795519","3838421324012961251","‼️ People online are going nuts right now debating whether a C-Span caller named John Barron is actually President Donald Trump trying to get some good press.

🎥 C-SPAN"
"1771801514","3838471774611092848","No debate. It's him with a stuffy nose."
"1771633744","3837064401103868463","Found em😜 They fine as h3ll over here😩😍 My first Olympics! Who’s your favorite athlete so far?

#reels #explore #olympics #milancortina2026"
"1771801272","3838469738478108326","This video gave me a stuffy nose! Is she sitting in snow in a half top?"
"1771799001","3838450691832642200","I was able to finish and get the rest of anything that needs to be donated into a box. I am so proud of myself with everything that is going and now the cubes are slightly thinner and less bulky gear. Now my nose is slightly stuffy. But I did it!￼"
"1771795755","3838423463032637836","Raw face. Stuffy nose. Batman. That is all."
"1771774021","3838241141887712052","I love waking up with a sore throat, stuffy nose and dizzy. Ugh."
"1771766657","3838179366493480670","Got my period last night (yay)

Woke up with back pain, stuffy nose, a severe migraine, 0 appetite and a sore throat (nay)

🙃"
"1771752122","3838057439619357102","Happy Sunday friends!!! I survived the plague of 2026! 😜 Still tired with a stuffy nose but feeling 90% better!!! 

I made it to Exodus over the last few days! New book of the Bible, new highlighting color scheme, and my favorite new coffee cup!!😍"
"1771807623","3838523013553743657","Post-MI Day 2–3 Chest Pain

Think mechanical complication until proven otherwise.
• New murmur → papillary muscle rupture?
• Shock → free wall rupture?
• Pulmonary edema → acute MR?

Not every ST change is reinfarction."
"1771787954","3838349612965360490","Should I go to the ER? What type of arrhythmia causes this? I hate the ER."
"1771807335","3838520597081565891","Check your symptoms, dizzy chest pain, shortness of breath. Are you an athlete? still you should go to the ER and get it checked out ￼"
"1771782756","3838314421244914587","Jadi, you tak galakkan rakyat pergi hospital kerajaan sebab gov penat? Logik apa ni?

So tak yah kerja bila hospital penat? Tutup kedai?"
"1771805783","3838507579279061621","Please put your emotions aside, and read my statements calmly as statement,not emotional arguement.
To be exact, i said, Yang Mampu/ada medical card, please pergi swasta. 

And to answer yr question, sy menggalakkan pemberian maklumat kesihatan yang benar dan tepat. 

Kalau Chest Pain/MI, mmg sy galakkan pergi swasta."
"1771805043","3838501375374989003","2026 so far...
Jan 9 - hospitalized (again) Coronary Artery Disease/Pneumonia 
Jan 30 - lost my job (suddenly laid off)
Feb 2 - admitted in prep for Angiogram 
Feb 3 - Angiogram procedure"
"1771805238","3838503006078469300","Feb 13 - Admitted due to chest pain
Feb 16 - Angioplasty to put 1 stent
Next... Cardiac Rehab (pending coz no budget yet)
Now...Looking for a job 
...So tired😞😞😞"
"1771805222","3838502819171176029","It comes after a teenager was admitted to hospital in Hull with chest pain and difficulty breathing"
"1771749000","3838031250091171593","A patient with cocaine chest pain gets a Beta-blocker and their BP hits 220/120. Why?"
"1771805029","3838501257354446250","Plenty of evidence to support their use in cocaine chest pain.  The unopposed alpha effect may happen, rarely, but there is a 30 day mortality benefit to using B blocker in several studies now. 

https://pubmed.ncbi.nlm.nih.gov/17583376/"
"1771765367","3838168544836695979","Dear algo Please connect me with progressive, mid-life women who have experienced heart palpitations during perimenopause because I need some support/advice!"
"1771801922","3838475189713204837","Hey there! Palpitations in perimenopause are not unsusual however if they are occurring frequently, you may need to go see a provider to rule out any underlying cardiac issues first. 

Palpitations with chest pain should warrant an ER visit."
"1771800417","3838462562602723920","Heart disease is still the No.1 cause of death in Malaysia.
Many cases happen below age 50.

Don’t ignore the warning signs:
• Chest pain
• Shortness of breath
• Cold sweats
• Dizziness

Early detection saves lives.
Proper medical coverage protects your family financially.

If you’d like to review your medical protection, feel free to reach out.

📞 012-9192310
Jayamalar – ACE LifeConnect"
"1771799611","3838455809780571333","Chest pain"
"1771776075","3838258375788665951","I need to vent, if I may. While my poor Mom suffered a stroke and died before we could start our sewing lessons, I always watched her work closely, and even when I was a very small child, she would explain things to me, and why they were important. After she died, it took me a couple of years to even LOOK at any of her sewing machines. When I ready to, I mulled over patterns to tackle. While doing this, I said something about doing a muslin."
"1771797635","3838439233665368391","I’m so sorry for your huge loss… 💚🖤
The folk who are shit talking to you need to fuck the fuck off.
You have the perfect machine, with such precious memories attached…
Make that suit, because your Mothers spirit will nurture & guide you through.
Doesn’t matter how long it takes… 💚🖤
Enjoy the process, the smell of warm oil & rythmic whispering of your machine… it’ll be  hypnotic & comforting."
"1771792645","3838397375711467351","Hey chat,
Why do the Girl Scouts cookies taste terrible this year? It’s like the idea of all the ingredients and the ideas of all these cookies. But they taste like pictures of the cookies."
"1771797362","3838436941411353337","Is it possible you have COVID? Or have you had COVID with smell loss before? 🤔"
"1771763730","3838154819345713946","As I sit and wonder what it must be like to be loved by you 
I close my eyes and to my surprise not one of you but two 
I take their hands and they lead me in different directions 
You smell sweet as caramel vanilla my favorite confections 
I split in two both views  I watch every little thing you do 
I watch you dance while making dinner I love to dance too.
I listen to you sing offkey still sounds so beautiful to me 
You hug me both crying but one from joy and a loss of family"
"1771600219","3836783185871276819","The grapes I bought lack flavour. Same for baked beans. Butter. Bread. I might have lost some of my sense of taste (or smell), like I did in 2020 when I had covid. That came back after about six months. Pretty certain I haven't had covid again, or a stroke. But it is odd. I feel the texture, wetness. Can tell bitter coffee from salt. So something is still there. Had to take antibiotics so maybe it's that? Oh, the joys. I could be in a room with the malodorous POTUS & not smell a thing. Bonus."
"1771606995","3836840026492009622","With the dizziness and loss of smell, you may have a sinus infection.  Doctor is a great idea!"
"1771559095","3836438213569624592","If you, and only you, smell burnt toast and no one is making toast, go to the hospital. You are having a stroke."
"1771598655","3836770066868556419","And let me clarify: while burnt toast smell isn't always an indication of stroke, neurological conditions (strokes, seizures, etc) can cause damage to the part of your brain that processes smell and taste. Sinus infections and COVID can fuck up that part of your brain as well but those are usually loss of smell and taste. The evidence for burnt toast smell = stroke is inconclusive but there have been numerous reports of it afterwards. Always remember FAST though. Face, arm, speech, time."
"1771595062","3836739924587031396","This might actually be the weirdest COVID I've ever had. No cough, no congestion. Just vertigo, headaches, and the feeling that all my skin is on fire from my ribcage down.

It almost feels like I only got symptoms I haven't had before, like COVID was just checking boxes. ""Well, she's had the cough, congestion, fever, body aches, loss of smell... Hmmmm... she's got ADHD so we've got to keep it novel... Oh! She hasn't had THESE symptoms yet!"""
"1771381466","3834948156908113737","All you trans ranting is irrelevant to me now that I see you are not in the US. I’m going to bet that your traumatic brain injury is a scam of some sort. A smoke aversion disability? Really? Tell me there is actually something more wrong with you than that you can’t smell?"
"1771548895","3836352651932210840","Angry moron, what you described is a loss of smell. The reason doesn’t matter, it’s a loss of smell. And how does that make you disabled? You can’t work any job without smell? Dude, you are a joke. 

And blocking me from responding to your last post is awfully pathetic and childish. Grow up man."
"1771442701","3835461827992285476","Yay! Feeling a tonne better but still have loss of smell lol hoping that comes back soon. Miss being able to smell my coffee and my perfume!"
"1771346078","3834651295471437211","Lecture Series: Flavor Beyond Smell: Enhancing Taste Experience 

Join us on Tuesday February, 24 as Registered Dietitian and culinary educator Zari Ginsburg returns to explain the loss of smell, a common symptom that impacts people with Parkinson’s, and share tips on how to add flavor back into meals. 

Visit our website to register today! https://parkinsonswf.org/events/

#lectureseries #parkinsonswellnessfoundation #event #lossofsmell #parkinsonssupport"
"1771799999","3838459065526229229","I opened my brother's backpack to grab a pen… and came across THIS 😳 I have absolutely no idea what it is. Old coffee? Melted chocolate? Some sketchy paste? The texture is weird, the color is even weirder… and zero explanation. I asked him about it and he just dodged the question 👀 Now my curiosity won't leave me alone 😂 Does anyone know what this could be?"
"1771808762","3838532575081640315","Taste taste like dog shit? Smell ? Smell like dog shit ? Its dog shit , good thing u dont step in it, or smoke it."
"1771808571","3838530970475977563","It smell sooo good in here yummy 🤤"
"1771808550","3838530790985260774","Send my baby to school. Her favourite teacher says she smell nice. Hahahahaha. I know la u kiss my baby sniff2.. let her get all the love she needs. My precious miracle baby."
"1771808430","3838529785886776525","I know you can smell this photo 🥰"
"1771652546","3837222135924647193","Everyone has one weird habit they’ll take to the grave. What’s yours? 
This is a safe space."
"1771808428","3838529772682564116","After I poop, I stare at it for 20 mins it to check if it looks like something is wrong before flushing. I also like to smell the air to check if rain storms is coming soon… and I check the security camera in the small closet were my cats litter box is to see if any spirit orbs are floating around.. there’s more of them when I’m cleaning out their box"
"1771808395","3838529494114947380","If you're meeting a dude/man for the first time and you go to shake his hand and he say I'ma hugger he want you to smell that cologne 😂😂😂"
"1771794362","3838411773750370040","If this isn’t everyone’s reaction to sitting next to puppies, I don’t want to people anymore."
"1771808354","3838529147312795289","Is that were the smell
Comes from? Lol"
"1771801222","3838469301674857391","Writing with AI is a great way to reduce time spent writing and decrease overall enjoyment of life."
"1771808320","3838528863920635338","this is the spiciest take on ai and it kinda needed to be said. everyone's out here pretending the robot words feel the same. they don't. you can smell the difference"
"1771808281","3838528534935850677","Go on their website. It’s $26 on there but they’re always stocked"
"1771808314","3838528813547187520","I like stores cuz I like to smell it first"
"1771808456","3838530006960441674","Grilled Chicken Salad with Lemon Dressing – Low Calorie Weight Loss Recipe

Ingredients:
2 skinless chicken breasts
1 tbsp olive oil
1 tsp garlic powder
1/2 tsp paprika
Salt and black pepper to taste....."
"1771764324","3838159796273283984","Me and my dad use to quote this all the time he’s gone now"
"1771805386","3838504248246351029","I’m sorry for your loss but I’m glad your dad had elite taste ♥️"
"1771800365","3838462130991541984","🍴 From Bang Bang Chicken Bowls to Honey Garlic Drumsticks, Creamy Sun-Dried Tomato Rigatoni, Greek Halloumi Bowls & Chicken Bacon Alfredo… 👀

Every one of these is high protein, delicious, and fat-loss friendly — proof you don’t need to give up flavor to hit your goals 💪🔥

These are just a taste of the 200+ high-protein recipes inside my cookbook designed to help you lose fat, build muscle, and still enjoy every meal.

#highproteinmeals #fatlossrecipes #proteinrecipes"
"1771794006","3838408785107445899","loss of teeth, blood, sweat, & tears MEN, & WOMEN of the greatest nation know to man from EVERY piece of this country laid it on the line, bringing home the gold 🏅to EVERY traitor of an American that was rooting against these men you should be ashamed they earns every ounce of joy this WIN brought, & to Canada how’s that silver taste eh? GOD FREAKIN’ BLESS THE UNITED STATES OF AMERICA!!! 🇺🇸"
"1771793228","3838402264851047590","Gelatin Recipe for Weight Loss

Ingredients:
• 2 cups water
• 1 tbsp unflavored gelatin powder
• 1 tbsp fresh lemon juice
• 1 tsp honey or stevia (optional, to taste)
• Optional: a few mint leaves for flavor💪😋"
"1771783757","3838322818014824288","Sometimes, you need to be grounded, taste the loss, despite all your efforts and start again from zero. That’s when the game teaches— that you take risk, but in a calculated manner. And also look at the things those needs to corrected by the next game. 

No worries Team India.. we are behind you and waiting to see you bounce back— way stronger and deadlier. 💪🏻

I am sure Surya Kumar Yadav and Gautam Gambhir will figure it out."
"1771660766","3837291091607845091","Whatever this mysterious illness is that’s going around- I’m over it. I have a constant migraine, sinus pressure, my teeth hurt, I can’t breathe, I can’t taste anything, my eyes are sensitive to everything, my voice is gone, and I’m sick of this cough. I tested negative for Covid and for Flu. What on earth is this?????"
"1771734423","3837908967054127064","This sounds like exactly what I have and I have no idea what it is. I keep getting or a migraines. I have so much sinus pressure and I hear you on the teeth, hurting my teeth and my jaw hurt , I don’t have the loss of taste, but my voice is gone and I’m coughing and I have to keep taking my puffers so I hear you. I don’t know what it is. I can only imagine it’s a virus. I haven’t tested for anything yet, but a friend of mine and her husband had exactly the same thing and  are still at it."
"1771725533","3837834392110926096","Gelatin Recipe for Weight Loss

Ingredients:
• 2 cups water
• 1 tbsp unflavored gelatin powder
• 1 tbsp fresh lemon juice
• 1 tsp honey or stevia (optional, to taste)
• Optional: a few mint leaves for flavor💪😋"
"1771509420","3836021507270012822","Day 4 of whatever the hell this is. Im not running a fever anymore,  but headache and body ache is still present. Fatigue is the biggest thing. Thank God Ravi is such a good girl. Ive been sleeping 18 hours a day. Im starting to think it might be covid, because of loss of taste, and phantom smells. I constantly smell cigarette smoke."
"1771808760","3838532555629390406","Because life moves fast…
we’ve prepared your Qatayef ready to fry — with syrup included!

In just 5 minutes, they’ll be hot, crispy, and ready to shine on your table.
Made with quality you can taste in every bite.

Kunafa & More — sweetness made easy #JacksonvilleFL
#JacksonvilleFood
#JacksonvilleDesserts
#JaxFoodies
#JaxEats
JacksonvilleHalal"
"1771808734","3838531755826070483","Indulge in a slice of bliss with our Coffee Almond Mille Crepes! 

Crafted with love, this stunning whole cake features delicate layers, rich coffee essence, and the nutty crunch of almonds, making it the perfect centerpiece for your next celebration. Experience the joy of lavish desserts baked fresh just for you, elevating every moment with delightful flavors and elegant charm.

Treat yourself to a taste of luxury today for only RM119.00!"
"1771808573","3838530987706093684","A taste of What life has been looking like here lately"
"1771808543","3838530716099842416","Learn cooking at home, because it is said that men who can cook are more attractive. I don‘t know which lucky person will come to my house to taste my craft #steak #home #cooking"
"1771808525","3838530571589349202","Caldo Verde… Portuguese classic soup. So simple and comforting. Typically made with Kale but I had spinach in the fridge.  Recipe:  3 bay leaf, 2 chorizo diced,3 tbsp olive oil, 1 leek diced, 12 cups chicken broth or 3 cartons, 4 med potatoes diced. 4 cups kale or spinach, 4 garlic cloves minced, salt and pepper to taste."
"1771808511","3838530466421537213","another dog baby would really truly solve all my issues but I done got a taste of just running out the house and I like it😭"
"1771808497","3838530343662402252","Put some organic sugar in the batter, so only right to put some cinnamon on top. Raw agave too. Taste like carnival cakes."
"1771808495","3838530332488842970","I just realized vodka sauce taste like can raviolis a lil bit! Well how I remember it!"
"1771799999","3838459065526229229","I opened my brother's backpack to grab a pen… and came across THIS 😳 I have absolutely no idea what it is. Old coffee? Melted chocolate? Some sketchy paste? The texture is weird, the color is even weirder… and zero explanation. I asked him about it and he just dodged the question 👀 Now my curiosity won't leave me alone 😂 Does anyone know what this could be?"
"1771808762","3838532575081640315","Taste taste like dog shit? Smell ? Smell like dog shit ? Its dog shit , good thing u dont step in it, or smoke it."
"1771808630","3838531451487093169","I think we can all agree nothing will ever top the 90s… tunes or cars 🎶 🚗 

Most iconic Landcruiser ever? Ps if you don’t like incubus you have bad taste."
"1771808597","3838531187026955075","Can I have one crush to myself b4 u niggas start wanting to fuck ts outta her damn... Talm bout ""u got good taste in women"" Nigga how bout you have your OWN taste in women. Jus dick watching and waiting to take a girl from me first damn 😕."
"1771808312","3838528794260972202","Do yall actually love sea insects"
"1771808534","3838530658596359574","They taste pretty good"
"1771808532","3838530642741057009","Do you want to experience cozy vibes with good taste??
@lit.pakistan 
#food #restaurant #foryou #explorepage #fyp 
.
.
.
.
.
."
"1771808456","3838530001894088915","💙♾️ John Mayer every day🗓️
　　I love you always🩷

John Good morning ☕️
From Tokyo 🗼☀️

It's Monday... . ・
emperor's birthday 🎌

John. I hope today treats you better than your taste in women does.🫦"
"1771808204","3838527894398569037","My bf is low key a Stay. We were in the car yesterday and I was playing KPop but not SKZ because I listen to them all the time and wanted to give him some variety. He asks ""where is Taste?"" I was like this isn't SKZ playing. He says ""well I want to listen to Taste. I play it all the time when I'm alone in the car"""
"1771808454","3838529990334152671","great song! you could say he has good...taste 🤭"
"1771808442","3838529890392336836","I just made a delicious cream sauce for my blackened salmon, 1st time making it; completely amazed at how it taste!!"
"1771808440","3838529869874006897","Girls who: 
Bark 🐺 
Hiss 🐍 
Blow snot bubbles 🫧
Fart in jars 🫙
Enjoy the taste of mud 👅
Howl at the full moon 🌕 
Are friends with their paralysis demons 👹
And sing to their warts 🗣️
🤪💕😜🤑🐑☄️💰😩🤘🏻✨🙊😻💫💖🫨🫦🌼🫸🏻🫷🏻🫠"
"1771745015","3837997823577531812","Grace in every step, confidence in every glance. ✨ She carries elegance like a crown and strength like a signature. Dressed in bold blue, she stands out not just for her style, but for her powerful presence and timeless charm. A perfect blend of sophistication and confidence, proving that true beauty shines from within. 
👑 “Queen Energy”
✨ “Pure Elegance”
💙 “Bold & Beautiful”
🌟 “Confidence Level: 100%"
"1771808419","3838529692580457727","Fucked everything she could to escape Slovenia - Cheap whore of the Month award 🌟
Is in the Epstein files thousands of times - Filthy pedophile Hooker of the Century award 🥳
""Actress"" in worst vanity picture ever made - Hollywood Prostitute of the Century award and Worst Actress in History prize 🍄

Aayat, you have no taste and no brain"
"1771808351","3838529127314250966","Hollywood is normalizing anorexia! 
Don't fall for it ! 
You're beautiful too ! 
Being way too skinny that your bones show is not healthy. 

Please ! Love yourself enough to stop letting Hollywood in your head."
"1771798902","3838449858391434962","Truly embarrassed by some of the comments other women are leaving here. Yikes. 
Emma Stone has ALWAYS been this thin. I saw her once in L.A. over a decade ago & was surprised just how tiny she was in person. Truth is, unless you know someone intimately you have 0 idea why they are the size or weight they are. Some folks are just naturally small or have health issues that prevent them from gaining weight. Do better, ladies."
"1771808235","3838528149479355894","Ma’am, that’s not true she was always like this. You reduce the glaringly obvious fact that anorexia is on the rise to “don’t comment on someone’s body.” It’s not wrong for people to notice if someone’s shoulder bones are protruding and their chest hole is showing. We know damn well this isn’t because Emma is sick, it’s because anorexia is trending everywhere, and it’s a result of the Conservative movement and directly in line with the ways in which women are losing their rights."
"1771769430","3838202632943250125","Fines de 1988

El.Pato Fillol atajando para Racing ,en un partido que creo ganó la Academia 2 a 0 frente a River..y  vaya a saber lo que le dijo el Loco Carlos Enrique que el Pato lo quería matar.
Sino recuerdo mal echaron a Fillol,Olarán,Enrique y Borrelli..."
"1771805729","3838507127401194866","Le dijo algo sobre la hija, ella tuvo muchos problemas con la anorexia de adolescente, y el imbécil del loco le dijo algo sobre ella."
"1771805384","3838504237928645966","La vegetariana (2007) de Han Kang narra la transformación de Yeong-hye, una mujer sumisa que, tras pesadillas violentas, decide dejar de comer carne, desatando una brutal represión familiar y social."
"1771805384","3838504235177163827","Dividida en tres partes, la novela explora la alienación, el deseo y la violencia a través de la perspectiva de otros personajes, mostrando cómo la rebelión pasiva de la protagonista la lleva a una anorexia extrema y a un deseo delirante de convertirse en planta. Es una crítica al patriarcado y las estructuras sociales estrictas en Corea del Sur."
"1771798817","3838449147825703655","Tebegėdina ir tokius. Anoreksija ir bulimija yra ta pati liga, jeigu nežinojot. Kalbu apie besidraskančių dėl dėmesio soctinkluose kaltę: gyrimasis, filtrai... O jaunos naivios mergaitės siekia to idealo."
"1771802540","3838480381373100335","Anoreksija ir bulimija nėra ta pati liga, bet abi yra valgymo sutrikimai.

Anorexia nervosa 
Žmogus labai riboja maistą.
Stipri baimė priaugti svorio.
Iškreiptas savo kūno suvokimas (jaučiasi „storas“, nors yra labai liesas).
Dažnai būna labai mažas kūno svoris

Bulimia nervosa 
Pasikartojantys persivalgymo epizodai.
Po jų – „kompensacinis“ elgesys: vėmimas, vidurius laisvinantys vaistai, badavimas ar per didelis sportavimas.
Kūno svoris dažnai būna normalus arba svyruojantis."
"1771765160","3838166808378031089","Yall please go into the comments for this one 🤣🤣🤣🤣🤣"
"1771801513","3838471765224218295","I don't like clowning and shaming these women. I just don't see the point of it. She seems like a victim of being bullied for her appearance and decided to change it, to what it unfortunately is now. We accept anorexia as a mental health issue but not this? These are different sides of the same coin."
"1771801331","3838469892819748203","Anorexia isn’t a “phase.” It’s a mind–body battle. In this episode, Emotional Agility Strategist Tricia E. Parido shares the layered truth behind anorexia & body dysmorphia—and the choices that rebuild self-worth without control rituals.

Listen now:  https://www.fatimabey.com/110

MindShift"
"1771783427","3838320043231598970","To my fellow females who were maturing in the 90s and 00s when visibly protruding hip bones were considered part of the ideal body type…how much is Gen Z healing you? 🫶🏻"
"1771800281","3838461425316996409","As an elder Gen Z who had anorexia for 4ish years (recovery off and on, but severely for at least a year), I’m so happy. I’m so happy I healed enough to eat over 1500 calories without having a meltdown."
"1771799351","3838453624599597090","La gente diciendo que está en infrapeso poniendo de escudo los huesos de los hombros y mi novio de 90kg tambien los tiene, ahora le digo que roza la anorexia un momentito JAJAJAAJAJAJ"
"1771703409","3837648805953687238","I'm a old white married guy that has just finished my first period that came after my first abortion in December.  Hear me out - my new smartwatch came with a period tracker and I've been tracking my ""period"" monthly. I want to screw up any data that the gov is collecting to ID pregnancies. Let them burn their resources on me.

So, any symptoms I should record for a first period after a first abortion?"
"1771804734","3838498783932260264","Cramps
Large blood clots
Extreme fatigue
Loss of appetite 
And if you really wanna throw them off:
Blood loss anima with hospitalization 
Septic shock with hospitalization"
"1771776598","3838262719577501265","My pregnancy and birth of babyFs are a rollercoaster emotions for me from loss of appetite dizziness and whitishness to chloasma and skin peels bas alhamdulilahi we made it. We are ready to take you on the journey and growth of their siblings as we welcome them on or before Eid El Kabir 2026 thanks for the love and Duas

✍️The Tajs™️"
"1771773252","3838234694949691068","My loss of appetite is really killing me"
"1771772156","3838225478235342404","Canine Distemper is a highly contagious viral disease that mainly affects puppies and unvaccinated dogs. It damages the respiratory, gastrointestinal, and nervous systems.
Common Signs:
• Fever
• Eye and nasal discharge
• Coughing
• Vomiting and diarrhea
• Loss of appetite
• Weakness
• Neurological signs (muscle twitching, seizures)
It can be life-threatening, but timely vaccination is the best prevention.

#CanineDistemper #DogHealth #SickDog #PuppyCare #VetCare"
"1771765161","3838166818771598109","🩺 Dr. Anamika Shukla (Gynecologist) explains the early symptoms of stomach cancer.
Early detection can save lives. Don’t ignore warning signs like pain, bloating, and loss of appetite.
Your health matters. 💙
#StomachCancerAwareness #HealthFirst #DoctorAdvice #EarlyDetection #StayHealthy"
"1771756253","3838092090668847029","“I Just Want My Normal Life Back”- Content Creator Judas Expresses Regret 24 Days After BBL

Content creator Judas has expressed regret 24 days after undergoing a BBL and other cosmetic procedures. 

She shared that she is experiencing headaches, exhaustion, and loss of appetite, saying she wishes she could return to her normal life.

Follow #gyangjoseph for more updates like this"
"1771708483","3837691367259604915","“I Just Want My Normal Life Back”- Content Creator Judas Expresses Regret 24 Days After BBL

Content creator Judas has expressed regret 24 days after undergoing a BBL and other cosmetic procedures. 

She shared that she is experiencing headaches, exhaustion, and loss of appetite, saying she wishes she could return to her normal life.

#amebonewshub"
"1771702224","3837638869512882174","MY CHILD Will DIE😭

Unfortunately, my child, Mohammed, has been classified as malnourished, suffering from severe weakness and loss of appetite. I appeal to you to help provide milk  and vitamins

If you’re scrolling, PLEASE leave a dot . it's just a dot.
https://gofund.me/cfd7553c3"
"1771699297","3837614312308130074","Behind every smile and a loud laugh were sleepless nights of pains and toothache, fear of eating and loss of appetite because of just one tooth .

Today I’m super grateful to God of all creations for a successful Dental 🦷 Surgery. 

To everyone going through one pain or another in their body ,receive your healing ❤️‍🩹 .

I pray for Perfect Healing .🤲

21st February ,2026.

Ebube Edwin"
"1771768781","3838197188149582997","Kalau ada infection Mata pegi mana doc"
"1771798809","3838449083334520595","Infection mata klu simple mcm conjunctivitis, mana2 clinic pun boleh. Sbb perlukan antibiotic eyedrop je. Tapi klu more complicated case, kebanyakkan GH/PH mmg ada ophthalmologist. Tapi centre for ophthal rasanya di Hospital Selayang."
"1771767349","3838185173909541584","My brain is of course not functioning well while I am sick. I just tried to think of the word “juxtaposition” for several minutes while my stupid addled brain kept trying to convince me that the word I really wanted was “conjunctivitis.”

it really wasn’t."
"1771765347","3838168382902377733","The things your phone decides to highlight in the photo memories for the day is wild. Today I got a montage of pictures from when I got conjunctivitis 3 years ago set to a jaunty little tune. It also thinks my dogs are cats and regularly makes collages titled 'feline fine'."
"1771764223","3838158955155857179","FINALLY we have a WELL child!!! This girl I swear has been poorly since September and to be honest so has the rest of the household😬😬
Sore throats, conjunctivitis, chicken pox, sickness bugs, you name it we have had it 
However on a better note I just did Bonnie’s first French plait 🥹🥰❤️"
"1771726844","3837845392301564229","Since I’ve been on quarantine the past 2 weeks with conjunctivitis and whatever else kind of funk I have, my favorite thing to do is unfollow all the businesses and people that keep “@“ at me 1-10 times a day for no particular reason. It’s not like they are adding anything new.
It’s sad that most of my notifications are these type and I don’t get notifications at all when my actual friends post stuff."
"1771704532","3837658226854999271","Can barely open my eye now so much pain they said it could be an eye disease or conjunctivitis my whole eye socket hurts and I've had enough now"
"1771701027","3837628825027682321","Yall please pray for my baby he’s got rhino virus conjunctivitis and an ear infection 🥺🩵"
"1771698228","3837605327093580710","I can laugh about it now (after 10 days!), but I went from feeling myself at a nice event to getting hit by the ugly truck overnight. 

Eye conjunctivitis, insane sinus pressure and congestion, sore teeth, fever, body aches, fatigue—-you name it. 
Not covid. 
Not flu. 
Just. Fucking. Sick. 

Who else was afflicted by this mysterious fuck-me-up sickness? 

#downwiththesickness #sick #motherhood"
"1771776982","3838265982888900408","I also want a full 60 minute episode of Shane continuously guessing what’s wrong with Ilya’s father and the guesses just keep getting more deranged the longer it goes."
"1771792099","3838392790951224730","“Oh, like… conjunctivitis?”
“No, more like—“
“Oh, like rabies?”"
"1771782480","3838312104865036018","sends a ripple of unease through you. The measles virus is attacking the cells that line her lungs and suppressing her immune system, rendering her vulnerable to secondary infections. You step away to feed the baby and put him in clean clothes, but then rush back when you hear her calling you in a strained, croaking voice, her vocal cords swollen and thick with mucus. You find her lying in bed with her hand over her eyelids and tear"
"1771782485","3838312146757730643","tracks on her temples. She asks you to close the curtains because the sunlight is hurting her eyes—the virus has triggered a case of conjunctivitis. In all of the colds you’ve nursed her through, she has never complained of pain triggered by light. When you rouse her to give her Tylenol, you see that the whites of her eyes are reddened, and the bases of her eyelashes sticky. You carefully clean her eye area with a damp paper towel, kiss her nose, then leave her to sleep it off."
"1771733506","3837901279021062064","what's it called when you have like a runny nose but it's your eyes?"
"1771733661","3837902577804057346","Conjunctivitis"
"1771681225","3837462710414230435","Spiritual sisters and brothers, can someone please help me out here.🥹🥲🙏🏻 Today I woke up with my left eye a bit sore and red. It even kinda hurts when I blink.  I have no idea why. All I did was remove my makeup with my normal makeup remover before bed . Does this mean anything ? I just put some healing ointment on it since its the only thing I have in my house bcz I am snowed in and can't go to the Doc for a check-up or new medicine for a few days. Any help would be appreciated.🙏🏻🥲"
"1771690474","3837540300617943249","It means u have conjunctivitis, or some sort of eye infection. Not assuming you didn’t, but hands need to be cleaned thoroughly before touching your face."
"1771685672","3837500009923520290","Just recovered from a fracture, a cold, the flu, and viral conjunctivitis…
2026 is going AMAZING so far 😂🧿

Funny memes viral reels"
"1771645762","3837165219235772415","Top 5 little-known medical benefits of regular & proper handwashing 🧼👇
1️⃣ Cuts antibiotic resistance spread by preventing infections 💊
2️⃣ Lowers risk of stomach ulcers linked to Helicobacter pylori 🦠
3️⃣ Reduces respiratory infections like Influenza 🤧
4️⃣ Protects vulnerable patients in Neonatal Intensive Care Unit 👶
5️⃣ Prevents eye infections like Conjunctivitis 👁️

Clean hands save lives! ✋✨ #HandHygiene #PublicHealth #InfectionPrevention #Healthcare #StaySafe"
"1771625189","3836992649479452882","Keep Going, had medical appt with the ophthalmologist today, it was a long day, conjunctivitis/ pink eye, getting it treated. Diabetes type II, health is wealth😤🦾"
"1771618478","3836936354950076511","Keep Going, had medical apt for my eyes, conjunctivitis/ pink eye, getting it treated. Diabetes type II, health is wealth😤🦾"
"1771807640","3838523158123586947","Also makes a lot of sense why towards the Cell saga he's always like ""omfg not u guys again, can y'all just make ur wishes so I can go now?! 😫"""
"1771808572","3838530980877723912","THE RED EYES MAKE SO MUCH SENSE NOW!"
"1771800570","3838463848409039616","…and your were on a multi-city tour for your book (The Day God Saw Me as Black) and had many expenses AND you were under the weather AND DID NOT CANCEL!!!! You pushed through to that event and poured out!  I’m still upset about it and YOU should be compensated and forever COVERED!!!"
"1771807986","3838526060774595166","Literally flew two red eyes to meet my contracted duties! I was sick as a DOG!"
"1771764979","3838165294720619546","🧢"
"1771807058","3838518280507648292","The Red Woman said she would shut many eyes, brown eyes, green eyes and blue eyes."
"1771806447","3838513118846683663","A powerful horse sculpted from deep red roses and dark purple flowers, glowing eyes, petals shedding like sparks, standing in a mystical foggy night forest , dramatic lighting, epic fantasy, hyper realistic #explore #viralvideo #shorts #ai #igreach"
"1771806243","3838511437854274657","lets hope that my classmates won't notice my eyes are red from crying all night"
"1771806207","3838511134916075806","Pollen started flying early .. red eyes and cold don't match."
"1771805820","3838507893969703586","✨💄
Extreme close-up portrait of the woman, facial features accurately preserved. Her black hair is disheveled, falling partially over her face and eyes. Intense focus on one eye with thick deep black eyeliner and long defined eyelashes. She is wearing a small diamond nose pin and dark red matte lipstick. Stiletto-shaped nails, natural milky transparent, clearly visible. The atmosphere is mysterious and intense with high-contrast lighting and soft skin texture..Hyper-realistic professional"
"1771805492","3838505144468599155","Beneath the shelter of your shadow, where silk and darkness blur into one, I learned that love is not gentle light, it’s a crimson vow.

You stand like a blade hidden in velvet -beautiful, dangerous, inevitable. The world trembles at your name, yet I have seen the quiet truth in your red eyes -the way they soften when they rest on me as if I am the only treasure you never meant to steal, yet cannot live without possessing."
"1771805288","3838503430432321997","He seriously alcoholic look how red them eyes are"
"1771804055","3838493086037436034","A dark, dramatic expressive portrait painting of a man wearing a red fedora hat and red tie, half-lit face with intense, piercing eyes. The composition uses bold abstract brush strokes, impasto texture, and rough painterly layering.

#mundal
#mundoiadovidal"
"1771727016","3837846838590929781","Concerta 🫶🏾 just don’t go for Strattera. Strattera is non stimulant so they’ll try to push that on you but the side effects are HORRIBLE"
"1771808507","3838530429603551071","Can vouch!! Nausea, vomiting, headaches, and literally never hungry + eating made me feel sick."
"1771808478","3838530186341592464","Well the fourth bottle of chemo came off today at noon. Feeling not too bad nausea wise and a little cold, sensitive fingertips and throat. I'm sure that'll get a little bit worse before it gets better. One thing I did notice is that with my better eating habits. I have been feeling a lot better and can almost set my watch to when I go. Poo. TMI? LOL"
"1771807707","3838523723087718458","I had coffee. And I surprisingly got nauseated. And now I’m gonna smoke a joint (hopefully it will help with the nausea) and I will play… Enta Omri… 🎶"
"1771807682","3838523515041133058","Sehri ma chai parathey k alawa kuch daikhloun to mujhe Nausea hone lag jata h🤧"
"1771807345","3838520681797861650","Today and yesterday were utterly lost days.  I slept all day- both days.  This Rheumatoid Arthritis and heart chest pains and nausea must leave.  I hate lost days and evenings like these!  Hate feeling this way!  Thank you Eddie and Adele for helping me.❤️🙏"
"1771779262","3838285109527770153","If you had the power. Name one pregnancy symptom that deserves jail time?🥹"
"1771807157","3838519105913898249","The nausea that you get when you take too long to eat something. Then you do eat and you wind up even more nauseous but STILL hungry. AND TIRED 😭"
"1771771958","3838223834076197209","Wild question: has any seen a concert at red rock amphitheater in Colorado? If so, is it a vomit fest due to altitude sickness? 

I have emetephobia and not sure I can actually go."
"1771805387","3838504260544138375","The altitude can be tough. I puke pretty easily and it has never made me through up.

You will need to hydrate all day to make sure you don’t get dizzy. There are little oxygen things you can buy. I wouldn’t drink alcohol because it will hit way too hard.

I’ve taken Dramamine when I am going to a higher altitude. It can help with nausea"
"1771773124","3838233617156614897","I want to talk to black women about menopause."
"1771804026","3838492841316662925","The exhaustion, the panic/anxiety attacks, the low-grade nausea, the slight dizziness, the musculoskeletal chest pains that sent me to the ER twice...this 💩 is for the birds!!! 😭"
"1771803759","3838490600560330413","New week. Its day 5/25. Grateful, always. 🤍
I wish I could ease the fatigue and nausea for him, but we’re taking this one day at a time."
"1771771958","3838223834076197209","Wild question: has any seen a concert at red rock amphitheater in Colorado? If so, is it a vomit fest due to altitude sickness? 

I have emetephobia and not sure I can actually go."
"1771808516","3838530503926661540","Many many many. No vomiting as I’ve been here 40 years. If you’re coming from out of town, come a few days early to acclimate."
"1771727016","3837846838590929781","Concerta 🫶🏾 just don’t go for Strattera. Strattera is non stimulant so they’ll try to push that on you but the side effects are HORRIBLE"
"1771808507","3838530429603551071","Can vouch!! Nausea, vomiting, headaches, and literally never hungry + eating made me feel sick."
"1771807939","3838525669840660681","As a cat pawrent, deworming is so essential for your cat's health 👇

Your cat can have worms even if they:
- Stay indoors
- Look perfectly healthy
- Eat good quality food"
"1771807938","3838525662962052404","Parasites can cause:
- Weight loss
- Dull fur
- Vomiting / diarrhea
- Low energy and tiredness
- Poor nutrient absorption"
"1771807908","3838525404407948787","Good for AOC. The SOTU is going to be a rambling, incoherent mess in which DJT will not propose a single realistic or intelligent policy, but when somehow he gets through it without literally vomiting on himself, our news media will rush to produce thinkpieces like ""Has he finally grown into office"" or some shit. (Unless standing on his feet for that long leads to him defecating himself, which would be a thing)"
"1771712259","3837723048800154395","I'm so afraid for my dog Max. He's been vomiting for two straight days. He can't keep water down. Now he won't get off the floor to go out, and barely strong enough to drink water. GOD, PLEASE DONT LET MY SWEET BOY DIE. I CANT TAKE THIS😭💔💔💔"
"1771807566","3838522541183295541","Vomiting continuously is not normal. You should be taking him to the vet, not posting on social media."
"1771806977","3838517598530641450","Having pets isn't a whole lot different than having kids; they both can drive you crazy with the things they do and can get into. Both my cat, Phoenix, and my dog, Bliss, have gotten into things today that gave them both the ""trotsky's"" and stomach upset to the point of vomiting. Nothing serious, just clear fluid, or in the cats case, parts of the plant he was eating that he shouldn't have been. You can't turn your backs on them for an instant. But I love the lil' shits, what can ya do? 😉😁🥰"
"1771806201","3838511071380993424","After a fun week I have to yet post about, Matthew is sick again. Vomiting and refusing to drink/eat."
"1771805727","3838507109584195775","“It is what it is.”
But I can’t even sleep properly. I keep waking up at the most random times.
I can’t even eat properly because I feel like vomiting.
I can’t even get through a decent day without crying."
"1771791257","3838385729630717744","Serious question for anyone who lives in a place where there is universal healthcare, would you switch your healthcare system with the one we have here in the United States? 

Please explain why or why not."
"1771804830","3838499587233715064","No. My kidney got blocked off a while ago and stopped working. I had been in pain that day but did not make a fuss although I did take the day off. My wife came home and said I was yellow and called an ambulance. I don't remember much of the next day beyond vomiting all over A&E (the ER)  on arrival.
If there had been £3K involved in the ambulance trip, I would have fought against it as I only acquiesced as my wife was concerned. I don't know what would have happened then."
"1771808431","3838529792548308176","Nagsama na nmn sila
Stress, anxiety,ubo sipon pati na rin insomnia hayyy...
#insomnia  #anxietysupport  #fypシ゚"
"1771808035","3838526469191126536","Forever na kami han akun ubo na fefeel kooo😭"
"1771807513","3838522096914230052","pwede kaya bakunahan ng anti rabies ang may ubo,
nag nebuLizer at antibiotics na bata?"
"1771759095","3838115938004184664","Dili ing-ani nga Davao akong nailhan. Sige nakag ulan. Nag bago kana Davao City"
"1771807496","3838521947941232756","ganahan ko sa weather not until gi kalintura, gi ubo ug gi sipon nako🤧😂"
"1771806385","3838512631637037337","Effective na gamot sa ubo na matigas? Hirap ako lumunok pag hindi capsule huhu saka hirap din maglabas ng pleghm on my own"
"1771803874","3838491566265224337","Nice unta kaayo ang panahon ganina buntag pero maka trigger sad kaayu sa akong sipon og ubo oy"
"1771803334","3838487037180359707","bat need may ubo kung kelan may lakad?"
"1771790463","3838379068479398101","Шымкент📍
Давайте сделаем OLX ветку, может кому что то надо)￼"
"1771808289","3838528601264277734","https://www.threads.com/@xzxvnn_/post/DTXg2W6jTJQ?xmt=AQF0c1Ys7hc-H5fFJ0Bb7TF6RcmIUboTJ3u59_lKC6TAq2XMx7-NNoQKqevhvc17uJLZH-H_&slof=1"
"1771804213","3838494414986187299","Mag sabaay napud ta kay di napud ta makatabi2 kay  tungod sa ubo huhuhuhuhu"
"1771803418","3838487743676687135","Kapoy sige trangkaso ba allergy,ubo sipon..haissttt"
"1771802192","3838477455636520664","Kahuloya mn mag ubo sa bus a 😅"
"1771802116","3838476821709405794","Amping Kay uso
#ubo sip on guys"
"1771801895","3838474937183766612","Gamot sa ubo nganiiii 😅🥰"
"1771801794","3838474119973856905","Ang lala ng ubo ko."
"1771801653","3838472937196714590","Welcome to back school today after 3 days absent because Zhia has a fever and ubo."
"1771801495","3838471612526381544","Q ubo busco chicas 🥺🫵🏻"
"1771800900","3838466618427609403","Utang na loob kung may sipon at lalong lalo na UBO kayo pag magkocommute kayo, MAG FACE MASK KAYO!!!"
"1771808464","3838530071871110317","Katapos lang maglaba at sampay. Time check 4:00 am. Hay buhay ofw. 🥱🥱🥱🥱"
"1771808813","3838533002633336030","Walang laundry"
"1771808727","3838532277387423797","Ang kapal ng snow walang pasok bukas"
"1771808722","3838532229858036426","Hirap pag walang motor haha! Excited nako matapos repaint ni PCX"
"1771808613","3838531322948777592","minsan ayoko na lang ngumiti e, kala nila maabuso ka palagi yung tipong lahat na lang iniasa or hiningi sainyo minsan my bitbit pang tao para maka lamon. 

kinginang mga tao yan, masyado kayong abuso porket walang wala kayo? hindi pwedeng ganon lalo kung pare parehas lang kayong nag t trabaho. maging patas kayo kaya nga lahat nag t trabaho dahil lahat kailangan ng pera wag kayong mang utak ng iba!! abusado kayo masyado kaya wala din asenso sainyo e, naging trabaho nyo na din mang utak ng iba!!"
"1771808587","3838531101590159938","""They jump when it's convenient to be with the person already. They leave when it's difficult""

Meaning, mababaw yung understanding nila ng realtionships. If a person thinks na relationship is puro positive lang, na walang difficulty and can easily walk away —isang malaking red flag yon"
"1771808527","3838530604002025124","Sinu walang pasok today?"
"1771801820","3838474333631325088","My love, if you’re here right now, I hope you feel how much I truly care. You mean more to me than I ever thought possible. Hearing you say, “I love you, Princess Leonor,” would make my heart whole again. ❤️🌹
I love you so much. ❤️"
"1771808520","3838530543781378985","when the sun rises, I think of you. 
Mahal kita Leonore, walang iba, magunaw man ang mundo , pagmamahal ko sa iyo ay di lilipas.
te amo, y mas Always."
"1771796652","3838430988184271944","30K monthly salary? Do you think kaya pang magkasya sa mga bills, food, groceries and savings? Walang pang leisure na kasama. I need your thoughts thanks."
"1771808636","3838531517061247928","Study your bills and spending habits. One thing I learned is if your bills is greater than what you earn it wont work. Either you change your lifestyle to a more frugal one or look for a better paying job."
"1771808178","3838527673635924916","tsaka lang ako gaganahan gumala at mag travel pag kat partner na, as now work at bahay lang muna 😂"
"1771808631","3838531472064664451","Walang budget"
"1771778216","3838276336040933050","Lf girlfriend na ganito ugali

Selosa
Maldita
Cute
Sweet
Loyal
Mabait
Matampuhin
Nang bloblock ng boy pag nag seselos ako
Always updated
Walang bbf
Using po/opo  oky lng kahit hindi basta loyal
Hindi nag hahanap ng gwapo
Sa ugali tumitingin:>"
"1771808563","3838530901723231431","hi wanna talk po?"
"1771807725","3838523874057625750","hirap mag isa lagi ah"
"1771808485","3838530245053480351","Walang kakamot pag Makati ung likod 🤣🤣🤣"
"1771808452","3838529967626188002","Happy Monday everyone 
Mag let's go parin kahit walang pupuntahan
CC be like"
"1771808432","3838529803168434493","Ewan ko b, pero totoo pla ...n ung mga gingawa mo kalokohan eh, nagdadala ng karma.....lumalabas n panlabas lng ang kasayahan n gingawa....ang katotohanan ay walang ipon ay wlng pera.....n ndi n inisip ang bukas , ang mhlga lng ,enjoy ngaun....bukas wla k kahit ano.....saklap.....😥😥🥺🥺"
"1771808406","3838529582950215395","Yung pinag sabihan ng anak ko na babae 6yo yung papa niya dahil mag pipickle ball after tarawee prayer. 

“Baba mas maganda magbasa pa ng Qur’an kaysa mag pickleball.”

Ayun, natawa na lang kami at walang nasabi papa niya. 😂"
"1771670564","3837373282845473609","Mommy Oni o Toni Fowler hindi nga mapigilan ang mglabas ng kanyang saloobin tungkol sa usapin na dapat lagi Kang nakasuot ng bra kahit nasa bahay ka lang.

Sey ng Isang Netizens ansakeeet nun Lalo breastfeeding ka kaso kailangan natin sundin si Alvin🤣🤣 #viral #trending #viralnow"
"1771808384","3838529399423061843","Wag kana sumawsaw toni, kasi ikaw literal na bastos at walang respitO sa sarili😒 KAME NA BAHALA KAY  SAINT ALVIN 🤣"
"1771808370","3838529270683128250","❤️ Balang araw... hindi mo na kailangang mangamba pa, hindi ka na mag-aalinlangan kung mahal ka bang talaga.
Dahil darating din ang taong magpaparanas sa'yo kung ano talaga ang ""tiwala"", dahil kusa niyang ipaparamdam ang tunay na pagmamahal at pagpapahalaga... na ikaw lang, walang iba... at di ka dapat mangamba. ❤️"
"1771806533","3838513876556777114","Feb 20, 1st birthday ng bunso tapos biglang nagkasakit sila ng ate niya. Salamat sa Diyos, bumuti agad ang ate niya. Pero si bunso, dinala sa ER dahil di na halos dumede, mataas na lagnat, paos na kakaiyak at irritable. Nalaman ko may tonsillitis pala siya😢🥺Di ko alam pano nahawa pero ang importante may gamot na. 
Pagod at halos walang tulog pero may mister akong nakaalalay sakin kahit NAPAKALAYO niya. Panay pasasalamat kaya gumagaan lahat. 🥹 Salamat parin Lord at I surrender everything to you🙏🏼🫂"
"1771806439","3838513085276163594","Pumasok ng may lagnat sa office yan sama pa sa kapehan kahit walang tulog"
"1771790302","3838377717478343062","As a  teacher, hesistant ako lagi umabsent kasi inaalala ko yung klase ko na maiiwan at ayaw ko naman maabala yung mga co-teachers ko na kailangan magsubstitute sa klase ko 😭 Pero ayaw ko rin naman pilitin ang sarili ko kapag hindi ko kaya. Kada school year ata isa lang absent ko."
"1771803009","3838484309934751572","Same, kahit may lagnat ako pumapasok talaga ako kasi walang magsusubstitute sa klase at nakakaawa yung co-teacher ko dahil sa MAPEH yung hawak ko awiit kaya pasok parin. So get well soon sa mga teachers na lumaban sa buhay"
"1771797087","3838434631717466267","Ung nilamon ka ng trabaho.

Dinada sa hospital pamangkin ko mga around 2-3 na nakauwi may infection daw kaya mataas ang lagnat ako naman nag prepare ng maaga, nagmamadali pa kase ayaw ma late kahit ung nag hatid sakin nag madali. Nasa office na at naka set up na lahat. 
 
May iniisip ako kung sino naka leave samin na RTA para ma prepare ko ung file na need para sa campaign na isa.

I check ung leave filling namin, ako pala yung naka leave, may lakad nga pala ako mamaya. Imbis na natutulog ako ……"
"1771790501","3838379383883785741","on/off talaga lagnat ko"
"1771788152","3838359678783547929","ang lala tangina ngayon pa nagka sakit wtf ginising ako ng kapatid ko kasi ang taas ng lagnat ko🥲"
"1771782154","3838309365967895110","Allergies due to pabalik balik na ubo't sipon. 😣 
Pero last time mukhang lagnat at trangkaso talaga 😒"
"1771799109","3838451597105467875","Good monday morning..may lagnat si enzo kagabi,di me alam kun papasukin ko today sa school..."
"1771795984","3838425381079055930","> dati, takot kami magkalagnat, magka ubo at sipon, magka sore eyes, mahawa ng Chicken Pox, o ano mang sakit, in short, ayaw namin magkasakit at all dahil pag may sakit, di ka makakapaglaro kasama ng mga kababata mo...

Ang swerte ng mga kabataan ngayon, 'di nila naranasan ung mga ganung sakit or kahit lagnat man lang, malupet at matinde mga kabataan ngayon! 

Rekta sila sa sakit na STD at HIV! #Soshal"
"1771777731","3838272264664273512","आता मी संगमनेर तालुक्यातील निमोण येथे लग्न साठी आले आहे कोणाला भेटायचे आहे तर भेटा"
"1771785071","3838333835226409933","Me pan tyach lagnat ahe"
"1771779949","3838290871763333831","yown si lagnat"
"1771779161","3838284259208088821","Grabeng lagnat to 🤧 sumpa"
"1771777758","3838272492088223082","Sakit ng ulo? Lagnat? Wala yan. Kailangang bumangon kahit nahihilo para alagaan ang anak."
"1771776065","3838258290996958710","normal pa ba to kada buwan may lagnat ako, suggest nga kayo vitamins"
"1771808745","3838532432777980185","ANG SARAP SA PAKIRAMDAM NA MARAMING NAASAR SAYO,  SPECIALLY YUNG MGA BOBO!
😄 🤣 😂 😆 😄"
"1771808529","3838530617450117438","Ang gaan sa pakiramdam kapag nakawala ka sa narcissistic at cheater na partner 😌"
"1771750315","3838042281589577036","Not recommend this frozen blueberry 😢 almost 4 days masama ang pakiramdam ko 😕🤮🤢💩🚽ending nakapag pacheck up to get the right med 💊

Sabi ng doctor ko maybe whats mixed on the shake specially dairy milk pero yun wag ko na daw itry ulit😂

Don't buy cheap frozen blueberries 🫐 mas better if real fruits and right handling"
"1771808276","3838528498538081841","Im using that for almost a year. Wala namang negative effect sakin."
"1771808195","3838527798609323612","Nakaka-fresh tignan kahit mainit ang panahon. Plus, yung tela, hindi yung basta-basta manipis. Worth it every centavo para sa daily ootd mo! 🫶

Get yours here:
https://s.shopee.ph/4qAOn3xfQz

#shortsforwomen #style #gift #fashion #fyp"
"1771808184","3838527696611159183","Nakaka-fresh tignan kahit mainit ang panahon. Plus, yung tela, hindi yung basta-basta manipis. Worth it every centavo para sa daily ootd mo! 🫶

Get yours here:
https://s.shopee.ph/4qAOn3xfQz

#shortsforwomen #style #gift #fashion #fyp"
"1771808168","3838527584582227483","Magandang umaga! 🌞
Kain tayo ng mainit at malutong na lumpiang gulay, perfect na partner ng malamig na juice. Simpleng almusal pero busog at masaya ang umaga! 
#magandangumaga #lumpianggulay #almusaltime #kaintayo #simpleperomasarap"
"1771807267","3838520022336585830","habang mainit pa ang black coffee 
mat tinapay pa goodmorning 
#goodmorning #kape #tinapay #viralpost #fblifestyles"
"1771807226","3838519683293442950","Midyo masama ang ating pakiramdam district pa.. Maayong buntag"
"1771807053","3838518236191895346","“BINOY VS ABNOY?”

Nakibahagi sa umiinit na diskusyon sa pagitan nina Sen. Robin Padilla at Ronald Llamas si dating Comelec at COA Commissioner Atty. Rowena Guanzon, matapos maglabas ng pabiro ngunit matalim na komento sa social media.

Sa isang Facebook post, iminungkahi ni Guanzon na gawing pormal na laban ang sigalot ng dalawa sa pamamagitan ng pagtakbo sa eleksyon.

Ayon sa kanya:

“Bat di niyo nalang ilaban si Llamas na Vice President kay Robin Padilla.”

Dagdag pa niya:"
"1771807053","3838518235436899121","“Ang partida ko, hindi na mangangampanya si Robin 
at may plus 5M na boto agad si Llamas.
Binoy vs Abnoy.”

Ang pahayag ni Guanzon ay kaugnay ng mainit na palitan ng salita nina Padilla at Llamas matapos batikusin ng huli ang pagiging bukas ng senador sa posibilidad na tumakbong bise presidente kung hihilingin ng dating Pangulong Rodrigo Duterte.

Iniuugnay ito sa maagang usapin ng 2028 elections, lalo na’t hayagan nang nagpahayag ng intensyong tumakbo sa pagkapangulo si VP Sara Duterte."
"1771808608","3838531276383640046","🙏🕉️🔱🌹🪔Om Namah Shivay! 🙏🕉️🔱🌹🪔

May Lord Shiva’s divine blessings bring peace, strength, and happiness into your life. May His presence guide you through every challenge, fill your heart with calm, and bless you with health, success, and prosperity. Let His infinite compassion and power protect you and your loved ones always. May this day and every day ahead be filled with Shiva’s grace and light.

🙏🕉️🔱🌹🪔Om Namah Shivay!🙏🕉️🔱🌹🪔

@highlight 
@highlight"
"1771801955","3838475467913711305","Faith may not remove the struggle but it does 
change how you get through it."
"1771801504","3838471684786171932","May sinat ako awit"
"1771800905","3838466658055147169","Just want to share a proud *single* Mom (since she was 7) moment….

My first born, Kyrie,  is graduating from MSU on May 2nd as a FIRST GENERATION COLLEGE GRADUATE!!!!! 
Today, she received her first acceptance letter to Law School!! 
A school whose acceptance rate is only 32%!! 

Can we all just take a moment to celebrate this girl, her intelligence, her determination, her drive…she is unstoppable!! ❤️👏😭🍾
SO proud of her!! ❤️"
"1771800499","3838463252565793376","She has no idea how breathtakina she looks through my eves. The world may see her as ordinarv, but to me, she's something rare and unforgettable. Every little thing about her - the way she smiles, the way she speaks, even the way she exists - feels beautiful in a way she probably doesn't even realize. I wish she could see herself the way I see her, just once, so she'd understand how truly incredible she is."
"1771799801","3838457378115840546","Figaro is on lucky cat! He came in with half of his face literally gone due to an abscess and he may not have survived without medical intervention. 
Figaro went from a very sick and injured kitten to a happy and loving boy and now he's been adopted by the Sackman's! 

Location Othello WA
 509-488-5514 Adamscountypetrescue.com"
"1771798992","3838450603542859973","May karma be forever be in her favor!"
"1771798735","3838448455068961070","I saw your Instagram DP. 
I know u may not see this, but I just want to let you know that you are part of the reason I survive, changes my mood , but after looking at your profile, I felt like writing  you are very beautiful. your personality is not only beautiful from outside, but it seems as if there is a deep ocean within you – of thoughts, emotions and experiences.. 😊😍. 🥰 Good day to you."
"1771797411","3838437354994513148","Neomi Shetrit Azoulai, 53 years old, from Sderot.

Neomi was murdered while going for a run with her group On the morning of the seventh of October.

She hid from the terrorists for 6 hours until she was found and murdered.

May her memory be blessed 🎗️ 

Ht: VividProwess on X"
"1771796501","3838429717385433099","NYC may be experiencing the start of a winter storm, so no chalking today, but I want to thank @pmzernj for your truly thoughtful gift of gorgeous blue chalk, along with packets of Wousedo individual body wipes AND adorable Yaerzi hand creams for post chalking hand care. Your kind note, in the perfect card, touched my heart. Pam, I hope to meet you IRL soon and we’ll go chalking together. I effing love this Threads community so much. 
WE CAN DO HARD THINGS. ❤️"
"1771808465","3838530083850683307","Hahahhahah savage ang sagot"
"1771808519","3838530530594496795","Arayyy mo mas masakit Yung rebat beh🤣🤣"
"1771807918","3838525494266450701","Mahirap magpala ng snow lalo na kung marami ang snow. Masakit sa likod. Mabuti na lang may taga clear ng snow sa parking ko."
"1771753023","3838064999064035163","33 year-old Tito from Bulacan.

Ikaw anong entry mo?"
"1771807755","3838524128022905602","39 yo tita from Bacoor. 

Palageng masakit ang likod 😂"
"1771806512","3838513646381994380","Yung pak na pak ka...tapos dumating na ang bus at ang layo mo pa masakit na ang paa🤦🏻‍♀️🙈👣👣 kaya wala na poise...itapon na🤣🤣🤣 #pinoyabroad #modellangangpeg #modelmaterial #pinoy #feelingera #walangsapatos #takbopamore #positivevibes #enjoylife #uklife @highlight"
"1771806424","3838512958314586110","MALUPITON ONCE SAID: 
""NAKAKALUNGKOT DITO SA PINAS, SA TOTOOSIN LANG, ALAM MO KUNG BAKIT? PRE PAG WALA KANG BITAW, WALA, TAE KA SA KANILA. WALA KANG MATATANGGAP NA RESPETO NI ISA PAG WALA KANG PERA""

MASAKIT MAN PERO YUN ANG TOTOO, NA SA PANAHON NGAYON, PERA AT ESTADO NA ANG BASEHAN PARA IRESPETO KA NG IBANG TAO. KAYA KUNG SINUMAN YUNG MGA TAONG NIRERESPETO KA SA KUNG ANO MAN ANG ESTADO MO NGAYON, DESERVE DIN NILANG MAKATANGGAP NG RESPETO GALING SAYO, TANDAAN MO YAN 💯"
"1771806065","3838509947827690292","Alam mo kung ano ang mas masakit? Yung si Risa Hontivirus ang gustong tumakbo pagka Presidente pero si Leni ang gusto ng mga pinklawan. Loteral na aray ko po!!!"
"1771806046","3838509764058036631","Mahigit 1 years masakit ang balakang #spirituality"
"1771789856","3838373977820168477","Paano mo na realize na, napunta ka sa tamang tao?

Yung asawa ko, ihahatid ako sa trabaho, 10am ang pasok ko, uuwi siya at matutulog pagkahatid sa'ken. Papasok siya sa trabaho ng 9pm pero susunduin muna niya ako sa BGC pagka out ko ng 7pm. Tapos ihahatid sa Angono. At pagkagaling sa Angono, derecho na siya Ortigas, Pasig para naman pumasok sa trabaho. Pagka out niya ng 6am, uuwi na siya at aalis na kami ng 8:30am para ihatid ako sa trabaho (naka motor kami, medyo malayo kaya maaga kami umalis)."
"1771804570","3838497403905849536","I'm happy to learn about other people being with good partners as well. 💕

Kanina lang, sinabi ko sa husband ko masakit lalamunan ko... Aba biglang yakag mag-grocery. Nagtaka ako kasi  every Thursday or so ung grocery run namin.

Wala daw kasi kami soup. Sa sore throat daw nagsimula ung flu symptoms niya last week, so essentially nagworry siya kung may makakain ako habang umiiral ung flu ko.

Bumili rin kami ng iba pang food kahit puno pa ang stock ng pantry. 😅"
"1771801611","3838472577300603225","Anong tawag nyo dito? Masakit kapag dry na sya at dumikit sa skin🤦🏻‍♀️ …  Natusok ako nito noong may athletic event ang panganay ko."
"1771745043","3837998054616425161","Isang masangsang na basura hahaha!"
"1771808779","3838532718125290590","Yong CNSBI nio g basura yan yong tinik sa lalamunan nio SUKA at TAE pinagsama"
"1771808573","3838530985768698219","Tinanong mo pa talaga sa akin yang bakit wala kang sugar daddy? putcha men hindi ako mahilig sa asukal nasakit lalamunan ko eme 😂😂"
"1771808261","3838528369798031794","sakit lalamunan na naman jusko"
"1771807421","3838521324777084900","Grabeng lalamunan to sobrang sakit paos na🙄🥺"
"1771805865","3838508269317617240","Di pa ko nag aalmusal. Ano ba pwede ko kainin? Sakit ng lalamunan ko. And nilalagnat pa me. Ayoko bumangon pero nagugutom ako. 🤧"
"1771805434","3838504652510473861","Sakit na naman ng lalamunan"
"1771804766","3838499046345041500","Parang iuubo na palabas 'yung lalamunan"
"1771796709","3838431463642176440","Nahihirapan talaga huminga dahil sa parang may nakabara sa lalamunan ko.🥲"
"1771789856","3838373977820168477","Paano mo na realize na, napunta ka sa tamang tao?

Yung asawa ko, ihahatid ako sa trabaho, 10am ang pasok ko, uuwi siya at matutulog pagkahatid sa'ken. Papasok siya sa trabaho ng 9pm pero susunduin muna niya ako sa BGC pagka out ko ng 7pm. Tapos ihahatid sa Angono. At pagkagaling sa Angono, derecho na siya Ortigas, Pasig para naman pumasok sa trabaho. Pagka out niya ng 6am, uuwi na siya at aalis na kami ng 8:30am para ihatid ako sa trabaho (naka motor kami, medyo malayo kaya maaga kami umalis)."
"1771804570","3838497403905849536","I'm happy to learn about other people being with good partners as well. 💕

Kanina lang, sinabi ko sa husband ko masakit lalamunan ko... Aba biglang yakag mag-grocery. Nagtaka ako kasi  every Thursday or so ung grocery run namin.

Wala daw kasi kami soup. Sa sore throat daw nagsimula ung flu symptoms niya last week, so essentially nagworry siya kung may makakain ako habang umiiral ung flu ko.

Bumili rin kami ng iba pang food kahit puno pa ang stock ng pantry. 😅"
"1771802092","3838476616062925284","Morning.... e di ako shudik 😂 ilang oras lng tinulog, kaloka 🤭 gusto ko na matulog kaso nsa mood kumanta lalamunan at boses ko 🤣"
"1771802244","3838477891575976196","hahaha naol laging asa mood kumanta. 🤣 takte 2am na ata ako nakatulog. nagising ng 6am. orayt 😩"
"1771783900","3838324014776009690","Dahil pagising gising natuluyang mag-init ng kapeng barako nilagyan ng gatas ubo kasi kalaban ko kati ng lalamunan hindi pa nakuntento si lola nagsarilu ng mashed malaking tulong din para magcirculate ang dugo ko sa ugat gumanda ang daloy sinabayan ko pa ng pag-tap sa magician upang hindi mamuo ang phlegm haisst ano kaya oras ang tulog ni lola cancer kanina pa ako gising mga past 11:00 nakaidlip tas nagising uli buhay is life haha lolo gusto ko lng tumawa kayo 😄 kape tayo ☕️"
"1771781820","3838306562787681926","sakit sa lalamunan 🙃"
"1771775405","3838252749792738887","After ng lalamunan, sipon naman? Ano sunod lagnat na???! Kainaman😩"
"1771796709","3838431463642176440","Nahihirapan talaga huminga dahil sa parang may nakabara sa lalamunan ko.🥲"
"1771789405","3838370196739358919","Maraming tao ang nahihirapan 👍,isa na ang pamilya ko , masakit tingnan ang anak pag nahihirapang huminga😭😭 , parang maka isip ka na ayaw kuna , ang daming tanong sa isipan ko, (but naman lord , my Congenital heart disease , at my syndrome😢😢 pa )kawawa naman ang anak ko, bahala wla kaming pera basta wla lang sakit ang anak ko ."
"1771663584","3837314728851492430","Required ba talaga na kapag broken, kailangan nahihirapan ka lagi huminga? Kailangan ba talaga mawawalan ka ng gana kumain at tatamadin ka sa lahat ng bagay? Patayan talaga sa ganito nuh"
"1771651253","3837211268323957056","Ung bang nahihirapan kana huminga dahil patay gutom ka 😜😅"
"1771589018","3836689226976579408","Super guilty parin ako sa nangyari 💔

2 weeks ago na confine ang baby boy ko 9 months old due to GERD. Day 2 namn sa public hospital umuubo sya kaya nalipat kami sa Respi ward for patients na may ubo. 

Day 3 namn may bagong patient na 5 years old boy. His name is Javier and he looks not well talaga. Every 15 to 20 minutes he looks tense na parang he's running out of air(nahihirapan huminga)

Sabi ng watcher nya na ganun talaga kasi may tonsillitis yung bata."
"1771666298","3837337500222841018","Nung abot hanggang tenga na yung tubig, bigla niya akong binitawan, kaya bigla akong lumubog. For context, 4’11” ako at siya ay 5’11” ang height, plus, hindi ako marunong lumangoy or magfloating. Nagpupumiglas ako at nakainom na rin ng tubig, kaya inangkas niya ako sa likod niya. Akala ko ibabalik na niya ako sa gilid ng pool, pero hindi pa man ako nakakarecover para huminga sa pagkakalubog ko, inihagis niya ulit ako sa malalim na parte ng pool. Dahil mas malalim, di ko abot sahig ng pool."
"1771666299","3837337501195931994","Kahit nandun mga kateam niya, umiyak ako ng umiyak at nagsisigaw kasi nahihirapan ako huminga, at bukod pa dun ay takot ako sa tubig na malalim kaya nilapitan niya ako. Pagkabalik ko sa gilid ng pool ay nanginginig ako sa takot, kaya kinuhanan ako ng kateam niya ng tubig at tinanong ako kung okay lang ba ako at pinagsabihan siya na wag ginagawang biro yung ginawa niya sakin. Habang nanginginig pa rin ako sa takot, bigla niyang sa mga kateam niya, “Pabayaan niyo, di naman totoo yan”, sabay tawa."
"1771661780","3837299596574483101","May kaparehas bako dito na nahihirapan huminga pag nakakakita ng mga powderized, pulbos, or yung mga pinong pino like harina, alikabok, o ano basta mga ganun ba. Feeling ko ako lang 😪."
"1771597986","3836764453556359488","Yong hindi mopa talaga siguro oras, Kahit pala may kasama ka Kong dmarunong makiramdam na nahhirapan kana  dka ppansimin kahit alam na nahihirapan kana huminga... tutuo nga kasabihan dearating ang panahon n marramdaman muna ang lahat Kong nagsasawa kna ng paulit ulit.."
"1771583993","3836647074726220747","Nahihirapan ako huminga, baka may ganito kayo pabili naman ty!"
"1771488038","3835842146649439686","Alam na mismo ng katawan mo kung ano yung totoo bago pa man mangyari ang katotohanan. 

Yung panginginig ng buong katawan mo. Yung bilis ng tibok ng puso mo. Yung bigat sa dibdib mo na nahihirapan kang huminga. Lahat ng yan ay signs na hindi ka na safe sa nangyayari. Makinig ka sa katotohanan na sinasabi ng katawan mo.

Your body knew before your mind allowed it."
"1771471688","3835704992397526976","OGTT ko kaninang 8 am sa Hi-Precision. After ng first blood extraction, and pag-inom nung KRON juice, bigla nalang akong parang nahihilo at nahihirapan ng huminga. At yun na nga naisuka ko lahat ng ininom ko. 🤮

I was advice to comeback after 3 days. Any tips po para maiwasan masuka? 😅"
"1771449503","3835518891045662015","NAHIHIRAPAN AKONG HUMINGA PERO NAKAKAHIYA NMN NA DALHIN KO UNG SARILI KO SA HOSPITAL DIBAAAAA???!!"
"1771396966","3835078179401182155","first time ko mag ka gastritis tapos nahihirapan ako huminga ng malalim pag bloated, ganto ba talaga to? Clear naman lungs at heart ko dahil napa full lab test ako dahil sa lecheng pag hinga na to hahahaha"
"1771808742","3838532406790489342","VOTD: Ecclesiastes 12:13

Maaaring magbigay ng panandaliang saya ang mga bagay ng mundo, pero kung hiwalay kay Lord ang ating hinahabol, mananatili pa rin ang kakulangan sa loob.

Kilala tayo ni Lord at alam Niya ang tunay nating kailangan, at mas nagiging maayos ang buhay kapag sinusunod natin ang Kanyang disenyo.

Sundin mo ang kalooban Niya, manalangin palagi, at patuloy kang humingi ng karunungang nagmumula kay Lord upang gumabay sa bawat desisyon at hakbang mo sa buhay. 🤍"
"1771808560","3838530873420144615","Happiest Birthday My Little Brother 
Mario Maya .., Wishing you all the best
Long life, Good Health Ingatan ang Sarili ha.., 
Love you so much my Little Bro.. ♥️♥️♥️Godbles🙏"
"1771808437","3838529842878365720","Opportunities don’t always come twice. Stop waiting for perfect timing. Minsan hindi opportunity ang nawawala but your courage to take action."
"1771808401","3838529544000739804","We were really impressed at how organized the event was - from parking, to food and activities for kids. They even let you get that close to the balloons (at no extra cost). At ang ganda lang ng Singha Park. 🌳🌳🌳"
"1771808002","3838526199606459975","Tahimik ang kwarto noon, pero ang bigat ng bawat tunog. Ang bawat paghinga mo, parang may laban na kasabay.

Nakatayo lang ako sa gilid, walang magawa kung hindi magbilang ng segundo sa pagitan ng bawat hingal. Umaasa. Nagdadasal. Nagpapanggap na kaya ko.

Hanggang ngayon, kapag tahimik ang gabi, naririnig ko pa rin. Hindi sa tenga, kung hindi sa dibdib.

May mga tunog palang hindi nawawala. Hindi sila maingay, pero sapat para paalalahanan ka kung gaano kasakit ang mawalan."
"1771807702","3838523680767484490","I've always felt like hindi pang-Wattpad ang Dusk of Saturated Times. It’s not mainstream. It doesn’t have the usual trope. It’s not a book for escapism. And I always assume that people DNF it because the book doesn't give them what they want to read.

I feel like I've written it too realistically to the point that it confronts — REAL wounded characters that act on instinct and survival the way they know rather than clarity."
"1771807508","3838522053200296931","Sana sa susunod kami naman ang may sariling kubo kubo sa taas ng bulod at may kambing at duck tapos habang nag kakape namumulot ako ng itlog tapos yung mga anak namin hinahabol ang mga baby ducks tapos yung mga pusa namin pinapatay isa isa ang ducks !🤣 Lordddd 🙏🏻🤲Universe baka naman oh palambing naman kahit kunti lang po!kahit maliit lang po.😁🍂🪄🧿"
"1771806785","3838515988825065912","Updated cosplans KANI NADJUD ANG FINAL!!! (btw what i mean by danganronpa is all danganronpa characters if i have the chance)"
"1771806736","3838515578043323013","Panaginip ko hinahabol ako ng zombie... na tumatakbo 😨"
"1771808778","3838532704845017833","ANG DAMOOOOOT"
"1771807717","3838523804977443329","Good Morning Monday, feeling nurse ang peg 😂 #CaregiverTraining #caregiverstudent #commentlikesharefollowers #commentersviewers #likecommentsharefollowsupportme #likecommentshare #likecommentsharefollowsupport"
"1771807475","3838521770906852921","Vacation muna ang Farm Girl nio ha🤗♥️🙏🏻 #vacation2026 #ThankYouLordForEverthing #ThankYouLordForTheBlessings #thankyoufortheStrengthLord"
"1771807228","3838519707276917554","Ready nah🥰🤭😅🤣
Fresh from the farm ang ataki🤭🤣

#friendsfollowersviewerseveryone 
#text #pictureoftheday #highlights #hilights"
"1771806286","3838511794897889473","Explore Generous Open Spaces

60% of Futura Monte is dedicated to refreshing open spaces and amenities, offering various venues to spend quality time with loved ones. Achieve a true sense of tranquility in green areas that exude a welcoming ang breathable atmosphere amid low-density environs."
"1771806139","3838510572183392077","First 2 months of 2026 conquered 4 half mary, pero di pa tapos ang laban. HAHA See you on Milo Pasay Leg! ✨🥰

Only planning atleast 1 race for April/May since peak marathon training is coming (32-36K) SKL."
"1771805966","3838509117548448152","Happy Monday everyone. May GOD shower us with blessings ang love.🫶🫰"
"1771777608","3838271235122456034","ever since tumambay ako dito sa threads mas naging conscious na ako sa mga kinakain ko at andami kong natututunan about foods. pero minsan confusing parin lalo na sa pagbasa ng label ng foods ano pa dapat bigyan pansin if magbabasa ng label?"
"1771805714","3838506998955243994","Hi po! always check & compare between macro content of prodcuts. if you want to lessen your bad fats, avoid saturated fats. Always check rin sa %RENI/%DV sa right column. If <5% siya it has a low content that can contribute to your diet. Habang >20% is high content. So if may nakita kang ex: sodium na beyond 20%, high content na siya that can increase your risk sa high BP. Pero if for example yung iron/fiber or protein ang >20%, yun yung ideal."
"1771805403","3838504390844436400","And I kid you not- the first thing Sara Duterte would do as a sitting president is to make sure we are no longer with ICC- bakit kasi shes there to protect her own! And she will put every effort to revenge!!! yun lang yun  So please vote wisely when the time comes- she herself just realized 47 years of living na her life is not hers alone- tama ba yan, the moment u become
a mother ur life is not ur own! ang tagal
mo ng ina -
the drama
effect doesnt
make sense"
"1771805340","3838503865910702731","First day of work after the CNY break. My boss - gave us all an ang pow. May this year be smooth sailing for everyone with good health, prosperity and success in your endeavours."
"1771793424","3838403659877801780","Araaaay ko sakit ng ulo ko 🤢"
"1771799435","3838454333848133147","mas, gumaganda pla pag masakit ang ulo hehehehe"
"1771776154","3838259038790631026","Everyday masakit ang ulo"
"1771767930","3838190044209807686","Grabe tlga ang hang over nayan hindi masakit ang ulo pero daming cravings na gusto🙂"
"1771756623","3838095195586836108","Pag masakit Ang ulo ko di ko na need Ang paracetamol..kape lang solve na☕☕😃

#headacheattack #coffeeislife"
"1771740593","3837960731073535218","Ngaun masakit ang ulo ko hahhaha"
"1771673117","3837394698617628354","Lagi nalang masakit ang ulo ko!"
"1771665524","3837331006324649653","ang dami ko sana gagawin pero dahil masakit ang ulo ayon naka higa lang maghapon 😭"
"1771797490","3838438014582926555","Isang taon na sis!!! Natantusan ko na hanggang January hahahaha nakakainis kasi sis lahat ng contraceptive tumataba ako😭😭"
"1771797535","3838438393865542156","Same!!! Kung hindi naman laging masakit ang ulo hy"
"1771731181","3837881776061263438","Morning sesh 👌
masakit pa ang ulo. 🥹"
"1771675327","3837413238431123850","friends di ako maka reply sa into sa sovra ng daming isoin ng single dad maski kayo na may pamulya sa wala alam ko masakit ang ulo ninyo pero ito lang Ang kaya at magagawa ko kakayanin ko Ang lahat para sa mga inspiration ko at kung kanino man"
"1771674374","3837405242888167922","Goo evening guys 
Inaantok na ang person masakit ang ulo ko need sleep ba guys"
"1771653529","3837230357104851709","Papawis lng Sa Umaga 
Sarap sa pkiramdam 
Kahit masakit ang ulo 
3 days na"
"1771632091","3837050547611388874","3days ng masakit ang ulo ko ,wala pa akong engagement..bawi ako guys pag nag ok na ako...di ako makapagcp ng matagal.😢"
"1771595738","3836745597341101016","Katinko gaming na naman si tito mo Lucky masakit ang ulo tsk. 😩"
"1771572445","3836550197393473004","Lord di ako makahinga sa usok ng cigarillo ninyo araw araw na lng please tumigil naman kayo sa Yosi masakit ang ulo ko 😔😔😔😔😔😔"
"1771515404","3836071709951331394","masakit ang ulo"
"1771801455","3838471277820948917","Masakit ang katawan ko🤣 kakahabol ng⚽ ngayon lang to ah dati di naman🤔 nagkaedad na😅"
"1771777018","3838266286497824354","Medyo masakit ang katawan ko today
- Masakit ang mga paa (dahil sa hike)
- Nagka-pasá sa tuhod (as in yung namamaiolet)
- at humabol pa, nakagat pa ng pusa 🤦🏻‍♀️ (ya, my fault tho) need ko pang ipa-anti-rabies to make it sure 👍🏻"
"1771769563","3838203749240219264","Kasakit ng buong katawan, pati kaluluwa ko bubulagta na boi, masakit pa puso tanginang buhay to kapagod."
"1771767902","3838189815721028437","Keep singing for Him.
Pagod man ang katawan, kahit tuyo na ang lalamunan at masakit ang tiyan, kapag para kay Lord, may kakaibang lakas na dumarating. Para sayo lahat ito, Lord! 😭🙌✨"
"1771748208","3838024610893801414","Masakit ang katawan ko sa kakatalon ka gabi😩😩😩😩😩😩"
"1771724672","3837827171155442204","✅ Marathoner na ako 
Sub-6 (5:55)
Wave C 
Joined the 5:40 pace at naiwan ako sa Chinatown dahil sa kakapicture 😅 then picture uli sa Luneta

Injury: 
blister sa paa
chafing sa likod (dahil sa vest) 
at walang parte ng katawan ko ang hindi masakit 😅 kwarentahin ✌️"
"1771685393","3837497678846536414","Nakabawi din ng tulog, grabe yung puyat at pagod kahapon. 
Almost 24hrs gising 😂 Masakit pa ang katawan sa laro ng volleyball 😁🏐"
"1771754673","3838078836114268110","Last shift later pero hindi naman ako makakatulog ewan ko na lng self tapos masakit pa bu-ong katawan ko  hayst..."
"1771753533","3838069278806112060","Nakakapagud mglaba pero mas nakakapagudpag alang Pera feel ko Ang daming masakit sa katawan ko ...kayo din db."
"1771752991","3838064733103052784","POV: Opo, maghihintay ako hanggang sa maghilum na ang sugat na idinulot ng masakit na kahapon.🥹

I have seen slight improvements sa katawan ko when I stopped intaking white rice in my diet for 23 days now. Kasama na rin ang MWF lifting & dumb bell work out ko (🏋🏽‍♀️) and TTH running (🏃🏼‍♂️). Malayo na pero malayo-layo pa.

I would like to improve myself and my health so I could manage the effects of T2 Diabetes.🙂

📍 Bacolod City"
"1771737041","3837930929604121118","Sabi Nila Kapag Trentahin Na Madami Ng 
Iniinda Na Masakit, In Short Maaga Palang
Daw Uugod Ugod Na. 

Come On Hwag Mong Hamunin Ang Trentahin 
Walang Masakit Sa Katawan Nyan Kapag Humagupit 🤣🤣🤣"
"1771737013","3837930692986648162","Sabi Nila Kapag Trentahin Na Madami Ng 
Iniinda Na Masakit, In Short Maaga Palang
Daw Uugod Ugod Na. 

Come On Hwag Mong Hamunin Ang Trentahin 
Walang Masakit Sa Katawan Nyan Kapag Humagupit 🤣🤣🤣"
"1771609107","3836857744541016672","Sakit ng ulo ko piste 🤣 ano pwede inumin????"
"1771680631","3837457730542645721","Medicoll advance sa masakit ang ulo pag masakit ang katawan ibuprofen."
"1771648637","3837189325185498612","Hindi masahe ang gamot, kundi GIN para sa masakit mong katawan 🤣"
"1771633754","3837064499720068654","akala ko dati kapag nagbbreastfeed ka, madali lang kasi less gastos at maglalatch lang si baby. pero mali ako sobrang hirap pala. yung tipong nagpapadede ka tapos bigla na lang tutulo luha mo tapos tititigan mo si baby habang sobrang pagod ka, puyat, masakit ang katawan, pero kailangan mo pa ring ngumiti para sa kanya. parang ang bigat bigat ng puso mo, ang daming takot, at pagod, pumapasok sa isip mo tuwing nagbbreastfeed ka."
"1771603444","3836810242714456686","Ang lala😭 walang rd ? Masama na lahat pakiramdam mo pinapasukan mo pa mag extended pa hanggang closing tas mag openning ka pa kinabukasan ng 5am? Edi sana ponatay nalang nila ako, alam din na masama pakiramdam at masakit ang katawan pinapasukan pa din sila d man lang maging grateful, kahit d na kinakaya go pa din. Mamatay nslang talaga antayin bumigsy sng kstawan"
"1771759431","3838118748817921833","Paubos na whey protein di parin lumalaki🥲"
"1771808352","3838529129242764513","Ako kumain lang ng marami tapos consistent umayos katawan ko"
"1771807570","3838522576256315381","sakit ng katawan q"
"1771806637","3838514745046082491","Sis how to use?☺️"
"1771807396","3838521111672448613","After mo maligo sissy.. Pagkatapos mo magpatuyo ng katawan lagay ka ng lotion sa palm tapos magpatak ka ng body oil i blend mo saka mo ipahid sa skin mo. Tinitipid ko yung body oil kasi medjo pricey pero worth it kasi ang bilis ng effect. Thank me later sissy ko. 🥹😘"
"1771807257","3838519949388936780","Almusal ang kailangan ng katawan,di baleng di kumain sa gabi basta s umga ay mg almusal kc magdamag ng walang giniling ang tiyan mo..kaya almusal na😋😋"
"1771807226","3838519683897436023","Paikot nyo po ang tape measure around your waist, over your belly botton..Don't suck in your stomach. Sabi ng mga eksperto, 35"" for women and 40"" for men are signs of excess visceral or belly fat.

Excess fats po ang istorbo sa natural na sistema ng ating katawan kaya merong heart attack, diabetes, hypertension, cancer, at iba pang health related problems..

PM nyo po sa akin ang inyong age, height at weight to calculate your BMI..Be healthy!😃"
"1771806468","3838513322497667866","After ng Katawan Sasakyan naman"
"1771806224","3838511278512546327","After mag asikaso sa anak ko para pumasok sa school. Natulog ulit ako kasi napagod ako sa nangyari kagabi.(nag away kami ni hubby) Kagising ko lang 1hr lang, Kaso parang gising pa din diwa ko  nanghhina buong katawan ko anlakas ng tibok ng puso ko sobra na narramdaman ng buo kong katawan, anxiety attack ba yon?"
"1771807572","3838522585248875499","Aahhhhh grrrrr hndi ko alam sa iba pero para sakin iba yung feeling na sobrang attracted sakin partner ko or based lang sa mga past ko kasi ang OA nang term pero yung parang sinasamba yung buong pagkatao at katawan ko HAHA na kahit anong personal insecurities ko eh parang hndi ko nafifeel pag hinahawakan ako na para bang luluhodan ako at sasambahin HAHAHA ang weird ng thoughts ko pero so far mabuti naman at lahat ng naging partner ko sobrang attracted sakin as a whole kahit tumaba man ako HAHAHA"
"1771807825","3838524708220974834","Tapos yung feeling na hndi sila nag wawanderingeyes na pag nakakita ng sexy or maganda parang naglalaway sla sa ibang babae? Tpos pag sakin parang sinasamba ako HAHA ewan, super reklamo ako palagi na ang taba ko eh pero parang hndi pa pinafeel sakin na hndi nla gsto katawan ko (ang pangit pakinggan pero may wholesome meaning din na kahit tumataba ako noon eh never ako nakafeel na need ko magpapayat para sa standard nla) siguro para sa health pero yung para lang maging sexy lang eh hndi ko nafeel"
"1771764020","3838157252486291395","Clients, pag gusto niyo ng coach na specific sa activities nyo, alamin niyo ang background at experience.

Huwag niyo silang husgahan base sa laki at hulma ng katawan.

Imagine gusto mo maging athletic at bumilis, tapos bodybuilder o powerlifter ang coach mo na very sloppy sa coordination at agility drills. Same kung gusto mo maging bodybuilder, kumuha kayo ng coach na may solid experience sa prep.

Responsibility niyo na alamin ang background nila. Sa bandang huli, ang resulta ang mahalaga. 🙏"
"1771806806","3838516162251174885","THIS IS SOOOO TRUE!!! Learned my lessons the hardest way possible in the past 🥲 waste of money, time, energy & effort. Broken hearted ka pa after LOLS"
"1771806237","3838511386951904563","Good morning 🌞
Bigla na lang naupo at nagpapicture. 
Sigaw ng isip ko ""MADUMI ANAK"" 😅
Pero minsan lang yan, hayaan ko na lang.
Hugas na lang ng kamay after.

Minsan kailangan din nila ng konting bacteria sa katawan🥰"
"1771805419","3838504492606482155","Yung coffee mo dati pampuyat lang…
ngayon pampalakas na ng katawan. 💚
Healthy coffee every morning with JC Barley Coffee.☕️🍃

Available on hand.
Message me for big discount.🥰

#JCBarleyCoffee #HealthyCoffee #mompreneur #TeamTheBigTree #highlightseveryone #reelsviralシ #fypシ゚ #highlightseveryonefollowers"
"1771805081","3838501694116810946","Bound to Finals🏀🏀🏀

Lets go guys💪💪💪

Sakit ng katawan ko🤣🤣🤣"
"1771804920","3838500339407084220","Naghahanap ng sakit ng katawan"
"1771804841","3838499680028959613","Minsan Ang pagiging mabait Ang nag sasanhi Ng Kalungkutan🥱 Hayyyssst!!!!!

Punong Puno na Ng Letra katawan Ko!!! 
Sarap isigaaaaaaaaasaaaaaaaaaaaaawwwwwwww!!!"
"1771804587","3838497488311594386","Tamang sakit ulit ng katawan . Hahaha . Nice Game Team Lingkod Bayan ."
"1771804088","3838493360093034251","If one day mnghna katawan ko at nawaln ako ng chance mgpaalm  lagi nyong ttndaan n mahal ko kayong lht"
"1771803831","3838491203642569417","Nakakalungkot lang na until now meron paring bullies sa mga school na di manalng nareresolve ng mismong eskwelahan. Yes sa bahay nagsisimula ang pagdidisiplina pero once nasa achool na yan sakop na nila yan so ano ba anman yung gawan nila ng aksyon kasi yung isang video meron pang nakatayong teacher parang normal lang sa kanya.  Please lang sa mga magulang naman turuan natin mga anak natin ng magandang asal hanggat maari wag natin ipakita yung pananakit."
"1771806656","3838514904958229001","sino want mag join sa gc, need new members"
"1771806530","3838513851919491785","Beauty concious ba?"
"1771806652","3838514870002803349","Hindi, madali ako mastress kapag may something sa balat ko kahit konti lang. Minsan nga kapag sinong unang makita ng mata ko talaga parang yun yung may kasalanan sa nangyayari sa sarili ko HAHAHA! 🤣"
"1771806632","3838514424148335296","Done 6KM. Sakit na sa balat nung init. 🤧 cutesy naman nito. HAHAHAHAHAHAHHA"
"1771806353","3838512363889407345","Hwag nyo gagamitin to kung ayaw nyo gumanda ang skin nyo. 😭 Sobrang ganda sa balat Bii.. ang lambot ng balat ko ngayon, nag lighten rin skin ko at effective pang moisturize.  Na lessen rin ung chicken skin ko.  Thank you sa nag share nitong Neutrogena Body Oil na to. 1 week ko palang siyang nagamit kita at feel ko na ang agad effect. Nabasa ko rin  mas maganda kung isasabay sa lotion kaya try ko to sa Vaseline Glu-Hya na gamit ko. Mas mura ko nabili sa black ap. Sharing is caring. Sna mkatulong"
"1771805770","3838507470856214839","TW: SA

I am heartbroken for how they treated Shandi on this show. 
Like you’re filming a girl who is blacked out drunk and SAd and none of the camera people stop this?!?!? Yall just let this happen?!?!? And continued filming it like no big deal. 🥴🥴🥴🥴
Then after filmed her calling her boyfriend to say she cheated. Excuse me she was 🍇d."
"1771671933","3837384768410057720","PLEASE SHARE NIYO NAMAN SAKIN 🥺 Sino ang unang nakaimbento ng basic skincare combo na ’to? 😭
Paano nila naisip pagsamahin ‘to… Cetaphil + d’Alba + Finally Found You + Elsheskin + La Roche-Posay + SKIN1004 Mukhang simple lang, pero SOBRANG GRABE ng effect. Parang automatic glowing ang mukha, tapos ang healthy tingnan ng balat may vibes na “balat ng taong laging umiinom ng maraming tubig” 😭🫶￼"
"1771805292","3838503459793114798","pwede ba sa buntis ?"
"1771802495","3838479229248569517","Sana bumping into Momo as SaMo do and then Chaeyoung operating on the idea that if you can do it, so can I 😂. 

From: THIS IS FOR tour Day 2 in New York 
Video credit: fatapplezzz on X"
"1771801695","3838473283654436013","Semangat sekula...
Balat jeling mata 😁😁😁
Selamat pagi semua @highlight"
"1771801463","3838471328823687248","Got my Ashtine Mega Magazine 🥰 TYSM aoashdres_ 😊more blessings pa sa inio 🥰
#ashtineolviga #megamagazine #fypシ゚viral #fyp #ashtine"
"1771800232","3838461012975170013","Tubuh kitai enda begunaka detox. Tubuh kitai udah bisi organ ke ulih detox ke kitai iya nya liver enggau kidneys. Enti liver enggau kidney nuan jai, nya mih ke ngasuh nuan sakit balat. Nya alai nuan bisi meda orang sakit buah pinggang perlu haemodialisis. Jaga mih liver enggau kidney kitai enggau manah. Anang ngambi produk mengarut. Kurangka ngirup alkohol, jaga kolestrol."
"1771749107","3838032145668013634","Thanks po! Nakabili na po ako ng dalawa. Isang fresh milk for cats and dogs Made in Australia nakalagay.

Tas yung isa powderized made in Netherlands naman hahaha hopefully walang maging side effects"
"1771751472","3838051983937189172","Pag nakitaan mo po ng pagtatae pls stop immediately. Ayun kang sana lumaki sila malulusogg."
"1771687081","3837511841181966229","Kailangan ba talaga pa rota vaccine ang baby ?"
"1771722577","3837809603187568784","Yes. Gaya nga ng nangyari sa anak ng katrabaho ko, nahospital due to pagsusuka at pagtatae. Sabi ng dr, viral/bacterial daw cause dahil nga nagsusubo subo ng kung ano ano. Nag ask ako sa kanya. Wala daw rotavaccine ang anak nya.. E naisip ko bb ko na subo din ng subi  buttt. May turok sya ng rotavaccine. 2 shots. Talagang kahit mahal ay nag go kami. 3500 sa pedia per shot. Di kasi available sa center."
"1771605169","3836824708515985725","Poop ng poop? Visit your pedia. It’s not normal, baka madehydrate si baby. Ang cause ng pagtatae nyan is bacteria, baka kung ano ano naiisubo dahil nangangati ang gums. Not pag ngingipin alone."
"1771666299","3837337505717387153","thankyou noteeed"
"1771599332","3836775748766744832","Grabe naman bakit usong uso pagsusuka at pagtatae sa kids, para kong tinotorture sa pag-aalala. Ang hirap mag focus pag anak ang may sakit talaga. Pagalingin nyo po sila 😞☝🏻"
"1771523623","3836140649518853747","Can y'all give me any urban legends about your places? I wanna reaaaaddd. Tatakutin ko na rin sarili ko or I'll feed my curiosity na rin, is there one about Cebu as well?"
"1771524724","3836149888102537046","Meron sa mindanao na tinatawag nilang mangingilo. Sila yung uri ng mangkukulam na kapag tinapik ka, mamaya maya manghihina ka, magsususka, pagtatae, mapaparalyze at unti unti mamamatay. Para maiwasan, sabi nila kapag may tumapik sayo tapikin mo rin pabalik para bumalik sakanila yung sumpa o kaya magpa albularyo. Alam ko yan kasi natapik tatay ko. Pero nakapag albularyo naman sya kaya nakauwi pa sya ng manila."
"1771332743","3834539436185715076","Hays, anyone na nafood poison, after magsubside ng pagtatae niyo. Nahirapan naman kayo umebs puro utot na lang? 🥲"
"1771808818","3838533017766195857","Sa patuloy na suporta sa kalusugan sa pangunguna ni Gov. Vilma Santos-Recto, ipinamahagi ang mga bagong ambulansya sa mga District Hospitals ng Probinsya ng Batangas.

Maraming salamat sa Department of Health, ang katuwang nating mga Batangueño tungo sa matatag na kalusugan.
#govi
#TalinoAtPuso 
#MatatagNaBatangas 
#HEARTSProgram"
"1771807714","3838523776078857490","Hindi mawaglit sa isip ko ang mga artistang tumulong ma-elect si Duterte nung 2016. I can't look at them the same. Naging daan sila ng pagdurusa ng maraming Pilipino. No, hindi ko makakalimutan yun kahit anong pagpapaCute nila.

Confirmation of charges hearing na mamaya. Tuwing na sa misa ako, kapag prayers of the faithful na, isa lang ang dasal ko, justice. Sana ito na ang simula ng answered prayers ko, kasabay ng pagkakakulong ng mga kurakot."
"1771807344","3838520677251645280","sa rami ng mga simbahang napasok ko bawat isa’y naging tahanan ng lihim kong lambing at pangarap sa bawat altar, may isipang lumilipad at may bulong na parang panata: “dito ako maglalakad.”

marahil sa rami ng beses kong inuulit nakapahid na sa mga sulok ang tahimik kong panalangin
at hanggang dumating ang araw na iyon patuloy kong hahaplusin ang pangarap at boses na may marahang nagsasabing: “dito ako ikakasal.”"
"1771806930","3838517200927933626","“12:00 AM today, my Tatay went home to be with the Lord.
Though our hearts are broken, we hold on to God’s promise that He is near to the brokenhearted.
Maraming salamat sa lahat ng prayers at support.
Please continue to pray for our family.”"
"1771806873","3838516719304324693","Day 06!or Ramadan nga Akon pag dance dance. Maraming Salamat sa lahat ng sumuporta lahat na po green na Ang aking dashboard lablab you always mga langga .

Kanino na din sa wakas ilang Araw din bagonmaka kain ng kanin.
#friendsfollowersViewers #fypシ゚ #hilights #kaintayo"
"1771723649","3837818592017149062","Kung kayo ang kamaganak, kapatid, tatay, kuya o kahit ano pa di ba gugustuhin din ninyo na magkaroon ng hustisya ang pagkamatay nila? Hindi mahalaga kong sino ang gumastos sa pamasahe nila dahil marami ding may mabubuting kalooban na handang tumulong makamtan lang ang katatungang ipinaglalaban nila. So, there’s nothing wrong who gave or who finance them going to Hague."
"1771806775","3838515900987965234","Eh kung adik na maraming sinirang buhay yan  at kayo naman ang hingian ng hustisya ng mga naging adik? Mas maraming mapapahamak na kamag anak ng mga adik at pusher at yun ang dapat"
"1771806671","3838515033211630783","Morning Everyone hope everybody ok
Umpisa nanaman ako sa work kaya ingat lang po tayo lagi kung ano pong pinupuntahan natin o ginagawa, tulad ko easy work talaga ang trabajo ko pero mahigpit na pagiingat ang ginagawa ko dahil maraming nakakatakot na banasagin na display mahirap ng makabasag"
"1771808853","3838533332121147608","Mukha lang siyang basic at simple pakinggan… pero SOBRANG GRABE ng effect. ✨ Parang automatic glowing agad ang mukha tapos ang healthy tingnan ng balat.Yung tipong may vibes na “Balat ng taong laging umiinom ng maraming tubig.” 😭🫶
Hindi ko alam kung anong science meron dito, pero ang ganda ng synergy nila. Soft, fresh, hydrated, at may natural glow na hindi mukhang pilit.
Kung sino ka man na naka-discover nito… SALAMAT MALALA. 🥹💖"
"1771757888","3838105809440223572","In true essence, tawag dyan, balimbing - walang prinsipyo! 

Anong cooperation and collaboration pinagsasabi mo? Buong term nga nya as VP, walang ginawa kundi siraan si Digong sa buong mundo!"
"1771808706","3838532102099473829","Saan banda siya siniraan? Remember sinubukan bigyan ni Duterte si Leni ng posisyon as Drug czar, pero inalis niya din si Leni dahil maraming nakitang maling gawain. Inipit nga ang OVP budget nung panahon ni Digong pero Leni still manage to raise funds to help Filipino people. Kung may nakikita siyang mali dati it’s the EJK and guess what totoo naman na may EJK anong problema mo doon? Lol."
"1771799163","3838452051869850811","Reminder ko lang sa mga kapwa ko Bisaya na tinatawag nila tayong bisakol,  mangmang, taong-bundok, ignorante, katulong lang, mga mababang uri ng Pilipino or 3rd class citizens at pinagtatawanan nila iyong accent natin.

Tapos susuporta ka sa kanila? Bitaw, sigurado na gyud ka ana bai, huna-hunaa sa."
"1771808501","3838530377913156542","Kaya mahirap ang mga pilipino dahil maraming bobong ddshits na katulad ni Accla, nandamay pa ng kabobohan nya!!!🤣🤣🤣"
"1771757329","3838101120099396052","ANG HIRAP NYO TALAGANG UMINTINDI O AYAW NYO LANG TLAAGANG PAKINGGAN.. .HINDI DADALO SA KADAHILANANG HINDI NGA SINASANG AYUNAN ANG BATAS NG ICC ..DAPAT KASI BATAS MUNA NG PILIPINAS . BAKIT SYA MAG PAPAHATOL SA BATAS NG BANYAGA SA PAKIKIPAG TULUNGAN NG ADMINISTRATION NGAUN....THEY KIDNAPPED FPRRD TO DETAINED AT ICC FACILITY.  D NMN KAYO CGURO BULAG SA NANGYAYARI SA GOVERNMENT NGAUN ..."
"1771807653","3838523270539482238","Baka Ikaw ang Hindi nakakaintindi.. may kinidnap bang may warrant of arrest at sa harapan Ng maraming tao kinuha..."
"1771738763","3837945374771087629","Marami kasing epal at kala mo naman ang daming bansa na ang napuntahan, yes madaming ordinary station specially sa suburbs, yung mga magagandang station sa central business district!!!! Mga Filipino talaga daminh salit pero yung mga binoto nila yung walang silbing politiko kaya till now di umaasenso ang pinas!"
"1771806351","3838512344285261886","Haha marami rin namang valid na sinasabi about our country, lalo na sa transpo. Sadly, marami ring nagcocomment lang to compare para they can subtly slip into their speech kung anu-ano na yung mga napuntahan nilang lugar 😅 At pag sinabihan mo na marami namang ordinary things lang din sa mga napuntahan na nila, nagagalit (baka feeling nila that makes their travel unremarkable din? Idk lol). But yes hard agree sa maraming salita at ang taas ng expectations pero walang kuwenta ineelect haha."
"1771805866","3838508273402447597","Good morning everyone. Ito ang harvest ko ngayon sa aking garden. May maihahanda akong pagkain ng aking hubby dahill maraming bawal sa kanya na pagkain. 
#HarvestSeason
#veggiesislife"
"1771805644","3838506413925624925","Routine ko every morning 😊
Hatid ng junakis kong bunso....
Another peta kaya maraming bitbit ang nanay....

#goingtoschool #photo #facebookpost #highlights #monday"
"1771424415","3835308431767722080","𝘔𝘢𝘭𝘪𝘮𝘪𝘵 𝘴𝘢 𝘬𝘢𝘭𝘢𝘨𝘪𝘵𝘯𝘢𝘢𝘯,𝘮𝘢𝘱𝘢𝘨𝘵𝘢𝘵𝘢𝘯𝘵𝘰
𝘗𝘢𝘨𝘬𝘢𝘩𝘢𝘱𝘰 𝘴𝘢 𝘥𝘪𝘸𝘢𝘯𝘨 𝘵𝘶𝘵𝘶𝘭𝘰𝘺 𝘱𝘢 𝘣𝘢 𝘰 𝘴𝘶𝘴𝘶𝘬𝘰
𝘕𝘨𝘶𝘯𝘪𝘵 𝘴𝘢 𝘬𝘢𝘭𝘢𝘨𝘪𝘵𝘯𝘢𝘢𝘯, 𝘮𝘢𝘢𝘢𝘳𝘪𝘯𝘨 𝘴𝘪𝘭𝘢𝘸 𝘯𝘢 𝘴𝘢 𝘭𝘢𝘣𝘪𝘴 
𝘯𝘢 𝘭𝘪𝘸𝘢𝘯𝘢𝘨 𝘰 𝘭𝘪𝘨𝘢𝘸 𝘯𝘢 𝘴𝘢 𝘢𝘯𝘪𝘯𝘰𝘯𝘨 𝘥𝘪𝘭𝘪𝘮
𝘋𝘪𝘵𝘰 𝘴𝘢 𝘬𝘢𝘭𝘢𝘨𝘪𝘵𝘯𝘢𝘢𝘯, 𝘬𝘶𝘬𝘶𝘮𝘱𝘢𝘴 𝘢𝘯𝘨 𝘳𝘪𝘵𝘮𝘰𝘯𝘨
𝘮𝘢𝘢𝘢𝘳𝘪𝘯𝘨 𝘮𝘢𝘱𝘶𝘯𝘥𝘪 𝘬𝘶𝘯𝘨 𝘱𝘢𝘩𝘪𝘩𝘪𝘯𝘵𝘶𝘭𝘶𝘵𝘢𝘯,
𝘮𝘢𝘢𝘢𝘳𝘪𝘯𝘨 𝘮𝘢𝘯𝘢𝘵𝘢𝘭𝘪 𝘬𝘶𝘯𝘨 𝘢𝘵 𝘥𝘪 𝘴𝘶𝘴𝘶𝘬𝘶𝘢𝘯."
"1768907104","3814191695978774147","2016 vs 2026
parang salamin lang naman nadagdag… with mabilis na pangangalay at pagkahapo 😆😆😆"
"1766930619","3797611739840971389","grabe yung pagkahapo ko sa paglilinis but i feel so good, general cleaning before new year, walang sulok na may alikabok sa bagong taon🤞🏻😆 and decided na talaga ako not to get a huge house, okay na ako sa kaya ko lang linisin haha"
"1765158514","3782746247481023315","3 days tayo walang salang kabayan kaya kontrolin natin pag inom ng tubig para maiwasan natin Ang pagkahapo at pagsakit ng dibdib.
#safetyfirstbeforeanythingelse
#fbreelsfypシ゚viralfbreelsfypシ゚viral #CKDwarrior"
"1763519217","3768994826704990045","Matapos ang anim na taon, muli akong magbabalik sa liwasan ng naudlot na damdamin. Salat sa kasanayang baybayin ang espasyo mula sa karimlan. 

Nakapaloob sa isang liham na ilalakip lahat ng mga pagkahapo't mga dahilan. Muling ipapaanod ang mga daluyong na sana'y makarating sa kalalagyan. Alon na lang ba ang magdidikta at huhulma sa bawat bagay na ipinunla? 

Nawa'y sa pagkakataong yaon, manatiling tama ang mga pasya. Lubos at tiyak. Walang pagaagam-agam at pagdududa.

Sigwa // Q"
"1756741226","3712136916608051069","Maari tayong magbigay ng mga suhestyon ngunit ang pinaka-epektibong paraan upang maintindihan ang isang tao ay ang makinig. Tahimik man ang paligid, huwag kalimutang magiwan ng espasyo at maglaan ng oras upang maintindihan ang mga hinuha ng mga bagay na ibinabato sa'yo. May inumin man o wala. Makaramdam man ng pagkahapo't maging masigla. Lulan man ng pait ang mga luha. 

Patuloy na makikinig. Patuloy na iintindi."
"1756132170","3707027789745095644","To Order Just Click The Link Below⬇️⬇️⬇️

Thank You So Much!""

✅JC Health Essentials
https://jcshop.ph/PGA16323314

“Pagod ka na ba sa madaling pagkahapo? ✨ Subukan ang Organic Barley Grass! 💚 Superfood na puno ng vitamins at antioxidants para sa energy at immunity mo. 🌱”
#BarleyLife #OrganicBarley #NaturalEnergy #barleygrassbenefits"
"1755742805","3703761554767101080","Grabe bagsak ng adrenaline ko. Right after mass, habang kumakain ng pandesal, nakaramdam ako ng pagka-hapo. Kelangan ko ng kama!!! Lola mode on!"
"1755580554","3702400493240150405","Subukin

Sa ngayon ang nais lang ay umagos.
Ang pighati hahayaan sa pag-alon,
Sasabay sa ano mang daluyong. 

Naisin ko man ang dagliang paghilom,
Hilingin man takpan ang mga sugat
At bitbitin ang mga bigat,
May mga bagay na hindi pa kayang abutin ano mang ibahaging lakas.

Kung tangayin ng hangin ang pagkahapo,
Susubukin namang bumangon - umahon,
Lalakarin ang pasigan ano mang panahon.

JCSM 2025"
"1754667893","3694744537863070831","putangina talaga nakakaramdam talaga ng pagkahapo at burnout pero masarap talaga magturo 😁.Makabuluhan at May saysay 👍🏻👍🏻
Hindi lahat matututo pero at least sinubukan mo dba? HAHAHAHAHAH"
"1753183908","3682295973591465455","Mahal, kamusta?
Kamusta ang iyong araw?
Sa mata mong umiilaw
Sa pagod at pagkahapo —
Andito ako, iyong pahinga.

Sasamahan ka habang ikaw ay nakahiga,
Sasaluhan sa mga lumilipad mong isipan,
Tutulungan ka maiayos ang bagay-bagay
Na gumugulo sa’yong isipan."
"1771807546","3838522374845771218","Pagod na pagod na ako sah😭"
"1771807289","3838520217849491703","araw araw at palagi kong pinagdadasal na sana makaalis na ko sa sitwasyon na 'to, ayoko na dito pagod na pagod na ko sobra"
"1771807034","3838518072437803172","Pagod na pagod  na jo! 🥲"
"1771804644","3838498026969770160","Why do I feel exhausted sa work? Papasok pa lang me parang pagod na agad pero pag uwi mas pagod. I used to be energetic, cheerful and passionate sa work, but how come na ganto na yung nafefeel ko. Sobrang Ganda naman ng gising ko, but then parang pagod na pagod ako after work.  Hindi naman ako pagod when it's Pag rest day kahit maglaba ako maghapon, luto andgala na maraming lakaran ganun. Work related stress ba to? Or sign with divine intervention? Haha"
"1771803715","3838490234523461715","Ilang days ko na dinideny tong pagod na nafefeel ko pero parang mas lumalala pag d ko nilalabas. So ngayon aaminin ko na, na buburnout na ko sa trabaho ko. D ko na kaya yung 3 byahe papunta dito. Nakakapagod na talaga. Oo, pagod na pagod na ko HAHAHAHAHA sobrang pagod na pagod na ko gumising ng maaga para makaadjust sa travel. Pagod na ko. Wala na kong ma feel na excitement sa kahit ano, kahit sa sahod ko, wala na talaga. Bumili na ko ng skin care ko thinking magaganahan ako, pero wala talaga."
"1771803689","3838490012804111933","Pagod na pagod na ako, please lang."
"1771803663","3838489800438102980","PAGOD NA PAGOD NA PAGOD NA AKO MAG TRABAHO huhuhu"
"1771796819","3838432383763476033","Pagod na pagod na ko!!!!!!"
"1771795336","3838419945949170552","Pagod na pagod nako!"
"1771805576","3838505843458346844","Yung katawan ko, laban na laban pa. Pero yung utak ko, pagod na pagod na. 🥹😅"
"1771751677","3838053707250875452","“oo binigay ko yung isang part na naka load (weed) na yosi.”

SIR… you fucking drugged her. you didnt even attempt to get it back. And you were the one who had the audacity to block and ghost her? 🥴

Ikaw yung hindi normal."
"1771805119","3838502010518383402","Can someone report this person for using drugs? Pagod na pagod na mga nasa serbisyo, nakakapag droga pa kayo."
"1771800818","3838465931492863238","paano mag bubundok neto? e 1 km lang yung nilakad na medyo matarik talaga e pagod na pagod na? wag na lang!"
"1771798701","3838448174906952932","Ang bilis ng transition hahahhahaha from friday to monday na agad?!!! Hahahahhaha pagod na pagod na ako. 🥲🤣"
"1771794365","3838411802422699799","Pagod na pagod na pagod"
"1771790597","3838380187965424148","Pagod na pagod na akong umintindi :(("
"1771786226","3838343526619483504","My mom just called. Gusto nya ako umuwi na sa probinsya. Gusto nya pa daw ako maabutan. Humihina na daw sya. (She has cervical cancer)

Gustong kong umiyak at sabihin sakanya na matagal ko na gusto umuwi. Matagal ko na gusto na ako na aalaga sakanya. Pero di ko masabi. Di ko magawa. Ni hindi ko maamin sakanila na struggling akong dito sa Maynila. Kahit pamasahe pauwi sa probinsya wala ako. Gustong gusto ko nalang sa tabi mo mama. Pagod na pagod na ang panganay mo dito sa malayo 😭"
"1771782579","3838312936418439936","Sana mag-heal na 'ko. Pagod na pagod na 'kong kwestyunin 'yung sarili ko kung bakit ang sama-sama ng tingin sa'kin ng tatay ko. If I could just cut all the ties I have with him, without any second thoughts now, I'll do it. Sobrang bigat na talaga."
"1771769844","3838206099954184105","Literally this 2 months puro ako doubt sa sarili ko and puro panghihina ng loob nararamdaman ko wtf this isnt me"
"1771751287","3838050433043146214","Ang hirap .puro problema .natatanggap ko. Na dapat pangpalakas ng loob .panghihina hayy buhay ."
"1771681580","3837465689846234650","I just published a new post on my  @buymeacoffee Elon Musk: To My Future Wife,Please Hurry, I’m Tired
https://buymeacoffee.com/mrxuniverse/elon-musk-to-my-future-wife-please-hurry-i-m-tired"
"1771729314","3837866117298256741","Bakit? Kung napapagod ka hanapin mo SI Lord, Siya Ang gagamot sa iyo sa kahirapan na dinadanas mong pagod at panghihina,tiwala ka lang sa kanya,Hindi Niya tayu pababayaan ,Ang Sabi Niya,Ang lumalapit sa akin ay palalakasin ko sa pamamagitan Ng espiritu,Amen"
"1771683416","3837481096397978458","Lahat ng pagod puyat gutom ay nasuklian ng sakit at panghihina"
"1771604250","3836817000618373097","Kasama ba sa pag palpitate yung pagpapawis kahit malamig at panginginig at panghihina? Hahahahaha kape pa more"
"1771465098","3835649708241608894","Sa wakas, humupa rin ang baha. Pero kahit nakaligtas siya sa rumaragasang tubig, hindi niya alam kung paano bababa sa puno dahil sa trauma at panghihina. Pinilit siyang tulungan ni Tatay—dahil isang maling galaw lang, puwede pa rin siyang mamatay.
Ligtas ang pamilya namin.
Pero ang pinakamasakit?
Natagpuan ang mag-ama—ang asawa at anak niya—kasama ang kalabaw, sa karatig na barangay. Wala na silang buhay.😭 Magkakasama pa rin sila nang matagpuan.🥺"
"1771717475","3837766797169833488","""Every gising is a blessing""sa quote nga ini may isang tao akong naaalala ang pinansan kong pumanaw na at lumaban din sa sakit na cancer hindi mo sya makikitaan ng panghihina almost everyday kaming nag chachat at lagi nyang sinasabing stage 4 na ako ate sabay smile  kaya kung saan ka man ngayon ne I'm sure you're in good right hand of our savior papaG miss ya"
"1771596610","3836752913709007362","Nakakapagod na talaga. 

Ang hirap maging ina at asawa tapos alam mo pang soon enough you will going to have a failed marriage. 

Lord, bakit?"
"1771604494","3836819048538300065","Sending you a big virtual hug 🤍🥹 Nakakaramdam talaga ng panghihina minsan, pero hindi ibig sabihin na wala nang pag-asa. Take a break, breathe, and let yourself feel. You’re not alone! 🫂"
"1771425128","3835314349183000282","Panghihina ng loob ko"
"1769051514","3815402640063122258",""
"1771808921","3838533902738680767","🥰🔥🤗😉😘🌹❤Ang galing mo! Ang ganda at ang seksi mo, at ang ganda ng katawan mo. Pwede ba tayong mag-add sa isa't isa at maging magkaibigan?"
"1771808490","3838530291015129535","“We Can’t Afford to Disappoint Our Fans” – Mbwas After Crucial Win

https://www.naifooty.com.ng/2026/02/we-cant-afford-to-disappoint-our-fans.html?m=1"
"1771808401","3838529544000739804","We were really impressed at how organized the event was - from parking, to food and activities for kids. They even let you get that close to the balloons (at no extra cost). At ang ganda lang ng Singha Park. 🌳🌳🌳"
"1771807878","3838525159888865275","Grabe yung sakit nang katawan ko, para akong kinarate nang ninja turtles. 😭"
"1771807707","3838523725226716839","Good morning everyone ☺️ happy breakfast for everyone. Thankyou sis Chris for my breakfas😋😘 nkauwi ako ng safe kagabi♥️
#thankful
#GoodMorningEveryone"
"1771807570","3838522576256315381","sakit ng katawan q"
"1771806637","3838514745046082491","Sis how to use?☺️"
"1771807396","3838521111672448613","After mo maligo sissy.. Pagkatapos mo magpatuyo ng katawan lagay ka ng lotion sa palm tapos magpatak ka ng body oil i blend mo saka mo ipahid sa skin mo. Tinitipid ko yung body oil kasi medjo pricey pero worth it kasi ang bilis ng effect. Thank me later sissy ko. 🥹😘"
"1771807257","3838519949388936780","Almusal ang kailangan ng katawan,di baleng di kumain sa gabi basta s umga ay mg almusal kc magdamag ng walang giniling ang tiyan mo..kaya almusal na😋😋"
"1771808109","3838527093202892316","Parang twitter"
"1771807833","3838524774524646330","Lately, I’ve been feeling a quiet pull to attend a sunday service at CCF (Christ’s Commission Fellowship) especially the main branch in Pasig. I’m from Naic, Cavite and and I’m open to trying nearby branches sa Kawit or Dasma. I don’t know how to explain it, just a heart that wants to listen. Parang may tumatawag talaga."
"1771807517","3838522105420159907","Eto muna, para magising ang nilalamig 😀
#goodvibesonly 
#entertainmentpurposesonly"
"1771807114","3838518748786182961","2020 Una naming usap, sumasali pa sa online rambulan at internet love. Had feelings for each other that time pero hindi nag work and nagkatuluyan. Nagka girlfriend sya, nagka boyfriend din ako. No contact for how many years. 

And one day, bigla nalang nag usap nanaman kami. Parang kami pa din yung teenage self namin, alam na alam nya padin pano ako kunin. Pareho na kaming single now and sana this time mag work na. 

Totoo ba ang “Love is sweeter the second time around.” ? 🧿🪬￼"
"1771774765","3838247384338556830","First time ko mag-shave ng buo… and bakit ang weird pala pag walang buhok?"
"1771806734","3838515555427564084","Parang baby hehe"
"1771806526","3838513811276600975","aaaaah hahaha parang di pa fully develop frontal lobe non ha"
"1771806257","3838511560218868745","ita kadugay na ba nakong ga antos ani HAHAHAHAHAHAHAHAHAHA. i stood up every single day nga parang nothing happened. pero mag breakdown ra jud diay at the end of the day."
"1771804990","3838500927120620329","Parang fiesta lng❤️‍🩹"
"1771804499","3838496809992507138","What I love about Mission: Fearless and Success Accelerator or actually all programs of coach KDL is he makes you think about your thought process -- hindi yung he tells you what to think

Parang style sa UP Diliman nung college. They let you think about WHY. Hindi yung tatanggap tanggap ka lang ng information. 

It's nostalgic and at the same time the best way to learn (at least from my experience)"
"1771804463","3838496503640221327","Pinaaalalahanan tayo ng Punch: 
Kapag ang mundo ay mabigat,
humanap ng isang bagay — o isang tao — na parang tahanan at huwag sumuko."
"1771808431","3838529792548308176","Nagsama na nmn sila
Stress, anxiety,ubo sipon pati na rin insomnia hayyy...
#insomnia  #anxietysupport  #fypシ゚"
"1771759095","3838115938004184664","Dili ing-ani nga Davao akong nailhan. Sige nakag ulan. Nag bago kana Davao City"
"1771807496","3838521947941232756","ganahan ko sa weather not until gi kalintura, gi ubo ug gi sipon nako🤧😂"
"1771804687","3838498388082631244","Ubot sipon pleaseee , get away, I'm tired being with you, scared my troat and pain , I need to continue my everydays life,  pleaseee!!!"
"1771803874","3838491566265224337","Nice unta kaayo ang panahon ganina buntag pero maka trigger sad kaayu sa akong sipon og ubo oy"
"1771803418","3838487743676687135","Kapoy sige trangkaso ba allergy,ubo sipon..haissttt"
"1771800900","3838466618427609403","Utang na loob kung may sipon at lalong lalo na UBO kayo pag magkocommute kayo, MAG FACE MASK KAYO!!!"
"1771805936","3838508863483035818","Masama pakiramdam dhil s sipon #notfellingwell #sipon #badmood"
"1771804545","3838497192167986534","Grabi ka bilar atung mata bisag pag mag sayo ug tulog pag motukar na Ang hutoy wala jid Tay mahimo sip.on ubo kanus.a pakaha me mag bulag ani ba? Loyal man kaau sya Nako di man ko Niya bayan😅ok Ra untag kwarta KADA iluha nato dli raba mag pampers nalng ta Aron dli ta che ihi-ihi paita🙄🙄
#highlight #flu"
"1771795984","3838425381079055930","> dati, takot kami magkalagnat, magka ubo at sipon, magka sore eyes, mahawa ng Chicken Pox, o ano mang sakit, in short, ayaw namin magkasakit at all dahil pag may sakit, di ka makakapaglaro kasama ng mga kababata mo...

Ang swerte ng mga kabataan ngayon, 'di nila naranasan ung mga ganung sakit or kahit lagnat man lang, malupet at matinde mga kabataan ngayon! 

Rekta sila sa sakit na STD at HIV! #Soshal"
"1771791650","3838388760291964168","Doble ingat po dahil flu season pa rin ngayon, ayon sa health department. Sa gitna niyan, may paalala ang mga doktor lalo na kung mahigit isang linggo na ang inyong ubo at sipon."
"1771791205","3838385292148122205","Haiii dina nawala sipon at  ubo 😢😢😢"
"1771788618","3838363587631867256","I want to give a huge shout-out to my top Stars senders. Thank you for all the support!

Sipon Laskar, Labib Ahammed, جابر العزي"
"1771783946","3838324402530993813","di ko sure kung san naubos tissue ko sa meet, greet & bye o sipon talaga😭"
"1771808431","3838529792548308176","Nagsama na nmn sila
Stress, anxiety,ubo sipon pati na rin insomnia hayyy...
#insomnia  #anxietysupport  #fypシ゚"
"1771804687","3838498388082631244","Ubot sipon pleaseee , get away, I'm tired being with you, scared my troat and pain , I need to continue my everydays life,  pleaseee!!!"
"1771803874","3838491566265224337","Nice unta kaayo ang panahon ganina buntag pero maka trigger sad kaayu sa akong sipon og ubo oy"
"1771802364","3838478905305607635","So stressed! Natutulala nalang ako without ever realizing tumutulo na luha ko sa bigat ng mga sitwasyon. 😭😭😭😭😭"
"1771800900","3838466618427609403","Utang na loob kung may sipon at lalong lalo na UBO kayo pag magkocommute kayo, MAG FACE MASK KAYO!!!"
"1771799066","3838451229861465492","Just woke up!!! 

good morning lavz  kumusta mo? 
grabe ang oanahon dag-um japun  dires davao. 

Amping tang tanan 💚💚💚

#coldweather"
"1771804545","3838497192167986534","Grabi ka bilar atung mata bisag pag mag sayo ug tulog pag motukar na Ang hutoy wala jid Tay mahimo sip.on ubo kanus.a pakaha me mag bulag ani ba? Loyal man kaau sya Nako di man ko Niya bayan😅ok Ra untag kwarta KADA iluha nato dli raba mag pampers nalng ta Aron dli ta che ihi-ihi paita🙄🙄
#highlight #flu"
"1771801231","3838469374320311925","watch this funny video.. look at @atashamuhlach_ very real ang reaction...

#atashamuhlach #allank #EATBULAGA 

video credit: #tvjofficial 

Video and Music Owner Disclaimer*
This video is not mine. All rights belong to the rightful owner. No copyright infringement intended. ... Credits to the original creator."
"1771800428","3838462654591535607","প্রিয় আপু অসংখ্য ধন্যবাদ আপনাকে আমার অজান্তে তোলো ভালোবাসা দেওয়ার জন্য। যারা আমার মত এরকম ভালোবাসা পেতে চান তাহলে আমার মেনশন করা আইডি গুলোতে যুক্ত হয়ে যাবেন একটিভিটি দেখান তাহলে ভালোবাসার কমতি হবে না। Rezina Alam Rezina Alam Rezina AAlam Ali Hydar Syed Dristy Binte Mahabub Sipon Laskar Ali Syed Jasim Uddin Ali Hyder Syed
 
#rezinaalam #alihydar #siponLaskar #flowers #flowerseveryonehighlights"
"1771796938","3838433385422316963","Yung kakagising mo lang pero biglang tumulo luha  mo ng hindi mo alam kung bakit?"
"1771795984","3838425381079055930","> dati, takot kami magkalagnat, magka ubo at sipon, magka sore eyes, mahawa ng Chicken Pox, o ano mang sakit, in short, ayaw namin magkasakit at all dahil pag may sakit, di ka makakapaglaro kasama ng mga kababata mo...

Ang swerte ng mga kabataan ngayon, 'di nila naranasan ung mga ganung sakit or kahit lagnat man lang, malupet at matinde mga kabataan ngayon! 

Rekta sila sa sakit na STD at HIV! #Soshal"
"1771793802","3838406751759270017","hi warga bangi ang kajang aleaf now open everyday 8:00pm till 3:00am boleh lepak moreh.
now our menu for food 
-roti bakar
-mushroom soup
-nachos"
"1771791650","3838388760291964168","Doble ingat po dahil flu season pa rin ngayon, ayon sa health department. Sa gitna niyan, may paalala ang mga doktor lalo na kung mahigit isang linggo na ang inyong ubo at sipon."
"1771808948","3838534125153756417","Tinitingnan ko lang kung kailangan ko pa ng isang butas ng ilong. Nak ng teteng barado naman ngayon! 😅😄

#GoodVibesLang  #happymonday
#everyone"
"1771808347","3838529082234201288","Scam ang ilong
#chatgpt 
#chatgptprompts 
#anime
#follower 
#fypシ゚viralシfypシ゚viralシalシ"
"1771808201","3838527863277124113","DDS Update: 

Rodrigo Duterte: Nakulong at naging karton
Sara Duterte: May impeachment case at alleged corruption, absentee at naging dora kakalakwatsa 
Rodante Marcoleta: Natagpuang boneless ang ilong, naging Tsinador pa nga at abogado ng mga Discaya
Pastor Quiboloy: Nakulong, di na istap ang pulis kahit syay appointed son of the GOD
Bong Revilla: Nakulong, anak ka ng teteng
Senator Villanueva: Ikukulong palang, best dramatic actor award goes to Jowel
Francis Escudero: Forwith gurl 💅🏻

💚💚💚💚💚"
"1771793594","3838405330720685988",""
"1771807621","3838522996794059947","DAPAT NILAKIHAN MO FATHER ANG PAG LAGAY MO NG KRUS HANGGANG ILONG PARANG GALIT SI FATHER ANG LAKI NG KRUS HAHAHA"
"1771806428","3838512989636426989","SALA BA DIAY SA LUBI, kung ang iyang PALWA naa sa imong ilong.,"
"1771804836","3838499631366495574","sa ilong rajud ta nakabawi ani sa batasan rag duha duhaan man

follow for More 

#monday"
"1771804692","3838498427031143162","Good morning 🌞♥️✨
D tlga maaalis yung pag gsing mo tulala ka Muna 😁
May pa side view Muna 😁 kitang kita Ang katangusan ng ilong 👃"
"1771802751","3838482142803788876","ingon sya nawong ilong y mapili dako gyud🤭 ayy mem importante makaginhawa ko🤣🤸

hello tihaw🤣"
"1771801662","3838473008290749990","Simpleng sorry lang na labas sa ilong sa tingin mo OK na yun? Mag post ka din sa fb mo na nagsosorry ka, tapos yung mga nag comment sa post mo at naglikes na wala namang alam, dapat sila din dapat magsorry sa comment nila dun. Dapat may 100 likes din yan. Para naman matuto ka pagod na kong intindihin ka. Baka sakaling magbago pa isip ko."
"1771808799","3838532878876597728","33 days palang nawala ikaw Tiyo Ronaldo Fernandez Sumunod ka naman Agad Tiya Marissa Lloveras .. You both Still in our Heart 😭😭 ..
Kahit masakit pipilitin namin tanggapin 
Ksama niyo na ang lola Rosalina  at lolo dian 😭😭"
"1771808002","3838526199606459975","Tahimik ang kwarto noon, pero ang bigat ng bawat tunog. Ang bawat paghinga mo, parang may laban na kasabay.

Nakatayo lang ako sa gilid, walang magawa kung hindi magbilang ng segundo sa pagitan ng bawat hingal. Umaasa. Nagdadasal. Nagpapanggap na kaya ko.

Hanggang ngayon, kapag tahimik ang gabi, naririnig ko pa rin. Hindi sa tenga, kung hindi sa dibdib.

May mga tunog palang hindi nawawala. Hindi sila maingay, pero sapat para paalalahanan ka kung gaano kasakit ang mawalan."
"1771807918","3838525494266450701","Mahirap magpala ng snow lalo na kung marami ang snow. Masakit sa likod. Mabuti na lang may taga clear ng snow sa parking ko."
"1771777336","3838268948866115890","kumusta naman ako .. may mga binatilyong ngbabasketball sa daan .. dumaan ako since kalsada ksi un 😁 then tinamaan ako ng boLa kaya bigla hinto ako ng motor .. sa dibdib ko ksi tumama ang sakit Literal .. pero mas masakit pala ung susunod ""Sorry po Dar"" 🤣🤣

Dar or Dara means Tita in kapampangan 😁😁 .."
"1771807840","3838524832624047743","That's Respect!"
"1771806291","3838511842520679429","The most heartbreaking moment is when most of my babies are all together in heaven now. Mas masakit pa sa break up. I know for a fact that part of it is my fault but I just couldn't stop blaming those people who didn't save my angels. I know they tried their best pero nasa point na ako na sana I have the power to heal my cat, to make sure they're not suffering, there are a lot of ways to save them but my babies were not given a chance to see another light."
"1771806065","3838509947827690292","Alam mo kung ano ang mas masakit? Yung si Risa Hontivirus ang gustong tumakbo pagka Presidente pero si Leni ang gusto ng mga pinklawan. Loteral na aray ko po!!!"
"1771806046","3838509764058036631","Mahigit 1 years masakit ang balakang #spirituality"
"1771803116","3838485203992617985","Good morning MGA marites papasok khit.😔😔😔😔masakit ang tyan🤣🤣🤣🤣yawaàaaaa Ka d n malamang Kung dahil sa MGa kinain o dahil sa period. #OFWHONGKONG #LetsGrowTogether #fbreelsfypシ゚"
"1771808465","3838530083850683307","Hahahhahah savage ang sagot"
"1771808519","3838530530594496795","Arayyy mo mas masakit Yung rebat beh🤣🤣"
"1771753023","3838064999064035163","33 year-old Tito from Bulacan.

Ikaw anong entry mo?"
"1771807755","3838524128022905602","39 yo tita from Bacoor. 

Palageng masakit ang likod 😂"
"1771806512","3838513646381994380","Yung pak na pak ka...tapos dumating na ang bus at ang layo mo pa masakit na ang paa🤦🏻‍♀️🙈👣👣 kaya wala na poise...itapon na🤣🤣🤣 #pinoyabroad #modellangangpeg #modelmaterial #pinoy #feelingera #walangsapatos #takbopamore #positivevibes #enjoylife #uklife @highlight"
"1771806424","3838512958314586110","MALUPITON ONCE SAID: 
""NAKAKALUNGKOT DITO SA PINAS, SA TOTOOSIN LANG, ALAM MO KUNG BAKIT? PRE PAG WALA KANG BITAW, WALA, TAE KA SA KANILA. WALA KANG MATATANGGAP NA RESPETO NI ISA PAG WALA KANG PERA""

MASAKIT MAN PERO YUN ANG TOTOO, NA SA PANAHON NGAYON, PERA AT ESTADO NA ANG BASEHAN PARA IRESPETO KA NG IBANG TAO. KAYA KUNG SINUMAN YUNG MGA TAONG NIRERESPETO KA SA KUNG ANO MAN ANG ESTADO MO NGAYON, DESERVE DIN NILANG MAKATANGGAP NG RESPETO GALING SAYO, TANDAAN MO YAN 💯"
"1771804887","3838500065753653429","Piliin ang taong pagkakahulugan mo,masakit mahulog sa taong di nman pala para sayo,yung di ka deserve.
Kaya ngayon palang gumising kana sa katotohanan.
Be wise to choose someone who will really take care of your heart.😘
Good morning,everyone.😊
#goodmorning 
#GoodMorningEveryone"
"1771803020","3838484399659288826","Huwag mong hayaan na dumating ang araw na titingin ka sa likod at mapapatanong ka sa sarili mo, “What if sumunod ako kay Lord?”
Masakit ang regret lalo na kapag alam mong binigyan ka ng chance, ng signs, at ng guidance, pero pinili mong balewalain.

Kaya habang may oras pa, choose to listen. Choose to trust. Choose to follow even when it doesn’t make sense yet."
"1771736725","3837928278543416279","Nagtalo kami ng asawa ko na tipong gusto na niya ibangga yung sasakyan par sabay sabay na daw kami mawala..

Context: Sinabi ko lang sa kanya na gusto ni papa (side ko) na sahuran na lang namin daw ng 10k sila sa pagaalaga ng mga anak namin (6 mons & 1yr old), para naman may pera daw sila at pambayad sa mga bills nila. Ang set-up kasi hinahatid namin mga bata sa kanila pag may work kami. So konsumo din sa kuryente, tubig ang mga bata.. Ni piso wala binibigay husband ko sa side ko."
"1771801902","3838475028837633109","Pakunswelo nalang yun sa magulang mo eh 🥲 
hindi madali mag alaga ng mga bata ah, lalo yan maliliit pa need talaga ng atensyon at pag aalaga. Kaya pagod din magulang mo for sure. Sakit sa dibdib pag ganyan makita mo partner mo wala man lang konsiderasyon. Try niya kamo kuhanan sila ng magbabantay kulang pa yang 10k"
"1771801611","3838472577300603225","Anong tawag nyo dito? Masakit kapag dry na sya at dumikit sa skin🤦🏻‍♀️ …  Natusok ako nito noong may athletic event ang panganay ko."
"1771801455","3838471277820948917","Masakit ang katawan ko🤣 kakahabol ng⚽ ngayon lang to ah dati di naman🤔 nagkaedad na😅"
"1771801425","3838471024116136152","Nanaginip ako ng masama tas when i wake up literal na ang sakit sa dibdib. 💔🥺"
"1771796065","3838426064004313054","Masyado ba akong kuripot o masyado lang akong nagtitipid at parang hinayang na hinayang akong mag-angkas 😅

₱60 ang balikan na pamasahe, pero ₱100 na agad kapag nag angkas.

Kung wala lang akong madaming dala eh…"
"1771808332","3838528961387872607","Ganyan din ako. Madalang lang talaga mag-angkas/move it/joyride, etc. Kahit na madami dala ko pero kung kaya ko pa naman buhatin go lang. Mag-diretso jeep na lang ako kesa mag book. Ayoko din minsan mag-lrt kasi nga madami akong dala tas mabigat pa tas rush hour pa nadatnan mo? 😅 Last angkas ko neto lang hirap kasi kasi sumakay ng jeep rush hour punuan, 70 pamasahe 100 binigay ko sa rider."
"1771808002","3838526199606459975","Tahimik ang kwarto noon, pero ang bigat ng bawat tunog. Ang bawat paghinga mo, parang may laban na kasabay.

Nakatayo lang ako sa gilid, walang magawa kung hindi magbilang ng segundo sa pagitan ng bawat hingal. Umaasa. Nagdadasal. Nagpapanggap na kaya ko.

Hanggang ngayon, kapag tahimik ang gabi, naririnig ko pa rin. Hindi sa tenga, kung hindi sa dibdib.

May mga tunog palang hindi nawawala. Hindi sila maingay, pero sapat para paalalahanan ka kung gaano kasakit ang mawalan."
"1771807788","3838524335338319670","Maagang nakarating Mabilis ang byahe walang mabigat na daloy ng trapiko sa daan.. Good day po sa lahat☝️🙏👌
#fblifestyles"
"1771807076","3838518424321992160","Karamihan gusto may kasama
kahit magulo ang buhay.
Ikaw, pinili mong ayusin muna.

At ’yan ang hindi nila nakikita:
ang disiplina mo tahimik, pero mabigat.

Para sayo ba…

Mas tama bang piliin muna ang pag-ayos ng sarili kahit mag-isa,
o sayang ang oras kapag wala kang kasabay sa buhay?"
"1771806816","3838516242236483575","Good morning 🌞 mag kape muna sa Umaga bago pumasok sa work ibah talaga ang my lakas ka lalo na kung mabigat an trabaho mo"
"1771804463","3838496503640221327","Pinaaalalahanan tayo ng Punch: 
Kapag ang mundo ay mabigat,
humanap ng isang bagay — o isang tao — na parang tahanan at huwag sumuko."
"1771777336","3838268948866115890","kumusta naman ako .. may mga binatilyong ngbabasketball sa daan .. dumaan ako since kalsada ksi un 😁 then tinamaan ako ng boLa kaya bigla hinto ako ng motor .. sa dibdib ko ksi tumama ang sakit Literal .. pero mas masakit pala ung susunod ""Sorry po Dar"" 🤣🤣

Dar or Dara means Tita in kapampangan 😁😁 .."
"1771807840","3838524832624047743","That's Respect!"
"1771777144","3838267336357553841","Ang multo pag working mom ka, 💔😢 dadating din ang araw na di na need mag work ni mommy sa malayo para everyday na tayo magkasama 🥺"
"1771806946","3838517337486728489","Sa mga ganitong senario yung mahirap at mabigat sa puso talaga no. may batang lumalaki na nag hahanap ng momma 🥺 parang pamangkin ko . hays . sana magsiyaman na tayo ."
"1771805813","3838507833017343638","Ang buhay parang kalsada,Hindi laging deritso,minsan may lubak,minsan may liko,pero magpatuloy ka lang dahil ang kalsadang tinatahak mo ngayon,habang buhay mong kwento❤️❤️

Pero wag mong kalimutang huminto pag nakita mong may LTO at HPG sa daan😂😂😆😆Mabigat bigat yan kung wla kang lisensya at kolurom🤣🤣😅😅✌️✌️

GOOD MORNING🥰😍

#happymonday 
#fblifestylechallenge 
#follower 
#everyoneシ゚ 
#goodvibes"
"1771798901","3838449852074933704","Ganito na po ba ang mag pa upa ngaun? Tagal ko na pong nangungupahan, government issued id lang hinihingi ngayon may COE na. at 2+2 na po ba tlga? 5 years na ksi ako dto sa inuupahan, change work assignment lang and need mag cut din ng expense kaya lilipat.. pero di ko ineexpect ganito na pala.. 😔 mukhang pag titiyagaan ko nalang tong inuupahan ko kahit 3-4 hrs araw araw ang biyahe.. 😭😭😭"
"1771804707","3838498557859670143","Nakaka guoat requirement 😂 Pero I think gusto lang manigurado ng landlord/landlady na you have the capacity to pay the monthly rent. Meron kasi dyan sa lang good renters pero biglang sasabihin mabigat na yung monthly rent. 
Dun sa ibang comment ls na sabe may humihingi din NBI or police clearance, possible din na gusto nila masigurado na di criminal ma nag tatago yung renter or baka may gawin kalokohan sa property nila. 
That's just my take 😂 pero seryoso hassle yan hahaha"
"1771803549","3838488841460472903","After Cyphers Hill Zabarte Gig rekta Taping naman tayo, lagare at walang tulog pero palag para sa binubuong pangarap✨

Batang Mental Buo dibdib, sira tuktok💯"
"1771736725","3837928278543416279","Nagtalo kami ng asawa ko na tipong gusto na niya ibangga yung sasakyan par sabay sabay na daw kami mawala..

Context: Sinabi ko lang sa kanya na gusto ni papa (side ko) na sahuran na lang namin daw ng 10k sila sa pagaalaga ng mga anak namin (6 mons & 1yr old), para naman may pera daw sila at pambayad sa mga bills nila. Ang set-up kasi hinahatid namin mga bata sa kanila pag may work kami. So konsumo din sa kuryente, tubig ang mga bata.. Ni piso wala binibigay husband ko sa side ko."
"1771801902","3838475028837633109","Pakunswelo nalang yun sa magulang mo eh 🥲 
hindi madali mag alaga ng mga bata ah, lalo yan maliliit pa need talaga ng atensyon at pag aalaga. Kaya pagod din magulang mo for sure. Sakit sa dibdib pag ganyan makita mo partner mo wala man lang konsiderasyon. Try niya kamo kuhanan sila ng magbabantay kulang pa yang 10k"
"1771801425","3838471024116136152","Nanaginip ako ng masama tas when i wake up literal na ang sakit sa dibdib. 💔🥺"
"1771800866","3838466334489775294","“Ang Tunay na Bangkarote sa Araw ng Paghuhukom”
2️⃣ “Hindi Sapat ang Tawbah Kung May Nasaktan Kang Tao”
3️⃣ “Mag-ingat sa Karapatan ng Kapwa”
4️⃣ “Hasanat na Mauubos Dahil sa Pang-aapi”
5️⃣ “Kasalanan sa Tao, Mabigat sa Kabilang-Buhay”
6️⃣ “Ayusin ang Pagkakamali Bago ang Araw ng Paghuhukom”"
"1771778225","3838276412285847013","inaatake ako ng anxiety 😭 pano ako hihingi ng tulong 💔 natatakot ako at umiiyak 😭"
"1771796850","3838432644758141508","Sis kuha ka ng yelo ipahid mo sa mukha mo and sa dibdib po. Then inum ka maligamgam 🥹 been there sis and I know how it feels, your feeling is valid 🥹 walang mangyayari sayo. in the name of Jesus! 🙌"
"1771808715","3838532177647013425","Nanguha Ako Ng pang bakod sa mga tanim
#urbangardening #urbanfarming #monday"
"1771808708","3838532117719057473","Lmfaoooo naalala ko ung sa Ecotower, kasi lahat ng floor dun  na 35+ puro chinese, hindi sila ung tipong Korean-cool-guy looking na nakikita niyo sa movie na aakitin kayo tas isasakay sa double seat car. Karamihan matapobre na may amoy na ewan. Baka nga laspagin lang kayo nun at pasa-pasahan🤣😭"
"1771808613","3838531322948777592","minsan ayoko na lang ngumiti e, kala nila maabuso ka palagi yung tipong lahat na lang iniasa or hiningi sainyo minsan my bitbit pang tao para maka lamon. 

kinginang mga tao yan, masyado kayong abuso porket walang wala kayo? hindi pwedeng ganon lalo kung pare parehas lang kayong nag t trabaho. maging patas kayo kaya nga lahat nag t trabaho dahil lahat kailangan ng pera wag kayong mang utak ng iba!! abusado kayo masyado kaya wala din asenso sainyo e, naging trabaho nyo na din mang utak ng iba!!"
"1771808308","3838528757821248767","CHRISTINE BANKS BINULGAR ANG ESTADO NG BAHAY NI CINDY CINCO

Kumakalat ngayon sa social media itong post ni Christine Banks patungkol sa estado ng bahay ni Cindy Cinco. Gaano kaya ito katotoo? Wala pang inilabas na statement si Cindy Cinco patungkol dito.

#cttocredittotherightfulowner"
"1771808069","3838526756390786199","Pole bamboos for sale‼️ 3ft - 100pesos, 4ft- 120pesos only‼️ pang land scape ‼️"
"1771807957","3838525815601107903","Ang aga sino po ang nagturo sa friend ko ng kalokohan?Para laitin ako porket hindi marunong mag Tagalog pero I'm sure through goggle translation talaga yun hahaha!🤣 Sobrang inis mo na ba sa akin kasi di ako nag view2 ng message at nagre-reply. LOL!  di naman akong laging busy pero tamad talaga ako mag reply at mag view. Pero na SS ko yung pang humiliate mo 😂 ito lang po masasabi ko Thank you at sobrang naasar ka na. Complete my day."
"1771807702","3838523680767484490","I've always felt like hindi pang-Wattpad ang Dusk of Saturated Times. It’s not mainstream. It doesn’t have the usual trope. It’s not a book for escapism. And I always assume that people DNF it because the book doesn't give them what they want to read.

I feel like I've written it too realistically to the point that it confronts — REAL wounded characters that act on instinct and survival the way they know rather than clarity."
"1771807686","3838523541424391360","lmsc,pang allowance lang"
"1771807663","3838523352320003929","Mas magiging espesyal daw ang inyong relasyon, kung masarap kang magluto, kahit tortang eggplant lang😂
Anyway parte lang ng pag mahalan yang pagkain,mas importante pa jan ang may ibibigay syang datung👌₱₱💵💰 hmmmnn!
Para maka bili ng mas masarap pang ulam👌,
Good day and happy engagement #friendsfollowersViewers  #lifestyle #qoutesoftheday"
"1771648452","3837187797149661630","Hi guys! 😊

I’m thinking of buying a Le Labo perfume and nakita ko na nasa ₱19,000 siya. Legit ba talaga yan na price? May alam ba kayo na shop na legit pero medyo mas mura? At sa tingin niyo, worth it ba sa ganitong presyo paki rate nmn from 0-10. 🥹🫶🏻

Any tips or experiences would be super helpful! Thanks in advance! 💖"
"1771807530","3838522236601591849","Head turner tong scent. Kaso yun nga body chem till it dries down para malaman kung worth it ba talaga. I saw 5ml decants sa shopee baka gusto mo munang itry. tapos hanap kana din ng Another 13. Mabango din sya pero mas usual yung amoy kesa sa Santal 33. I bought santal 33 for my mom, she loves it so para sakin, worth it."
"1771808962","3838534251461022820",""
"1771808963","3838534253734342462","Hindi kami maninigas sa inis. Infact,natatawa kami sa kabobohan nyo. Wag masyadong assuming na mananalo yan. 😂"
"1771808673","3838531824772105866","@mieriver_30 
@iamcrystar  Ganda ng umaga"
"1771808908","3838533799366573314","Wait. Hindi ko masyadong makita teka 1hr pala to? HAHAHHAAHAH"
"1771784523","3838329242229355872","Help! Sa mga bayaning puyat dyan, what supplement do you recommend for immunity and to stay fresh?? I’ve come across several Tiktok vids recommending Fortima and Conzace. Kayo, anong holy grail niyo? 🥹"
"1771808883","3838533589869481226","https://s.shopee.ph/BOZFS041K me as puyaters moma this one I take, before talaga grabe Hilo ko tapos hindi sapat ang tulog but now less na talaga Hilo at pagod na pakiramdam tapos makakatulong nako.kaya ang saya lang Hindi na masyadong mainit ang ulo ko mi😆"
"1771808723","3838532233154423601","#photography #instagram #wedding #kids #hindi"
"1771808627","3838531421992809789","Hindi song video #🥰😘🥰😘😘🥰😘👍👍🥰🌹💯💯❤️❤️👌💯👌🥰🧁😁💕❤️🙂🙏😁😁🙏👌💯👌✌️🥰✌️❤️❤️🌹❤️🌹❤️👌😘"
"1771808526","3838530591554441506","If you're serious about building something for yourself instead of waiting for opportunities, Dragons Project is the move.

Dragons Project Worldwide is a structured health and beauty distribution business with a real system, real products, and real mentorship. Hindi ito get-rich-quick. It's a business. And like any business, results depend on actions.

If you’re looking for a way to maximize your time and effort, this is an opportunity worth exploring.

If you're willing, I'm willing to help."
"1771808457","3838529985771170826","#💝मैं तो तेरे💞.......#reels #video #trending #song hindi viral trending song hindi💞💞🥰photochallenge ❤️👍"
"1771808437","3838529842878365720","Opportunities don’t always come twice. Stop waiting for perfect timing. Minsan hindi opportunity ang nawawala but your courage to take action."
"1771808276","3838528496407334475","so hindi ako makapag focus sa pagbenta nang books kasi i tried to spend time outside ulit this weekend. Gusto ko sana kahit saglit everyday lumabas nalang din para pag weekend hindi ako masyadong excited gumala, tipid pa 😂"
"1771808143","3838527363651271258","#hindi song 👌🏾 follow me please frend"
"1771808743","3838532415992843191","8-5 walang kuryente sa olongapo, mygodddd"
"1771808587","3838531101590159938","""They jump when it's convenient to be with the person already. They leave when it's difficult""

Meaning, mababaw yung understanding nila ng realtionships. If a person thinks na relationship is puro positive lang, na walang difficulty and can easily walk away —isang malaking red flag yon"
"1771808527","3838530604002025124","Sinu walang pasok today?"
"1771808406","3838529582950215395","Yung pinag sabihan ng anak ko na babae 6yo yung papa niya dahil mag pipickle ball after tarawee prayer. 

“Baba mas maganda magbasa pa ng Qur’an kaysa mag pickleball.”

Ayun, natawa na lang kami at walang nasabi papa niya. 😂"
"1771807907","3838525395021209648","I started taking Athena pills again last January for my PCOS. It’s been 2 years since I stopped, and honestly… 2 years din akong walang period because I got scared of the side effects. Then my OB told me I shouldn’t have stopped since it helps regulate hormones. 

This February, I was shocked I got my period even without taking the pills again. I don’t know if it’s because of the spirulina, hormone balance, or the spearmint tea 😅 but I’m just… surprised and hopeful."
"1771807663","3838523354157142916","Mahirap pag walang nangangamusta if okay ka pa, kaya mo pa, mga ganun... Pero as time goes by, nakakasanayan naman pala. Soon magiging okay din ako ng ako lang."
"1771792247","3838394037758474183","Ang opinion ko lang. Walang perfect na restaurant o karinderiya. Nasa panlasa natin iyan. We need to support our local businesses; they are just trying their best to survive sa panahon natin."
"1771807099","3838518623879696548","I think part para magsurvive sila is good service and not putting extra charge sa mga di naman kailangan. We are okay to support, but with this kind of service hindi dapat."
"1771807088","3838518532779516304","Does anyone here know someone who works for Cebu Pacific? Sobrang hirap makareach out sa kanila huhu walang hotline number 😣 badly need to update the email address 😣"
"1771806209","3838511158336256308","❤️SAN JOSE FISHBALL 1kg💞

🍥Bulacan's famous SAN JOSE FISH BALL! 

🍡Fresh from Bulacan✅✅ 
✅not your ordinary fishball
✔ siksik sa laman
❌ hindi flat
❌walang amoy malansa

💸125 only

Sunday available

Loc BULACAN1 Pililla"
"1771806105","3838509978379001640","morning love ! walang mapag sendan eh"
"1771753951","3838072782996013868","X-- MGA SINDIKATONG MAMBUBUTAS !"
"1771808850","3838533312743380685","Hindi"
"1771808723","3838532233154423601","#photography #instagram #wedding #kids #hindi"
"1771808627","3838531421992809789","Hindi song video #🥰😘🥰😘😘🥰😘👍👍🥰🌹💯💯❤️❤️👌💯👌🥰🧁😁💕❤️🙂🙏😁😁🙏👌💯👌✌️🥰✌️❤️❤️🌹❤️🌹❤️👌😘"
"1771808526","3838530591554441506","If you're serious about building something for yourself instead of waiting for opportunities, Dragons Project is the move.

Dragons Project Worldwide is a structured health and beauty distribution business with a real system, real products, and real mentorship. Hindi ito get-rich-quick. It's a business. And like any business, results depend on actions.

If you’re looking for a way to maximize your time and effort, this is an opportunity worth exploring.

If you're willing, I'm willing to help."
"1771808457","3838529985771170826","#💝मैं तो तेरे💞.......#reels #video #trending #song hindi viral trending song hindi💞💞🥰photochallenge ❤️👍"
"1771808437","3838529842878365720","Opportunities don’t always come twice. Stop waiting for perfect timing. Minsan hindi opportunity ang nawawala but your courage to take action."
"1771808360","3838529199959928130","🟥 Follow us on Pinterest 
https://pin.it/4u8Wd1zak

🟩 Follow our WhatsApp channel 
https://whatsapp.com/channel/0029VbBpwmRInlqIH6qgqU3t
 
thelightNepali  wisdomKannada wisdomIslam wisdomTamil  wisdomUrdu wisdomTelugu wisdomMarathi wisdomBangla wisdomEnglish wisdomNepali wisdomHindi wisdomTagalog"
"1771808276","3838528495266503686","Out of all the dubai chewy cookies I’ve tried, this one wins (for me). 
Plus points pa kasi hindi messy kainin yung chocolate cocoa coating!! @riccichocolatesph super good!! 😋"
"1771808202","3838527869979431304","#railwaysgroupd2026✍️ hindi ✍️✨👍✨👍✨"
"1771808143","3838527363651271258","#hindi song 👌🏾 follow me please frend"
"1771808527","3838530604002025124","Sinu walang pasok today?"
"1771783695","3838322296193511013","Pano ko ba talaga malalaman kung kelan dapat mag resign?

Gusto ko mag full-time freelancer pero natatakot akong magsisi. Hays"
"1771808283","3838528553777032158","health is late signs, a recurring idea of something better is an early sign. Preparing to move out of it lang talaga is the definitive na sign, d pwede din kasi basta2 umalis ng walang buffer. start that journey by studying the options you will consider"
"1771807791","3838524424602143208","SA GANANG MUKA NAGAWA PANG MANG BABAE EH, KAKAIBABES KA SIRKO🙌🏻"
"1771782167","3838309476965969399","Eh si kupido kasi parang lasing , kung pumana doon pa talaga sa taong di tama para satin.😆😅
2nd ang hirap ng buhay sa pinas nakakawalang ganang bumuo ng pamilya kc ang consumer price ang tataas tas ang pasahod ang liit .😅"
"1771807738","3838523984745506992","bec of VAT,  grabe ang mga groceries very expensive, thanks to Senator Herrera, walang VAT sa groceries, and produce b4."
"1771807257","3838519949388936780","Almusal ang kailangan ng katawan,di baleng di kumain sa gabi basta s umga ay mg almusal kc magdamag ng walang giniling ang tiyan mo..kaya almusal na😋😋"
"1771806215","3838511204692842155","Hirap ng mga gerd no? Walang gana kumain kasi feeling ko isusuka ko lahat pero kailangan pilitin kumain kasi lalong magpa-pile up yung acid pag walang laman yung tyan. Is this my karma? Hay huhuhahahahaha"
"1771802504","3838480062186745954","Piattos Sour and Cream Taste Test. Walang lasa pala to. #toytherapy #EatNRun #piattos"
"1771738483","3837943026128389315","ako lang ba? 15months old ang LO ko pero never pa nakatikim ng sweets 🤗 More on Rice, Veggies, Biscuit ( Fita ) and Bread lang 🥰"
"1771800193","3838460689284022588","Same mommy! 🥰 16 mons. LO gulay parin na walang panlasa magana sya kumain 🩵"
"1771796414","3838428991527751826","HAHAHAHA next time! if meron pang next time 😭

Nakatambay ang mango sago sa ref, walang may gustong kumain 😭"
"1771799819","3838457548798908959","HHAHAAH"
"1771763786","3838155286557858724","I really miss riding my motorcycle. Since I gained weight and hirap mag long ride kasi I have been experiencing chest pains. I need to lose weight seriously and get rid of my medication. Any tips? Sa health tread ata dapat ito hindi aa motorcycle 🤣"
"1771808983","3838534420987610084","I wont recommend yung mga injections. Aside sa mahal, the side effects are not the same between people. Disiplina sa pagkain lang talaga ang pinakamabisa pero matagal, pinakamura dahil bihira ka lng kakain and pinakasatisfying. Pagkain din kasi root cause ng weight  gain. If you're eating 3 meals/day, Try skipping 1 meal. Avoid carbs as much as possible. No amount of exercise can outdo a bad diet. And dont start with di mo kaya. Pang longterm ang disiplina"
"1771808895","3838533680466765510","Ngayong umaga may nakita nanaman tayong ugali na hindi maganda but then Piliin parin po nating maging mabuting isang ina sa mga anak, may nakikita man tayong hindi maganda sa iba nawa at magsilbing araw na hwag gawin sa mga anak at ibang tao, minsan nakakalungkot pero ang tao ay talagang ganyan mat kanya kanyang gusto sa buhay🥰
LIFE IS UNFAIR AND NEVER TO BE FAIR, ITS UP TO YOU TO CHOOSE A BETTER PATH IN LIFE🥰 HAPPY MONDAY EVERYONE GOODMORNING
#everyonehighlightsfollowers #nonfollowers"
"1771801237","3838469449180249038","Ano bang pinagkaiba sa before and after??? Kahit may Make up na Pareho lang naman ang pangit pa rin!!! Hindi naman gumanda! Feeling maganda at Feeling Matalino yon lang."
"1771808819","3838533051823722577","Basta dds tanga"
"1771750092","3838040409579428695","I’m Boholana. This is true. 

Reason? Corruption. 

There are no big suppliers allowed on the island. The rich monopolizes businesses. These businesses line the pockets of those in power. Sometimes, the rich themselves are the ones in power.

Rental in Panglao for businesses are quite high. No import for meats allowed because we have an “ASF bubble”. A lot of our produce, livestock&poultry are technically from our island & we could actually be self-sustaining. But no, they’d rather bleed us dry."
"1771808705","3838532092268037719","At ‘yan ang nakakalugmok. Dapat di maghihirap pagdating sa pagkain dahil kung tutuusin nakikita naman na sa paligid ang pwedeng makuha. Pagkamahal-mahal ng isda, eh napaliligiran nga ng dagat, pati gulay ganun din. Kaka-frustrate!"
"1771808610","3838531297640000926","Daming pagkain na inihanda , salamat Lord dami ring Tirang food para SA amin, Yong Iba Naka take out pa✌️✌️✌️

#trending #viral #fyp"
"1771808537","3838530680682795390","#post #postviralシ #goodmorning 
Mapagpalang umaga sa ating lahat guy's ☺️ 
Umaga pa lang malayo na narating ko bumili Kasi Ako ng pagkain ni madam Nene😊 sa tagal ko na Dito ngayon ko lang napansin may ganitong Lugar pala Dito malapit lang sa tinitirhan ko guys naalala ko tuloy yong mga saging Namin subrang namiss ko 🤣☺️✌️

  Blessed Monday everyone 🙏🙏"
"1771808409","3838529611647416947","Gays awang awa  ako nitong mga puppies wala mama kaya ko kaya silang buhayin dami kasi e kailangan ko ng puppy battle Nino sa pag alaga kay ko piro sa kanilang pagkain iwan kaya kay sa bulsa ko he-he-he.#challence"
"1771773574","3838237393867136623","Pinagsabihan ako ng Lord nung nakaraan.

Nagtatry nanaman kasi akong gumamit ng Dating Apps trying to find a partner.

Bakit nga ba naman kasi ako gumagawa ng paraan para makahanap tapos gusto ko yung evidently na bigay ng Lord? Malabo yun. Besides, every single one na nakadate ko sa Dating Apps, God has removed from my life one way or another. So why am I still trying to do something when I know God's already got me?

Napaka counter-intuitive ng ginagawa ko.

So obviously, I deleted them again."
"1771807693","3838523603877554347","Found my fiancé thru a dating app. I have said the *disappearing prayer* (kung hindi po sya para sakin...) when we started going out. 8 months in the relationship he already proposed and we are getting married in April.

What I'm saying is, be intentional po when meeting people sa dating app, you should be at the same page with the same goal :) if not the same then next po agad annnd since you are the guy, be intentional po hehe. God bless!"
"1771808913","3838533840898496473","Iisang tao lang ang nakakaalam sa tunay na anyo ng narcissist: yung jowa/asawa. Sa mata ng iba ‘good image’ ang narc. Kaya hirap din mga biktima makahanap ng tatakbuhan nila for safety.ctto"
"1771808831","3838533146783154323","btul ke rindu bole kembali jngan? your mind say no, but your heart say ""i want him/her soooo much. i was told to myself, ""dpn mata dh tkde dia, tpi gmbar still simpan. mende seh"". hipokrit. kwn aku bagi istilah paling senang, ""couple ngan judi sama, kau tatau kau menang or kalah. so stop laa berjudi tu."" simple. im still want to fall in love, but i told to myself again, "" if anyone falls to me, i will remind her that let me success and achive my goal 1st then i will come to her. cliche kn?"
"1771808778","3838532704845017833","ANG DAMOOOOOT"
"1771808646","3838531591602803291","Good morning everyone.💓💓🌄🌄
Vawiin chu khawiah emaw kahan kalteh ang.🤔🤔"
"1771724590","3837826481712730653","दूध में नींबू डालने से पनीर बनता है और जय माता दी लिखने पर टूटी-फूटी तकदीर बनती है🙏🙏🥲"
"1771808613","3838531318653859636","Jai Mata Di"
"1771808587","3838531101908772712","Jai Mata di 🙏"
"1771796231","3838427452360800340","Ito ang naging tugon ni Atty. Conti sa maagang pag-anunsyo ni VP Sara ng kanyang presidential bid sa 2028 ""Wala akong nakita pa na substantial na ambag niya malibansa nakikita kong OVP buses.""-
ATTY. KRISTINA CONTI
ICC Assistant to Counsel
#attyconti 
#SaraDuterte 
#followers 
#highlights"
"1771808557","3838530848816254233","May piring ang dalawang mata niyan ng Conti na yan pagdating sa mga Duterte"
"1771752831","3838063385145573315","🙏 पीतांबरा पीठ दतिया 🙏"
"1771808913","3838533836553241671","Jai Mata Di 🙏"
"1771808828","3838533123873657012","@mainarawat51 Jai Mata Di"
"1771666060","3837335500873624017","Jay Mata di 🙏🙏"
"1771808681","3838531895639077899","Jai mata di"
"1771758562","3838111459905230523","Joy maa manosha"
"1771808642","3838531567040581124","Jai mata di"
"1771779995","3838291256020741360","Malabo mata ng bf ko, hanggang ngayon tawang tawa padin ako pag naaalala ko reaksyon nya nung nagising sya wala ako sa tabi nya 😂😭"
"1771808559","3838530865484411512","Ang kyot🫶🥺 geh padelete, naiingit na kami"
"1771808437","3838529842878365720","Opportunities don’t always come twice. Stop waiting for perfect timing. Minsan hindi opportunity ang nawawala but your courage to take action."
"1771808401","3838529544000739804","We were really impressed at how organized the event was - from parking, to food and activities for kids. They even let you get that close to the balloons (at no extra cost). At ang ganda lang ng Singha Park. 🌳🌳🌳"
"1771808249","3838528265308969296","Tipid hacks .

Unhan nimog mata Ang tag iya sa garden para mka kuha kag gulay🤣🤣🤣🤣🤣

Adobong ganas with egg 

PS.ayaw mog sundog sa akoa...Kay pang expert lng ne...🤣🤣🤣🤣"
"1771808168","3838527590151241993","Self-care is not selfish, Mommy 💚
Choose natural wellness 🌿 

PM na! Sa comment section ang link👇

#everyone #follower #highlights #Clicknamics"
"1771808913","3838533840898496473","Iisang tao lang ang nakakaalam sa tunay na anyo ng narcissist: yung jowa/asawa. Sa mata ng iba ‘good image’ ang narc. Kaya hirap din mga biktima makahanap ng tatakbuhan nila for safety.ctto"
"1771808831","3838533146783154323","btul ke rindu bole kembali jngan? your mind say no, but your heart say ""i want him/her soooo much. i was told to myself, ""dpn mata dh tkde dia, tpi gmbar still simpan. mende seh"". hipokrit. kwn aku bagi istilah paling senang, ""couple ngan judi sama, kau tatau kau menang or kalah. so stop laa berjudi tu."" simple. im still want to fall in love, but i told to myself again, "" if anyone falls to me, i will remind her that let me success and achive my goal 1st then i will come to her. cliche kn?"
"1771808828","3838533123873657012","@mainarawat51 Jai Mata Di"
"1771808808","3838532956126852932","HOUSE AND LOT BUNGALOW FOR SALE

192 sqm land area
- 4 Bedroom
- 2 toilet and bath
- with kitchen bar countertop
- with dirty kitchen
- with balcony
- with groto
- with open space both side ng bahay
- with 2 carpark

For Renovation: Paint and Ceiling

NEARBY EATABLISHMENTS: 
- Schools Public, Private
- Church
- Palengke Wet and Dry
- Fast Food Chains Jollibee, Chowking, Mang Inasal atbp
- Robinsons EMATOWN
- Public transport terminal

LOCATION: Sto.Niño, Meycauayan, Bulacan
Never binaha"
"1771808752","3838532491591323766","Happy birthday to my TO NG🎊🎂🎉"
"1771779995","3838291256020741360","Malabo mata ng bf ko, hanggang ngayon tawang tawa padin ako pag naaalala ko reaksyon nya nung nagising sya wala ako sa tabi nya 😂😭"
"1771808636","3838531517606433861","Ok, te delete mo na po"
"1771724590","3837826481712730653","दूध में नींबू डालने से पनीर बनता है और जय माता दी लिखने पर टूटी-फूटी तकदीर बनती है🙏🙏🥲"
"1771808613","3838531318653859636","Jai Mata Di"
"1771808607","3838531269656042048","Would I recommend SouthvibesPh in dasma? For me its a Yes.

The vibes are good overall. Fun place to chill. Just hoping they can improve the CR, especially the broken doors. And Mas okay for me pumunta around 11PM - that’s when the crowd gets more alive and the energy is way more hype. Ang sesexy ng dancer nila 🫣

Southvibes PH — 8/10 for me."
"1771808587","3838531101908772712","Jai Mata di 🙏"
"1771808876","3838533528112523416","Potekz haha eto na naman yung katabing room ko HAHA kagabi before ako matulog ganyan ginagawa nla, tapos ngayon nagising na ganun padin HAHA normal ba toh HAHA kaya sguro andami kong random thoughts kahit nadydysmenorrhea ako eh HAHAHAHAHAHAHA PERO ATLEAST MASAMA PAKIRAMDAM KO AT NASUSUKA PERO HNDI AKO SOBRANG STRESS KASI NAKAKATAWA PA AKO OR BINABALIW LANG AKO NG PERIOD KO TODAY HAHAHAHAHAHAHAHAHAHAHA pero us2 ko tlga chocoboom, sana sipagin ako mamaya HAHAHAHAH"
"1771808582","3838531062415391674","Hndi masayang gumising ng nadydysme pero at the same time andaming random thoughts HAHAHAHAHA masama pakiramdam at nasusuka pero nagagawa ko pa tlga mag overthink ng mga bagay2 HAHAHAHAHAHA"
"1771808109","3838527093202892316","Parang twitter"
"1771807833","3838524774524646330","Lately, I’ve been feeling a quiet pull to attend a sunday service at CCF (Christ’s Commission Fellowship) especially the main branch in Pasig. I’m from Naic, Cavite and and I’m open to trying nearby branches sa Kawit or Dasma. I don’t know how to explain it, just a heart that wants to listen. Parang may tumatawag talaga."
"1771774765","3838247384338556830","First time ko mag-shave ng buo… and bakit ang weird pala pag walang buhok?"
"1771806734","3838515555427564084","Parang baby hehe"
"1771806526","3838513811276600975","aaaaah hahaha parang di pa fully develop frontal lobe non ha"
"1771806257","3838511560218868745","ita kadugay na ba nakong ga antos ani HAHAHAHAHAHAHAHAHAHA. i stood up every single day nga parang nothing happened. pero mag breakdown ra jud diay at the end of the day."
"1771804990","3838500927120620329","Parang fiesta lng❤️‍🩹"
"1771745825","3838004615724619647","Mura lagi siya ug si Richard Gere ani si FPRRD 
Inday Sara Duterte
Congressman Paolo “Pulong” Duterte
Sebastian ""Baste"" Duterte"
"1771807957","3838525822555266149","Ano bang napapala na pati litrato pinag didiskusyunan at kung saan saan at ano na ang mga lumalabas sa mga comment nila. Talaga lang ha? May relevance ba ang mga ito sa mga buhay buhay ninyo? Meron pang nasusuka ng green haha ano ba yan."
"1771733968","3837905153441207888","Kapag sumobra ang hangin sa katawan, ayan, nababanatan! Aguyy, Mareng Jam, napasubo ka kay Atty. Guanzon. 😂 Pang-hambog pa more, 'di ba?
#JamMagno #AttyGuanzon #MayNagsabiLang #GoodVibesLang #WalangPersonalan"
"1771807600","3838522827545241700","Ay Yan pala si matalino jam magno di ko kilala,👿ito nkikita ko sa ulo Ng mga mag n anakaw sa kaban ng ating bansa,Isa pla sya💩nasusuka Ako 🤮(😄😄😄)"
"1771728382","3837858291045793274","Ano bang pwedeng alternative sa milk for pregnant? Ayoko kasi talaga uminom ng milk, nasusuka ako sa lasa"
"1771806176","3838510879240069796","Calcium tablets. :) instead of milk."
"1771804499","3838496809992507138","What I love about Mission: Fearless and Success Accelerator or actually all programs of coach KDL is he makes you think about your thought process -- hindi yung he tells you what to think

Parang style sa UP Diliman nung college. They let you think about WHY. Hindi yung tatanggap tanggap ka lang ng information. 

It's nostalgic and at the same time the best way to learn (at least from my experience)"
"1771803858","3838491429556073251","parang ai prompt😭"
"1771802498","3838480022148129389","A quick trip to Vigan! First time in Vigan ✅🥳
Another happy moment with Ate and the fambam before heading back to the US. 🥹❤️

Thank you, Mami, for all the love! And kay Dadi na parang si Kuya ng PBB 🤣 Of course, kay Ate and Snok din — love you all! 😘"
"1771801250","3838469559767263725","Ang recos para mas gumanda ang sleep? Kapag nagising ako ng 12Midnight hirap na makabalik sa tulog. 😩"
"1771802342","3838478714406088396","Melatonin! Complete sleep palagi. You can try this one from Wellspring meron silang pack na 10pcs lang so parang trial muna then if it works for you, you can commit to the bottle na 

https://s.shopee.ph/AABv2N6zgY"
"1771802009","3838475921242928733","Ayaw nyo sa singleee mom? HAHAHA
-Labo, parang tayo HAHAHAHAHAHA"
"1771800734","3838465231580890411","Mag navigation ka kase. Send ko direct route papunta sa puso ko.

WOOOOOSHUUUU,

Tito Pol"
"1771801850","3838474588133738828","parang perkpetong tiles."
"1771800324","3838461785297275565","throw back Monday, 10 years ago my skyway days parang nene days lang, char 😂😂😂"
"1771807888","3838524900018192028","@𝑠𝑘𝑦✨:Agree so much na sobrang focused niya sa problems dito sa Naga. Andami niyang ganap everyday. Kwento ng Tito ko na medyo working closely kay Mayor Leni dito sa Naga City Hall, palagi daw maaga pumapasok pero late na umuuwi para madaming matapos pero madalas naiuuwi pa sa bahay ang trabaho. Nakakahinayang yung result ng 2022 elections pero blessing talaga siya saming mga Nagueño 🩷✨"
"1771807865","3838525047137229117","Pa isa-isa lang pag bili medyo pricey kasi siya. Makukuha din kita sa tamang oras. 
#chafingdish
#cateringservice"
"1771806546","3838513985189306028","Kung si Sarah Medyo ok pa eh Kung idagdag si Robin na VP sana all baliw"
"1771806383","3838512611621746566","Medyo slow pa ang brain, pero laban na.Hindi kailangan magmadali, just move forward. Good morning, Monday."
"1771805762","3838507408260467668","HAHAHAHAA tas gnyn kaharap mo wag ng lumabas sa elevator 😅"
"1771807706","3838523710614214359","Magkunwaring nahihilo at di makahinga wahahahahaha"
"1771806771","3838515865772947681","Mga kapatid pwedeng wag muna kayo magwish ng pera ngayon matatabunan na naman kasi yung sakin eh, medyo matagal ko na hiniling yun eh.."
"1771806079","3838510066190992845","Sa fasting Mahal Ang water at salt 

Ayun sa Karanasan ko mas maganda Ang Himalayan salt sa fasting mas nakuha ko Ang benefits sa salt nayan , Hindi ako nahihilo tuwing nag fasting ako. 

93 hrs fasting na tayu taas parin Ng energy natin salamat sa Dios 

Just sharing 

#fallowerseveryonehighlights 
#reelsfacebook 
#stayfestivestayfit 
#fastinglifestyle"
"1771805472","3838504972544686694","paginga muna ng kaunti medyo mahaba pa ang lalakarin mga lod pero aobrang excited aq d2 sa mindanao kung gaano kahaba ang lalakarin lets go guys samahan nyo kami...."
"1771805058","3838501501305122724","Ang aming Dalaga na medyo mataray 🤣 🤣 🤣 charizzzz sobrang taray pala😁 😁 😁 😁

#highlightsシ゚ #follower #engagement #followers #AlgorithmBoost #followersreels #communitysupport #reelschallengereelschallenge #ForeverGratefulToTheLord #highlights"
"1771804770","3838499080922932006","Mga bhieee eto na yung hack malala ✨😭

Kumuha ka ng NIVEA Creme, tapos lagyan mo ng medyo makapal sa kili-kili at sa mga dark na singit. I-leave mo for around 10 minutes.
After that, kumuha ka ng cotton pad, lagyan mo ng Wardah Hydrating Toner, tapos i-wipe mo yung cream. Gawin mo 2–3x a week… bhie ang laki ng difference 😭✋🏻

Super effective daw lalo na sa mga dark folds. Kahit sa areas na umitim dahil sa sun exposure, mas bumabalik yung brightness. Legit, hindi raw joke. ✨"
"1771804711","3838498593075396556","Naghahanap po ako ng direct kuhanan ng talong para medyo mura ko ding maibenta.🤗 Salamat"
"1771804682","3838498338254669482","Me looking at my news feed be like: 
- Medyo lowblow na nangyayari sa TCG confessions. Feels bad :( 
- MTG thingy. LGS issue :("
"1771773140","3838233755375309556","Gifted my mom a pair of earrings which I bought at Sophia Jewellery, KCC Zamboanga City branch. The amount was 53K php but when my mom tried to inquire sa mga pawnshop how much if ever isasanla, aba, 13K lang pinakamataas na rate. Makatarungan ba yun? And saan mas okay bumili ng gold?"
"1771804378","3838495793603665250","Never buy per piece. Seryoso nadale na din ako dyan. Pero sa part na pina appraise agad pagka bile, normal na mababa pa yan kukunin. You need to wait para bumalik yung pinang bile mo at tumubo. Now since per piece mo yqn binile, expect mo lang na medyo matagal ang ROI mo compared sa mga nabibile per gram."
"1771804332","3838495410327793964","Good morning mga suki🥰 Medyo malate lang ang Tindera. Mag papa inject muna ako ng animal Bite nadali nmn tayo ng PUSA😅 gastos naman tayo😆"
"1771783218","3838318291269539971","2 days nang lasing, ginawang hobby ang pagsusuka😂"
"1771753092","3838065580654637645","First time makatulog ni lo ng naka tuwad sya, and natulog sya on her own. Nung nagising sya, nagmimiryenda ako. Tinatawag nya ako, akala ko gusto nya din, so kinuhaan ko sya ng shake na peras. Unang patikim ko sa kanya, di nya bet tapos biglang nasuka. Inulit ko, nagulat ako biglang ang dami nya ng sinuka. Tapos maya maya chineck ko sya, ang init nya and may lagnat na. Kinabahan ako. Medyo napi-feel ko na mainit na bandang ulo nya nung morning, di ko alam bakit di ko chine-check temp nya."
"1771753821","3838071690379753590","Mataas/malakas ba pagkakauntog niya mii? Kasi walang kinalaman yung pag iipin sa pagsusuka niya mii. Ipacheck up mo siya mii para sure kasi sabi mo nauntog. 

May mga nababasa ako sa iba, if nauntog daw, imonitor muna si baby and dapat daw hindi siya sumuka."
"1771690504","3837540549793046466","IUD po mas ok sakin kasi sa pills grabe sakit ng ulo ko may kasama pang pagsusuka 🥲"
"1771690579","3837541179918986365","masakit po ba magpalagay ng IUD?"
"1771559476","3836441408094427258","Totoo pala talaga na kahit gaano ka pa kabait, may masasabi at masasabi ang MIL mo sayo.

STORY TIME
Context: Dito sa bahay nagspend ng Christmas yung sister and mother ng partner ko. Christmas Eve (Dec 24), since nasa 1st trimester pa ako, grabe pa yung pagsusuka ko pero mas malala talaga that night. Starting 9pm nagsuka na ako nonstop after ko maamoy yung oil ng friend chicken. Every 30 mins nasa CR ako para magsuka, sobrang sakit na rin ng sikmura ko dahil lahat ng nakain ko nasuka ko na."
"1771664165","3837319601458437815","Sarap kutusan ng asawa mo"
"1771599332","3836775748766744832","Grabe naman bakit usong uso pagsusuka at pagtatae sa kids, para kong tinotorture sa pag-aalala. Ang hirap mag focus pag anak ang may sakit talaga. Pagalingin nyo po sila 😞☝🏻"
"1771783218","3838318291269539971","2 days nang lasing, ginawang hobby ang pagsusuka😂"
"1771785068","3838333813391355667","Rough one huh"
"1771687081","3837511841181966229","Kailangan ba talaga pa rota vaccine ang baby ?"
"1771722577","3837809603187568784","Yes. Gaya nga ng nangyari sa anak ng katrabaho ko, nahospital due to pagsusuka at pagtatae. Sabi ng dr, viral/bacterial daw cause dahil nga nagsusubo subo ng kung ano ano. Nag ask ako sa kanya. Wala daw rotavaccine ang anak nya.. E naisip ko bb ko na subo din ng subi  buttt. May turok sya ng rotavaccine. 2 shots. Talagang kahit mahal ay nag go kami. 3500 sa pedia per shot. Di kasi available sa center."
"1771559476","3836441408094427258","Totoo pala talaga na kahit gaano ka pa kabait, may masasabi at masasabi ang MIL mo sayo.

STORY TIME
Context: Dito sa bahay nagspend ng Christmas yung sister and mother ng partner ko. Christmas Eve (Dec 24), since nasa 1st trimester pa ako, grabe pa yung pagsusuka ko pero mas malala talaga that night. Starting 9pm nagsuka na ako nonstop after ko maamoy yung oil ng friend chicken. Every 30 mins nasa CR ako para magsuka, sobrang sakit na rin ng sikmura ko dahil lahat ng nakain ko nasuka ko na."
"1771433887","3835387890885654435","Mommies need your help to enlighten me about ‘usog’
Story time:
Kanina while nasa mall kami may matanda na bumabati kay baby i think she’s 50’s buyag buyag daw then sabe ng asawa nya baka mausog mo yan tas nung lalawayan nya na nilayo ko si baby then sabe ko dipo ako naniniwala jan then after 30mins i think grabe yung iyak ng baby ko sobrang hikbing hikbi pinapa dede ko ayaw nya basta sobra lang yung iyak nya then ngayong gabi naulit nanaman yung iyak nyang hikbing hikbi hindi ako makampante -"
"1771498757","3835932062410954377","Feeling ko totoo sya or ewan. Kase yung anak ng SIL ko palagi binabati yun na cute nga daw sya. Then one time nasa labas anak nya nakikipaglaro tapos maya maya bigla syant sumuka. Nanghihina. Sabi ng byenan ko baka nausog kase madami nga daw bumabati, ang ginawa ng byenan ko pinakuluan nya yung damit na suot nung anak ng SIL ko, siguro mga after 1hr, umokay sya. Nawala yung pagsusuka nya tapos sumigla na."
"1771497379","3835920504897745579","May mga viral infection din palang pagsusuka? Eto yung case ng anak ko now 🥹 hirap itrack kung saan nanggaling yung sakit"
"1771412237","3835206279586070861","Sabi sa center may UTI ako kaya niresetahan at binigyan ako ng antibiotics. 

Sabi naman sa private OB wala daw, normal daw lahat, huwag ko raw inumin.

Kayo guys? Hahahaha"
"1771494454","3835895966692678251","Parang napaaga lang yung catch ng wiwi, considering na di pala ikaw nabigyan ng instruction na midstream clean catch dapat.

If no symptoms like pain, fever, chills, pagsusuka etc no antibiotics needed."
"1771806224","3838511254814357595","3 days ko wala ka himo aning kamunggay og loy-a, turmeric. Hangak ko morag moabot si hubak, mag organic lang ko ron.
#breakfastfortoday 
#fblifestyle"
"1771731019","3837880412300079080","gi hubak nako sig inom yawa"
"1771697509","3837599310624752794","Grabe hubak te kita rajuy mualaga sa atoang sarili. Bawal masakit kay ting duty na 🥹"
"1771684764","3837492400600828549","bisag unsaon pa natog pugos sa tao, kung dli jud kita ilang pilion nya e tuklod pa dayon kas lain maka hubak jud siya"
"1771658990","3837276188791882928","unlimited hubak"
"1771654359","3837237343850543179","AAAAH ambot oy, bisag hubak o hilak lang grabe na akuang suka nya maalaan pirme ug buntis nah simbakooo"
"1771632788","3837056391501307110","Tinood nang tambukaka makatambal sa hubak? Kay ug tinood na mangita ko arun dina mubalik ang hubak🙏"
"1771608395","3836851772716144932","g hubak tas way kwarta Ani😫"
"1771764524","3838161473189926708","si Ra Quel ay hubakon😆  uyaba dayun ninyu arun ug mag minaldita  tiwasan nig sugmat sa hubak 😆😆😆"
"1771752312","3838059030913065586","Balik na sab tag inom ani kay balikan npod ta allergy...hubak nmn pod ta self.
#fighting"
"1771683240","3837479608651941253","Tahu bakso sek wendul nek rembang

Tahu ns hubak..
Perpaduan sambel kecap pedes🤤🤤

Rasakno dewe bes🤤🤤

#fyp
#foto
#jangkauanluas"
"1771599764","3836779372007529748","WAPA KA TUNGA SA RAMADAN,  GIPANG HUBAK NA 🥴🥴🥴"
"1771590553","3836702098164193485","Hubak napud hayss kapoya😔"
"1771537669","3836258477661148548","mana mn tas hilanat, dire napod tas hubak og sip'on 🤧"
"1771512775","3836049656107935740","hubak🤝sakit pus on 🤝shaket hart"
"1771501616","3835956023354405032","Paulan now, subaw og hubak later 😩"
"1771808924","3838533928575928546","🔝Nois tá na Jogada💖"
"1771808916","3838533866282466973","pota march na next week"
"1771808857","3838533367026103918","Literal na evolving, from who we were to who we’re becoming. 🔥

#UnboundedLeadership #CoLoveCommunity #Evolve2026"
"1771808849","3838533303482333474","Lunes na sad 😤"
"1771808843","3838533252211191297","Suggestions for a baby shower gift na sure magagamit??? Zero idea me ahahaha"
"1771808813","3838533001097628380","FYI 📌📌📌 for sale pm na si madam Analy Lesa Rasonable Ferolino 😍🥰

#hilightseveryonefollowers
#fypシ゚
#everyonefollowers
#follower
#fyp"
"1771808797","3838532850421809830","Na roda gigante. 🥰😍."
"1771808794","3838532840439666487","magnenails na ko ulit!!!!"
"1771808780","3838532721757650156","Lord lahi na Gyod Panahon karon sauna years ago maski mag dagan dagan me maghapon Walay bayad Karon sinukod naman ang labanan sa Bayad Lord 3KM 5KM 10KM etc. Sana lord ang hangin deli pod nila pabayran puhon🙏"
"1771760121","3838124541277212955","single forever HAHAHAHA"
"1771808923","3838533917880765573","try na yan"
"1771808880","3838533539219007811","So na to"
"1771808848","3838532631881793122","Imagine, 84 years old ka na..."
"1771791304","3838386125682214556","my ankle hurts."
"1771808787","3838532780595306321","Na pano yan bai bai?"
"1771808755","3838532512772244873","Watching this after 3 months post break up feels heavy talaga hahaha. They looked so happy and genuinely inlove. I miss them so much. I miss how they used to be, but life happens nga, moving forward na talaga..."
"1771693966","3837569553245444620","Ang katotohanan sa likod ng companya makinig kayo, basher pasok.😂"
"1771808739","3838532379418399452","I’m not a Marcos fanatic but this woman ,Sarah Duterte all you hear is negativities Is she perfect or human at all  puro paninis.nakakApagod na silang panoorin."
"1771808739","3838532368999161244","A productive week to everyone.
Try take yourself out this week,
Chop the money small, na you Dey hustle am.
If your money no reach full fish, buy half make you chop.
Life na small small 

#newweek #Productivity #selfcare"
"1771808679","3838531871681176434","I KNOW A SHOOTING STAR NA CAUSE AINT NO WAY STARS CHASE EACH OTHER IN THE SKY ... I COULDN'T GET MY PHONE OUT FAST ENOUGH ‼️‼️‼️"
"1771808584","3838531079812738187","Hello👋 po, kaya't mag-message ka nang direkta sa WhatsApp o Telegram para mag-apply ngayon. 
Telegram: @Jhayar_shania1 
WhatsApp: +63 967 625 4309"
"1771808669","3838531788826893912","Pm sent na po"
"1771805840","3838508059341922175","Kami sauna malipay najud me makasugat rag ingun aneh Bisan way sud an ...
Nagtuo nag looy najud kaayu pero ang tinuod ..
Kadtu diay mga panahuna ang pinaka maayu ug swerte nga kinabuhi,Kay ang mga lagutmon way mga side effects way chemical nga makuha natu gikan sa mga pinalit nga mga pagkaon ...maong 0urya buyag walay mga sakit ang mga kabataan saunang panahon ,,
Hilantan me Royal rag biscuits ang tambal ..
Maayu nah ,,"
"1771801284","3838469842421415599","Once in a blue moon hilanat and it's very colddddddddddddddd... 🥶🥶🥶"
"1771800576","3838463899193296491","Hilantan nasad ;(( bihaaaa sge lang tag kasakit ani"
"1771764010","3838157161277572490","geatay taasa sa hilanat oy"
"1771762678","3838145988952023032","Grabe ga dungan man ning depression ug hilanat"
"1771759203","3838116838044191914","Grabi ka sakit hilanat +toothache ahh😭"
"1771756481","3838094003582269679","Dutlan mantag hilanat ani..
Mia pa masahe oe 🩺🌡️😢"
"1771745446","3838001432767655683","Ano ang grado na ibibigay mo sa performance ni PBBM, mula 1-10? 🤔🇵🇭 Gusto kong malaman ang inyong mga saloobin! 👇💯🙌 #PBBM #Philippines 🌟✨🙏😊"
"1771795779","3838423665147582993","hilanat ang grado"
"1771782743","3838314306505774027","Nadutlan jud kos hilanat daaa haysss! 😫😭"
"1771779029","3838283152003917838","Unsay tambal pawala sa hilanat.. laag!!"
"1771764133","3838158199460116519","Hilantan pero ga OT HAHAHAHAHAHAHAHAHAHAHAHAH"
"1771753912","3838072455789928604","Cold Weather + Cold treatment = Hilanat"
"1771808812","3838532991803319126","☀️📚 SUMMER TUTORIAL PROGRAM 2026 📚☀️

Huwag hayaang masayang ang bakasyon!

Gawing masaya at makabuluhan ang tag-init habang naghahanda para sa susunod na pasukan.

✨ We offer:

✅ Reading Enhancement
✅ Math Skills Booster
✅ Writing & Grammar
✅ Fun Learning Activities

👧🧒 Para sa mga batang nais:
🌱 Humusay sa pag-aaral
🌱 Magkaroon ng kumpiyansa
🌱 Matutong may ngiti

📍 Limited slots only!
📩 Message now to reserve your child’s spot!

This summer, let learning shine! ☀️"
"1771808301","3838528705107458225","#kuhitgamay .com/masarap Kumain sa labas Ng bahay pagkasama Ang buong pamilya.. bonding/w my mom and sister, pamangkin...Ali na init pa.."
"1771808200","3838527859435217355","Purya gaba ang ka init diris GenSan! 😅 😅 😅"
"1771807865","3838525049570252454","Oh well, Sunog na forehead ko sa init...pero keri lang ganito tlga ang buhay 😅 sayang ang skincare"
"1771807708","3838523729605964474","Ang mura ng ticket pa Japan sa Air Asia. Summer to, September. Pero tolerable naman yung init non parang Pinas lang. Skl."
"1771807616","3838522954129602793","inoff na yung aircon ang init na ulit 🥵"
"1771806083","3838510097950265106","bug-at lang sa pamati nga ikaw naningkamot para sa kaayohan sa imong kaugalingon. gagasto ka kay para mahoman ra ang angay mahoman. unya kung dili nimo mahatag kung unsa ila expectation. mawala ang tanan nga imong gibuhat, mawagtang tanan nimong paningkamot sa ilang panan-aw. sa gamay lang nga kalapasan nga imong nabuhat kay  tungod dili pod kaya nimo kung unsay ilang gi expect. hanaw na tanan. nabuhat na nakong baliwalaon ang mga ingani nga butang, mabuhat ra sad siguro ni nako karon."
"1771805684","3838506750887312072","kapoya najud ani oy mu-mata nalang gani, bug’at na dayon ang pamati"
"1771804438","3838496299537215277","Yung ang init sa first port nyo tapos next port may snow storm hahaha lala"
"1771806432","3838513029642616826","#PhoenixPlay 🔥

3 Hot Teapots — Bng 💥

""Mainit-init pa! ☕️🔥 My ₱20.00 bet turned into a sweet ₱3,860.00 last win! 💰 Ang sarap talaga kapag tumatama ang mga teapots. Consistency is key! 💎✨

PLAY NOW & WIN ⤵️"
"1771806312","3838512017833858147","Engon ting init.. ulo ra man lagi ang ang init panahon kay gtugnaw bugnaw pa sa ice"
"1771805555","3838505665207301304","Good morning guy's.. painit Mona kami ni nanay.. thank you lord dahil pumayag na si nanay mag pa init sa ilang buwan na ayaw tlga mag pa init..Ngayon lang pumayag..lord guide niyo lang po kami palagi at Ang buong pamilya Po namin . salamat din sa Kapatid ni nanay na walang sawa sa pag dalawa palagi sa kanyang Kapatid na ito.🙏🙏🙏
#breastbonecancerfigther 
#ThankYouLord 
Nhe Ritz Canja Tompong"
"1771804942","3838500529165357323","Too afraid to sleep bc I don’t wanna wake up sad again. I just wanted to feel the sadness overnight, my heart is aching and I’m just trying to ease the pain that I felt. Lord tabang bugat ako pamati. 😭"
"1771804451","3838496403900015206","Maayong buntag sa tanan ❤
Salamat sa Ginoo ni init na jdt kompas nata anig laba mga inahan kay ang init kompasanan #labadaymuna"
"1771803831","3838491177939423264","Sa sobrang init ng panahon, tamang swimming muna tayo dito sa Wilmers Resort 🌊☀️ 
Kahit simple lang, basta magkakasama, panalo na ang araw. 

Salamat sa ganitong araw na puno ng saya at good vibes. Ito yung mga moments na gusto mong maulit ulit. 🔥

#SwimmingTime #ResortVibes #BeatTheHeat #GoodVibesOnly #BlessedLife #SummerFeels
 #fypageシ"
"1771744280","3837991658026313829","Ang init. Sino malapit dito sa City Mall? 

📍 Halang, Calamba City"
"1771803126","3838485290059751505","Dm paps."
"1771803086","3838484955941133741","Kumusta na ba ang impeachment,mora naba sa seedling nabulad sa init o nahulom sa tubig?"
"1771801634","3838472779582217906","GOODMORNING ! Bloom na yung sakura nang kapitbahay namin , No need nang mag Jacket ang init na #photo #sakura #instaphoto #japan"
"1771808984","3838534430634261693","kainin ko yang pepe mo be 🫢🥰"
"1771755770","3838088046286416991","gais makeup i tebal sangat ke, boyfriend i cakap tebal and nampak fake. ni comparison bared face and i makeup"
"1771808967","3838534289495946721","cakap ngan dia gi mam"
"1771808941","3838534071954328574","Good morning 🌞 comment tanan nag mine gab e kay bagtingan ko today😉
Thank you miners😘"
"1771808881","3838533564787238873","#Good morning all family #sushanti Kumari ko #follow Kare"
"1771808844","3838533255541874196","Good morning all Facebook family ko 
Ram Ram ji"
"1771808840","3838533223262075154","After thesis batsi ko. Putanginang college life yan. Everything was a lie. Too stupid to understand, too late to give up. Too soon to stop."
"1771808794","3838532840439666487","magnenails na ko ulit!!!!"
"1771808777","3838532683371296744","Kya re mere pati ke baad mere beta ko pata rahi hai.................
#MovieScene #FilmyVibes #ReelScenes
#MovieDialogues #BollywoodReels MovieLover ActingReels CinematicReels EmotionalScene DramaScene MovieClip FilmScene BollywoodDrama ActingTalent DialogueDelivery MovieReel ViralScene TrendingScene CinemaLover BollywoodMagic ReelKaroFeelKaro MovieLoversUnite SceneStealer IntenseScene ReelPerformance"
"1771808749","3838532460527953194","One of my struggles living alone is buying drinking water. I have a neighbor we call him “Idol” who lives behind the apartment in a small hut. Many tenants ask him for help with small errands. One day, while he was taking out my garbage, casually mentioned that I was having a hard time timing the water delivery og maulaw ko magpa deliver kay naa kos 2nd floor unya di ko kadaog. 😬 It was just small talk, and I forgot about it. But now, he knocks on my door to check if I still have drinking water."
"1770501486","3827566337099440443","Blng tman pdh su bku RSA dng dia..😏😂

#viralreelsvideo❤️"
"1771808899","3838533716940118052","Sakit"
"1771800977","3838467263855552382","Ako muna ang icomfort niyo, Thriends. 😭😭😭

Our eldest brother, Zal, died in Australia last Feb. 16, 2026.🕊️

Kind, quiet, yet full of soul, a presence that didn’t need to be loud to be deeply felt.
You may be far from us when you left, but you will always be close to our hearts.

Ang sakit sakit na hindi mo na ako naantay maging Doctora. Kuya, mahal na mahal kita.😩
Dalawin mo ako sa panaginip, ang lungkot lungkot ko! Ang sakit sakit. 💔

Rest peacefully, Kuya koooooooooo! 😭😭😭"
"1771808818","3838533043418819058","Hugs"
"1771806199","3838511072110892479","fighting cikgu cikgu. 18 hari je puasa kat sekolah"
"1771808675","3838531842438476866","Alhamdulillah first day day sakit"
"1771808358","3838529181085493351","🥺 shit ang sakit sa paki ramdam"
"1771807942","3838525691625963955","Akala ko non-chalant lang yun pala -0 of emotional intelligence talaga. Ang sakit sa bangs! Better stay single nalang muna🤦‍♀️"
"1771777336","3838268948866115890","kumusta naman ako .. may mga binatilyong ngbabasketball sa daan .. dumaan ako since kalsada ksi un 😁 then tinamaan ako ng boLa kaya bigla hinto ako ng motor .. sa dibdib ko ksi tumama ang sakit Literal .. pero mas masakit pala ung susunod ""Sorry po Dar"" 🤣🤣

Dar or Dara means Tita in kapampangan 😁😁 .."
"1771807840","3838524832624047743","That's Respect!"
"1771807570","3838522572305708559","Kaloka! I tried sampling ang sarili ko, ang sakit pala ahahaha😂😂😂😭😭😭"
"1771808778","3838532704845017833","ANG DAMOOOOOT"
"1771808646","3838531591602803291","Good morning everyone.💓💓🌄🌄
Vawiin chu khawiah emaw kahan kalteh ang.🤔🤔"
"1771808631","3838531470194027505","Double time ang DDS trolls since Marcos' visit to Naga, until today sa kumpil ni Digong sa crime against himanity. Double pay is waving🤡"
"1771808560","3838530873420144615","Happiest Birthday My Little Brother 
Mario Maya .., Wishing you all the best
Long life, Good Health Ingatan ang Sarili ha.., 
Love you so much my Little Bro.. ♥️♥️♥️Godbles🙏"
"1771808437","3838529842878365720","Opportunities don’t always come twice. Stop waiting for perfect timing. Minsan hindi opportunity ang nawawala but your courage to take action."
"1771808401","3838529544000739804","We were really impressed at how organized the event was - from parking, to food and activities for kids. They even let you get that close to the balloons (at no extra cost). At ang ganda lang ng Singha Park. 🌳🌳🌳"
"1771808394","3838529482630804253","Sino dito ang nag-iinvest sa stocks? I did it back in 2016 and I really gained from the investment pero I stopped it din. I'm planning to do it again, pero I know it's a bit risky. They said invest at your own risk and invest what you can lose lang. I used COL financial before. 

I hope to connect sa mga masters ang COL financial."
"1771789955","3838374807327681645","How to spot a 6-digit earner sa kabilang table (Café Edition)

• Naka‑MacBook – 50% chance. Could be rich… could be 24‑month installment. 
 
• Naka‑ThinkPad + Hoodie + Mumbling to Self – 80% chance. Eto yung Work is Life but Sleep is Optional. 

• Naka Mac/ThinkPad + Panot/Kalbo + Hoodie – 99% chance. When the hairline retreats, the portfolio expands. 📉📈"
"1771808332","3838528967813600732","I thought it was a self-deprecating joke (panot/kalbo), na irereveal mo, ikaw yun, sorry na 😭

But also — I know people like that but they don’t go to cafés. Sila ang may-ari nung café."
"1771727406","3837850107522294578",""
"1771808879","3838533550501702377","Hay.. ang bango nyan.. my wedding day scent 29 years ago.. I still keep it and still smells the same❤️"
"1771808607","3838531269656042048","Would I recommend SouthvibesPh in dasma? For me its a Yes.

The vibes are good overall. Fun place to chill. Just hoping they can improve the CR, especially the broken doors. And Mas okay for me pumunta around 11PM - that’s when the crowd gets more alive and the energy is way more hype. Ang sesexy ng dancer nila 🫣

Southvibes PH — 8/10 for me."
"1771808168","3838527590151241993","Self-care is not selfish, Mommy 💚
Choose natural wellness 🌿 

PM na! Sa comment section ang link👇

#everyone #follower #highlights #Clicknamics"
"1771808084","3838526882246112344","I want to give a huge shout-out to my top Stars senders. Thank you for all the support!

Dominic Ledama, Liezl Rojas, Myrna Echica Tepacia Liljeberg, Pal Ang, May Ann Saunar, Jhen Hana, Geowa Pardo Agari, Marithel Principe Radigos, Jovi Galicia Caluyo, Brenda D. Lindayao"
"1771807840","3838524798750614680","Manifesting that one day,tayo naman ang humihiyaw sa tuwa,saying, ""finally,we made it-our prayers answered and dreams fulfilled. Kaya laban LNG self dahil life is a short time will come 🫴🙏😇 
#reelschallengereelschallenge #cttocredittotherightfulowner #starseverywhereシ #foryoupagereels #engagementisthekey #cttoOfvideo #forentertainmentporpusesonly #challenge #store #furbaby"
"1771807717","3838523804977443329","Good Morning Monday, feeling nurse ang peg 😂 #CaregiverTraining #caregiverstudent #commentlikesharefollowers #commentersviewers #likecommentsharefollowsupportme #likecommentshare #likecommentsharefollowsupport"
"1771807702","3838523680767484490","I've always felt like hindi pang-Wattpad ang Dusk of Saturated Times. It’s not mainstream. It doesn’t have the usual trope. It’s not a book for escapism. And I always assume that people DNF it because the book doesn't give them what they want to read.

I feel like I've written it too realistically to the point that it confronts — REAL wounded characters that act on instinct and survival the way they know rather than clarity."
"1771807665","3838523366537528349","Paano ba sinasagot ang kamusta ka when ur flooded with all this overwhelming emotions you can’t even begin to explain it, but you dont want to burden other people. You want to walk them through how you feel but you can’t. So u settle with “okay lang”"
"1771807631","3838523083951377998","Ilan kaya ang correct: It’s a very special occasion i went to. Let’s do a guessing game. Which real dress that belongs to me, one on the right or the left. For fun only. 😘No price envolves 😜 everyone can guess."
"1771807565","3838522528533455724","Sensory is fun but not for the weak 🫣 
Challenging part talaga ang cleaning part pero as long as nageenjoy sila and less screen time, ilalabarn ang sensory play"
"1771808990","3838534484371598129","Kainggat hinga am solar 🤣"
"1771808971","3838534321683146720","https://www.facebook.com/share/v/185p2tzrUg/"
"1771808857","3838533331072573700","nagsugod napud ug bunga Ang talong #followersreelsfypシ゚viralシfypシ゚viralシalシfollowers"
"1771808803","3838532881333708815","Mga idol congratulations🎉🎉🎉 tan awa ninyo ang video basin osa mo sa napilian! Sa unom kabuok nga napili Palihog pm sa Inyo gcash number mga idol ug Kato Wala napili karon sunod napod mga idol naa pay daghan godbless ninyong tanan Paldoo na!"
"1771808794","3838532776786292158","SDA pastor nga cynical ug skeptical, dili gyud na guided sa Holy spirit. Cge tan-aw mo katoliko nga nanga convert nila nga mga peke!"
"1771808775","3838532684067532527","Ug nega ka hawa sakong replies bye ka"
"1771808735","3838532347046876266","FLY HIGH nang Gloria Patrocinio Sojor salamat kaayo imong maayo ug dako natabang namo sukad sauna dli ug dli jud ka namo malimtan"
"1771808714","3838532164829546006","Yes po, bayot ko. Nya gapataod kog bilat nya nagpa buntis ug duha ka laki, and akoii tinatawag ngayon na SINGLE MOM hahahahahahahahahahahahaha"
"1771808684","3838531918765314505","佐久間劇場🤭
オドラサレテルゼ！
https://x.com/sak_sak_sakuma/status/2025717027961545013?s=12&t=eNnnbX9m9T7X_-laCSkPUg"
"1771808847","3838533281823007337","Check out Maybelline Fit Me Matte + Poreless Liquid Foundation - SPF 22, 30ML, 16H Longwear Foundation, Blurs Pores, Oil-Free for RM41.65 - RM59.50. Get it on Shopee now! https://s.shopee.com.my/2LT3pUUgNk"
"1771513318","3836054204737777751","Normal ra ba ni, i was single for 1 and a half year. Naay isa ka guy nga gusto ko i pursue jud and grabe kaayug effort. Grabe nakog hilak kay ga sakit akong dughan kay feeling nako di nako deserve higugmaon ug ing ani."
"1771808842","3838533246397649888","Update, i didnt left him hanging. Im not the only one he tried to pursue there’s another girl nga gina pursue sab niya, iyang reason is dugay daw nako siya gi sugot ( he courted me for 2 weeks) like wtf??? So my instinct telling me not say yes thats nag sakit akong dughan cos i already fell for him but again i recently knew that he pursue another girl so (BUSTED)."
"1771808842","3838533222180024528","+2 students aspiring to join Occupational Therapy & Physiotherapy UG programme -NEET to appear from this year. Notification issued.#careerguidance #careercounseling #career #careerdevelopment #empowerment"
"1771808702","3838532045014665471","Laban laban lang ang importante pag naa sa lain nasud.. 
Labanan kamingaw kasakit ug mga problema"
"1771808670","3838531798977124833","Hinga. Pahinga."
"1771808586","3838531092396313917","君に春を思う - メレンゲ

「今日　きみが笑う　それだけで春だ」

https://open.spotify.com/track/2xC9G4xa8vaQN7vUgYWqPP?si=3lPGVMjdS6WH-efFCYU_WQ"
"1771808560","3838530874955207175","goodmorning Guys Magsielfe sa ko sa buko Guys ako ang model sa buko Guys namotong me sa Friend Guys Thank you Lord Tagaan me nimo ug maayong Panglawas Lord Thank Guys Follow And Like Guys share Guys 🥰 🙏 👍"
"1771808584","3838531075829133759","Signing off, hindi talaga ako para dito. 
Kaya pala iba kaya napapansin eh ginagawa nila umiihi at dumudumi sabay video, iba halos kita na kalukuwa. Kakasuka, yung nakita ko ito dumaan sa newsfeed ko, grabe kakadiri kayo🤢🤮🤧."
"1771808302","3838528709394063495","Gaslighter ka. Dili ako moy ni decision, ikaw kay nangluud na ka. Giingnan btaw ka nako pdaun ug unsa imo buhaton. Nya imong ibato nako nga ako ning sala kay na discourage kas akong giingun, kung unsay realidad karun. No. I wont let u get to me. Dont throw ur own decisions at me nga niingun mn ko ikaw ra bahala."
"1771808291","3838528623771637813","I told him pakibantayan nga muna anak nakikita mo naman from your playpen tapos inform me pag napuno na. After 10 minutes, he keeps on pulling me pagtingin ko sa balde, hala ka sya saktong sakto puno jud sya dai dili nag awas. Nakurat ko. This happened 6AM. Good morning! 😬🤯"
"1771808021","3838526354359477343","Blessed Monday to all! 

Grabe, halos lahat ng gustong maging VA same lahat ng tanong. What if mag pa webinar na ako? 🫣 

Syempre don tayo sa maafford ng lahat! 

Let me know your thoughts. 

Pero I encourage you first na basahin yung FREE EBOOK/GUIDE ko. 🙌🏻"
"1771807971","3838525936254573836","Last night, I had dinner with highschool friends sa isang local resto. Yung mga kumakain sa ibang table na 2 women (may isang table ang pagitan), nahuhuli ko na nakatingin samin, specifically sakin. Nakikita ko kasi sa side eye na may nakatingin. Hahaha. 

Kakilala ko yung isang kasama nila na gay kasi Konsyal ng isang Barangay and may common friend kami. 

I realized lang na ang rude pala talaga na tinitingnan tingnan ka ng isang tao. Uncomfortable. Unless nasa stage ako at nagpeperform. Pero"
"1771807970","3838525929149406510","outside having fun with your friends, ang rude. It gives me the feeling na, pinag-uusapan ba ako? hahaha. Why?Though, at some point narerealize ko din kasi na kilala talaga ako dito samin, kahit halos 70% ng tao dito samin di ko kakilala. Hahaha. Minsan kilala ako pero di ko kilala, kapag ngumiti at nag greet, nag ggreet nalang din ako at ngumingiti. 

Iwasan po natin yung nakatitig pa talaga. It gives other discomfort. 😂"
"1771807814","3838524618270366456","Happy 37th birthday sa Pina ka gwapa ug pinakabuotan sa LMC EATERY I wish you good health and More birthdays to come in your life and more candle to blow...Dili nlng ko mag mmk ug Taman,once again happy2x birthday to you enjoy your day 🎂"
"1771806944","3838517324081318557","Panagsa ra ta mo ginhawa..... 😜"
"1771806533","3838513876556777114","Feb 20, 1st birthday ng bunso tapos biglang nagkasakit sila ng ate niya. Salamat sa Diyos, bumuti agad ang ate niya. Pero si bunso, dinala sa ER dahil di na halos dumede, mataas na lagnat, paos na kakaiyak at irritable. Nalaman ko may tonsillitis pala siya😢🥺Di ko alam pano nahawa pero ang importante may gamot na. 
Pagod at halos walang tulog pero may mister akong nakaalalay sakin kahit NAPAKALAYO niya. Panay pasasalamat kaya gumagaan lahat. 🥹 Salamat parin Lord at I surrender everything to you🙏🏼🫂"
"1771805985","3838509276311284239","May mga HR po talagang mahilig mag–power trip. Sa experience ko sa trabaho before, hindi naman sila nag-aaksaya ng oras para i-test ang patience ng applicants. Mas naka-base pa rin sila sa resume at actual interview.
Red flag na po kapag gnyan ang approach, ksi kung sa application stage pa lang ganyan na ang trato, mas posible na mas mahirap sila ka-deal kapag empleyado ka na.
Professionalism dapat sa magkabilang side , applicant man o HR."
"1771808311","3838528790201509352","may companies din na di msyado nag bebase s CV halos nag base n sila kung gaano kahaba ang pasensya bakit? ung mga BM RM maiinitin ang ulo mga yan eh kunting mali lng s report sisigaw na lalo nong nsa corp company ako panay sigaw panay ang mura kalmado p din ako infront of people tpos times na nagvisit ang BOSS kaya kailangan nnkailangan haba ng pasensya mo realtalk yan kahit saang company may toxic environment."
"1771804702","3838498511830220780","You can’t accept the fact that your statistic is so wrong. The nerve to say that Iloilo rely from Mindanao produce is a big lie. Iloilo Province especially its different town has its own produce they have different crops and Iloilo Province is one of rice Producer in the Ph. Leon is one of our sources for veggies and if may inaangkat its mostly from Baguio."
"1771808048","3838526585447717525","Te? Where are you? Hahha clearly you didn't comprehend my statements. Go back to square one and slowly read everything then internalize every word then go back to me if you already get what meant. If you still continue your argument as if kinawawa ko ang iloilo then bye ka jan. 🤣"
"1771807663","3838523354157142916","Mahirap pag walang nangangamusta if okay ka pa, kaya mo pa, mga ganun... Pero as time goes by, nakakasanayan naman pala. Soon magiging okay din ako ng ako lang."
"1771808039","3838526503978274580","Kmzta ka?? Kaya mu Yan.. 😊 halos same lang Tayo Ng situation . 🙂"
"1771807665","3838523365758273018","Hay Guys Are you Friends With Facebook Family Ko Good Morning And Radhe Radhe Aur Samay Kisi Ka mohtaj Nahin usi Tarah aadami Kisi Ka mohtala 🌞🌈🎉😊👍Happy Photo Kaisa Laga 😘😴 🌴🌻🎊😍🙏💕

#nonfollowersviewersfollowersシ゚viralfollowersシ゚ #fbphotoviralpost #happyphotographer"
"1771767429","3838185845267010560","dili ko graveyard but I take morning: iron+multivitamins&vitamin c, lunch: bcomplex&biotin, dinner: calcium.. so far energetic padin kahit may 2 yo and 4 mos babies hehe"
"1771807398","3838521125840870298","Bf mom ka my?"
"1771806431","3838513018762866255","PAG SABA UG DIPA NIMO DAWAT TANAN OY! DILI KAY CONTROLON PA NMONG TAO NA HALOS ILUWA NAMAN GANI KA!"
"1771806366","3838512474585560628","hiii help a girlie out!!!

where pwede mag buy here ng gold jewelries (not real gold kay dili man ko dats HAHAHAHA) just those ones na non-tarnish and whatnot basta pwede for sensitive skins kay aryat og panit ako mother. Planning to gift it on her birthday huhu pls help"
"1771806188","3838510975750983084","Kung ang pang matandang habit ko daw ay makinig ng drama sa radio while doing housework,

Si hubby naman e biglang na convert as certified plantito 😆 

Ang aim nya e dapat laging malinis ang bahay, i-maintain ang mga alaga nyang halaman, at tuloy tuloy na work lang kahit minsan halos walang restday o masama ang pakiramdam 😅

Para kaming mga 30 senior something 🤭
We appreciate a few minutes of body massage instead of intimacy 😆"
"1771806187","3838510970558452494","nag sorry ko dili kay naka realize ko kundi nahadlok ko ato na makigbuwag ka nako tungod nasuko kas inato"
"1771805927","3838508788530222290","Kung sino man po nakakakilala dito ay pasabi sakanya ibalik na kamo yung pinarepair ko hiningan po ako nyan ng 3800 po para daw pampagawa hanggang ngayon di pa po ibinabalik kahapon nang hingi pa yan ng 300 pampagas daw po pero hintay kami ng hintay mag anak hanggang gabi ay di po nagpupunta mga anak ko ay init na init po at halos magkasakit na."
"1771807878","3838525159888865275","Grabe yung sakit nang katawan ko, para akong kinarate nang ninja turtles. 😭"
"1771807511","3838522079935912396","Sakit ulo sobraaaa"
"1771807400","3838521147768643808","before, diko want mag tab/ipad since magsakit jud akong ulo sa large screens. Now, want na nako kay lisodan ko mag lappy if mag make og activities. Hays, madala raman guro ni sa advil akong ulo"
"1771807283","3838520164632110743","Napapala ng matigas ulo di makainom ng gamot khit namimilit sa sakit ng tagiliran🤦🏻‍♀️"
"1771806864","3838516646584168164","Grabeha ka labad sa ulo tas sakit sa mata.  Di nako mo usab ka isa nalang 🥴🤪"
"1771806194","3838511028733406562","need na nako mu leave bali  2 weeks gyud hahaha di na healthy ang kainit sa akong ulo every duty.. like 5 mins palang ko gikan nag in, ma trigger na dayon si anger.. huuuuuy bad liyapi.."
"1771805961","3838509074271655862","Init kaayo akong ulo ron ay hayst"
"1771805847","3838508119522165012","Ayaw kog labda ron teh kay labad ra ba akong ulo🙂"
"1771804980","3838500844334174207","yung sakit ng ulo ko kaya ba mapawala ng kiss mo na may tunog?"
"1771804203","3838494331402077214","sakit ng ulo 😵‍💫"
"1771803067","3838484796918723706","f—- sakit ng ulo ko"
"1771802433","3838479476083368481","sobranggg sakit ng ulo"
"1771808448","3838529932058244360","Nakipicture lng kosa baka mga lodz nindot kaayo ang nati sa baka guys
#buhayprobinsya #tugwaybaka"
"1771808214","3838527975759616175","Champion ""POP DANCE""
🎉🎊🎉...Huge Congratulations ninyo lang😘 Jea Mutia...❤Well deserved kaayo ang tanan kahago  ninyo..😘😘😘Liwat ka nko.😝🤣"
"1771806682","3838515126820969584","2 way Baga kaayo ang Handle Gwapa isagpa sa marites 🤣 May ink lang sya Baka may Gusto pa nito wampepte nalang"
"1771806312","3838512017833858147","Engon ting init.. ulo ra man lagi ang ang init panahon kay gtugnaw bugnaw pa sa ice"
"1771806194","3838511028733406562","need na nako mu leave bali  2 weeks gyud hahaha di na healthy ang kainit sa akong ulo every duty.. like 5 mins palang ko gikan nag in, ma trigger na dayon si anger.. huuuuuy bad liyapi.."
"1771805961","3838509074271655862","Init kaayo akong ulo ron ay hayst"
"1771805074","3838501633022058543","Lord gae kog wisdom, ka bakasyunon n kaayo ko pero ang mga baboy dli mu sugot 😆"
"1771805072","3838501613251077872","Good morning mangapi ta with my empanada subra gahapon sa order 
Lami kaayo Paris sa kapi guys 
Kamo diha pag order na para naa Koy iparis sa kapi lahi Ra gyud Ang pan guys.
#EmpanadaCravings 
#talisaycebubestempanada"
"1771784523","3838329242229355872","Help! Sa mga bayaning puyat dyan, what supplement do you recommend for immunity and to stay fresh?? I’ve come across several Tiktok vids recommending Fortima and Conzace. Kayo, anong holy grail niyo? 🥹"
"1771808883","3838533589869481226","https://s.shopee.ph/BOZFS041K me as puyaters moma this one I take, before talaga grabe Hilo ko tapos hindi sapat ang tulog but now less na talaga Hilo at pagod na pakiramdam tapos makakatulong nako.kaya ang saya lang Hindi na masyadong mainit ang ulo ko mi😆"
"1771802026","3838476066500066983","Yes gusto ng taong bayan na malaman at gusto na rin ng taong bayan na tuldukan na.mga duterte. Walang duterte na uupo sa gobyerno"
"1771807965","3838525882089319994","Tuldukan? Sira pala ulo mo, si bbm ang dapat tuldukan"
"1771796518","3838429859295774933","Anong gusto mo ituro sa skin, Lord?

Hindi ako pasaway, hindi ako demanding na asawa. Lalong hindi ako lokoloko.

Pero bakit binigyan mo ako ng asawang hindi makuntento? Asawang hinahanap ang pagkukulang sa iba? Asawang walang emotional intelligence? At asawang makasarili? 

Grabe ka naman, Lord.

Hindi ko deserve yung paulit ulit na lang ginagago. Sana noon mo pa pinakita sa akin ito, para hindi ko na lang itinuloy. Isanv malaking pagkakamali.😫"
"1771806635","3838514727237132452","Binibigyan ka ni Lord leeway sis.. ikaw na lang talaga matigas ang ulo."
"1771806307","3838511981486359863","bruh wdym after 3months of no contact, nakit an najud tika balik, na touch, nakauban tikag balik?! aaahh last night my heart was beating so fast nga naunsa oy ni alimoot og kalit ang kalibutan nga bugnaw man unta kaayo gabie😭"
"1771806199","3838511067489067659","Guys 
Naa pa tay onhand available  gamay nlng 
Ni ky relesay ng uban
Inbaks lng para mareserb nko...
Sa gusto magreseller pm lng
Katong mau lng mubayd ha d labad sa ulo pass ko ana kapoy maningil
Ang relesan nko kusa mubayd ky we know kanus a ta mgduedate
Promo
With dscount 
With Freebies bxta nakapurchased ka sa minimum order  amount 
Free tarpaulin  bxta naay stock sa opis
Fre katalog

Ug mgpamember  ka free insurance 
#PersonalCollectionPH 
@highlight 
#everyoneactivefollowersシfypシ゚viralシalシ"
"1771803945","3838492125986792241","Ako ang sumuko sa mga doggies ko kay Banha kaayo, ako lang sana aakyat sa taas for my peaceful morning coffee.... #peaceful #furrbuddies #IdasDayinLife IDA C.L. kafarmers/ZamPenSiviprojectusd"
"1771803842","3838491301117761755","Biyahing buhay ganap napod guys mga ka fblife kabugnaw sa kabuntagon nice kaayo ang view #goodmorning #fbpost #fblifestylechallenge"
"1771802254","3838477980788818316","Dear Future Wife,

Awa cute kaayo hahahaha ang rice ni barog kay ge sultian nako sila nga ""Please all RICE(rise)"" 😭😭

Your future Husband"
"1771801836","3838474470466073423","Gwapa kaayo ang gulay 🍆🌿🌹🍃
Good morning ☀️"
"1771808735","3838532342123094483","Nag simba ang pray nya amo ni

LORD GAE LNG KO Pirme KUSOG KG MAYO LAWAS 
Tpos pg puli nag inom tanduay wla kpanyapon Asta kaagahon,
kabalan cmu ba
Intu mopa c lord 😅🤣"
"1771788950","3838366378538200481","Kung bibigyan tayo ng visiting hours sa heaven sino ang una mong ivivisit and anong una mong ikwkwento sakanya?🥹🤍"
"1771807403","3838521169562294195","My mom , ssabhin ko lahat ng sakit na naranasan ko sa buhay na nalampasan ko at ang mga tagumpay na nagawa ko ng magisa lang ako😢"
"1771807078","3838518441150644535","Akong gi total tanan nakong bayrunon this month, murag sakit sa lawas nalang gyud mabilin sa akong sweldo 😂."
"1771806820","3838516284414434695","hindi yan sha nakapag jog today dahil ang sakit ng puson niya"
"1771806418","3838512912001029044","My tab was so used, ni start nag separate ang screen sa lawas 😂 may gali ga function pa hahahaah 😝😝😝"
"1771806336","3838512223061492067","Hoooyt kapoy kay akong lawas, sakit akong tutunlan ug ginasip'on kooooo. Pwede mag'sick leave 😭😭😭😭🥹"
"1771804933","3838500450270901661","Hindi ko talaga kaya mag paayos ngayon sobrang sakit ng likod ko. Ang magagawa ko lang talaga ngayon ay pahinga. 😌"
"1771807025","3838518000898627599","Utod mo Ang lawas pero Ang huna huna  hindi"
"1771806791","3838516020735275858","I still have a heavy heart after watching ""The loved one""🥺😭 I was too emotional while watching it. Ang sakit🥺#thelovedonemovie #multocupofjoe"
"1771806037","3838509706947690253","Gusto ko lng e share ang price sang tambal nga Gina inum ko guys..grabe k mahal .. amo n nga ampingi tawon ninyo ang inyung lawas ayawg palabi ug over time🙏 ky lawas talang ang capital dri sa japan, ambot lang kung wala ang Ginoo kag ang mga tao nga Ginagamit nya diin nmon puloton ni…"
"1771805340","3838503869626942890","Luhh pinag shashabu mo be grabeng imaginary yan ang lubha ng sakit mo kung ano ano na naiisip mo sana all baliw😆😝"
"1771804752","3838498929886041541","Di ipahalata na sakit ang lawas para sugtan pa next hike HAHAHA"
"1771804156","3838493930317379960","Karon nata magdayeg kaniya samtang kompleto pa ug lig-on pa ang atong mga lawas.Hallelujah🔥"
"1771803729","3838490347878695410","Kasaba inin embudo ang lawas 🫩"
"1771803608","3838489338972444058","Grabe ang sakit sobra, akala siya mag bboost ng confidence ko, siya pala sisira."
"1771513318","3836054204737777751","Normal ra ba ni, i was single for 1 and a half year. Naay isa ka guy nga gusto ko i pursue jud and grabe kaayug effort. Grabe nakog hilak kay ga sakit akong dughan kay feeling nako di nako deserve higugmaon ug ing ani."
"1771808842","3838533246397649888","Update, i didnt left him hanging. Im not the only one he tried to pursue there’s another girl nga gina pursue sab niya, iyang reason is dugay daw nako siya gi sugot ( he courted me for 2 weeks) like wtf??? So my instinct telling me not say yes thats nag sakit akong dughan cos i already fell for him but again i recently knew that he pursue another girl so (BUSTED)."
"1771808735","3838532342123094483","Nag simba ang pray nya amo ni

LORD GAE LNG KO Pirme KUSOG KG MAYO LAWAS 
Tpos pg puli nag inom tanduay wla kpanyapon Asta kaagahon,
kabalan cmu ba
Intu mopa c lord 😅🤣"
"1771808394","3838529482630804253","Sino dito ang nag-iinvest sa stocks? I did it back in 2016 and I really gained from the investment pero I stopped it din. I'm planning to do it again, pero I know it's a bit risky. They said invest at your own risk and invest what you can lose lang. I used COL financial before. 

I hope to connect sa mga masters ang COL financial."
"1771807884","3838525205597918363","Subra nga laog sa banwa sari sari madapgan teh ang irong nga daw paklang tam la sensetive nag sakit nag tubog eh hahhah"
"1771807078","3838518441150644535","Akong gi total tanan nakong bayrunon this month, murag sakit sa lawas nalang gyud mabilin sa akong sweldo 😂."
"1771807025","3838518000898627599","Utod mo Ang lawas pero Ang huna huna  hindi"
"1771806418","3838512912001029044","My tab was so used, ni start nag separate ang screen sa lawas 😂 may gali ga function pa hahahaah 😝😝😝"
"1771806336","3838512223061492067","Hoooyt kapoy kay akong lawas, sakit akong tutunlan ug ginasip'on kooooo. Pwede mag'sick leave 😭😭😭😭🥹"
"1771805840","3838508059341922175","Kami sauna malipay najud me makasugat rag ingun aneh Bisan way sud an ...
Nagtuo nag looy najud kaayu pero ang tinuod ..
Kadtu diay mga panahuna ang pinaka maayu ug swerte nga kinabuhi,Kay ang mga lagutmon way mga side effects way chemical nga makuha natu gikan sa mga pinalit nga mga pagkaon ...maong 0urya buyag walay mga sakit ang mga kabataan saunang panahon ,,
Hilantan me Royal rag biscuits ang tambal ..
Maayu nah ,,"
"1771805102","3838501840372026340","“I can do all things through Christ who strengthens me.”
Philippians 4:13
New week. New goals. Same faithful God. 🙏

Anuman ang challenges today 
negosyo man, pamilya, o personal growth 
hindi tayo nag-iisa. 
May lakas na galing kay Lord na hindi nauubos.

Step into this Monday with confidence, courage, and Christ-centered focus. 🙌

Declare it:
✔️ I am strengthened.
✔️ I am equipped.
✔️ I am ready for this week.

Happy and blessed Monday!"
"1771808778","3838532704845017833","ANG DAMOOOOOT"
"1771808646","3838531591602803291","Good morning everyone.💓💓🌄🌄
Vawiin chu khawiah emaw kahan kalteh ang.🤔🤔"
"1771808631","3838531470194027505","Double time ang DDS trolls since Marcos' visit to Naga, until today sa kumpil ni Digong sa crime against himanity. Double pay is waving🤡"
"1771808560","3838530873420144615","Happiest Birthday My Little Brother 
Mario Maya .., Wishing you all the best
Long life, Good Health Ingatan ang Sarili ha.., 
Love you so much my Little Bro.. ♥️♥️♥️Godbles🙏"
"1771808437","3838529842878365720","Opportunities don’t always come twice. Stop waiting for perfect timing. Minsan hindi opportunity ang nawawala but your courage to take action."
"1771808401","3838529544000739804","We were really impressed at how organized the event was - from parking, to food and activities for kids. They even let you get that close to the balloons (at no extra cost). At ang ganda lang ng Singha Park. 🌳🌳🌳"
"1771808394","3838529482630804253","Sino dito ang nag-iinvest sa stocks? I did it back in 2016 and I really gained from the investment pero I stopped it din. I'm planning to do it again, pero I know it's a bit risky. They said invest at your own risk and invest what you can lose lang. I used COL financial before. 

I hope to connect sa mga masters ang COL financial."
"1771789955","3838374807327681645","How to spot a 6-digit earner sa kabilang table (Café Edition)

• Naka‑MacBook – 50% chance. Could be rich… could be 24‑month installment. 
 
• Naka‑ThinkPad + Hoodie + Mumbling to Self – 80% chance. Eto yung Work is Life but Sleep is Optional. 

• Naka Mac/ThinkPad + Panot/Kalbo + Hoodie – 99% chance. When the hairline retreats, the portfolio expands. 📉📈"
"1771808332","3838528967813600732","I thought it was a self-deprecating joke (panot/kalbo), na irereveal mo, ikaw yun, sorry na 😭

But also — I know people like that but they don’t go to cafés. Sila ang may-ari nung café."
"1771808168","3838527590151241993","Self-care is not selfish, Mommy 💚
Choose natural wellness 🌿 

PM na! Sa comment section ang link👇

#everyone #follower #highlights #Clicknamics"
"1771704403","3837657144775013067","GRABE KA TALAGA XD JACKPOT77 🔥

Game name: Chinese New Year 2 (FC)

Deposit 5,000 ➡️ ₱20,000 Success withdrawal via Gcash💰 
Congrats lucky player! Naglibang kalang kumita kapa😱 Ganyan kalambot si XD JACKPOT77!🔥

MAGLARO AT MANALO. REGISTER NA SA LINK KO⬇️⬇️"
"1771624196","3836984316799755581","nag usap kami ng sarili ko inaway ko sabi  tama ng ansayte na yan te🙄
nagbawas ng screen time
natulog ng maaga 
naglibang gamit gitara , 
sarili lang din makakatulong sayo wala ng iba 🙄
pag may pera nawawala din minsan agad ang ansayte 🙄"
"1771440602","3835444207377369364","Di naman broke, naglibang lang. pasensya na sa mukha, sa boses at dun sa lyrics na TO MAKE 🤣  #fypシ #marinoph #marinongpilipino #seamanph #seamanslife"
"1770480587","3827391035828551816","Dahil may bantay si Munggo.. naglibang na lang ako magtransplant.. sana maglakihan para may anihin 🤭

Back pain ka lang.. magtatanim ako 😤🤦🏻‍♀️
#plantita 🤗 #pechay #kangkong #kamatis #ampalaya #bellpepper"
"1770365599","3826426446361875593","Namamasyal po kami sa mall. Malamig dito at naglibang libang kami. #strolling #strollingaroundthemall #mall #mallingtime #everyone"
"1770188428","3824940207029036094","At my jungle hotel kaligandaki parbat naglibang -08 JYAMIRE 9828198180"
"1770068036","3823930302259816214","Naglibang sa tiktok🤣"
"1769124082","3816011839399240484","𝟏𝟎𝟎 𝐂𝐀𝐒𝐇𝐈𝐍 𝐍𝐆𝐈𝐍𝐆 𝟐𝐊🤭
🤩𝐍𝐀𝐆𝐋𝐈𝐁𝐀𝐍𝐆 𝐋𝐀𝐍𝐆 𝐒𝐈𝐀 𝐏𝐔𝐌𝐀𝐋𝐃𝐎 𝐏𝐀
𝐀𝐍𝐆 𝐒𝐖𝐄𝐑𝐓𝐄 𝐀𝐁𝐀! 

📍 𝐄𝐆𝐘𝐏𝐓 𝐁𝐎𝐍𝐀𝐍𝐙𝐀 𝐔𝐍𝐃𝐄𝐑 𝐅𝐂 𝐒𝐋𝐎𝐓

𝐂𝐋𝐈𝐂𝐊 𝐋𝐈𝐍𝐊 𝐈𝐍 𝐂𝐎𝐌𝐌𝐄𝐍𝐓👇👇👇"
"1770530282","3827807903827472237","Sa mga galing long term relationship anung ginawa nu para maka move on?? 7yrs"
"1770556619","3828028835292684982","Inisip ko lahat ng mga bagay na ginawa nyang di maganda .then i said to my self i deserve better person than you at naglibang enjoy with friends"
"1770151429","3824629856190305018","ka klaro anang gi type nako"
"1770167560","3824765168891614886","Naglibang ka sa Cebu???"
"1768791789","3813224309112101905","Naglibang😅
#everyone"
"1768480904","3810616436629379741","Subscribe to get exclusive benefits:
https://www.facebook.com/morenayuanhalley/subscribenow

Naglibang ang mga bata 😂😹
#playtime #catlovers"
"1768476314","3810577932868813285","Naglibang LNG po pra my Mai post🤗🤗cenxia n PO😊"
"1768448315","3810343071775569144","Mahina ang kontrata😅
#naglibang"
"1771513318","3836054204737777751","Normal ra ba ni, i was single for 1 and a half year. Naay isa ka guy nga gusto ko i pursue jud and grabe kaayug effort. Grabe nakog hilak kay ga sakit akong dughan kay feeling nako di nako deserve higugmaon ug ing ani."
"1771808842","3838533246397649888","Update, i didnt left him hanging. Im not the only one he tried to pursue there’s another girl nga gina pursue sab niya, iyang reason is dugay daw nako siya gi sugot ( he courted me for 2 weeks) like wtf??? So my instinct telling me not say yes thats nag sakit akong dughan cos i already fell for him but again i recently knew that he pursue another girl so (BUSTED)."
"1771725252","3837832039744313966","Sobrang entitled ng ibang senior citizen. May 2 available cashier sa Jollibee and parehong mahaba pila. Bigla syang dumating at sinabi na ipa-prioritize naman sya. Then nag-comment na bakit daw nagpapa-pila ng di priority. Kaya daw bumabagal ang service sa senior citizen dahil dun. Grabe! 😅
Exclusive ata yung intindi nya sa priority lane."
"1771808597","3838531189972637159","Totoo yan kahit di señor nakapila sa priority lane. Kahit nakikita ng cashier na naka pila ka di man lang pinapansin."
"1771734933","3837913252777423558","Way mag pa hilut ara??
📍Lapu-Lapu City"
"1771808534","3838530660852743048","Legit massage pila?"
"1771807691","3838523589507853651","Posted 2 photos, one before running and one having breakfast. Wasn’t too much to consider overindulging. 2 eggs, tapa and rice. Then received a semi-annoying message saying “nag-jogging ka pa”. I know it was only a 5k run. Seriously, am I not allowed to eat post-run?🥺 These comments do hurt especially when I’m trying right here."
"1771807683","3838523520745830702","Thank you Gurl,marky sa pag pa stay bisan pila lang ka week ko sa inyo, ug kay nice salamat pd. I miss you gurl unta magkita na pd ta. 🤍🤍 
My bestfriend 💜❤️🤍"
"1771807586","3838522704694238929","Nag update ang Spotify dati even if you are not in premium maka play man hapunan kag song UNLI now naa nay limit. Di ko sure ug bag o pa na kay more on podcastan Jud ko pero ka sad ba."
"1771806179","3838510901461484431","One sided rakay ka. Never ko nag explain since then pero mura ug nonsense. Diman lang kabalo manguta unsay reason or what the whole story came up."
"1771805550","3838505627610103567","Salamat  Nak Annagayle Y. Bonusan Sa Pa Birthday Sa Imong  Papa Ikaw Mao Nag Provide Sa Tanan Ug Sa Imong Regalo Nga Casio Watch Dugay Nani Niya Nga Gusto Mopalit Ani Pero Mahal Man Gud, Ikaw  Imo Gayud Gipaninguha Nga Mapalitan Nmo Si Papa Nmo Kay Gusto Ka Nga Malipay Sa Iyang Birthday Daghan Salamat Nak Sa Tanan Nimo Nga Effort God Blessed Your Family Always ❤️❤️❤️🫶🫶🫶🙏🙏🙏
#giftmydaughter
#casiowatch 
#ThankYouLord"
"1771805527","3838505431963445678","224m sa pila ka balay ug pila ka tao plus mga bldgs na naguba pag linog vs 1 coliseum na 500m. Gi unsa ni pag calculate? Kinsa ang nag budget ani?"
"1771808963","3838534256913630443","Nawala ako sa tropahan kasi pinilit kong ayusin ang buhay ko, 

ilang beses tumanggi sa inuman at tambayan.

Bihira niyo na lang ako nakakasama pero ako pa rin 'to, yung tropa niyong makulit, maingay, masaya kasama, samahan at sasabayan ka kahit saan."
"1771808245","3838528236796674074","(PART II)

FIRST PUPPY LOVE: This guy was on my mind for more than a decade. It's an unrequited admiration na walang pinatungahan. Tinukso kami ng mga friends niya tapos akala ko naman true na may something. I dedicated multiple Taylor Swift songs to this guy including You Belong With Me, Invisible, and Teardrops On My Guitar lol. Ako lang nauto bwinas umabot pa dekada hahaha. I never confessed and he never pursued me naman din. I just assumed. Overall, a decent and adventurous guy. (8/10)"
"1771808871","3838533483334100289","(PART III)

BEST FRIEND: Mabait, matalino, masipag, and responsible. He had a crush on me when we were young, but he didn't know that it was mutual. Siya ang unang nagbigay ng rose sa akin na binalik ko sa kanya kasi strict ang parents ko, but I secretly picked a petal para iuwi. Lumabas kami ng ilang beses years ago lang. Bet siya ng mama ko lol. I was waiting for him to pursue me again nitong tumanda na kami kaso he also never did, so that was my sign na forever friends kami. (9.5/10)"
"1771808363","3838529225879540031","Ano Ang dalawang beses mong makikita sa Isang araw ngunit Isang beses mo lang makikita sa Isang taon?"
"1771807869","3838525081413398221","Ang funny niyo talaga, nung kayo yung gumawa okay lang. Pero nung ginawa ko yun, sasabihin niyo wag sumali sa alitan ng mga magulang? Nung kayo nag disrespect ng ilang beses okay lang. Tapos pag ako, ang dami niyong sinasabi? Ginaya ko lang naman yung ginawa niyo 😌"
"1771807344","3838520677251645280","sa rami ng mga simbahang napasok ko bawat isa’y naging tahanan ng lihim kong lambing at pangarap sa bawat altar, may isipang lumilipad at may bulong na parang panata: “dito ako maglalakad.”

marahil sa rami ng beses kong inuulit nakapahid na sa mga sulok ang tahimik kong panalangin
at hanggang dumating ang araw na iyon patuloy kong hahaplusin ang pangarap at boses na may marahang nagsasabing: “dito ako ikakasal.”"
"1771806519","3838513753368998907","Ilang beses ba sa isang araw ko dapat maramdaman Yung sakit?!😞 bumabalik balik padin sa isip ko at masakit😞😞😞 help me po lord.."
"1771722684","3837810498251764851","Exact one month na din na gamit ko si X.One 🥹 Mukhang bago pa din. Confirm nga na non-yellowing 😌🫶🏼"
"1771806178","3838510892166842368","same case po tayo, 3 months ko na gamit yan di talga naninilaw ilang beses ko na din nahulog 17pm ko wala pa din kahit anong gasgas. worth the purchase talaga"
"1771804808","3838499399815870073","Nag papray talaga ako lagi, randomly hahaha pero this time, ewan ko nalang. 

Nag dadasal ako, humihingi ako ng sign kung kailan ako makakapag abroad. Gusto ko kasi talaga. Dapat pag graduate ko palang sana. Pero I landed a job na connected sa course ko and may mabait na boss. 
Minsan kinakausap nya ako, nag bibigay ng mga life advices."
"1771805427","3838504591105965983","Tapos nung araw na hiningi ko yung sign na 222 para mag abroad, di nya pinakita yun. Pero kinabukasan at mga sumunod na araw, lagi ko na nakikita si 222. Sa ml, sa comments, sa establishments. Iniisip ko, common ba si 222 ? 

Take note, nawala sa isip ko yang sign na hiningi ko. Hahahaha naalala ko nalang nung ilang beses na ako nakakakita ng 222."
"1771805378","3838504180575777582","Am I being too petty if I am over exaggerating sa paglike ng crush ko sa ig story ko? Like, finally may nangyayari na? Or I am just delulu."
"1771805377","3838504179434921090","For context, ilang beses na ako nag ig story para mapansin niya pero wala effect. After so many weeks. 😂😆"
"1771804449","3838496389421193057","Eeee hola 
Busco amigas o amigos o novia nose xd características estás jajajajja 
12años
Altura:1.58
Contesto rápido algunas beses 
Soy celoso jajja
Y no se q más se ponía"
"1771804364","3838495679937954725","Ganda dito sa Cafe Roo.. Pero iba din pag nagvviral.. daming tao.. dalawang beses ang queue 😑 Pero happy and nagenjoy pa din nman.  Ang sarap ng natry nming food.. 🥰"
"1771782081","3838308756895866793","Mali ata timeline nyo sir! Binoto kuna namin bago nya pinakulong. 🤦‍♂️"
"1771803701","3838490117108119560","May tama ka naman dyan..pero ilan beses ba kayo pinagsabihan Ni digonyo na wag nyo iboto kz nga adik..ayun eh di ung adik na binotonyo nagpakulong sa tatay nyong karton...wahahahahah
Sarap..lasap na lasap.. most satisfying..."
"1771802697","3838481690650727601","nakita mo siya nang maraming beses"
"1771807909","3838525411630363979","Dili nako madala sa jamming kay sure ko mu absent ni ugma kay gikapoy😂"
"1771807256","3838519885231638351","Gikalingawan nako si moi² ug sayo kai gilaay jud ko ron mga migs, gikapoy nakog pamagul😜

#gitripan
#bahakhaknasad 
#moi2palaboy"
"1771806578","3838514249085345007","Ikaw ang gikapoy ug laba,siya nga gigutom"
"1771806248","3838511485552146033","LORD,  unta tagaan ko nimug UYAB nga naay motor kay gikapoy nakog commute."
"1771805311","3838503619495143974","Gikapoy nako cgeg pinangita kasunod aning asa ang ubang episode sa salida ni Linda Walker.🥴😂"
"1771803231","3838486173791250501","Maayong Buntag ma nga ka idol so mag off line sa ko karon pila ka  buwan  hunong sa pag reels waman sa  engon gikapoy ko  Basta relax lang sa ta  karon bye"
"1771801623","3838472685110828556","Gikapoy nakog byahe taga lunes tug pa unta ko run hays"
"1771796900","3838433060179154977","Kamong duha akong Inspirasyon sa kinabuhi kay wala koy anak🥺
ginahimong sumbanan sa relasyon 🥹kamo nag tudlo nako sa maayong pamatasan maong strong ko bisan gikapoy nako 😭 PERO nganong KARON kamo naman  hinuon nag 💔😭DILI ko sanay  nga DILI nata bu-o💔
#BrokenFamily 
#sad
@highlight"
"1771803361","3838487262540309599","wa sa tay carenderia kay gikapoy og bangon ang kusinera, naa pa si odoy nga dili buhian akong yototz🤣🤣

Hi-way lang sa maninda unya hapon."
"1771803228","3838486148012405711","Back to work and school, bahalag gikapoy pa."
"1771798736","3838448466964744336","Stop giving me mixed signals, if u wanna be my friend just be my friend. Sakto na please kay gikapoy nako sakit na kaayo"
"1771795737","3838423308321508319","Ang usa ka inahan bisag gikapoy ug kuwang sa tulog ug gigutom unya naa sakit buhaton jud ang tanan para sa iyaha mga anak ."
"1771795335","3838419939498367168","gikapoy nakog huwat kung kinsa jud ang para akoa ba"
"1771794971","3838416884669309890","gikapoy na ko daan para unya 🫩"
"1771791487","3838387662156456965","gikapoy nako singhagan ug customer. gusto ko ako napud maninghag 😭"
"1771544826","3836318510901654361","Aduna ba kamoy gepamati nga sama sa akong gebati? Nga mag lisod tag genhawa pangapoy sa kalwasan ilabina kung wala tay kwarta? Na a ra ang sulbad mga higala,imon lng kamo niine kay sigurado gyod nga mahuwasan mo paniguro mo kang yoyo Romeo kay xa ang liget ane nga produkto..beware sa fake..kang yoyo Romeo lamang mo deretso..."
"1763294163","3767106939630353891","Tulog na ta sayo basin mauli-an na ta ugma aning cge balik2x na pangapoy sa lawas💪"
"1762840841","3763304201322670253","Kana ganing gibbati tag pangapoy  Homan salinog ug bagyo Kay nangandam ug nag hipos2x. Nga deli mga basa mora gípa maolan. Peró ok rà Kay wala pasadí ßa ginoo."
"1755130018","3698621128072250263","pagbantay mo!
labad sa ulo, sakit sa tiyan ug pangapoy.
pipila lang na sa mga simtomas nga wa kay kwarta."
"1743516011","3601195773436128920","Pagbantay mo!
labad sa ulo, sakit sa tiyan ug pangapoy.
pipila lang na sa mga simtomas nga wa kay kwarta."
"1740487754","3575792914384519543","walang pang-apoy at panglasa combo 🤒"
"1737166249","3547930109509359425","Officially enrolled kana gd man pro ga pangapoy-poy kaman ka schedule 😑"
"1733642237","3518368557502017198","pagbantay mo!
labad sa ulo, sakit sa tiyan ug pangapoy.
pipila lang na sa mga simtomas nga wa kay kwarta."
"1757549079","3718913658933516788","Lebre vitamins very natural Pero effective Kato gipamaulan DHA pangapoy inom ta ani perme guys promise nice kaayo effect."
"1755926971","3705306449877303283","pagbantay mo!
labad sa ulo, sakit sa tiyan ug pangapoy.
pipila lang na sa mga simtomas nga wa kay kwarta.
#hihglightseveryone"
"1755295357","3700008087437646079","pagbantay mo!

Labad sa ulo, sakit sa tiyan ug pangapoy. Pipila lang na sa mga simtomas nga wa kay kwarta."
"1743404588","3600261091645665616","Pagbantay mo!
labad sa ulo, sakit sa tiyan ug pangapoy.
pipila lang na sa mga simtomas nga wa kay kwarta.
🤣😂😁"
"1742995860","3596832412661582611","Vase na Hindi Lang Pampaganda… Pang-Apoy din?! 🔥🏺
#Yappee #ctto @techmoments_ #YappeeHow 
#FireExtinguisherPeroAesthetic 
#DekorasyonNaNagpapatahimikNgSunog 
#IbatongSolusyon 
#SunogNoMore 
#ApoyCheckMate 
#EmergencyFlex 
#HiddenPowersNgVase 
#LabanSaLagablab 
#SanaAllMayGanito"
"1732759963","3510967507111219130","I need paracetamol
para maayo ni akong pangapoy ug sakit sa ulo."
"1726819787","3461137699278529050","pagbantay mo!
labad sa ulo, sakit sa tiyan ug pangapoy.
pipila lang na sa mga simtomas nga wa kay kwarta.🥺😅"
"1725414457","3449348933745064302","Pagbantay mo! Labad sa ulo, sakit sa tiyan ug pangapoy. Pipila lang na sa mga simtomas nga wa kay kwarta!"
"1725353595","3448838384137439794","Pagbantay mo! Labad sa ulo, sakit sa tiyan ug pangapoy. Pipila lang na sa mga simtomas nga wa kay kwarta!"
"1724729737","3443605086688241562","pagbantay mo!
labad sa ulo, sakit sa tiyan ug pangapoy.
pipila lang na sa mga simtomas nga wa kay kwarta."
"1724495215","3441637773067958499","pagbantay mo!
labad sa ulo, sakit sa tiyan ug pangapoy.
pipila lang na sa mga simtomas nga wa kay kwarta."
"1724174933","3438951053388799037","pagbantay mo!
labad sa ulo, sakit sa tiyan ug pangapoy.
pipila lang na sa mga simtomas nga wa kay kwarta😂😜🤣🤭"
"1724037026","3437794204188069216","pagbantay mo!
labad sa ulo, sakit sa tiyan ug pangapoy.
pipila lang na sa mga simtomas nga wa kay kwarta."
"1723953630","3437094627386684743","Pagbantay mo!
Labad sa ulo, sakit sa tiyan ug pangapoy.
Pipila lang na sa mga simtomas nga wa kay kwarta🤦😅"
"1771808880","3838533559871753177","Kay gi feel jud ug maayo"
"1771808735","3838532347046876266","FLY HIGH nang Gloria Patrocinio Sojor salamat kaayo imong maayo ug dako natabang namo sukad sauna dli ug dli jud ka namo malimtan"
"1771808414","3838529653648764214","Snack ta,maayo Gani na binlan pa ug Gamay nga puto."
"1771807978","3838525997129521034","Early in the morning received a message like this:

When you have a dear friend and you witness her happy love life turn into a nightmare—when the consistency suddenly stops, and you feel sad for her when she’s at the lowest point in her life, while the love of her life disappears like a thin air. 🥺"
"1771808079","3838526837802210045","Kaning mga laki gyud nohhh maayo ras pasikat ug igat igat! Tsk!"
"1771807370","3838520896597100155","Maayo kaayo ko pagkatawo basta dli lang ko onhan grabe na nimo pangdaot sa akoa oi ikaw ra diay na dai over nka dai bisan dli ta fren pero may marites mo report nimo😡wala raba ko naghilabot nimo pero buhat2x ug istorya mga bati kay wala makahimo ana kung walay rason pag move on"
"1771807256","3838519885231638351","Gikalingawan nako si moi² ug sayo kai gilaay jud ko ron mga migs, gikapoy nakog pamagul😜

#gitripan
#bahakhaknasad 
#moi2palaboy"
"1771807161","3838519141566287398","Mao jud, sa sunod kuno na panukala s mga mudaug krung umaabot nga  butuhan..kini maoi piskay Ang tga pgmana nga dli kamao mubyad sa buwis  unsay maayo dli pud pmanahan.Ki kini uban kuno listo lng sa iyang mahimong kapartihan
Pro bahin sa buhisan
Murag maoi  tuyong
 kalimtan
Hlos exempted
S tnang  mga kakuli-an
Pro kwidaw s hearingan
Mutunga  oi  ug naai
 Kabahinan dli pauwahi
Haskan  mga ginikanan
Kamo nay mag egu
Sa inyong mga kayuta-an
🤣🤣🤣🙏🙏"
"1771806578","3838514249085345007","Ikaw ang gikapoy ug laba,siya nga gigutom"
"1771804590","3838497504795201974","Nagtuyok paman ta padung center...arun ma tan.aw kung hapit naba maabot ug tubig...maayo nlang nahdali tag uli kay naa nasab manganakay..."
"1771414994","3835229406215032988","nangluya ko gaina ba HAHAHAHAHHAHA"
"1771037972","3832066713991732852","HAYYY KA HAPPY SAKONG HEART. Being loved this right by husband, always always spoiling me with money (kay nangluya nadaw ko wala nay shopee2. Haha) to seeing my threads nga puno ug nawong ni Connor. Ahhhhhh!! And of course the privilege of being alive, healthy, loved, sleeping peacefully, and to lose some freaking weight!! Thank you, Lord! plus ginauli ko sakong bana every weekend sa Polomolok kay naa ddto akong family and friends. I am blessed. Very very.

HVD everyone! <3"
"1770611969","3828493141195903062","Paita ..lipong3x ghapon ta..
Di gyud ka pangwarta ug ingon Ani..saputon nalng tag hunahuna.
Unya atong mga kauban sa balay nangluya pod..
Mga2weeks na gyud ni akong vertigo...😭😞
Ug kita magluya way insaktong mag atiman sa atoa.😭
Kanus apaba ni mahuman😭
Ka surrenderon naku ani."
"1770481525","3827398899812934275","dehaaaa ta nangluya"
"1770162368","3824721612361685926","Galaw galaw kaibigan, dae para luya luya.

Pag nangluya ka sa oras nin kaluyahan..maluya mananggad. Galaw galaw dae para problemahon ang problema ta problema talaga yan, kundi hanapan ki solusyon.

Dae ka man tatawan ki problema na dae mo kaya.

Pasalamat ka ngani ta namamati mo ang problema, ta kung dae ka na nakakamati ki problema gustong sabihon ika na problema ta abnormal ka na."
"1769999322","3823353890880847197","sobrang dami mong babae sa following list mo nakakapanghina"
"1770035202","3823654875091828731","Ngano Mang nangluya nang bayhana 😆"
"1769793213","3821624918912676121","Ngano MN nangluya,diin na to Ang mga ka chat nimo dong?😆🤣"
"1769771231","3821440524524545626","Thank you, Lord! 🙏"
"1769771368","3821441671498945681","Nangluya tibuok adlaw after evaluation kay nag panic🥲 Hopefully makuha ulit this time 🤞🤞🤞"
"1769632528","3820277000821791139","Poya na da. Nangluya nmn ang ferson"
"1769392189","3818260884805255045","Katilaw mn ta sng gin pamunit ni Ken ba,, kon wla nangluya wla ya ginpaluto 🤣🤣"
"1769281931","3817335973756490284","Nangluya nmn lage na"
"1771778500","3838278714791190490","Hello people! Can you guys suggest kung anong pwedeng gawing hobby/ies this 2026? Yung hindi ako mabobored 😭 Medyo nagsasawa na me mag doom scrolling. Tell me anong hobby niyo na hindi nakaka stress ☺️"
"1771808782","3838532735355481379","Nasabi na pero kasi I swear by it: journaling. It may be art journaling, yap journaling — any form that will help you decompress and put you in a better headspace. 

That pen to paper moment relaxes your mind kasi, and helps you regulate your mood. When the world is noisy, you will appreciate the peace it gives you. Bonus na dun ang retrospective if you write your thoughts on a journal. Art works the same, whatever works for you in analog form actually."
"1771808735","3838532342123094483","Nag simba ang pray nya amo ni

LORD GAE LNG KO Pirme KUSOG KG MAYO LAWAS 
Tpos pg puli nag inom tanduay wla kpanyapon Asta kaagahon,
kabalan cmu ba
Intu mopa c lord 😅🤣"
"1771789955","3838374807327681645","How to spot a 6-digit earner sa kabilang table (Café Edition)

• Naka‑MacBook – 50% chance. Could be rich… could be 24‑month installment. 
 
• Naka‑ThinkPad + Hoodie + Mumbling to Self – 80% chance. Eto yung Work is Life but Sleep is Optional. 

• Naka Mac/ThinkPad + Panot/Kalbo + Hoodie – 99% chance. When the hairline retreats, the portfolio expands. 📉📈"
"1771808332","3838528967813600732","I thought it was a self-deprecating joke (panot/kalbo), na irereveal mo, ikaw yun, sorry na 😭

But also — I know people like that but they don’t go to cafés. Sila ang may-ari nung café."
"1771808168","3838527590151241993","Self-care is not selfish, Mommy 💚
Choose natural wellness 🌿 

PM na! Sa comment section ang link👇

#everyone #follower #highlights #Clicknamics"
"1771807025","3838518000898627599","Utod mo Ang lawas pero Ang huna huna  hindi"
"1771806418","3838512912001029044","My tab was so used, ni start nag separate ang screen sa lawas 😂 may gali ga function pa hahahaah 😝😝😝"
"1771806037","3838509706947690253","Gusto ko lng e share ang price sang tambal nga Gina inum ko guys..grabe k mahal .. amo n nga ampingi tawon ninyo ang inyung lawas ayawg palabi ug over time🙏 ky lawas talang ang capital dri sa japan, ambot lang kung wala ang Ginoo kag ang mga tao nga Ginagamit nya diin nmon puloton ni…"
"1771777608","3838271235122456034","ever since tumambay ako dito sa threads mas naging conscious na ako sa mga kinakain ko at andami kong natututunan about foods. pero minsan confusing parin lalo na sa pagbasa ng label ng foods ano pa dapat bigyan pansin if magbabasa ng label?"
"1771805714","3838506998955243994","Hi po! always check & compare between macro content of prodcuts. if you want to lessen your bad fats, avoid saturated fats. Always check rin sa %RENI/%DV sa right column. If <5% siya it has a low content that can contribute to your diet. Habang >20% is high content. So if may nakita kang ex: sodium na beyond 20%, high content na siya that can increase your risk sa high BP. Pero if for example yung iron/fiber or protein ang >20%, yun yung ideal."
"1771805403","3838504390844436400","And I kid you not- the first thing Sara Duterte would do as a sitting president is to make sure we are no longer with ICC- bakit kasi shes there to protect her own! And she will put every effort to revenge!!! yun lang yun  So please vote wisely when the time comes- she herself just realized 47 years of living na her life is not hers alone- tama ba yan, the moment u become
a mother ur life is not ur own! ang tagal
mo ng ina -
the drama
effect doesnt
make sense"
"1771807695","3838523624278245703","Punitive Psychiatry: When Diagnosis Replaces the Court

https://youtu.be/MeDbX5MGi_g"
"1771807389","3838521051249349819","Gi subawan jud si zoe, murag dadto ni sa S&R kay grabi ka tugnaw jud dadto"
"1771807187","3838519344201105979","So tugnaw today, kaulanon..."
"1771807131","3838518892860402777","Good morning Monday 😊 Mamahaw ta ninyu pakaun sa mga kulit ni Papa og Mama 😍😁 Tugnaw Ang kabuntagon 🥶🥶🥶🥶"
"1771807127","3838518828586314576","WAH sa tuno!!! Ambot ug na unsa Sha!!murag gi kaun niya Ang lyrics!!
Only bisaya Ra Ang Maka gets ani"
"1771807078","3838518441150644535","Akong gi total tanan nakong bayrunon this month, murag sakit sa lawas nalang gyud mabilin sa akong sweldo 😂."
"1771806631","3838514693892323714","📷 by markiza.gi"
"1771806589","3838514340119632819","sgi ratag laroy² aning davao bisag tugnaw na"
"1771804872","3838499939312281239","Carry na murag spy 🤣"
"1771803728","3838490342593866753","Hiee ka tugnaw"
"1771808811","3838532967736615988","Sip on delicious wine, enjoy wine tasting flights, mocktails as you shop waistbeads, anklets & rings. FREE RINGS to the FIRST 15 guests (COMMENT BELOW “ring” If coming) cleurbanwinery This is my First FRIDAY pop up of many. #sip#shopping#waistbeads#entrepreneur#wine"
"1771807554","3838522438875778990","aga pa ya tulolagas luha ko kag sip on 
yots 2 weeks na ya nga atake sakon di ko maintindihan
kapoy na"
"1771807233","3838519722836582228","Fresh pasta, flowing Aperol Spritz, and a little bit of la dolce vita 🥂

Tickets are LIVE for my April 10th & 11th cooking classes.
Come learn how to make pasta from scratch, sip on an Aperol Spritz, laugh, and eat like we’re in Italy.

Spots always go quickly.
Tickets available at www.justgiulialombardo.com

Private bookings available for birthdays, team events, girls’ nights and more.
DM me for details."
"1771805601","3838506038593690587","Join me live on Saturdays for sip and slay!💋💄 Follow me on  TikTok  @MakeupbyMrs.Johnson💋#fypシ゚viralシfypシ゚ #makeuplook #looks #beauty"
"1771804687","3838498388082631244","Ubot sipon pleaseee , get away, I'm tired being with you, scared my troat and pain , I need to continue my everydays life,  pleaseee!!!"
"1771804616","3838497795762396866","🎉 National Margarita Day – Today Only! 🍹
Join us for $4.00 House Margaritas today, February 22nd!

Visit us at either location:
 •  Salsa Leedos Riverton – 13298 S. Market Center Dr, Riverton, UT
 •  Salsa Leedos Draper – 136 E 12300 S, Draper, UT

Come celebrate with us and sip on your favorite margarita! #margaritas"
"1771775706","3838255276483827469","Stupid .. Canada was 10000% the better team controlled the play.. all 3 on 3 does is even the flow and control of the game.. if you think USA was even close to the better team in that game you do not know hockey...

2 gold medal games the better team did not win thanks to 3 on 3 hockey in a championship game"
"1771804156","3838493934033687113","*ahem* SCOREBOARD!!!!!! That’s what determines the better team…argument could be made for whoever has the better goalie 😂 but still…go sip on some haterade to wash down your peanut butter and jealous 🇺🇸🇺🇸🇺🇸"
"1771803582","3838489112060553830","It’s National Margarita Day
Let me sip on this"
"1771805175","3838502477042216738","#TrapxCanvas we are the Greatest PAINT 🎨 and SIP 🍾 on EARTH 🌍! We are coming to your city, get your TIX 🎟️ TODAY:  www.TrapxCanvas.com"
"1771804545","3838497192167986534","Grabi ka bilar atung mata bisag pag mag sayo ug tulog pag motukar na Ang hutoy wala jid Tay mahimo sip.on ubo kanus.a pakaha me mag bulag ani ba? Loyal man kaau sya Nako di man ko Niya bayan😅ok Ra untag kwarta KADA iluha nato dli raba mag pampers nalng ta Aron dli ta che ihi-ihi paita🙄🙄
#highlight #flu"
"1771800884","3838466466853839077","🌿 Our doors are open for enjoyable family moments! 🍽️☕

We welcome our valued guests 6 days a week.
🕚 We are at your service between 11:00 a.m. and 8:00 p.m.
❗ We are closed on Mondays.

With our café and restaurant concept, we offer a warm family atmosphere where you can:
☕ Sip your coffee,
🍰 Enjoy our desserts,
🍲 Experience our home-style meals.

We look forward to welcoming you to spend quality time with your loved ones 💛

#familyatmosphere #caferestaurant #tastestop #cityfavorite 
#cleveland"
"1771798618","3838447480724671442","What is the best place you can go on a date with someone who’s vegan? I say smoothie king. I don’t want no rabbit food. So we can just sip on a drank"
"1771797633","3838439199004032082","$6 margs on National Margarita Day is a dream come true 💭🍹 

Come sip on some margs at Roost tonight!"
"1771795708","3838423065378257296","On this episode of Sip on it Saturday/Sunday
we are going to have the taste of tequila battle here at Slime’s B.A.R. (Bring A Rhum). 
The first is a silver patron bottle in 2015 bottles in Jalisco Mexico. It is a agave tequila with limited production. The second bottle is also distilled and produced by way of Jalisco Mexico, but it both that it is 100% pure agave. Make sure that you cast your vote."
"1771788100","3838359224238484078","Still in bed 😮‍💨"
"1771794505","3838412971240985663","Can I sip on you the blunt"
"1771792927","3838399725133442075","​Why choose one when you can try them all? 🍹 Exploring some incredible new flavors tonight with this margarita flight from Mexizol. From that spicy jalapeño kick to the refreshing tropical blends, every sip is spot on. The perfect spot to kick back and enjoy a great night out. Which one are you grabbing first? 👇🌶️🥭
​#Mexizol #margaritaday #DrinkLocal #MexicanCuisine #rongagne"
"1771777542","3838270679621353274","may nag add sa akin sa fb. nakaprivate. inaccept ko.

then nakita ko ang mga post. DDS pala. inunfriend ko kaagad."
"1771809024","3838534770180188421","Big NO to DDS. Matik!"
"1771807000","3838517793734709637","I was having coffee when noticed this man mountain - swole af - passed by, most likely on the way to the gym to get more jacked up. 

Naisip ko bigla: Tatagos kaya ang standard 9mm sa masels nya? Gaano kaya kadami na masels ang kailangan para di tumagos ang bala?

So, kesa buong araw ako mag isip ng hypothesis, nag chat gpt na lang ako, and here's the answer..."
"1771809012","3838534667124960211","Your intrusive thought won lol"
"1771808968","3838534303211469687","Pa rant oh, ganon naba ako kadaling iwan? Di naman big deal pero ayoko kasing i s-seen lang yung message ko, puwede naman i react so hindi ako mag rereact ng ganon. Instead of fixing it nag decide syang i block ako without proper explanation and good bye. Oo busy tayo hindi kaba makakalaan ng oras para sa taong gusto mo? Hahaha kaya ayoko ng mamili o pumayag magpaligaw eh kase sa bandang huli ako rin naman ang masasaktan, para san pa kung mag bibigay ako ng chance eh tatarantaduhin din naman ako"
"1771808941","3838534071954328574","Good morning 🌞 comment tanan nag mine gab e kay bagtingan ko today😉
Thank you miners😘"
"1771808922","3838533914466318198","Good morning laughter is the best medicine maong ayaw mog katingala nga nag cge na kog katawa ha?😅😅😅😅 bitaw ikatawa na lng ang tanan, nagkatawa ra gani ang nang SCAMMED!"
"1771780740","3838297502823220302","COA had already released UNMODIFIED audit report regarding VPSara's confidential funds, clearing her accountability."
"1771808901","3838533736200371463","Paulit ulit na sinasabi na Wala syang kinural sa depend , Ikaw tamba ang nag kurap Ng billions Ng kaban Ng bayan  kasma mo pres. At mga allies nyo ..😠"
"1771805601","3838506052309101310","Nag fam reunion kame instead of asking bakit wala pa ako asawa ang advise ng mga tita ko saken is wag muna ako mag asawa bata pa daw ako & I should achieve what I want to achieve muna in life, I’m 30yrs old. 🥰"
"1771808879","3838533550300161582","I am married to a green flag and yet I agree kay tita, do not get married yet. IF

-you haven't done / achieve anything you ever wanted
-you still want to travel / visit other countries
-you want to climb up thr corpo ladder
-you have big dreams that require your time, effort, money"
"1771808753","3838532498502546463","Se puede?"
"1771808866","3838533444125353320","Sip"
"1771762669","3838145912699521933","yum 📍Rob antipolo"
"1771808858","3838533373166610442","di naman nag aya ems"
"1771808846","3838533270875660288","Bawasan time😭

Kahapun:  29,948 .
Ngayon :  28,920

Earnings: Bawas 9$ in one Night 

Bakit? At bakit? .

.ma untat nalang ko gru  KY daw joke na mnlang Ang tanan 🤣 

Kay daw gin Papati lang man Ako 
Nga kuno ma TaaS yanda nga bulan 
Pero isa mnlang Gali nga pa kuno kuno🤣. 

Saan ba Ako nag kulang? 
Dahil Ako'y lumalaban sa hirap ng buhay .
Para kung maka sweldo daw medjo ayahay 🤣. 

Korek man?

#mommyjean"
"1771808811","3838532967736615988","Sip on delicious wine, enjoy wine tasting flights, mocktails as you shop waistbeads, anklets & rings. FREE RINGS to the FIRST 15 guests (COMMENT BELOW “ring” If coming) cleurbanwinery This is my First FRIDAY pop up of many. #sip#shopping#waistbeads#entrepreneur#wine"
"1771796131","3838426614624114342","yeyyy!!!! but sad na wala ta nag-abot :) see you next time ❤️"
"1771808987","3838534460581757460","Yes, puhon2 🤍"
"1771808948","3838534125153756417","Tinitingnan ko lang kung kailangan ko pa ng isang butas ng ilong. Nak ng teteng barado naman ngayon! 😅😄

#GoodVibesLang  #happymonday
#everyone"
"1771808941","3838534071954328574","Good morning 🌞 comment tanan nag mine gab e kay bagtingan ko today😉
Thank you miners😘"
"1771808925","3838533939161566768","sana nung nag hello ka, minura na lang kita e."
"1771780740","3838297502823220302","COA had already released UNMODIFIED audit report regarding VPSara's confidential funds, clearing her accountability."
"1771808901","3838533736200371463","Paulit ulit na sinasabi na Wala syang kinural sa depend , Ikaw tamba ang nag kurap Ng billions Ng kaban Ng bayan  kasma mo pres. At mga allies nyo ..😠"
"1771808846","3838533270875660288","Bawasan time😭

Kahapun:  29,948 .
Ngayon :  28,920

Earnings: Bawas 9$ in one Night 

Bakit? At bakit? .

.ma untat nalang ko gru  KY daw joke na mnlang Ang tanan 🤣 

Kay daw gin Papati lang man Ako 
Nga kuno ma TaaS yanda nga bulan 
Pero isa mnlang Gali nga pa kuno kuno🤣. 

Saan ba Ako nag kulang? 
Dahil Ako'y lumalaban sa hirap ng buhay .
Para kung maka sweldo daw medjo ayahay 🤣. 

Korek man?

#mommyjean"
"1771808809","3838532915618360984","‎𝗜𝗦𝗞𝗜 𝗠𝗜𝗡𝗜 𝗩𝗟𝗢𝗚 𝗡𝗢. 𝟮: 𝐒𝐞𝐧𝐢𝐨𝐫 𝐁𝐚𝐬𝐤𝐞𝐭𝐛𝐚𝐥𝐥 𝐓𝐫𝐲𝐨𝐮𝐭𝐬 𝐰/ 𝐠𝐮𝐞𝐬𝐭, Boss Ka-Reppa🏀
‎
‎On behalf of SK Council, salamat po sa gabos na nag tryouts sa Senior! And of course, sa special guest na naki-tune up sainda, sa Team ni Boy Lado! Dios Mabalos po saindo, sobrang titibay magkarawat!😍🙏🥰
‎
‎#SKBorongboronganSecondMiniVlog
‎#BastaBoronganonOragon
‎#SKBorongsBasketballTryouts"
"1771808776","3838532690744959354","Kaya ayokong lumabas sa bahay e dami kasing bwisit na kapitbahay HAHAHA
KAYA DAW DIPA AKO NANGANGANAK KASI DI AKO NAG LALAKAD HAHAHAHA ND KAYA RAW MALAKI TIYAN KO KASI PANAY INOM KO NG MALAMIG NA TUBIG😭 mas marunong pa sila sa ob ko😭"
"1771513318","3836054204737777751","Normal ra ba ni, i was single for 1 and a half year. Naay isa ka guy nga gusto ko i pursue jud and grabe kaayug effort. Grabe nakog hilak kay ga sakit akong dughan kay feeling nako di nako deserve higugmaon ug ing ani."
"1771808842","3838533246397649888","Update, i didnt left him hanging. Im not the only one he tried to pursue there’s another girl nga gina pursue sab niya, iyang reason is dugay daw nako siya gi sugot ( he courted me for 2 weeks) like wtf??? So my instinct telling me not say yes thats nag sakit akong dughan cos i already fell for him but again i recently knew that he pursue another girl so (BUSTED)."
"1771807262","3838519964161353855","Pa refresh sa ko sa akong mga mata Kay hago kay'g otok nga di ma imagine nga mka experience akong mao maong  babae💔 Sakit man sa dughan apan isalig nalng nko sa ginoo Ang tanan🙏"
"1771797614","3838439050920059309","Walay night mode ang threads guys? Sakit man sa mata oy, may nalang gani kana ray sakit dili akoang dughan kay gahuwat man kos akoang future girlfriend/wife faithfully hehe 🙂❤️"
"1771796738","3838430998502303750","33, and i just realized ang sakit na ng kasukasuan ko 🫣"
"1771795069","3838417708128604713","sakit na akong dughan."
"1771806791","3838516020735275858","I still have a heavy heart after watching ""The loved one""🥺😭 I was too emotional while watching it. Ang sakit🥺#thelovedonemovie #multocupofjoe"
"1771756274","3838092273238763752","Nag baktas ko crb to grandmall nag hilak nagpa ulan mawala lang jud ang sakit sa dughan. Hays lord ikaw na lang bahala sakit akung dughan"
"1771736376","3837925351926758943","Tagsa ra kaayu mag melt down ge kausa sad ang ka sakit sa dughan"
"1771688607","3837524132725116745","Ing’ana rana pro nag sakit na ang dughan😆"
"1771678892","3837443142685112584","ga sakit nmn dughan ko"
"1771673285","3837396105051727413","sakit dughan ta haw"
"1771572240","3836548481763051915","😭😭kalabad oi..bisan pag naaka pinas ug Waka sa imoha anak sakit jud ang dughan..mingaw jud lahi rajud pag sila imoha kauban..lord nganu mani"
"1771506654","3835998305831049180","Laena mag impake nga sakit ang dughan uyy🤧"
"1771808987","3838534453258351234","Fair Trade jewelry was popular today.
A thank you to my fellow vendors for their offers of help end of day. I got through after being down until Thursday with a bug. Tired, but I did it. 
Another cute moment. I say no hugs today I didn’t feel great this week. Oh come on Paula, bring it in, I need my hug from you. Love you all! ❤️❤️❤️ Hand sanitizer, as always, was well used by me. I’m always extra careful."
"1771808928","3838533965729575995","To my LaylaBug and Ryan in New Jersey, stay safe, stay warm, I love you both♥️♥️"
"1771808720","3838532215798335950","I’m pretty great…as in a Great, Great Auntie Shirley that is! 
A sweet little love bug is on the way! 🐞
Congratulations Lexi and Trey! I can’t wait to meet Isla May!

#sweetlittlelovebug #babyshower #babyshowerballoons #babyshowertheme #lovebug"
"1771808689","3838531956448017946","I had the  bug and birbs one 😭😭"
"1771808636","3838531515912224501","Milo… snuggle bug 💕🐾❤️
Where every pet needs to be on a night like this!"
"1771808415","3838529597192912751","My favourite AI models are blind.

Kimi, GLM, Llama, DeepSeek.
I run these inside Claude Code every day for real client work.
They're fast, cheap, and sometimes embarrassingly better than the big names.

But they can't see.

Drop a screenshot to show a UI bug?
Silently stripped from the conversation.
Share a diagram of the architecture?
Gone before it reaches the model.
Ask it to check how a webpage looks?
It doesn't even know you sent an image."
"1771808347","3838529080212132024","It’s always calm before the storm day three with Chik the bug man sorry for no business acquisition video today. I actually had to get my hands dirty."
"1771808145","3838527382123553854","So you tough all day… but a tiny bug got you acting like that 😂😂
*
*
*
*
*
*
*
*
*
*
Follow for more 
  @drei_badz 
 🫡"
"1771808664","3838531745584172880","Will yall say a prayer for my bay girl! She’s my very best friend and right now she needs all the prayers she can get. She’s feisty and mean if you’re blonde or loud otherwise she’s a love bug!!!And very very protective of her mommy! She turns 10 in a week! She had an emergency surgery earlier today and has a temporary tracheotomy. I NEED her to be ok!!!!"
"1771808155","3838527481226104599","🔥CASH OR LAY-AWAY🔥

💦GOOD FOR 2 MONTHS TERMS

💦FOR 15 DAYS TO PAY
💦PWEDE WEEKLY
💦PWDE POD ARAWAN NNYU PARA DI RA KAAYO BUG- AT SA BULSA 😊

🌼OROCAN KITCHEN QUEEN PLUS DISH CABINET🌼

📍2 DRAWERS 
📍Brand new dish cabinet with a high quality brand 
📍Easy to clean 
📍Easy access
Flip open doors
📍Space Saving 
📍Durable & High Quality💯

AVAILABLE COLOR

BLUE ONLY

#everyoneシ゚ 
#highlightsシ゚ 
#fypviralシ"
"1771807989","3838526086452110280","Flash Repair Tool V2026

📥 Tool Link: https://go.cyberslinks.com/r.php?id=LQZC8z

Added Oplus SDM480 / 750 FRP + Factory Reset
Fixed Oplus Qualcomm Super Partition Flash bug
Fixed one-click FRT Reset issues
Fixed OPPO MTK6877 test point BROM issue

#FRTTool #FlashingTool #UnlockTool #GSMSoftwares #AndroidTools"
"1771807601","3838522834448949030","I’m high key in love with my bug makeup (no clue what bug i free-balled it)"
"1771807296","3838520276267536798","Guess who came to see her granny ❤️❤️❤️ my suggah pie snuggle bug 💋"
"1771807276","3838520104467918809","I may have come down with a serious case of the travel bug but I can’t deny how cool it is to return home and swim straight into some swell. And this was one of the down days! Aiming to stay pretty busy this year between the water, the trail and the track, and so far that’s going well. Just getting started. Thanks to everyone for your support 🙏🏽"
"1771807262","3838519964161353855","Pa refresh sa ko sa akong mga mata Kay hago kay'g otok nga di ma imagine nga mka experience akong mao maong  babae💔 Sakit man sa dughan apan isalig nalng nko sa ginoo Ang tanan🙏"
"1771807262","3838519992061595448","So $78,000 of our taxpayer’s dollars went to this bug eyed idiot so he￼ could do this!￼"
"1771808895","3838533680466765510","Ngayong umaga may nakita nanaman tayong ugali na hindi maganda but then Piliin parin po nating maging mabuting isang ina sa mga anak, may nakikita man tayong hindi maganda sa iba nawa at magsilbing araw na hwag gawin sa mga anak at ibang tao, minsan nakakalungkot pero ang tao ay talagang ganyan mat kanya kanyang gusto sa buhay🥰
LIFE IS UNFAIR AND NEVER TO BE FAIR, ITS UP TO YOU TO CHOOSE A BETTER PATH IN LIFE🥰 HAPPY MONDAY EVERYONE GOODMORNING
#everyonehighlightsfollowers #nonfollowers"
"1771808807","3838532945531651852","Happy birthday anak Ray Lene Mendoza  mag iingt ka plge jn sa trabaho mOh ingatan mOh Sarili mOh jn ha,, alagaan mOh plge ang iung kalusogan mahirap mag kasakit mag isa  Nawa 'y tuloy tuloy ng mkabawi ka sa buhay,, Wish you all the best mahal kita plge,, I love you Nene,, happy birthday ulit"
"1771808727","3838532275231972780","🔥 ENSALADANG TALONG + IHAW = PERFECT COMBO! 🥗🔥

Freshly grilled eggplant topped with tomatoes & onions smoky, fresh, at swak pang-balanse sa mga inihaw.

💰 ₱250 only | 300g
✔ Made-to-order
✔ Hindi luma, hindi watery
✔ Perfect partner sa BBQ, Liempo & Seafood

📩 Add this to your order now
🛵 We handle delivery booking

LindzGrill Ihaw-Ihaw Kumpleto ang ihaw feast pag may ensalada! 🔥"
"1771808625","3838531421825321833","Panandalian, nawa ay matagpuan mo kung san kang lugar nababagay balang araw..."
"1771808308","3838528757821248767","CHRISTINE BANKS BINULGAR ANG ESTADO NG BAHAY NI CINDY CINCO

Kumakalat ngayon sa social media itong post ni Christine Banks patungkol sa estado ng bahay ni Cindy Cinco. Gaano kaya ito katotoo? Wala pang inilabas na statement si Cindy Cinco patungkol dito.

#cttocredittotherightfulowner"
"1771808249","3838528265308969296","Tipid hacks .

Unhan nimog mata Ang tag iya sa garden para mka kuha kag gulay🤣🤣🤣🤣🤣

Adobong ganas with egg 

PS.ayaw mog sundog sa akoa...Kay pang expert lng ne...🤣🤣🤣🤣"
"1771795408","3838420515342017407","This is scary! Praying for the citizens of Mexico 🇲🇽 🥺 #breakingnews #elmencho #cartel #fypシ #puertovallarta"
"1771808187","3838527746121454768","Nawa o"
"1771807957","3838525815601107903","Ang aga sino po ang nagturo sa friend ko ng kalokohan?Para laitin ako porket hindi marunong mag Tagalog pero I'm sure through goggle translation talaga yun hahaha!🤣 Sobrang inis mo na ba sa akin kasi di ako nag view2 ng message at nagre-reply. LOL!  di naman akong laging busy pero tamad talaga ako mag reply at mag view. Pero na SS ko yung pang humiliate mo 😂 ito lang po masasabi ko Thank you at sobrang naasar ka na. Complete my day."
"1771745825","3838004615724619647","Mura lagi siya ug si Richard Gere ani si FPRRD 
Inday Sara Duterte
Congressman Paolo “Pulong” Duterte
Sebastian ""Baste"" Duterte"
"1771807957","3838525822555266149","Ano bang napapala na pati litrato pinag didiskusyunan at kung saan saan at ano na ang mga lumalabas sa mga comment nila. Talaga lang ha? May relevance ba ang mga ito sa mga buhay buhay ninyo? Meron pang nasusuka ng green haha ano ba yan."
"1771807927","3838525567566859658","CNY Visiting with Datuk Amar Prof Dr Sim Kui Hian, Deputy Premier of Sarawak and his wife, Datuk Enn Ong, and YB Johnny Pang. Thank you Datuk Wong Yik Lung and his family for their warm hospitality 🥰 谢谢Datin 姨姨的兴旺福柑, this house was part of my childhood memory during my primary years, wishing Datuk's family an abundance of wealth and happiness throughout this horseh year."
"1771808575","3838531002940117462","Meta asa naman ang hustisya Ani, Dili na gyud ko ka income Ani every month😭😭😭
Sayang kaayo padugang dugang panunta to kumpra nako sa store
#hoping
#views
#sad
#realtalk 
#blogger"
"1771808147","3838527410493589169","i isolated myself too long because I focused sa pagka mama most of the time. Karon dili nako kahibaw makig tabi sa ubang tao awkward kaayo makig social encounter. iykyk!!"
"1771807679","3838523485228812295","Why your so pogi 😊 Mayor Jason John Joyce bagay kaayo oh grabi samot ka gwapo ❤️🫶hahaha"
"1771805336","3838503827499293027","naa ko friend sa dump account nako nga gusto na kaayo nako i unfriend kay dili na ko ganahan sa iyang mga gina post 😭 annoying na jud kaayooo and dili na nako maihap ug pila na ka girls ang niagi sa iya then if wala na sila kay gina post niya sa dump ang mga negative comments niya sa girl"
"1771803491","3838488358654187571","""Kung naa gani tawo nga maayo kaayo sa imuha. Balusi pod og kaayo, 
kay talagsa ra jud ka karon kitag tawo nga tinuoray nimo bisag Dili mo kadugo.💯
𝓜𝓪𝓪𝔂𝓸𝓷𝓰 𝓪𝓭𝓵𝓪𝔀."
"1771802253","3838477974194912592","Mao Ng Dili naku ganahan mutan-aw ug mga Balita sa TV Kay grabe kaayo Ka bias 🙄
Mas gi feature pa Ang mama ni Kian Delos Santos seeking for justice sa iyang anak..Wala gabae 🤮 Maka ulaw kaau Ang Pilipinas 🤦"
"1771802060","3838476349279406495","Worth it kaayo amoa support nimo lang...
Dili makambyohan amoa kalipay lang..
Proud me kaayo nimo...

Paningkamot lang maayo lang..
Kai naa rasab me dre nga maningkamot sab nga masuportahan ka...love kaayo kang ate bisag maldito ikaw...🤗🥰🤭😘

2nd runner up"
"1771801779","3838473993675006446","kung dili malate, sayo sad kaayo maka adtog skwelahan"
"1771800746","3838465325758746817","Maaslum na kabuntagon sa Lunes diha kaninyo! 🤤😁

Dili tungod sa kagrabe na trapik sa Hangar- Basak, kundi tungod aning nagbitay na mga mangga duol sa dalan.
Mao lagi ni basta trapik, daghan tang makit-an 😅

Sa kung kinsa man ang tag-iya aning punoan, palihug na kog pupo ani beh! 
Haturi na lang pud mi sa balay! 
Daghan mig asin didto! 
Please bitaw ni!! 😂

Makatulo laway kaayo ni.
Pwerte man gud trapika uy!!!"
"1771800206","3838460799149645459","ngano ni ilahang mga admin aid oi nga dili man professional mo text ug chat. jeje typings kaayo 🥲 like ga deal kay applicant unya ang tinextan kay mura rakag ga text og barkada huhu pagsure mo deha"
"1771809014","3838534655146751546","Hahay bahalag Walay Earnings diri padayon gihapon ta🤭😚😊
#FBVIDEO #fbpost2026シ #reelsviralシfb"
"1771809004","3838534595747145129","Happy monday morning everyone, makalipay pud makakita ta sa atong sahud pagcge post maski panagsa nako magpost kay gilaay ko walay time magcge open facebook kay busy sa work, thank you so much boss M ug sa inyong lahat mga viewers lagi nagsupport kahit maliit ang sahud atleast mayrun, post nalang ta ani panagsa sensya namo diko ka engage kay saun work first man, thank you all🫶🥰❤️
#GoodMorningEveryone 
#appreciationpost"
"1771808828","3838533121172068671","College walay chahtay to ramadan break bhy day saktay thay likn inki masti to dekho 🧑🏻‍🦯"
"1771808780","3838532721757650156","Lord lahi na Gyod Panahon karon sauna years ago maski mag dagan dagan me maghapon Walay bayad Karon sinukod naman ang labanan sa Bayad Lord 3KM 5KM 10KM etc. Sana lord ang hangin deli pod nila pabayran puhon🙏"
"1771765679","3838171165505048414","ako lang ba na 28 yrs old na this yr ang wala na pressure na walay pamilya, walay career, way partner, way kwarta, literally back to zeroooooooo pero okay rako kay i Know God is with me 🥰💖"
"1771808747","3838532446711677403","Like how na dili ma pressure at the age of 28? 😥"
"1771808491","3838530298959773017","Maningkamot ta kay walay mo tabang. 💪🏽🥹"
"1771808205","3838527891882322833","Da-og ka kung sige lang ka ug duty nya wala kay la-ag2x🩷❤️😅😅😅
#womaninuniform
#mikewanton
#post
#postviralシ
Walay Lingaw"
"1771807466","3838521697381857895","Ambak ta walay GAO. .🙄"
"1771807454","3838521600493468696","Uli ba kog kidapawan ron or ugma nalang? Mingaw man ang davao, walay malaagan 🙄🙄"
"1771803733","3838490209038877218","Eh reject palang ko nimo!"
"1771808966","3838534284194508018","Dili lagi HAHAHA EME"
"1771808794","3838532776786292158","SDA pastor nga cynical ug skeptical, dili gyud na guided sa Holy spirit. Cge tan-aw mo katoliko nga nanga convert nila nga mga peke!"
"1771807841","3838524846397569659","he's like 3 feet tall 

our FBI director everyone"
"1771808750","3838532472665963119","What law enforcement reason did we have to send the head of the FBI to Italy for this?"
"1771765679","3838171165505048414","ako lang ba na 28 yrs old na this yr ang wala na pressure na walay pamilya, walay career, way partner, way kwarta, literally back to zeroooooooo pero okay rako kay i Know God is with me 🥰💖"
"1771808747","3838532446711677403","Like how na dili ma pressure at the age of 28? 😥"
"1771808590","3838531114735162226","awhile ago duha rani sila 😂 isa isa lang tah 😆 dili magsinirok"
"1771808417","3838529586237395446","National Police Association spokeswoman Betsy Brantner Smith said Sunday on Newsmax that the shooting of an armed intruder at Mar-a-Lago demonstrates that law enforcement tactics and coordination worked exactly as intended."
"1771808380","3838529369140181047","The Magats on eyegee are convinced Mayor Mamdani is imposing communist rule because he followed the law & imposed a weather emergency travel ban. 

Just like de Blasio did for the Snowzilla blizzard in January 2016. 

Apparently it isn't communism when a white Christian mayor does it. 

Huh."
"1771808302","3838528709394063495","Gaslighter ka. Dili ako moy ni decision, ikaw kay nangluud na ka. Giingnan btaw ka nako pdaun ug unsa imo buhaton. Nya imong ibato nako nga ako ning sala kay na discourage kas akong giingun, kung unsay realidad karun. No. I wont let u get to me. Dont throw ur own decisions at me nga niingun mn ko ikaw ra bahala."
"1771808293","3838528571350490456","Dili ko maayo nga mama Piro gitudloan Biya pod nako akoa mga anak unsaon nga mo stand Kon wala Nami,
#hiligpidnimagluto"
"1771808846","3838533277352117617","Kaon napod kay gamiton
#gymmotivation
#gym
#gymlife
#gymrat
#health 
#healthyfood 
#healthylifestyle
#healthtips
#HealthyLiving
#training 
#trailrunning 
#trailrun 
#DepEdPhilippines 
#teacherlife 
#DepEdTEACHER"
"1771765784","3838172042046827830","BINGO"
"1771808466","3838530085712759109","Pwede mo kaon sa binggo?"
"1771806953","3838517393782701427","Giving you guys proof that just changing little things about ur diet & doing bare minimum activities can make a huge difference already. Comparing my APE results from last yr & this yr. I intentionally dont compute what I eat, I estimate. I focused on my relationship with food and change small things like our rice to black rice. More vegetables. 1/2 rice. Daming sidequests na di consistent😅, like gym, running, golf, hiking. Normal naman even last yr except sa OGTT hehe but grabe parin progress🤍"
"1771807605","3838522867131058115","When I say bare minimum activities as in, minimal walking lang, di ko binibilang steps. Minsan kung kelan may gana mag ggym. Mostly for fun ako nag eexercise, pag may nagaaya mag hiking ganun. I still eat sweets or chocolates and have a stash of snacks by my desk pag nag wowork.

Kaya di kailangan talaga sobrang strict at isiping wala ka ng kakainin. As long as you know your moderation, aware ka sa mga kinakain mo, and may variety parin, big step na yun.

Rooting for everyones healthy lifestyle✊🏻"
"1771806351","3838512315965068041","Mo gana pa diay 😂"
"1771806051","3838509830043289384","Maka wala gana mo trabaho🙁"
"1771805296","3838503493354717987","LANG2, Ayaw mo sigeg post anang gwapa kaon na, kay nag sige nalang pud kog KAON diri😀"
"1771803338","3838487071716684885","Nakaka disappoint nakaka walang gana para saan Ang pag sisikap mo kung may mga matigas Ang ulo"
"1771759531","3838119587964215946","“ Magkaisa tayo tuldukan na natin ang pamumuno ng mga Duterte”"
"1771802368","3838478930991339155","Father atupagin mo yon pagiging PARI Hindi yon sasawsaw kapa sa politika kaya yon ibang katoliko nawalan n ng GANA magsimba dahil sa gonagawa mo Yan ba sinumpaan sa iyong pagka pari"
"1771802238","3838477846076170810","Ganahan rakayko mo rant diria sa mga  indirect post na maka assume ka na ikaw bisag dili HAHAHA dibaaach"
"1771796541","3838429978597942599","Ganahan mo mo  kaon ug Pina kupsan og bad oy?... Dia Ra.. #everyone #reelsvideoシ #highlight #trending #trendingpost #trendingnow"
"1771791119","3838384569998021898","dili na ni mo kaon naunsa gikan alas 12 padulong karun gabie way kaona padulong ugma kini kay mamatay nata ani"
"1771789234","3838368759141249295","Manifesting a love so pure and genuine, I want my man to love, respect and need me. Ganahan pud kog yearner, Lord tapos financially stable and please lang kanang emotionally mature to handle a relationship. Tas pwede kanang gwapo, 6ft tall, and with tattoos hehe. Pero kung dili nimo ihatag Lord, pwede kwarta nlng? Please kqnang daghan. Hehe"
"1771779081","3838283582566199934","Lesson learn. Dili jud diay pwede mag pakawala ug luto (Rice) Labina ug naa kay gamay nga bata.. kay naa jud time nga gutomonon, Parihas karon 12 midnight pa Naka mata ko niya kay sige panaghoy ug kaon kay Lage gigutom nya kay nahotdan man jud me ug luto so akong gibuhat lung-ag sa ko, nya Naka hunahuna ko nga naa'y ko'y salted Mao sa akong gipakaon sa bata para mo wala iyang kagutom... di jud baya lalim ang gutumon."
"1771774759","3838247333931242110","As an HR, maikog gani kog dili maentertain dayon akong mga tao kay need ko nila. bahalag wala koy kaon, wala naka inom ug tubig basta matagad nako dayon akong mga tao because wala jud ka kibaw kung unsay nahitabo sa ilang daily life. Maski janitor, security guard or etc. naa pud nay problema and mas dako pa na sa inyo kay gamay nagsweldo kaysa ninyo. It doesn’t mean employer or higher position kas company maghinilas naka. Parihas ra mo tao. And ofc naa pud nay pagset ug boundaries ninyo."
"1771764429","3838160676187657991","Shout out ko sa mga magdula diha ug ML 
Ug Dili Gani mo kabalo ayaw mo ug dula ug RANK😡Mao nang Dili Nako ganahan magdula ug rank bah Kai daghan kaayo toxic karon😂😂Makaguba mo sa akung record top global Nako ni baba na ug Philippines tungod sa mga makasabay sa game,solo player Rajud Maka relate Ani😂😂😂"
"1771776926","3838265485645699323","Ito po Ang gown nang bridal ganda nito sino gusto mag rent or mo palit Kay dili naku ganahan Makita Ani...pm sa gusto😊"
"1771775695","3838255179888676408","Ang bana; nganong sa kaldero man gyud mo lung ag nga naa may rice cooker?
Tubag dai: aw, ganahan ko mo kaon ug dukot kay sauna mo ingon man si nanay ayaw mo kaon dukot kay mag dikit sa banig. Aw, wa man tay banig diri, ok ra. Larga na! 😁😁😁😁😁. Hahaha. Na miss ra bitaw gyud nko ang dukot. As in humot kaayo siya. Paresan ug adobo nga naay atay.  Mangaon ta."
"1771759050","3838115552750493413","Dili unta ko mo kaon rice wholeday,gutom jud xa bisag ga kaon kaon ko"
"1771751253","3838050153014413745","GINAGMAY RAGUD, BASIN GANAHAN MO MOSABAY PAPALDO!💰💲

PISO BET RANA🤑
DIAY BAG-O NGA LINK‼️ 
KUSOG PA KAAU MO HATAG‼️ 
DILI NI PUGSANAY, OG GANAHAN MO MODUWA NAA ANG LINK SA COMMENT SECTION!"
"1771740473","3837959717948754789","Ing-ana gyud d i ang pang lantaw sa uban. Kong bati tag nawong dili gyud d i sila ganahan sa imoha or sayangan sa imoha. 
Perog hitsuraan ka gwapa or gwapo ka ganahan  ug sayangan sila sa imoha.

Bantog ra wala kaayo koy friends bati man good tag nawong pero dili lang ko mo ambak bisag bati kog nawong. Haha 😄"
"1771730546","3837876448271928897","Panawagan kang BBW. Big Bad Wolf Books 

I-announce na ang dates sa #BBWCebu2026 para dili ko ni gastuon akong tinaguan.🤣
Ganahan man gyud ka pirmi nga ma- caught offf guard ko usa ka mo-annnounce."
"1771730418","3837875370376924372","kalami mo kaon og hang. 🤤"
"1771727026","3837846859746553585","Pahawa mo Kong Dili mo ganahan"
"1771809012","3838534654828308410","A surprise, not planned. 

A heartfelt thank you to J.D. Mata — actor 🎭, director 🎬, and musician 🎶 based in Los Angeles, CA (from McAllen, TX) — for sharing his incredible musical talents with us. We are so grateful! 🙏🎵

#mcallenfoodpark #mcallen #956rgv #fyp #rgv"
"1771808993","3838534505326623406","Cuci mata😍🍃🌊"
"1771804630","3838497891250511883","आज 23 फरवरी की पावन सुबह,
माँ बेरी वाली की दिव्य डोली यात्रा…
जब माँ अपने भक्तों के बीच आती हैं,
तो दिल अपने आप झुक जाता है,
आँखें नम हो जाती हैं
और मन श्रद्धा से भर जाता है।
जय हो माँ बेरी वाली की 🙏🌸
#fyp #mataberiwali #newarrivals #public #socialmediamarketing"
"1771808977","3838534376435660138","Jai mata Di 🙏❤️"
"1771808934","3838534017201871558","Ngantok mat ni mata"
"1771752831","3838063385145573315","🙏 पीतांबरा पीठ दतिया 🙏"
"1771808913","3838533836553241671","Jai Mata Di 🙏"
"1771694006","3837569927394551439","#jay maa laxmi mata di 🌸🌸🪔🙏🙏"
"1771808850","3838533307466268346","Jai mata di"
"1771808828","3838533123873657012","@mainarawat51 Jai Mata Di"
"1771724590","3837826481712730653","दूध में नींबू डालने से पनीर बनता है और जय माता दी लिखने पर टूटी-फूटी तकदीर बनती है🙏🙏🥲"
"1771808777","3838532695920695979","Jai mata di"
"1771666060","3837335500873624017","Jay Mata di 🙏🙏"
"1771808681","3838531895639077899","Jai mata di"
"1771513318","3836054204737777751","Normal ra ba ni, i was single for 1 and a half year. Naay isa ka guy nga gusto ko i pursue jud and grabe kaayug effort. Grabe nakog hilak kay ga sakit akong dughan kay feeling nako di nako deserve higugmaon ug ing ani."
"1771808842","3838533246397649888","Update, i didnt left him hanging. Im not the only one he tried to pursue there’s another girl nga gina pursue sab niya, iyang reason is dugay daw nako siya gi sugot ( he courted me for 2 weeks) like wtf??? So my instinct telling me not say yes thats nag sakit akong dughan cos i already fell for him but again i recently knew that he pursue another girl so (BUSTED)."
"1771803675","3838489894239183844","Jai Mata Di"
"1771797651","3838439361835164856","HELP‼️ UNSAON KAHA NI⁉️

naa ni sumpay sa comments ha.

I used to have smooth and soft skin. Even getting praises sa mga friends and acquaintances na nindot daw kig panit (makita raman siguro sa ubang posts nako) and they often ask unsa akong ginagamit. 

Then, this happened. 

Around December last year, while nag co-coffee ako around Escario Cebu City, a lady approached me (mga 40s pa iyang nawng) and asked “unsa imong sabon dong?” while poking my left shoulder with her finger “hamis ka noh?” —"
"1771800240","3838461080780377214","Kalooy pud intawn nimh sir uy. Hinaot maayu nana godbless po. I am not a believer kaayu ug mga ingon ana sauna until ako pud ang nakasuway. Sa akoang case mata pud sige pamuyag ang silingan until nga daghan blisters ne appear sa akoang mata and nawala ra gyud siya katong gepa tambalan ko ilahang tawag ato binisaya. Unfortunately, namatay man gud sa covid tong tao nga nag tambal naku mao nang dili naku maka recommend. It only took a week and nawala ra gyud siya after ko ge ampo-an unya tambalan"
"1771798461","3838446139552667951","MATA-HARI  SAGUARI  TIMAY"
"1771788888","3838365855357579851","Mata pa jd ayy"
"1771785141","3838334426649084960","Kapoy kaayo ning trentahin na ta unya wa pa tay uyab. pag naay muabot sa atong life ila-ila napud sugod na pud tas uno unsa iyang favorite color etc. exchange nalang dayon ug resumé para ma expedite"
"1771779081","3838283582566199934","Lesson learn. Dili jud diay pwede mag pakawala ug luto (Rice) Labina ug naa kay gamay nga bata.. kay naa jud time nga gutomonon, Parihas karon 12 midnight pa Naka mata ko niya kay sige panaghoy ug kaon kay Lage gigutom nya kay nahotdan man jud me ug luto so akong gibuhat lung-ag sa ko, nya Naka hunahuna ko nga naa'y ko'y salted Mao sa akong gipakaon sa bata para mo wala iyang kagutom... di jud baya lalim ang gutumon."
"1771772801","3838230874601399718","Nanghugas ko ganina , mao diay ni iyang gikabusy'han .. 
Nag.effort tawon ang bata ♥️🥹
Imbes kahilakon ko gipugngan nalang jud nako kay basin moapil pd ni cya'g hilak, haha langas raba pd kay nig mata bataa 🥹🙏"
"1771766767","3838180291118732000","Bantog ra Dili nako makita iyang IG Kay gi block diay ko nya tapos ana pa sya restricted iyang account don't me may tinago ka 😏 

Sabi mo restricted tapos Makita Pala sa Iba so ibig sabihin may tinago ka sa akin💔💔💔

So igo rako mata morning Ani at the end Wala Diay useless raman Akong pag love nmo if Dili nmo gi love sayang tana effort nako pag mahal ug pag alaga nmo tapos ingon Ani lang e block nalang ko sa uban total option raman ko nmo Dili ko nmo priority 💔💔💔💔💔💔"
"1771746781","3838012634369689270","usto mo makita kung gano kalaki?"
"1771809124","3838535611230431574","Weeee sa dami ng  nag sabi nyan isa pa lang nag pakita... Baka ikaw na yung pang dalawa totoo"
"1771809054","3838535023734223645","So I came across with an X post na we should not be wearing charms or bracelets with evil eyes and the likes sa katawan or nagdidisplay nito sa mga bahay natin kasi mas nag iinvite daw ito ng evil spirits/negative energy and these are occultic daw according sa psychic priests. Your thoughts?"
"1771809013","3838534679407077711","Pamaul is real nag walking pajud ganina sa Azuela Cove haysst kakapoi."
"1771808968","3838534303211469687","Pa rant oh, ganon naba ako kadaling iwan? Di naman big deal pero ayoko kasing i s-seen lang yung message ko, puwede naman i react so hindi ako mag rereact ng ganon. Instead of fixing it nag decide syang i block ako without proper explanation and good bye. Oo busy tayo hindi kaba makakalaan ng oras para sa taong gusto mo? Hahaha kaya ayoko ng mamili o pumayag magpaligaw eh kase sa bandang huli ako rin naman ang masasaktan, para san pa kung mag bibigay ako ng chance eh tatarantaduhin din naman ako"
"1771808846","3838533270875660288","Bawasan time😭

Kahapun:  29,948 .
Ngayon :  28,920

Earnings: Bawas 9$ in one Night 

Bakit? At bakit? .

.ma untat nalang ko gru  KY daw joke na mnlang Ang tanan 🤣 

Kay daw gin Papati lang man Ako 
Nga kuno ma TaaS yanda nga bulan 
Pero isa mnlang Gali nga pa kuno kuno🤣. 

Saan ba Ako nag kulang? 
Dahil Ako'y lumalaban sa hirap ng buhay .
Para kung maka sweldo daw medjo ayahay 🤣. 

Korek man?

#mommyjean"
"1771808809","3838532915618360984","‎𝗜𝗦𝗞𝗜 𝗠𝗜𝗡𝗜 𝗩𝗟𝗢𝗚 𝗡𝗢. 𝟮: 𝐒𝐞𝐧𝐢𝐨𝐫 𝐁𝐚𝐬𝐤𝐞𝐭𝐛𝐚𝐥𝐥 𝐓𝐫𝐲𝐨𝐮𝐭𝐬 𝐰/ 𝐠𝐮𝐞𝐬𝐭, Boss Ka-Reppa🏀
‎
‎On behalf of SK Council, salamat po sa gabos na nag tryouts sa Senior! And of course, sa special guest na naki-tune up sainda, sa Team ni Boy Lado! Dios Mabalos po saindo, sobrang titibay magkarawat!😍🙏🥰
‎
‎#SKBorongboronganSecondMiniVlog
‎#BastaBoronganonOragon
‎#SKBorongsBasketballTryouts"
"1771796231","3838427452360800340","Ito ang naging tugon ni Atty. Conti sa maagang pag-anunsyo ni VP Sara ng kanyang presidential bid sa 2028 ""Wala akong nakita pa na substantial na ambag niya malibansa nakikita kong OVP buses.""-
ATTY. KRISTINA CONTI
ICC Assistant to Counsel
#attyconti 
#SaraDuterte 
#followers 
#highlights"
"1771808557","3838530848816254233","May piring ang dalawang mata niyan ng Conti na yan pagdating sa mga Duterte"
"1771807330","3838520333410919367","Sarap nmn Ng morning... sorry n agad🙃"
"1771808557","3838530855854294635","Letseee na yan nag aabang na ng mbinyagan yung mata ko sa bagong umaga 😂 😂 😂"
"1771808394","3838529482630804253","Sino dito ang nag-iinvest sa stocks? I did it back in 2016 and I really gained from the investment pero I stopped it din. I'm planning to do it again, pero I know it's a bit risky. They said invest at your own risk and invest what you can lose lang. I used COL financial before. 

I hope to connect sa mga masters ang COL financial."
"1771808414","3838529655310101123","Mo mudik bawa barang ribet dan susah? 🫣

Nahh solusinya, mudik mudah pake tas ransel ini guys, tasnya besar muat banyak 😁 
yg pasti model cakep, pas dikantong 🤭 gass CO jgn sampe kehabisan warna yg km suka!"
"1771808346","3838529082200208280","Selamat pagi gayss
Suka sampe suka mo ba a day in my life mar bocil kecil nimboleh lia dpe mai ba diri tripod langsung mo ambe 🤦🏻‍♀️🤣🤣 

#fypjangkauanluas #fotofyp #fbprofesional #algoritma #trend"
"1771807639","3838523146237070377","Tidak tau kapan mo selesai ini tugas mingguan ini eee 😭
Suka so monyerah🥺🥺"
"1771804872","3838499939312281239","Carry na murag spy 🤣"
"1771803181","3838485752044916010","Meta pls ibalik na Akong 
Fb live. Murag raas ra and suspension"
"1771803021","3838484412535469045","Something went wrong to my messenger I can’t open and it requires a lot of authentication .. murag na hack siya Palihug Ayaw mo ug messgabe sa akoa messenger basin naay nag gamit gamit ana .."
"1771739190","3837948960456215968","Mau nanya dongg 

Jd kan waktu itu lewat fyp tiktok aku seles galon air mineral produk nestle pure life. Nah aku tertarikkk akhirnya aku DM tuh akun, aku dsrh isi form kalo
Mau belii minimal 10 galon.
Nah aku takut penipuan jd aku tanya bisa cod gak, ternyata bisaa tuh oke lanjutttt"
"1771802895","3838483357425125349","Kaa aku pernah begini, sm sales Crsytalin tapi ga seribet ini, cuma minta alamat doank, terus d kirim. Bahkan dikirim dulu baru aku tf, tf nya pun ke OT langsung ya bukan pribadi. Sampe skrg masih chat an sm sales nya, dia suka WA nanya restock aman kah? Jd kalo mo order ya tinggal cht aja mnt berapa dus, dan d kirim. Bahkan udh sepercaya itu, dia kirim duluan, tf blkgn, aman aja sih"
"1771802855","3838483019104177695","PAY ATTENTION when they start using what’s happening in Jalisco, México as “proof” to support what they’re doing in the U.S. right now. 

PAY ATTENTION when they turn a blind eye to the violence happening in THIS COUNTRY but immediately point fingers at occurrences in others. 
Destabilize. Dehumanize. 
Rinse and repeat. 
That’s the M.O."
"1771801718","3838473483563753210","naa napud koy nakit an post about “bakit ako mag seselos? then mention og unsay iyang na achieve” niya ang mga ppl sa philippines kay very negative kaayu?? like naunsa mo oi? nag self-talking raman daw si kuya tapos naa may nakakuhag atensyon sa iyang post and most of them is negative comments self-talking nganiiii hays mga ppl ron noh, naa pay ni comment about business niya 1.3M daw iya salary, murag ikaw may nanghambog ya, naa pay uban mas hambog mo oy ga self-talking rana si engr."
"1771808963","3838534256646388268","Palangga jud kos mga barkada nako na laki bay."
"1771808998","3838534550490922708","Like naulaw jud sila nga giuban kos bday sakong isa ka barkada na laki unya gamay radaw ang ilang handa"
"1771808898","3838533644554259987","Wheels ministry in Gamay
Episode #1 
#kafreddiechannel 
#Wheelsministry
#cummunitysupport 
#helpingothers"
"1771808455","3838529997229961617","Pahuway gamay✅
Tulog dako✅
Lihuk❎
'Basta kay matog ko"""
"1771808016","3838526314774058421","Ang tigulang subong daw pariho na gid sang batang gamay.kung d napag bigyan sang gusto nxa ay abaw Hindi gid sxa😂"
"1771807190","3838519382285389739","gamay nalang ako najd mag storya"
"1771806607","3838514491943834966","Puya oy, sayo kaayo mo gkan late maka abot; nya gamay nalang man kaayog kuwang ma naog naman ni."
"1771806058","3838509889350498191","Sana all mga content creator unya naa tanan sa plaza Gamay paman akoang followers oi 20k paman kapin unya ni undang man sad kog blog ky kapoy mag content oi giahak"
"1771806056","3838509868840619031","Another day, another hot take

So, what?? Konting ulan, wala na dayong klase? What if it's a series of rain? Unsay buhaton nimo, mayor? What I mean is, why is it na wala man ganig signal seent by pagasa tapos all levels ang ipa walay klase? I mean, di nalang jud ta magklase tale if it's always raining? Also, what's your measure? What's the basis why walay klase? Gaulan ra gamay?"
"1771808440","3838529830858389771","Gamay pero yayay ky dako man tag appraisal....

Happy yarn?  Salamat sa pagsalig

💰 Mamapalit kog GOLD scrap, resibo, o karematahon nga dili na gusto i-renew ✨

✔️ Dako tag appraisal
✔️ Sure buyer
🤝 Transact only sa kaila / trusted transactions only

📩 PM lang sa interesado."
"1771808414","3838529653648764214","Snack ta,maayo Gani na binlan pa ug Gamay nga puto."
"1771808103","3838527042274556073","pinakalast ko nga suyop sng sa CHMSC talisay pko gaskwela mga 2014..kg halin sa  daw halos adlaw2 gashat sng una, sbng talagsaon nlng ah wasakanay man galing 🤣 gamay nlng nga grind kg procrastinate sa balay matinlo gd n lawas ta dason ah😌"
"1771806605","3838514471511317755","Day 1 gabie sogod napod kog diet be try nasad nku Kay hapit na graduation may nlang mo Gamay ta gamay"
"1771805618","3838506198153499567","Na naghan najud ng mga scammer karun panahona ba🤦‍♀️
Maong Di jud basta2 mag pailad..
Peru kung naay mo chat ninyo gamit ako account mangayo Jkas sendi nalang pod bisan gamay ra gud🤣🤣🤣"
"1771805325","3838503740358083220","NICE ONE, GOD! TAAL! GAMAY VOLCANO! 🌋🥁"
"1771805123","3838502041833074783","Naa jud mga tao na irresposible pag abot sa kwarta no? Mapadako or gamay man na na utang dapat bayran jud 🥴"
"1742979746","3596697260467888000","Maka simhot lang gani kos ilimnon kasukao  nako!!

Ani dy basta hang over pa no?"
