"created_at","id","like_count","text","view_count"
"1771899192","3839291120388522795","0","Ang sarap uminum ng buko juice kalong lalo na pag mainit ang panahaon
#bukojuice","0"
"1771899082","3839290224284005347","0","Malalaman mong masama ang pakiramdam ng isang tao kung ganito ang kuha ng larawan.😅
#almusal
#pritongtamban","0"
"1771898868","3839288438466671557","0","Yung 30's ka pa lang pero yung buong katawan mo ang pakiramdam pang retired senior citizens na🥴🥴😊
 Dati chill pa ako!..naalala ko Ramadan pala haha😊😂","0"
"1771852532","3838899737676981418","2","Ang hina ko talaga, pwede bang wala nalang maramdaman🥺","0"
"1771898793","3839287806770776697","0","Dalhin mo pakiramdam sa kanta.. 😊

https://audiomack.com/lyricall-know1/song/who-i-am?share-user-id=201498882","0"
"1771898459","3839285004429550776","0","Dinadasal ko. Kasi material things or food provides temporary comfort. Sinasabi ko kay Jesus and I know in my heart that He will handle the rest. The peace that comes next is beyond my understanding that no material things or food na kaya pumantay.","0"
"1771898687","3839286916488047133","0","Paano po kapag pakiramdam mo hindi na Siya nakikinig? or ang tahimik niya (alam ko naman na nakikinig sya lagi pero can't stop to think minsan kapag may problems kung nandyan ba Siya)","0"
"1771898366","3839284222344004223","10","Masyado pa siyang maliit para maintindihan ang pag-abandona, pero alam niya kung paano kumapit. Mahigpit na yakap ni Punch ang kanyang stuffed toy kapag pakiramdam niya'y walang laman ang mundo. Ngayon, naglalakad siya patungo sa isang bagong pamilya, dala pa rin ang kanyang kumpyansa. Ang ilang puso ay dahan-dahang naghihilom, ngunit kahit ang pinakamaliit na kaluluwa ay tumatangging sumuko. 🥺🐒","0"
"1771898340","3839284003787179473","0","Masarap sa pakiramdam kapag may tao kang
Napapasaya!!!!Ang tanong Napapasaya ka din ba Niya!!!🤔🤔🤔🙄🙄🙄

https://www.facebook.com/share/r/1CMRqwXe9n/ #warayblog","0"
"1771898194","3839282778999832069","0","The mood change, the sudden energy boost, the down system and everything lead us to this. At least validated hahahaha

GUSTO KO NG PANCAKE AT BACON TAS MAINIT PA","0"
"1771894894","3839255098623634214","55","Teka teka teka, 

So ang SITUATIONSHIP ay - walang kayo, pero pwede ka magalit, matuwa, maguluhan, magalak at matakot, ng walang label. Tapos ang start at ending e vague. 

E ganyan kami lagi ng COSTUMER SERVICE pag tatawag ako sa kanila e. So naka situationship KO LAHAT UN!? ANAK NG- anuuu baaaaa Pakiramdam ko tuloy ang gwapo ko shete. 🤣 

Nahilo ako,

Tito Pol","0"
"1771898153","3839282437993644857","0","Haruuuuuu juskooo🤦😅🤣🤣","0"
"1771807708","3838523729605964474","46","Ang mura ng ticket pa Japan sa Air Asia. Summer to, September. Pero tolerable naman yung init non parang Pinas lang. Skl.","0"
"1771897567","3839277523159442548","0","Nagpunta kami last sept 11-19 2024. Mainit siya nakakaitim since madalas ka sa labas. Mas nakakapagod dahil gagala ka lalo na kung more outdoor. Bring lots of water saka pamalit damit, payong, etc. kaibahan lang di ka ganoong masyadong lilibagin saka hindi maalikabok. If you want to try japan regardless of the weather, why not. wag lang siguro rainfall season okay na yan.","0"
"1771609206","3836858572605719910","184","I’ve never experienced sharing devotions with a partner who’s in Christ… reading the Bible together or serving in ministry with a woman I love. My past was too worldly, and I was blinded by it. Now, I’m just genuinely excited and hopeful for the woman God will bring into my life. I have a feeling she’s going to be an amazing surprise. ☺️","0"
"1771898948","3839289107433080523","1","Met my husband at our church. Grabe brad! Ang sarap sa pakiramdam. To be able to cry and make kwento about God’s revelations to me without feeling “awkward” or “di makarelate” thing. Iba! 

Yaan mo. Makikilala mo rin yang para sayo. In His time :)","0"
"1771873731","3839077569497569972","41","Filipinos, are we still staying out of the sun so we don’t get dark(er)? I hope not. 

As an Ilokano, I’m not even in the sun like that. I’m just dark. I love it. Took me awhile to embrace my skin tone. No amount of Eskinol can whiten this mug. By the way, are whitening creams illegal yet?","0"
"1771898736","3839287330650367422","0","Darker? Wala yan sa akin. Masakit ang direct na maarawan. Rider ako at yung maarawan ka ng matagal, at the end of the day pakiramdam ko magkakasakit ako sa init.

The worse na nangyari sa akin was severe dehydration. Buti nakaabot pa ako bahay BUT hilo, fever, and diarrhea nangyari dahil dehydrated nga. Muscle and joint pains din.

This was during days that are 58°C.","0"
"1771893304","3839241762858150466","30","NOT Everyone will agree. Malaking sahod will NEVER make you happy. Tandaan: more money means more problems and more responsibility. Mas masarap sa pakiramdam ang simpleng buhay at walang sakit.","0"
"1771898085","3839281863215708439","0","From 12k to 6 digits 
Still the same, irresponsibly spending my money . In 500 years from now people are not gonna look back and say what an irresponsible person. I’ll be too dead to care about any of this lol.","0"
"1771882065","3839147477682074948","34","Hindi natin kailangang  ipakita pa sa social media ang ating mga puna  lalo na kung ikasasama ng kapwa natin. Mas mabuti na Yung magshare tayo ng positbong puna. Anyway buhay niya Yan at saka baliktarin nyo ang inyong sitwasyon di ba magagalit din kayo?Just share love and positivity para laging maging masaya ang buhay natin.Mas masarap sa pakiramdam pag payapa ang buhay.
Just saying my friend.Have a nice day and God bless!🙏","0"
"1771897921","3839280494119439021","0","Best comment ever. Just spread love and positivity♥️","0"
"1771897294","3839275226500981007","0","Nakaluto na Ang taong bahay 😁 sa mga palaging mainit Ang ulo diyan halina kayo't magpalamig 😍
#Summer2026 
#highlightsシ゚","0"
"1771897182","3839274294232285682","1","Slow progress is still progress  kahit pakiramdam ko ang bagal ko.","0"
"1771896582","3839269262812816441","1","Bakit kaya minsan may bigla tayong nakikilala tapos ang bilis ng attachment? Yung pakiramdam na kaya mong sabihin sa kanya lahat, parang matagal na kayong magkakilala.

Tapos parang nakita mo na siya sa panaginip mo before. Pero sa hindi inaasahang pagkakataon, iniwasan mo siya at binlock mo sa lahat.

Maybe one day magtagpo ulit ang landas namin — but not now. She is still healing, and ayoko na ring kwestyunin pa kung bakit ko siya nakilala.","0"
"1771896525","3839268777087970230","0","Karma always be a karma..pakiramdam nag message ang mga exes mo hahaha 😆 😂 hay naku kung kailan ako naging okay tsaka sila mag paparamdam hay naku parang wala sila kasalanan sa iyo","0"
"1771886861","3839187716878321899","649","This is my salary per week, pero pakiramdam ko kahit ganito kalaki sinasahod ko, may kulang sa sarili ko, wala akong social life, wala ako nakakasama to hang out or travel🥲","0"
"1771896229","3839266293724442538","0","I feel you kahit di ganyan kalaki sahod ko lols, pag gusto mag unwind kasama friends, hindi sila available.. Pag sila naman nagyaya ikaw naman ang hindi pwede 🤣 best to go solo for unwinding, wala eh adulting nadin kasi lahat 😌","0"
"1771898605","3839286222364295421","11","ॐ पंचमुखाय हनुमते रुद्रात्मकाय हुं फट् ।
 ॐ हनुमते नमः ।🙏🌺

the fierce Rudra form, who destroys negativity and protects devotees from all directions.

In every direction, He protects. In every challenge, He stands guard. May Panchmukhi Hanuman remove fear, obstacles, and negativity from our lives. 
Jai Hanuman 🙏
#बेटियों_से_वंश #संतगरीबदास_को_मिले_कबीरभगवान #GodMorningTuesday","0"
"1771896996","3839272677253211226","18","When animals feel safe… when they realize they are no longer property but someone… their spirits explode. They run not from fear, but from delight. That is sentience. That is happiness. That is a life finally allowed to be lived. 💚

May we always choose a world where every being gets their moment to run free.

Original post by freedom_farm_sanctuary 💚

#AnimalSentience #SomeoneNotSomething #SanctuaryLife #ZoomiesOfFreedom #CompassionOverCruelty","0"
"1771892768","3839237262336388599","87","My sweet baby boy…May you run free and rest in forever peace. I’m going to miss your furry coat, your gentle nudges, and your constant guarding & protection. I love you papas. 🫶","0"
"1771870101","3839047124025658906","418","USA. Say hi to me and the family..
USA 🇺🇸 
My mum says she needs hi from you sweetheart - Elon Musk,I love my mom😍😍😍United State.￼","0"
"1771892583","3839235716963023672","41","Hey my little star n may god bless u n your family.","0"
"1771892246","3839232887308271800","44","Eric Dane was a great guy with a huge heart. Always greeted everyone with a smile. Easy going and so cool. This is just too young. RIP and God bless you Big Fella. You made a mark my man. Sending love and prayers to Rebecca and his family. May God protect his soul. ❤️ 🙏🪽","0"
"1771891844","3839229516506459135","13","ATTENTION PRAYER WARRIORS:

Standing in need of prayer for the Ferrer family.

A young mother, daughter, and wife — Marina has lost her battle with cancer. She leaves behind three beautiful children and a heartbroken husband.

Please lift this family up in prayer. May God cover them with His peace, strength, and comfort during this unimaginable loss. 🙏","0"
"1771891523","3839226820760274238","30","Your heart may be heavy now, but brighter days are quietly making their way to you.
Maayung Buntag tanan 🥰🥰🥰","0"
"1771890634","3839219363840370403","120","Morning Prayer to Mama Mary

Dear Mama Mary, As I rise to greet this new day, I offer You my thoughts, my words, my actions.

Hold my hand and walk with me, So I may choose kindness over anger, Faith over fear, Peace over worry. Wrap me in your mantle of protection.

Intercede for me to your Son, Jesus, That I may live this day with grace, Love others as He loves me, And glorify God in all I do. Amen 🙏❤","0"
"1771887917","3839196529646766565","99","Despite her beliefs, whatever they may be, we love Alysa because she genuinely loves her country. And her father’s story is one of classical Americanism. #alysaliu #figureskating #olympics2026 #olympicgames #teamusa","0"
"1771894508","3839251864387132137","125","Having the so-called leader of what currently passes for the Free World (whose name appears tens of thousands of times in the Epstein files) shamelessly gushing over you, all while the crazy-eyed head of the FBI guzzles beer like a frat party first-timer who’ll soon be vomiting into the nacho bar, was a lot to contend with...","0"
"1771894513","3839251905432587201","74","And being young men, there’s a good chance you may not have any clue about the terrible optics of you all yukin’ it up with an Olympic-level predator like Donald Trump…

https://johnpavlovitz.substack.com/p/hey-team-usa-mens-hockey-congratulations","0"
"1771893294","3839241675709656814","11","""One tablecloth, thousands of hearts beating as one 💚
This is Ramadan's real magic: unity in breaking the fast, prayers rising together, blessings pouring down 🍽️🌅
Alhamdulillah for being part of this Ummah 🤲
May Allah unite us all in Jannah too. Ameen.
#IftarTogether #RamadanVibes #UmmahUnited #BlessedMonth #RamadanKareem""","0"
"1771889989","3839213949899852072","48","To all reverts and converts, becoming Muslim and wearing hijab may change how others treat you, but that doesn’t define you. Stay strong, stay true, and trust Allah. Keep going, be proud of your journey, and remember you are never alone. 🤍","0"
"1771888454","3839201079083471581","211","May our joy forever agitate their demons","0"
"1771887598","3839193897520476514","713","BREAKING EXCLUSIVE: Tape of Epstein victim may have been found showing Donald Trump doing things that could force him to resign from the presidency.","0"
"1771887345","3839191774238187330","41","Monday work day is done. May do B-Bops for dinner.","0"
"1771850148","3838879738992159776","501","Hey, Old Man, I'm Elena Ewart and this is my little girl.
We love you so much! 💕💋
Can you tell me where you're from? Please, handsome old man.","0"
"1771886412","3839183945150430182","32","I live in California in Orange County city of Westminster. May I ask where you are from?","0"
"1771886194","3839182118119896135","31","5 BGV AUDITION TIPS from a Vocal Contractor & Director:

1. BE A CHAMELEON.
The artist should hear THEIR sound in yours and that it FITS and/or enhances what has already been created. This may mean manipulating YOUR unique sound to better match theirs. Do not attempt to reinvent their sound, but mimic and elevate. It’s not about you, but how well you fit into the unit.","0"
"1771885227","3839173894012558950","95","An order from U.S. District Judge Aileen Cannon that a report from special counsel Jack Smith about his investigation of Donald Trump should be kept under wraps may not be as ironclad as she asserted on Monday.","0"
"1771898980","3839289376430919501","0","MASAKIT SA MASAKIT 
NGiN SO NAGADIL KA NAG PAGOD KA 
PERO WALA KANA MAGAWA DAHIL NASA PUNTO NA HINDI TALGA PWEDI YONG INAKALA MO NA MERON GIGISING SAYO  YONG PAG GISING MULANG ANG KULANG DAHIL NAKA PREPARE NA ANG LAHAT🥹🥹🥹 PERO SISIKAPIN PARIN KAHIT PAPANU🤲🤲🤲","0"
"1771898682","3839286872749774491","0","Pero feeling ko mas masakit yong namatay ang anak mo dahil sa bisyo. Kasi feeling mo guilty ka and you always question yourself kung nagiging mabuting ina ka ba, that will hunt you till the rest of your life. Then to ease that guilt you want to find someone na pagbuntunan ng sisi.

#followers 
#highlights","0"
"1771898078","3839281812120753978","1","Let's forgot each other, past is past. I don't want anyone anymore. Don't blame me you started it. You unfriended me in your account I did the same but worst. I'll hate you‚ I've never regretted loving you but I regret not giving up easily‚ kasi mas masakit ang dali ng lahat sa'yo. I will hate you as long as I'm alive.","0"
"1771897214","3839274559798866661","2","Ang hirap pala kapag emotionally intelligent ka, noh? Sanay kang intindihin lahat, bawat side, bawat dahilan, bawat pinanggagalingan ng tao. Kahit masakit, pinipili mong umunawa.

Pero ang lungkot lang minsan… konti lang yung kayang gawin ‘yon pabalik sayo.

Ikaw lagi yung may empathy. Ikaw lagi yung mas malawak mag-isip. Pero sino naman yung uunawa sa’yo the same way?","0"
"1771874680","3839085533591648223","9","How earth signs handle heartbreaks:

Taurus: di ako papayag na ganito lang mapupunta tong lahat! Ayusin natin to please?

Virgo: di ko parin gets bakit nagkaganito. 

Capricorns: masakit man,pero,sige lang. Marami pa akong kailangang bayarang bills.","0"
"1771897203","3839274463935056788","0","Capricorns accept it, block you, and move on. Masakit man pero ayaw din namin sa hindi kami ang pinipili and yes, there is more to life at marami pang bayarin na bills. 🥲","0"
"1771896948","3839272311913121544","0","“ang bigat-bigat ng pagkawala mo nanay""

nasanay akong nandyan ka
tapos bigla ka na lang nawala😪,ang masakit dun ay di na kita ulit makikita mahahawakan,at makakatabi matulog,wala na kong taga pagtanggol,kanino na lang ako magsusumbong?sobrang hirap hanggang ngayon araw,gabi nangungulila sayo😭","0"
"1771896537","3839268873842506034","1","'MASAKIT MARINIG'

Binatikos ng ina ng dalawang biktima ng extrajudicial killings (EJK) ang sinabi ng lead counsel ni dating Pangulong Rodrigo Duterte na si Atty. Nicholas Kaufman na wala umanong pagpatay sa war on drugs ng nagdaang administrasyon.

Sinabi ito ni Kaufman sa unang araw ng confirmation of charges hearing sa International Criminal Court (ICC) sa The Hague, Netherlands nitong Lunes, Feb. 23.
#everyoneシ゚ #followersシ゚","0"
"1771895754","3839262317230540444","1","Pagaling Ka Nak Kaaga Aga Ganyan ka na Naman . Subrang Nahihilo at Masakit Ang Ulo at dibdib","0"
"1771873731","3839077569497569972","41","Filipinos, are we still staying out of the sun so we don’t get dark(er)? I hope not. 

As an Ilokano, I’m not even in the sun like that. I’m just dark. I love it. Took me awhile to embrace my skin tone. No amount of Eskinol can whiten this mug. By the way, are whitening creams illegal yet?","0"
"1771898736","3839287330650367422","0","Darker? Wala yan sa akin. Masakit ang direct na maarawan. Rider ako at yung maarawan ka ng matagal, at the end of the day pakiramdam ko magkakasakit ako sa init.

The worse na nangyari sa akin was severe dehydration. Buti nakaabot pa ako bahay BUT hilo, fever, and diarrhea nangyari dahil dehydrated nga. Muscle and joint pains din.

This was during days that are 58°C.","0"
"1771850303","3838881046280662768","31","I rememeber when I was already at the OR, abt to deliver Marcus via emegency CS, i calmly asked the anesthesiologist “Doc, masakit po ba yan sa likod?”

She calmly said “Naku hindi, masakit pa yang swero mo, parang kagat lang ng langgam..”

Ako, with a relief on my face “Hay buti naman..”

ME AFTER NG UNANG TUSOK SA LIKOD “TANGINA HINDI NAMAN PO LANGGAM YAN, DINOSAUR PO..”

And yes, I was already crying at that time.

Rawr.🦖","0"
"1771896481","3839268408291112665","0","I managed  to stay still na tinutusukan ako sa likod habang nagsesevere contraction salamat sa male nurse na hinawakan akong mabuti and inayos ang position ko. I keep reminding myself din na mas mapapatagal at mas masakit kung gagalaw ako.","0"
"1771890972","3839222197404196182","13","Pansin ko lang ah wag ikasasama ng loob bakit mga gurangsky ang bashers ni Alex medyo puti na buhok na naging frustrated tennis athlete kuno 😆✌","0"
"1771895010","3839256069478101738","4","Parang mga walang magawa sa bahay, masakit na ang tuhod para tumayo at maglakad, walang makausap siguro at sawi sa pagiging athlete. Amoy yosi. Sorry alam ko hindi maganda magjudge pero ang lupit nila magjudge kay Alex. Sabi pa nung isa ""I hate losers."" Gusto ko sabihin, kausap nyo ba sarili nyo?😂✌️","0"
"1771893905","3839246750893181846","0","Pauwi na ako Masakit ang puso ko para sa 'yo, Mama. Uuwi na ako etong araw, pupunta ako para makasama ka ulit. Sumalangit nawa 🙏🙏🥹🥹😭","0"
"1771868913","3839037155424040151","112","Malungkot Mag-Isa

Pababa ng hagdanan dala ang cp niya, na out balance at napaupo sa sahig ng bahay. Yung cp na gamit niya kaya niyang i operate at nakatawag sa number ng isang maintenance na inaanak niya, at buti on duty ngayon si Kuya.

Pagdating namin ng bahay, si Nanay walang kasama. 78 yrs old living alone. 

Me: Nay, anong masakit?

Nanay: Yung paa ko masakit Doc. Pero mas masakit pala maging mag isa sa buhay kahit may mga anak at apo ako. 💔

Huwag niyo sana gawin ‘to sa magulang niyo. 🥹","0"
"1771893894","3839246707482412478","7","As I stepped outside the house, hindi lang case details ang dala ko. Bitbit ko din ang napakaraming realizations.

Na minsan, ang pinaka malalim na sugat ay hindi makikita sa X-Ray o CT-Scan.
Minsan ang pinaka masakit, ay yung uuwi ka sa bahay na dati puno ng tawanan at kulitan, tapos ngayon sariling yabag na lang ng paa ang kasama mo. 😭😭😭","0"
"1771893870","3839246504745832268","3","Miss you ma!

Naalala ko nun bigla may tumawag sakin habang umaahon ako sa kennon road ng naka bike ang sabi eh wala ka na daw 😭 hindi naman ako makauwi nun dahil nasa kalagitnaan kami ng ahon. 

Umiiyak ako nun habang nag bike paakyat kahit masakit na binti, paa, katawan lalo na nalaman ko wala ka na daw 😭😭😭","0"
"1771892642","3839236209777855573","0","Ang mahirap sa mga ingit na tao kz Ika  asenso mu Ika sakit nila Yan ,masakit ba sa mata mga antekols ?","0"
"1771891798","3839229121746021482","0","Early morning ash fall of Mt. Mayon🥲
Masakit na sa lalamunan😓
#ilonggonguragon #supportmosupportko #ashfall #MayonVolcano","0"
"1771891751","3839228736944388749","1","Masakit  dry skin ganyan  ang nang yayari sa kahuhugas ka ta trabaho  para kumita ng pera  kala nyo masaya lagi  sabi ng iba abroad  msarap buhay  at madami pera mayaman  na, isang paniniwala ng iba na Hindi naranasan ang  mag abroad .
#buhayofwabroad 
#nanaylife 
#Hand
#SipagAtTiyaga","0"
"1771891345","3839225326311914740","0","Training muna ng Basic Life support kahit masakit ang likod ko be hahaha. 
 
Hindi pa nag sisimula pagod na ako hahaha","0"
"1771899189","3839291127888048129","0","Putchang lalamunan to!","0"
"1771892136","3839231962624713481","0","Sakit ng lalamunan koooo!! 😩","0"
"1771889142","3839206848012568642","0","Eto n nga po sipon namn Makati lalamunan ubo kasunod...haist Lord huwag namn po....","0"
"1771888902","3839204833606096541","0","Posting lang po muna tayo ngaun grabe sakit lalamunan q😢 wla munang live😊","0"
"1771880493","3839134290488289774","0","Grabe kasakit ng lalamunan ko uy huhu magcry na ako😭😭😭","0"
"1771879491","3839125891243132578","0","PARALASTAS NA MUNA TAYO
WAS BOUGHT TO YOU BY PANA NATURAL--- PARA SA UBO-MATINDING KAPIT NA PLEMA RAMDAN NA GASGAS NA ANG LALAMUNAN. MABIBILI SA MGA BOTICA OVER THE COUNTER DITO SA RIYADH KSA.","0"
"1771874055","3839080286676107010","0","Hays kakapagod
Kati netong lalamunan ko
Sana mawala na to","0"
"1771871659","3839060192294774002","1","Sobrang sakit ng lalamunan ko!!!!!","0"
"1771871404","3839058050599324663","0","Sakit ng lalamunan huhu","0"
"1771891798","3839229121746021482","0","Early morning ash fall of Mt. Mayon🥲
Masakit na sa lalamunan😓
#ilonggonguragon #supportmosupportko #ashfall #MayonVolcano","0"
"1771844959","3838836214959508625","63","Yung bago ka lang sa team nyo tapos tinanong ka ng “ano pong tipo mo sa lalake?” 🙄😒

Gusto ko lang mag trabaho!!!!!!!!","0"
"1771888327","3839200010802772713","0","Ang hanap ng mga kateam mo sayo ay hindi trabaho kundi kalandian. Tara, pahiran natin ang makating parte sa katawan nila nang matigil ang pagtatanong na yan. 🤣🤣🤣","0"
"1771880675","3839135815805788199","0","Alhamdulillah pang himagas at ndh lang un sunnah rin itong kainin sa suhur para ndh gutumin o matuyuan ang lalamunan 

@highlight #sunnah #Kurmah #pangsahur","0"
"1771851394","3838890196030482497","360","""cs po ako eh""
""ay mas maganda normal ksi iire ka, mas ramdam mo pagiging nanay""

ay 'pag cs ba ako, tatay ako??? 🙄","0"
"1771877465","3839108894313128523","2","Ako na naglabor muna bago na-emergency CS 🥲 Pag ako talaga nakarinig ng ganyan, pipitikin ko talaga sa lalamunan.","0"
"1771876211","3839098376206656144","0","Sakit sa lalamunan mygox","0"
"1771869989","3839046182732265994","0","Tulog sipon+ sakit lalamunan 
Ano Nami ni man Red horse o Gin 🤣🤣🤣🤣

Di mag ayo sa bulong abi","0"
"1771868690","3839035281509611639","0","sakit sa lalamunan","0"
"1771866247","3839014790422019363","1","Nagising ako sa sobrang takot ko sa panaginip ko parang totoo, sa panaginip ko bago daw ako matulog biglang may dumagan daw sakin tapos pilit ako pinapanganga ang creepy ng boses nya natawa sya parang 😈 tapos nilalabanan ko gusto ko mag dasal pero parang pinipigilan nya nanlalaban ako sa panaginip ko pag gising ko nakatihaya ako tapos sobrang dry ng lalamunan ko.","0"
"1771860914","3838970055032442030","0","Garamdam na ang kati ng lalamunan? Don't panic and DON'T take antibiotics agad! 🙅‍♀️ Just spray this instead.

🌿 Made with natural ingredients
🍬 No bitter medicine taste
💯 Subok na effective!

Prevention is always better than cure. Stock up na bago pa mawalan ng boses! 📣￼","0"
"1771860026","3838962608733371799","4","sagad ko ba sa lalamunan mo💦🤣","0"
"1771827687","3838691325831806829","224","Ngayon ko lang nakita na ang taas pala ng sugar content ng yakult. Parang isang kutsara din yon ng asukal sa napakaliit na yakult. Healthy ba talaga to? Haha","0"
"1771858931","3838953420666103110","0","May acid reflux ako. Parehos sa red and blue yakult humahapdi lalamunan ko kaya nag plain greek yogurt nalang me. I think mas good ang greek yogurt na alternative","0"
"1771856597","3838933837233598471","0","OMG, girl! I have to share this life-saver kasi hindi ko talaga keri ang hapdi ng lalamunan lately! 😭 Alam niyo yung feeling na parang may tinik or laging tuyo ang throat? I tried this Betadine Sore Throat Spray and swear, it’s a total game changer! One spray pa lang, feel mo agad yung relief, as in instant! ✨ No more ""paos"" moments or yung hirap lumunok pag kumakain. Perfect siya for me lalo na’t mahilig ako makipag-chikahan at uminom ng cold drinks. Super compact pa, so kasyang-kasya sa bag!","0"
"1771855644","3838925848166616209","2","sakit ng lalamunan ko","0"
"1771855039","3838920772237111852","0","Sanay maging tahimik ang aking lalamunan ngayong gabi ilang gabi na tayong bagabang sa puyat at kakaubo🙃","0"
"1771858352","3838948564928703106","0","Sobrang sakit na nga ng ulo, nahihirapan pang huminga, sakit pa ng puso??? Lord, isa isa lang naman, anak mo rin po ako. 😭😭😭","0"
"1771853735","3838909832586506518","12","Salbutamol lang katapat kapag nahihirapan kang huminga at napatunayan mo yong hinala mo.","0"
"1771852279","3838897620886084351","0","nahihirapan ako huminga tangina  hahahahahaha mamatay nslanh","0"
"1771796709","3838431463642176440","1","Nahihirapan talaga huminga dahil sa parang may nakabara sa lalamunan ko.🥲","0"
"1771663584","3837314728851492430","162","Required ba talaga na kapag broken, kailangan nahihirapan ka lagi huminga? Kailangan ba talaga mawawalan ka ng gana kumain at tatamadin ka sa lahat ng bagay? Patayan talaga sa ganito nuh","0"
"1771651253","3837211268323957056","1","Ung bang nahihirapan kana huminga dahil patay gutom ka 😜😅","0"
"1771818261","3838612257119360648","255","Dito sa Pinas, ubos talaga isang araw mo sa pag pila sa Doctor","0"
"1771846114","3838845900253584476","0","Sa US of A, a relative of mine complained na nahihirapan syang huminga. Pinunta sa Urgent Care ng bandang 9am pero past 12noon na sya nacheck ng doctor. Sabi sa kanya hindi equipped ang facility to check on her kaya sinabing magpunta sa Emergency Room ng hospital. Andun sila ng 1pm, na-triage at nag-antay hanggang 6pm para matignan. After, sinabihang antayin consultation with the doctor. Doctor came at 10pm and pinauwi ng 1am. She's 74y/o and hindi sya nakakain from 9am to 1am of next day.","0"
"1771845524","3838840956578315855","9","I’m not tall.  And most of the time lagi ako nakatingkayad sa photos namin kasi feel ko nahihirapan sya kumuha nang magandang angle. 

So during our Anniversary, he bought this beautiful light pink dress and unfortunately I was repeatedly tripping over it. So to prevent any accident, he’s always at my side to hold my dress.  I apologized but he said, “you’re my favorite small girl, don’t be sorry”. 

It made my heart so happy. I’m so blessed to have someone who treats me like a Queen 🥹🤍","0"
"1771789405","3838370196739358919","0","Maraming tao ang nahihirapan 👍,isa na ang pamilya ko , masakit tingnan ang anak pag nahihirapang huminga😭😭 , parang maka isip ka na ayaw kuna , ang daming tanong sa isipan ko, (but naman lord , my Congenital heart disease , at my syndrome😢😢 pa )kawawa naman ang anak ko, bahala wla kaming pera basta wla lang sakit ang anak ko .","0"
"1771661780","3837299596574483101","0","May kaparehas bako dito na nahihirapan huminga pag nakakakita ng mga powderized, pulbos, or yung mga pinong pino like harina, alikabok, o ano basta mga ganun ba. Feeling ko ako lang 😪.","0"
"1771589018","3836689226976579408","7","Super guilty parin ako sa nangyari 💔

2 weeks ago na confine ang baby boy ko 9 months old due to GERD. Day 2 namn sa public hospital umuubo sya kaya nalipat kami sa Respi ward for patients na may ubo. 

Day 3 namn may bagong patient na 5 years old boy. His name is Javier and he looks not well talaga. Every 15 to 20 minutes he looks tense na parang he's running out of air(nahihirapan huminga)

Sabi ng watcher nya na ganun talaga kasi may tonsillitis yung bata.","0"
"1771488038","3835842146649439686","63","Alam na mismo ng katawan mo kung ano yung totoo bago pa man mangyari ang katotohanan. 

Yung panginginig ng buong katawan mo. Yung bilis ng tibok ng puso mo. Yung bigat sa dibdib mo na nahihirapan kang huminga. Lahat ng yan ay signs na hindi ka na safe sa nangyayari. Makinig ka sa katotohanan na sinasabi ng katawan mo.

Your body knew before your mind allowed it.","0"
"1771471688","3835704992397526976","0","OGTT ko kaninang 8 am sa Hi-Precision. After ng first blood extraction, and pag-inom nung KRON juice, bigla nalang akong parang nahihilo at nahihirapan ng huminga. At yun na nga naisuka ko lahat ng ininom ko. 🤮

I was advice to comeback after 3 days. Any tips po para maiwasan masuka? 😅","0"
"1771810449","3838546722461806731","43","Nalaman niyo na ba kung ano ang purpose niyo sa buhay? 😁","0"
"1771813400","3838571474542909347","0","I think yung palakihin ng mabuting tao ang anak ko na now 4yrs old na. pinanganak ko sya, after ng delivery hindi malaman ng dr. ko kung bakit ako nahihirapan huminga nag 50/50 na ko. naalala ko n prayer ko nun "" kung eto ang  will mo  lord akin sendan mo po ang anak ko n mag aalaga at magmamahal higit pa sa pagmamahal n maibiigay ko ""then ayun after nun umayos paghinga ko na parang wlang nangyari. miracles happen sabi ng dr. ko s akin.kaya lagi nmin yung pinapasalamat at hindi nakakalimot .","0"
"1771666298","3837337500222841018","32","Nung abot hanggang tenga na yung tubig, bigla niya akong binitawan, kaya bigla akong lumubog. For context, 4’11” ako at siya ay 5’11” ang height, plus, hindi ako marunong lumangoy or magfloating. Nagpupumiglas ako at nakainom na rin ng tubig, kaya inangkas niya ako sa likod niya. Akala ko ibabalik na niya ako sa gilid ng pool, pero hindi pa man ako nakakarecover para huminga sa pagkakalubog ko, inihagis niya ulit ako sa malalim na parte ng pool. Dahil mas malalim, di ko abot sahig ng pool.","0"
"1771666299","3837337501195931994","30","Kahit nandun mga kateam niya, umiyak ako ng umiyak at nagsisigaw kasi nahihirapan ako huminga, at bukod pa dun ay takot ako sa tubig na malalim kaya nilapitan niya ako. Pagkabalik ko sa gilid ng pool ay nanginginig ako sa takot, kaya kinuhanan ako ng kateam niya ng tubig at tinanong ako kung okay lang ba ako at pinagsabihan siya na wag ginagawang biro yung ginawa niya sakin. Habang nanginginig pa rin ako sa takot, bigla niyang sa mga kateam niya, “Pabayaan niyo, di naman totoo yan”, sabay tawa.","0"
"1771597986","3836764453556359488","0","Yong hindi mopa talaga siguro oras, Kahit pala may kasama ka Kong dmarunong makiramdam na nahhirapan kana  dka ppansimin kahit alam na nahihirapan kana huminga... tutuo nga kasabihan dearating ang panahon n marramdaman muna ang lahat Kong nagsasawa kna ng paulit ulit..","0"
"1771449503","3835518891045662015","1","NAHIHIRAPAN AKONG HUMINGA PERO NAKAKAHIYA NMN NA DALHIN KO UNG SARILI KO SA HOSPITAL DIBAAAAA???!!","0"
"1771443088","3835465077781387960","0","Yung gusto mo na mamatay pero kabado ka pag nahihirapan kang huminga HAHAHAHAHAHHA","0"
"1771396966","3835078179401182155","1","first time ko mag ka gastritis tapos nahihirapan ako huminga ng malalim pag bloated, ganto ba talaga to? Clear naman lungs at heart ko dahil napa full lab test ako dahil sa lecheng pag hinga na to hahahaha","0"
"1771899044","3839289909165435352","0","wow!!! naka 200 plays ang  Tourguide ko ba.Thank you To all fallowers💞","0"
"1771898925","3839288911869436357","0","VLOG No. 308

Anong color kaya ang maasign per LT?Abangan...

RUNCAV YT VIDEO LINK : 
https://www.youtube.com/watch?v=0kgOWKFW_tg

Comment #faveLT sa YT Chamnel mg Runcav Management to make your votes valid.

#Runcav #RuncavManagement #RuncavEvents","0"
"1771898654","3839286586035389677","0","Wow ang dami tourist dto may helicopter pa. 
#sightseeing #fyp #tourists #goodvibes #everyonefollowers","0"
"1771898650","3839286607888323203","0","Good job self bumaba din ang blood sugar mo
Walkaton lagi🚶‍♀️
2hours walking 🚶‍♀️ 
#ausomemomiemoudz 
#DM #diabeticlife","0"
"1771898068","3839281704503074743","0","Dah leh phawt mai ang 😌","0"
"1771897764","3839279170320954227","0","With Ruby Ang – I just made it onto their weekly engagement list by being one of their top engagers! 🎉","0"
"1771897360","3839275781498959564","0","Chocolates and flowers are not my ways, neither that of gold and silver of which I have none. 

But that pancit bihon, chicken balls with sarsa, a plate of rice, a bottle of Upseven plus the tap water, these are my badges of courting you, when I do not know about what are the moves then. 

Wrapped around by sweet-bite and or a thoughtful whisper, only love on whose language hangs the moment.

Ang ispiritu sang langgaw kag kaparat sang patis
Samot pa sa pahamot.

😝 😜 🤣","0"
"1771896281","3839266732624824470","1","𝐍𝐄𝐖 𝐏𝐀𝐑𝐓-𝐓𝐈𝐌𝐄 𝐓𝐄𝐀𝐌𝐌𝐀𝐓𝐄 𝐀𝐋𝐄𝐑𝐓!

Meet Francis, a 25-year-old Licensed Professional Teacher turned Barista.

He’s from the province and ang income ay hindi enough to sustain his lifestyle and his family. Gusto niya ng new source of income coz why not? 

If you are looking for a part-time job, message me!","0"
"1771883945","3839163251662405501","1","na loob kase trabaho nila 'yon. Pero kung titignan mo ngayon, mas safe noon. At least kahit anong oras ka umuwi, safe ka kase takot yung mga adik kay FRRD. And being grateful for that won't kill you. Kriminals should be punish, and if FRRD is proven guilty by the ICC, then put him in jail.","0"
"1771896250","3839266470564697498","2","You felt safe but some did not. A lot of innocent men were afraid during his time kasi baka ma-Tag as addict. Also may quota ang police na hinahabol(k!ll) in exchange for money.","0"
"1771897371","3839275874638715985","0","YOUR BEST MOVE THIS 2026 ✨
What if your next career move lets you earn, grow, and travel the world for FREE? 🌍
From China to Turkey, South Korea, hanggang Iceland — posible ‘to when you’re in the right team.
This is more than a job.
It’s a career with purpose, flexibility, and global opportunities.
👉 Join our team today.
Baka ito na ang move na magbabago ng 2026 mo.
📩 Message me to learn how.
#YourBestMove2026 #JoinOurTeam #TravelForFree #OneDistrict #RisingOnePhoenix","0"
"1771897038","3839273082020836722","0","Judge ang Person.....

Thank You Very Much for the Trust Acadamia de San Antonio of Caloocan INC","0"
"1771896532","3839268835304909880","0","ETO NA MGA KA-PeeNam 😍🔥

The elegant iPhone 14 Pro Max in Deep Purple 💜 and Space Black 🖤 is finally HERE!!!

Grabe sa premium vibes, pang sosyal talaga ang dating! ✨📱
Perfect for upgrade? YES NA YES!

💸 Available for CASH & INSTALLMENT
🏪 Visit the nearest PeeNam iPhone and Samsung branch NOW!

Don’t miss this classy beast! 🚀🔥
#PeeNamIphoneAndSamsung #iPhone14ProMax #DeepPurple #SpaceBlack #PremiumFeels","0"
"1771896385","3839267610123729953","0","Knockout TUEsday till thursday only !!
Technomarine womens 2,999 only 
Ang pinaka murang TeChnomarine","0"
"1771896255","3839266519386087030","0","Thank you Hannah. Mama Ang appreciates your generosity so much. Big squeezin hugs 🥰","0"
"1771895872","3839263303999806064","0","Inspired from our national artist 
Ang Kiukok and abdulmari Imao

Title: "" Oryza ""
medium :  Mixed Media
Size:  24x30
Year:  2026

Title: "" Familia ""
Medium: Mixed media
Size:  24x30
Year:","0"
"1771895621","3839261180540640101","0","Please note that our Khlong Ong Ang branch will be closed today (24 February 2026) for a private event. One Bangkok and Emsphere branch remains open as usual. 😊🙏

We’ll be back to serving you as usual tomorrow 🤍
Thank you for your understanding.

— Zafran Eatery","0"
"1771895188","3839257564564050780","50","JUST IN: HAPPY BIRTHDAY 🥳 
TO OUR ""WORKING SENATOR"" AT ANG LIWANAG SA DILIM NOONG 2022 ELECTIONS.

HONORABLE SENATOR RISA HONTIVEROS 🩵

Thank you for your hardwork, For the people, for the country, and for the future🇵🇭💯.

*Painom kana baks😅😁
Crdts: Official FB Of Risa Hontiveros","0"
"1771889789","3839212273395789909","52","😆🫶
Isa ka ba diyan? 
Mas payapa ang isip ko na kahit gabi umuwi ang anak ko babae safe, ngayon need mo sunduin dami naman adik sa palagi 😔","0"
"1771894945","3839255529487754675","1","Noong time ni Duterte takot na takot ako na baka madamay ang anak at pamilya ko sa patayang nangyayari, nakakatakot na kahit naglalakad kalang sa kalye e may mga pulis na namamaril, may mga hinahabol, may mga dinudukot! Diko ramdam ang takot ngayun, bakit kaya 🤔","0"
"1771898078","3839281812120753978","1","Let's forgot each other, past is past. I don't want anyone anymore. Don't blame me you started it. You unfriended me in your account I did the same but worst. I'll hate you‚ I've never regretted loving you but I regret not giving up easily‚ kasi mas masakit ang dali ng lahat sa'yo. I will hate you as long as I'm alive.","0"
"1771893870","3839246504745832268","3","Miss you ma!

Naalala ko nun bigla may tumawag sakin habang umaahon ako sa kennon road ng naka bike ang sabi eh wala ka na daw 😭 hindi naman ako makauwi nun dahil nasa kalagitnaan kami ng ahon. 

Umiiyak ako nun habang nag bike paakyat kahit masakit na binti, paa, katawan lalo na nalaman ko wala ka na daw 😭😭😭","0"
"1771893137","3839240325848824075","0","Gamot  para sa masakit ulo, Naghihina katawan, Laging puyat pagod, ito inumin mo #HerbalTea #reelsviral #pampalakaskatawan","0"
"1771883011","3839155418229351911","0","So ayun na nga, masakit na ang katawan","0"
"1771879430","3839125378791465356","0","Kapagud buong araw nakatayo s kusina masakit buong katawan at Binti ko🥹","0"
"1771860013","3838962493633482915","2","masakit na katawan","0"
"1771835827","3838759605401135397","0","Ano Masakit Naba Katawan Niyo🤣","0"
"1771868913","3839037155424040151","112","Malungkot Mag-Isa

Pababa ng hagdanan dala ang cp niya, na out balance at napaupo sa sahig ng bahay. Yung cp na gamit niya kaya niyang i operate at nakatawag sa number ng isang maintenance na inaanak niya, at buti on duty ngayon si Kuya.

Pagdating namin ng bahay, si Nanay walang kasama. 78 yrs old living alone. 

Me: Nay, anong masakit?

Nanay: Yung paa ko masakit Doc. Pero mas masakit pala maging mag isa sa buhay kahit may mga anak at apo ako. 💔

Huwag niyo sana gawin ‘to sa magulang niyo. 🥹","0"
"1771891853","3839229591089711204","1","Sbi nga mahalin nyo magulang nyo habang kasama nyo pa sila, sobrang hirap mawalan ng nanay. Para kang naputulan ng isang kamay at paa. Promisw yan! Literal na parang nawalan ka talaga ng parte ng katawan pag nawala sya. 😥😥😥","0"
"1771858296","3838948089058609234","150","Them ""Sana all seaman""
Kung alam mo lang buhay dito sa barko.

Ito cabin ko saksi sa lshat ng pagod, puyat at iyak ss tuwing nakakaranas ng lungkot. Hirap Pag lalaki kasi need mag plano para sa future mo at sa itatayo mong sariling pamilya.","0"
"1771864888","3839003386646367870","0","Kahit masakit katawan mo, need mo parin bumangon para mag duty. Ang bigat","0"
"1771851393","3838890126722217797","0","Nay nag ok kn Ani nga vedeo nangalabit ka sa akin dahil gusto mo ng umuwi ng Bahay at sa sunod na Araw ay ilalabas na kita umuwi lang aq saglit para magbihis aq at makapahinga saglit at ayaw mong pumayag na uuwi aq Sabi q babalik aq agad  hinalikan pa kita bago aq umalis pauwi ng bhay at ilang oras langpagitan nkabalik nga aq biglaan pero katawan mo na lang Ang binalikan q ayaw mo magpaiwan sa akin pero ikaw yong nang Iwan sa amin. Masakit sa dibdib at mahirap tanggapin","0"
"1771832683","3838733232934524415","0","Them: binago kna ng abroad 

me: ai oo dzae, dati wla aqng sakit ng katawan, ngaun mula ulo, hanggang talampakan q masakit na..lalo na ung likod q 🤧","0"
"1771824061","3838660905928956647","107","Kawawa naman ang President natin dito. I hope he’s okay.","0"
"1771826946","3838685107398545353","6","D mai-derecho ang katawan  at d maitaas ang kanan kamay sa dibdib...may masakit sa kanya..","0"
"1771826433","3838680807465258123","1","Ang expensive ng amoy nito 🤌🏻✨

Isa to sa marerecommend kong perfume na swak lang sa budget 🥰✨

Ang lakas maka sosyal ng amoy nito and surprisingly habang tumatagal mas lalong bumabango sa katawan lalo na kapag pinapawisan 😌

Long lasting and head turner ang atake ng perfume nato and also very calming lang yung amoy niya at hindi masakit sa ilong ❤️✨","0"
"1771814979","3838584724961652907","0","Gretchen Caniedo Lhan Pascaran Cave legit na legit, nanalo nga madami namang masakit sa katawan!!!! galawang kwarentahin na ba? 🤣🤣🤣","0"
"1771828585","3838698855009485852","0","Buhay ofw ngiti lang kahit may masakit sa katawan 
ang mahalaga nakakapagtrabaho pa at nakksahod pa din 🤗🙂#thankyoulord #forstrenght #GuideMeLord #haveagooddaytoall","0"
"1771801455","3838471277820948917","0","Masakit ang katawan ko🤣 kakahabol ng⚽ ngayon lang to ah dati di naman🤔 nagkaedad na😅","0"
"1771777018","3838266286497824354","0","Medyo masakit ang katawan ko today
- Masakit ang mga paa (dahil sa hike)
- Nagka-pasá sa tuhod (as in yung namamaiolet)
- at humabol pa, nakagat pa ng pusa 🤦🏻‍♀️ (ya, my fault tho) need ko pang ipa-anti-rabies to make it sure 👍🏻","0"
"1771899140","3839290714497405960","0","SIGN OF AGING

'Yung nagku-kwentuhan na kayo ng ibat-ibang mga sakit niyo sa katawan.","0"
"1771898807","3839287915009652836","0","Sa umagang ito muli po Ang pasasalamat ko sa Inyo,sa pagtitiwala po ninyo na pinagaling po ng Dios Ama Jesucristo Ang karamdaman at mga sakit po sa buong katawan ninyo🙏Papuri ko po sa ngalan mo Amang Jesus Ang kabutihan mo'y Hindi naglalaho🙏🙏","0"
"1771898570","3839285939282287752","0","Sakit ng katawan ko!","0"
"1771898511","3839285444538362007","0","Natumbahan ako ng motor habang nilalabas ko ng bahay kasi paalis na puntang school. Pero heto tuloy pa rin sa pagtuturo. Di ko alam bakit di ko nagawang magsabi na di papasok eh madami pala akong sugat at parang nalamog yung katawan ko.","0"
"1771898495","3839285302268238159","0","Ang sarap sa katawan ng workout ng lese. Yung isang daan isang daan per workout 😵‍💫😵‍💫😵‍💫 talagang paldo sa abs/bewang at strength e","0"
"1771898438","3839284783742025102","0","Sweaty tuesday papawis muna para mas magaan sa pakiramd ang buong maghapon,👌💕
Ang sarap sa pakiram kapag lumalabas lahat ng toxins sa katawan.
#fullbodyworkout #sweatymorning #FitnessGoals","0"
"1771898137","3839282305681321297","0","Ayaw ko talaga sa lahat Yung darating ng walang pasabi, tapos sakit ng ulo at katawan pa ibibigay sau... 😤😢😥😵‍💫😵😫😩😣😖 Lagi ka na lang ganyan... 

#woman","0"
"1771898070","3839281713981753057","0","Ganito Ako maglinis ng Nanay ko tuwing magpupo at maglinis sa katawan niya
#thankfulgratefulblessed 
#ThankYouLord","0"
"1771897010","3839272851862246865","0","Ang laki laki ng katawan mo ang liit liit ng utak mo. 🤣 Bullshit","0"
"1771898434","3839284790890303513","0","potek nayan.. 😥","0"
"1771898476","3839285149981447915","0","hindi na kaya ng katawan ko, deserve ko naman daw to tangina","0"
"1771896635","3839269701411617509","0","Yung sakit ng katawan ko talagang may bitaw eh 🤦🏻‍♀️","0"
"1771895967","3839264094063567636","0","GALAW NA, WALANG ARAY! 💚
Natural na alaga para sa rayuma at pananakit ng kasu-kasuan.
Gawing mas magaan ang galaw araw-araw kasama ang Paragis 🌿

#ChefAybParagis #GalawNaWalangAray #RayumaRelief #JointPainRelief #ArthritisCare","0"
"1771895886","3839263416364682555","0","Huwag kalimutang kumain ng almusal kahit gaano kapa ka busy bigyan mo ng oras na pahalagahan ang iyong kalusugan ng iyong katawan. Kain tayo guys  #breakfast #healrhcare #fblifestyles","0"
"1771895154","3839257277103076655","0","Purga ng ating mga 1 month old para mas gumanda Ang katawan at lumaking Healthy gamit Ang PEPE DEWORMER ng FarmaVet at pag spray ng OX wound spray ng Battlecock OX spray na ANTIBACTERIAL pa👌👌 #aapbrosgameyard #SABATTLECOCKLAGIKANGLAMANG","0"
"1771894906","3839255195864362466","0","Ang pag build ng katawan at pag build ng business ay halos magkapareho.

Kailangan mong magshow up,kailangan mo gawin regardless sa nararamdaman mo kahit tinatamad ka,malungkot ka, may problema ka, kahit mag isa ka at lonely ang journey, napakatagal bago makita ang resulta, kailangan disciplined ka.

Hindi masaya ang proseso pero nakakaproud ang resulta.","0"
"1771852324","3838897992251220821","78","KUNG KANINONG ALAGA NA PUSANG ITO...IKULONG NIO NAKAKAPERWISYO KAKABILI LANG NAMIN NG PAGKAIN NAMIN KINAIN PA NIYA HINDI SA MURA O MAHAL UNG PAGKAIN PERO SANA NAMAN IAYOS NIYO MGA ALAGA NIYO.....

#fyp 
#fypviralシ","0"
"1771897766","3839279194672592581","0","Pinalo mo for sure yan. kawawa naman yung pusa. tsaka isa pa kakain kaya yan kung may may ari yang pusa?? halata naman na stray yan. tas ikaw naman wala ka man lang awa sa katawan mo","0"
"1771827687","3838691325831806829","224","Ngayon ko lang nakita na ang taas pala ng sugar content ng yakult. Parang isang kutsara din yon ng asukal sa napakaliit na yakult. Healthy ba talaga to? Haha","0"
"1771897234","3839274727126479907","0","If no Sugar mas madaling mamatay ang Lactobacilli. So basically ang sugar ang tumutulong para mabuhay ng mas matagal ang Good Bacteria.

Kaya din maliit ang Yakult kc para hindi masobrahan sa sugar content ng daily needs ng ating katawan.","0"
"1771893918","3839246911669441252","0","Normal masakit mii pero may gamot dyan na pang pa kalma ng matres","0"
"1771896656","3839269883192750653","0","Nag aalala din ako kahapon baka may nangyari kay baby kadi nag cramps ng mild tas nag browse ako about dun sabi naman ng result an sumaskit daw puson pag nag eexoand yung katawan kasi lumalaki si baby at 13 weeks na sya ngayun.","0"
"1771895293","3839258447263682600","0","Hindi lang gym para sa katawan, gym ka din ng utak💪👁♟️🤝.","0"
"1771894562","3839252316021764392","1","Ang sakit ng katawan kuuuu! 😫","0"
"1771894260","3839249712180401354","0","Hello everyone o kape Po tayo at sabayan Ng indak Ng para at igalaw ang katawan Ako lang Po ang ganito na content creator hahaha 🤣🤣🤣","0"
"1771894240","3839249611685561302","0","Good morning! Kain po tayo Ng almusal para lumakas ang ating katawan! #breakfast #foodlover #picturepost #lifestyle","0"
"1771893293","3839241671515787830","1","I don’t know what skin care product I should be using, nothing works anymore yawa mani 😭 I feel insecure everyday pota. I tried to change my usual skin cae product kasi baka it’s time to change na din pero why mas lalong “lumala” ?? 😭 I need help","0"
"1771894106","3839248491839999096","0","Baka sobrang dami mo nilalagay sis? Try mo din vitamins kasi ok din na sa loob Muna ng katawan magsimula.","0"
"1771894066","3839248146572592492","0","Good morning! ☀️
Hatid sa school — done.
Palengke — done.
Hugas plato — done.
Magwalis — done.
Tapon basura — done.
Nagpakain ng manok — done.
Linis banyo — done.
At ngayon… magluluto na ng pananghalian. 😅
Salamat Lord sa lakas ng katawan at sa energy na parang unli refill kahit minsan lowbat na. 🔋☕
Hindi man ako naka-heels, pero naka-level up ang multitasking skills ko. 😂
Sa mga kapwa nanay na walang day off — proud ako sa inyo.
Ano na ang “done” mo today?
— che","0"
"1771893870","3839246504745832268","3","Miss you ma!

Naalala ko nun bigla may tumawag sakin habang umaahon ako sa kennon road ng naka bike ang sabi eh wala ka na daw 😭 hindi naman ako makauwi nun dahil nasa kalagitnaan kami ng ahon. 

Umiiyak ako nun habang nag bike paakyat kahit masakit na binti, paa, katawan lalo na nalaman ko wala ka na daw 😭😭😭","0"
"1771898474","3839285130251350516","0","Pilates pagkatapos kumain ng ice cream cake😉. At may isang white furball na tagahanga.😅","0"
"1771898065","3839281703186291566","0","Assalamu Alaikum wa Rahmatullahi wa Barakatuh 💚 Na aappreciate ko po yung mga nanalo na at hindi pa na patuloy pading nag cocomment at share sa lahat ng post ko🧡☺️ Maraming salamat po sa suporta. Magpatuloy lang po at baka kayo ang mapusoan kong mabibigyan ng 1*** pagkatapos ng Ramadhan😍 Nagmamasid lang po ako at ng aking mga admin☺️💛 Sukran.Barakallahu Feekum.","0"
"1771897995","3839281111663512134","4","Emel guys pagkatapos Nuod mag ano ako","0"
"1771897399","3839276112313239618","0","To be fair, ang katanggap-tanggap lang na DDS ay ‘yong mga DDS hanggang early pandemic lang. Kasi wdym na DDS ka pa rin after the documented poor covid management?

Under Bayanihan to Heal as One Act, bilyon-bilyong piso ang binigyan ng emergency powers para ma-realign at magamit agad. Pero pagkatapos nito, lumabas ang mga issue tulad ng procurement issues sa Pharmally dahil sa overpriced at questionable medical supplies, mabagal na rollout ng ayuda, etc. Like  wtf","0"
"1771897198","3839274422881215258","0","Pagkatapos mo ko ichismis, please pray for me. I want to be perfect like you.🤣🤪🤭","0"
"1771892808","3839237603544547765","0","Daily routine sa full time mommy sa bahay kaya pala mainitin ang ulo dahil kwarto palang  tagal nang linisin ano nlang kaya pag buong bahay at may dalawang makukulit na baby pa 😂😂😍 na pagkatapos niyang maglinis kalat at marumi nanaman 🤗
#kayahindimadaliangtrabahosabahay
#galityanpagpagodyanina
#dailyroutineasfulltimemom","0"
"1771890890","3839221509991832070","0","Last gala bago umuwi. 🫶

Masarap magsulat kinabukasan kapag nakakagala ng gabi pagkatapos ng maghapong pagsusulat. 😁🤭

#UnwindAndRelax","0"
"1771888771","3839203664066160127","0","Tradisyon pagkatapos ng libing sa patay ng mga kamaganak pagbalik sa Bahay ng pinaglamayan
@highlight #tradisyon #buhayprobinsya #fypシ゚ #myfamily #everyoneactivefollowersシfypシ゚viralシalシ","0"
"1771885518","3839176405880499440","0","pagkatapos tilas tambak ulit","0"
"1771887905","3839196467730925117","0","Masarap humihop ng kape pagkatapos kumain ng umagahan. 
Pork bacon at tortang talbos ng kamote
#ilovecooking 
#tuesdaybreakfast","0"
"1771886393","3839183783460058953","0","Isang ofw na tapos na ang plantsahi bago na gising ang amo nakalinis na din at pagkatapos na ubos ang oras sa kakagawa ng sambusa at muthabakh hinahanapan pa ng amo ng trabaho hirap talaga manga mohan pero laban lang para sa anak na nag aaral. #Ramadan #friends #follower #foryoupageシ #fypシ゚viralシ","0"
"1771886218","3839182316896165847","0","""Pagkatapos ng hilamos,  kape Muna agad... para magising ang diwa at ang  tyan.""","0"
"1771883123","3839156351486501838","0","More than a decade diko na natikman..
Isa sa mga prutas sa Pinas na lagi namin kinakain nong mga bata pa kami lalo sa tanghali pagkatapos kumain..","0"
"1771880270","3839132422487878244","0","kakagising lang from 3hrs of sleep pagkatapos mag punch in, tapos may gana pa magbreak ng 1hr HAHAHAHA","0"
"1771879706","3839127694559349523","4","Minsan, mapapagod ka nalang talaga tumulong sa mga taong ungrateful. Ipagdadasal mo nalang talaga. 

Wala po akong hininging kapalit when I helped open doors for them, pero di pa nila inaayos work, tapos babalik sayo na parang wala lang. Pagkatapos parang utang ko ulit bigyan ng client. 

Ayoko na. 🥴","0"
"1771877919","3839112698555232233","0","sarap ng foodtrip ko pagkatapos  ko manood ng Dracula A love tale at mag doom scroll sa IG naligo ako para isuka lahat ng kinain ko, now  I'm ready to bed 🥴","0"
"1771870885","3839053700653006702","2","nakakatakot mag-anak. what if mamatay ako pagkatapos manganak, paano na asawa ko?","0"
"1771838992","3838786156201320844","13","Ayoko maging defensive para sa nurse, pero NURSE ba talaga ito?

Una, bakit nakatayo ang pasyente? 
At ang sarap ng upo ng kumukuha ng BP ha.
Nakataas pa ang paa.
Ano details ng eksenang ito?
Saan ito?

Sino kumuha ng pic na ito? 

Kung may pagkukulang ang “nurse” na ito, dapat ma-call out ang attention nya at ng superior nya.

Sobrang ganda ng reputasyon ng mga Filipino nurse. Wala sa tono ito.","0"
"1771868851","3839036630833917173","0","Kunukunan ang standing BP pagkatapos ng sitting BP.","0"
"1771887895","3839196388526298382","0","I think it’s unfair to say that the anti’s consider their real life experiences as worthless. It’s also the same as the pro’s saying that the real life experiences of the EJK victims, (especially the innocent ones who were killed for the bounty), are also worthless.","0"
"1771888884","3839204684691823785","10","No sympathy from me. Willing victims ang mga adik at in part ang mga relatives nila, unwilling victims ang mga kinatay or biniktima ng mga addicts.

May mga choices ang mga adik and pamilya nila, yung bibiktimahin ba ng mga adik may choice habang ninanakawan, ginigilitan ng leeg, sinasaksak pagkatapos ma-rape or nakawan ng mga salot na yan?","0"
"1771816185","3838594834551193649","782","Napanuod ko interview ni Kaufman sa ABSCBN. I found out that he’s been practicing law for 23 years. Hala! I’ve been practicing law for 24 years now. Ibig sabihin mas matanda ako sa kanya. Bakit mukang sobrang tanda nya sa akin hehe.","0"
"1771884929","3839171505280968643","0","Teh, pagkatapos mo mag HS, college agad and law school. In Western country, they have middle school and they usually pause before proceeding to law to work. Ikaw na bobottorney, check mo ang age difference nyo and genes ng westerners compared to Asians. Puro ka pisikal, halata namang mas may utak yung tao kesa sayo.","0"
"1771884784","3839170287288651451","0","Ig friends? (pass sa ng a unfollow).","0"
"1771884812","3839170522295565380","0","pass sa ng a unfollow pagkatapos e follow","0"
"1771877871","3839112296949454387","6","Gunggong. Adik ang kapatid mo at ayaw magbago kaya ibinalik na ke Lord.","0"
"1771883842","3839162386184665838","1","Pagkatapos ng lahat ng ito, residente na ng US of A itong si gurl. Pustahan!","0"
"1771863480","3838991536076566596","329","Ang minsa'y naging magkatunggali na ngay0'y nagsanib pwersa para sa kaayusan at kapayapaan❤️

Mabuhay kayo pangulong Bongbong Marcos & Mayor Leni Robredo👏👍","0"
"1771878083","3839114078405763814","0","Ganito dati  Kay VP Sarah Ang Bongbong Marcos na ito..pagkatapos tinraydor!!!","0"
"1771808305","3838528734660535066","65","Regardless of whether Leni will run again for President or not this shows that she is more ethical and professional than Sara Duterte.","0"
"1771870860","3839053486324101566","0","Ano? Si Sara siniraan pagkatapos nyan panalunin si marcos🙄","0"
"1771868191","3839031095476134833","0","MAPAPAIYAKKA KUNG ANG IBINIGAY NI AMO AY  KALABKAB LANG AT BUTO- BUTO, PAGKATAPOS MAKITA MO ANG GANITO.","0"
"1771865092","3839005077630004026","0","Bong sa singapore.
Muni muni pagkatapos mag return ng parcel. AI glass pa more. 

#MeTime","0"
"1771863068","3838988120151469418","0","Yung mga bata na lumapit saken pagkatapos ng laro at sabay apir ""ito yun ee si idol"" idol pilay 🤣🤣","0"
"1771860474","3838966333317621462","0","pagkatapos ng mahabang Oras sa tindahan...
isa munang patalastas😁
walang kontra👍

#fbyシvideo 
#fbmonetizationadsonreels 
#follower","0"
"1771897194","3839274391088374790","0","Yung pressure sa career, totoo yan. Hindi yan arte. Hindi yan busy lang kuno. Sa edad na to, may mga silent battles na kaming nilalabanan. Finances, stability, responsibilities. Hindi lang sarili ang iniisip, minsan buong pamilya pa.

Kaya kung hindi kami nagte-text 24/7, hindi yan neglect. Hindi yan kawalan ng interes. Buhay yan. Trabaho yan. Bayarin yan. Future yan. Hindi pwedeng puro good morning at good night lang, kailangan din ng pambayad sa kuryente.","0"
"1771897193","3839274384939520200","0","Hindi na kami yung tipong may oras makipag-usap buong araw. Minsan, pagod na pagod na kami kaka-isip kung paano pa aangat, paano magiging stable, paano magiging secured.

Kung gusto mo ng constant kausap, hanap ka ng call center. Kung gusto mo ng partner sa totoong buhay, intindihin mo na may laban kaming hindi mo nakikita.","0"
"1771897175","3839274233440992041","0","second day pa lang ng prelims, pagod na pagod na ako","0"
"1771895619","3839261182478511176","0","pagod na pagod na","0"
"1771895371","3839259098857308771","0","Money dust for me✨🤞🙏🏻 almost 1 year trying to be strong for my 3 daughters. Dunno what to do. Minsan wala na ako sa sarili, naaawa n ako sa mga magulang ko. Praying maging okay na ako so i can help them. 2 years ko na din di na tuition anak ko😭 pagod na pagod na ako..","0"
"1771893623","3839244440796549581","0","pagod na pagod","0"
"1771893329","3839241974227052975","0","Convo with my classmate na Pagod na pagod na sa lahat

Me: Eli, gusto nako mu graduate
Eli: If gusto ka mu graduate dapat lampasan nimo ang mga obstacles.

Likee, kulang pa ba yung mga obstacles na narasanasan ko? charezz","0"
"1771891182","3839223957074164356","3","8am pa lang pero pagod na pagod na ako hahahahaha","0"
"1771852297","3838897771730944124","3","Napaka gandang mamuhay sa lugar nyo. Malayo sa ingay at mga mapang husgang tao. Simple pero payapa.
Patuloy kang magsikap at kung mapagod ay magpahinga din. Nakikita ng Ama ang ginagawa mo at alam kong pagpapalain ka🙏","0"
"1771898379","3839283926166210014","1","Opo salamat po! Medyo pagod na pagod lang po ito nakaraan araw. Kahapon nasayang pa kakanin ni mama kasi yung mga trak dito grabe bilis patakbo dito sobra alikabok may takip nman basket ni mama kaso ganyan na din alikabok pasok sa basket dumi lahat ng kakanin","0"
"1771897784","3839279340777764560","0","buhayin muna natin ang katawang lupa ko😁 antok at tinatamad nanaman ako na parabang pagod na pagod ako!!🤣🤣 parang gusto ko tuloy humanap ng aasarin sa buhay 😁😁 LF kayang sabayan ung topak ko!!!😝😝😝😝 ah ah huulol!!!!!! #hihglightseveryonefollowers #forintertainmentpurposesonly","0"
"1771894657","3839253106958514639","0","Ayaw talaga mawala ang antok ko parang pagod NA pagod ako","0"
"1771892207","3839232559725830948","0","Monday pa lang pagod na pagod na","0"
"1771890345","3839216940355911649","68","Face card ng 34 years old, kailangan fresh parin kahit pagod na sa life! Haha! 😋🤪 Goodmorning guys! 🫶🏻🩷","0"
"1771888276","3839199582002281164","0","Sana mabuhay pa ko till next week. Pagod na pagod na ko","0"
"1771888091","3839197767043001019","3","Minsan gustong kong magsumbong sayo, kapag pagod na pagod ako 🎶😶‍🌫","0"
"1771896451","3839268160114225935","1","HAHAHAHAHAHAHHAHAHAHAHAH","0"
"1771896532","3839268839113260008","1","Wahahahahahahahahahahaha pagod na pagod na pagod nakooo","0"
"1771895107","3839256888282895740","0","I have three kids 1 girl 2 boys 
This is my bunsoy 👌👇
Sinali ko sya sa boy scout 
Ayaw daw nya kasi pagod na pagod na daw sya magpanggap😆🤣","0"
"1771890829","3839220997950737964","0","Yung hindi ka iiwan kapag iritable ka, umiiyak ka o pagod na pagod ka na. #BuntisFeels #SuportadongMisis #PartnerSaPagbubuntis #MomToBe #PagodPeroFighting #BuntisLife #PregnacyJourney","0"
"1771884004","3839163744382955326","0","Yung pagod na pagod kana tapos naalala mo grade 1 pa lang ang anak mo.
Kapit lang.Hanggang college pa yan.","0"
"1771883012","3839155423748681043","1","Sa subrang sipag magtrabaho ng ating butihing Pangulong Marcos mukhang pagod na pagod sya Jan😁 CTTO: photo 
#funny #everyone #BBM #fyp #FBFRIENDS #DDS #followers #reels","0"
"1771881180","3839140056750294577","0","pagod na pagod na ako plaging umintindi","0"
"1771769844","3838206099954184105","0","Literally this 2 months puro ako doubt sa sarili ko and puro panghihina ng loob nararamdaman ko wtf this isnt me","0"
"1771751287","3838050433043146214","0","Ang hirap .puro problema .natatanggap ko. Na dapat pangpalakas ng loob .panghihina hayy buhay .","0"
"1771683416","3837481096397978458","2","Lahat ng pagod puyat gutom ay nasuklian ng sakit at panghihina","0"
"1771681580","3837465689846234650","1372","I just published a new post on my  @buymeacoffee Elon Musk: To My Future Wife,Please Hurry, I’m Tired
https://buymeacoffee.com/mrxuniverse/elon-musk-to-my-future-wife-please-hurry-i-m-tired","0"
"1771729314","3837866117298256741","3","Bakit? Kung napapagod ka hanapin mo SI Lord, Siya Ang gagamot sa iyo sa kahirapan na dinadanas mong pagod at panghihina,tiwala ka lang sa kanya,Hindi Niya tayu pababayaan ,Ang Sabi Niya,Ang lumalapit sa akin ay palalakasin ko sa pamamagitan Ng espiritu,Amen","0"
"1771717475","3837766797169833488","0","""Every gising is a blessing""sa quote nga ini may isang tao akong naaalala ang pinansan kong pumanaw na at lumaban din sa sakit na cancer hindi mo sya makikitaan ng panghihina almost everyday kaming nag chachat at lagi nyang sinasabing stage 4 na ako ate sabay smile  kaya kung saan ka man ngayon ne I'm sure you're in good right hand of our savior papaG miss ya","0"
"1771596610","3836752913709007362","4","Nakakapagod na talaga. 

Ang hirap maging ina at asawa tapos alam mo pang soon enough you will going to have a failed marriage. 

Lord, bakit?","0"
"1771604494","3836819048538300065","1","Sending you a big virtual hug 🤍🥹 Nakakaramdam talaga ng panghihina minsan, pero hindi ibig sabihin na wala nang pag-asa. Take a break, breathe, and let yourself feel. You’re not alone! 🫂","0"
"1771604250","3836817000618373097","0","Kasama ba sa pag palpitate yung pagpapawis kahit malamig at panginginig at panghihina? Hahahahaha kape pa more","0"
"1771465098","3835649708241608894","0","Sa wakas, humupa rin ang baha. Pero kahit nakaligtas siya sa rumaragasang tubig, hindi niya alam kung paano bababa sa puno dahil sa trauma at panghihina. Pinilit siyang tulungan ni Tatay—dahil isang maling galaw lang, puwede pa rin siyang mamatay.
Ligtas ang pamilya namin.
Pero ang pinakamasakit?
Natagpuan ang mag-ama—ang asawa at anak niya—kasama ang kalabaw, sa karatig na barangay. Wala na silang buhay.😭 Magkakasama pa rin sila nang matagpuan.🥺","0"
"1771425128","3835314349183000282","0","Panghihina ng loob ko","0"
"1771644527","3837154872089910895","1","“Buti nalang naniwala ako sa mga taong naniwala sa akin.” ✨

Sa bawat pagdududa, may mga taong nagpaalala na kaya ko.
Sa bawat panghihina, may mga pusong hindi sumuko sa akin.

Salamat sa tiwala  naging lakas ko ito para magpatuloy. 💙

Final Demo is Waving ❤️🙏🫶","0"
"1769570423","3819756019803533388","0","Kahit anong iwas sa matatamis, parang hindi pa rin nagiging stable ang blood sugar ko.

After lunch, antok agad.
Madalas ring panghihina, at kahit maliit na stress, ramdam na ramdam ng katawan.
Nakakainis kasi kahit nagda-diet o nag-e-exercise, parang walang pagbabago.

Ito ’yung mga napansin ko noon—paulit-ulit lang.
Hanggang sa na-realize ko: baka hindi lang sa pagkain ang problema… baka sa kung paano nagre-react ang katawan ko sa asukal.

Kaya sinubukan ko ang Sugar’D — at sa totoo lang, ibang-iba na pakiramdam ko ngayon!

🍽️ Wala na ’yung antok at panghihina sa hapon. Buong araw steady ang energy ko.
😌 Hindi na rin ako ganun katakaw sa matatamis—kaya ko nang tumanggi nang hindi ako nafu-FOMO.
🩸 Mas gumanda at naging consistent na ang blood sugar ko.
💪 Mas magaan ang katawan, mas malinaw ang isip, at mas kalmado overall.
❤️ Paggising ko pa lang, ang gaan na ng pakiramdam—wala na ’yung bigat sa umaga o random mood swings.

At ang pinaka-okay sa lahat?
Hindi ko kailangan isakripisyo ang mga paborito kong pagkain.

Kumakain pa rin ako ng masarap kasama ang pamilya—pero ngayon, mas balanced na.
Natural lang ang supporta sa katawan, walang guilt o stress.

Ang tawag dito ay Sugar’D — ginawa para tumulong mag-stabilize ng blood sugar, the natural way.

🌿 100% natural ingredients
🩺 Safe kahit may maintenance meds at backed by science

Ayusin na natin ang health natin—subukan mo na, click mo lang ’to 👇
👉 https://sugard.com.ph/","0"
"1771420350","3835274334399863331","0","How much","0"
"1771245555","3833808051472659580","0","Anong kahinaan mo?

Me: Pera. Grabe ang panghihina ko pag wala akong pera.

At ang kalakasan mo?

Me: Pag may pera ako, kahit hindi ko trabaho ginagawa ko.

Ganito nalang, ano nagpapasaya sayo?

Me: Syempre Pera!

Highlight Post","0"
"1771675237","3837412433200122600","0","Bilang isang tatay..
Mananatili kang matatag
Matibay...
Hindi ka dapat makitaan 
Ng panghihina
Kahit hirap na
Kahit pagod na pagod na
Kahit madaming problemang dinadala..

Bilang isang ama
Wala kang karapatang magreklamo at manghina..
Lalot sa iyo ay may mga umaasa...

Wala lang mema lang..😁
#highlight","0"
"1771528335","3836180168427851454","0","Pilitin mong lumaban sa buhay kapag nasa point ka ng panghihina.","0"
"1771195533","3833388432689253479","0","Minsan talaga darating tayo sa puntong mapapagod, madadapa, at mapapaisip kung kaya pa ba. Pero tandaan mo—hindi ibinibigay ang laban kung hindi mo kayang panindigan.

Ang panghihina ay hindi tanda ng pagkatalo, kundi paalala na tao ka lang. Magpahinga kung kailangan, pero huwag susuko. 

Dahil ang bawat luha, bawat pagod, at bawat tahimik na panalangin ay may katumbas na tagumpay sa tamang panahon.

Kapit lang. Hindi ka nag-iisa sa laban na ‘to. 🤍

#LabanLang #MayPagAsa","0"
"1771088425","3832489950479364872","0","nakaka ramdam na ng panghihina, bibili na yan ng vitamins hahaha 😝","0"
"1771032577","3832021457225117509","0","Isang paalala mula sa Toxicology Referral and Training Center⚠️

Kung hindi sigurado sa uri ng crab - lalo na kung reef crab - Huwag kainin. 

Ang “devil crab/toxic reef crab” ay maaaring magdala ng lason na hindi nawawala sa pagluluto at maaaring magdulot ng pamamanhid, panghihina, at hirap sa paghinga na maaaring ikamatay.

Para sa agarang gabay, tumawag sa 24/7 poison hotlines at sa pinakamalapit na DOH Toxicology Specialty Center / Regional Poison Control Center.","0"
"1771899274","3839291844417100860","0","short story:

there is a guy na grabe maghanap ng maganda , sexy, matalino, mapera, at medyo malibog daw para kayang sakyang yun trip nya. nakachat ko sya before and sa mga sinasabi nya saken sa chat akala mo talaga napaka pogi nya tas napakatangkad at maganda katawan para maghanap or mag standard ng bongga. pero ng mameet ko naman sya ayun di naman gwapo tas maliit lang yun tinaas nya ( ang height ko is 5flt lang) nasabi ko nalang sa sarili ko ay grabe taas ng standard nya pero sya sa sarili","0"
"1771899237","3839291529836513083","0","One Christmas season, we went in a cafe up in Baguio, then I saw this book, and super ganda tlaga ng content pagka browse ko, Immanuel ang una kong nabasa! Praise God to your life my little Emmanuelle, you are a reminder of how great is our God in our life and the He is always with us 🥹 Matthew 1:23 💖","0"
"1771899202","3839291236695489385","0","POV: katawan ng workmate mong sipsip na sumbungera hahahahahahaha","0"
"1771899142","3839290150413662548","4","need ko pa ng improvement 😫😫","0"
"1771899140","3839290714497405960","0","SIGN OF AGING

'Yung nagku-kwentuhan na kayo ng ibat-ibang mga sakit niyo sa katawan.","0"
"1771899014","3839289664033752017","0","Pa pogian ng Tabo 😄😂","0"
"1771898868","3839288438466671557","0","Yung 30's ka pa lang pero yung buong katawan mo ang pakiramdam pang retired senior citizens na🥴🥴😊
 Dati chill pa ako!..naalala ko Ramadan pala haha😊😂","0"
"1771898570","3839285939282287752","0","Sakit ng katawan ko!","0"
"1771898511","3839285444538362007","0","Natumbahan ako ng motor habang nilalabas ko ng bahay kasi paalis na puntang school. Pero heto tuloy pa rin sa pagtuturo. Di ko alam bakit di ko nagawang magsabi na di papasok eh madami pala akong sugat at parang nalamog yung katawan ko.","0"
"1771898495","3839285302268238159","0","Ang sarap sa katawan ng workout ng lese. Yung isang daan isang daan per workout 😵‍💫😵‍💫😵‍💫 talagang paldo sa abs/bewang at strength e","0"
"1771898807","3839287915009652836","0","Sa umagang ito muli po Ang pasasalamat ko sa Inyo,sa pagtitiwala po ninyo na pinagaling po ng Dios Ama Jesucristo Ang karamdaman at mga sakit po sa buong katawan ninyo🙏Papuri ko po sa ngalan mo Amang Jesus Ang kabutihan mo'y Hindi naglalaho🙏🙏","0"
"1771898551","3839285751233655392","0","Kakain tayo ng ibat ibang Uri ng prutas na di mo akalaing makain pala at maraming benipisyo sa katawan tara samahan nyo ako at mag explore tayo ng mga prutas na di pangkaraniwan pero nakakain #prutas #exploremore #buhaybukid #buhayprobinsya #newdiscovery","0"
"1771898526","3839285569084201388","0","Perk raw idgaf 
https://open.spotify.com/track/2PBL89M2IKPD4U34PNu1ZV?si=LVv13O4VQbuEYPBjlFrQNg","0"
"1771898434","3839284790890303513","0","potek nayan.. 😥","0"
"1771898476","3839285149981447915","0","hindi na kaya ng katawan ko, deserve ko naman daw to tangina","0"
"1771898438","3839284783742025102","0","Sweaty tuesday papawis muna para mas magaan sa pakiramd ang buong maghapon,👌💕
Ang sarap sa pakiram kapag lumalabas lahat ng toxins sa katawan.
#fullbodyworkout #sweatymorning #FitnessGoals","0"
"1771898409","3839284581241956494","0","Warek☺️
Gek ngi**ng 😂","0"
"1771898223","3839283018796571058","0","Alan niyo ba ang kumain ng itlog na laga ay may binipisyong dulot din sa katawan😘
-protien na nagpapalakas ng muscles
-cholin para sa brain health
-low calorie nakakabusog talaga
Pero huwag din sobra ang pagkain nito
  katamtaman lamang po😊
#tipsandbenefitsinourbody
#boiledeggs
#fblifestyles","0"
"1771898137","3839282305681321297","0","Ayaw ko talaga sa lahat Yung darating ng walang pasabi, tapos sakit ng ulo at katawan pa ibibigay sau... 😤😢😥😵‍💫😵😫😩😣😖 Lagi ka na lang ganyan... 

#woman","0"
"1771898070","3839281713981753057","0","Ganito Ako maglinis ng Nanay ko tuwing magpupo at maglinis sa katawan niya
#thankfulgratefulblessed 
#ThankYouLord","0"
"1771819232","3838620400670949549","13","Pag feeling mo nadedepress ka ibig sabihin sinasabihan ka ng katawan mo at utak na kailangan mo baguhin yung mali o pangit na lifestyle mo ngayon. Hindi yung magmumukmok ka pa lalo at mamahalin pagiging malungkot hindi empower yan pagiging loser yan.
📍 Taichung Taiwan 🇹🇼","0"
"1771897922","3839280503355053233","0","Taking anti depressants for 5 years, active naman ako nagwoworkout pero madalas akong isolated.madalas sa bahay lang,mas gusto ko sa bahay lang kahit may day off di ako lumalabas until nag start ako mag run every morning kahit one hour lang.nagpapaaraw, tas sa gabi lumalabas din kahit one hour lang nag walking. I feel better.may improvement. Sa ngayon di na ako nagtetake ng anti depressant at nakakatulog na din ako ng walang sleeping pills.Nagtake din ng magnesium glycinate at vit D then diet.","0"
"1771831166","3838720512089003689","12","tinatamad na akong magsulat ng rx, may gumagamit ba dito NG portable thermal printer for their rx? :)","0"
"1771898820","3839288035528286630","0","Peripage printer! Super lifesaver. Bluetooth connection lang need and the app. Generate your document as pdf then send to the app. May 2 paper options din, A4 which i use for medcerts, and yung smaller na parang 1/4 sheet that i use for Rx/requests. Meron sa shopee na official store 😃","0"
"1771898777","3839287668140899628","0","Nagkasama ulet after 3yrs🥰🥰🥰
My  little sis friend  buddies Emily ❤️❤️
Parang kabute na bigla bigla nlng sumusulpot hahahah😁😁😁
From Baguio to Bulacan 💪
#friends #pictureoftheday","0"
"1771864226","3838997805310917900","153","Malinaw na binigkas ang CO PERPETRATORS... Tama ang choices ni #BatoDelaRosa na mag tagu..
#ICC
#hearing","0"
"1771898538","3839285664412819082","0","I cannot believe this. Parang istorya lang ni jesus to ah, persecuted, when you are being selfless. Worst thing he was persecuted by foreign people, who are you to judge a Filipino. Yung bangag will get what je dwserve eventually for sure, what he sow he will reap","0"
"1771898187","3839282711446000276","3","Parang rank game.. mythic na solo queuing","0"
"1771851435","3838890125111701174","809","📍Bridgetowne","0"
"1771898110","3839282076185686767","0","Luh parang lumilindol","0"
"1771854175","3838913526342339737","230","Is my age an problem?
I’m 41 born in 1985","0"
"1771897821","3839279654965054873","0","Parang 25 lng hehe","0"
"1771858297","3838948099687784274","158","Kapansin-pansin ang pagbabago sa katawan ni Ryan, na nagiging payat na payat na ito ngayon. Ayon sa mga netizen sa social media, tila may sakit siya dahil sa kanyang dramatikong pagyayat, na nag-viral sa mga posts at videos kamakailan.

#RyanAgoncillo 
#followers 
#highlights","0"
"1771897144","3839273976573685609","0","Parang AI","0"
"1771896508","3839268635656349973","0","Parang lng 😁 😝","0"
"1771817957","3838609704650681652","173","As someone who's been single for 8 years, I'm curious as to what the fuck is a situationship?","0"
"1771895691","3839261787397688836","0","Parang new term for ka MU.🤷‍♀️","0"
"1771898203","3839282859983656428","1","This morning I was reading Mark 15 and remembered something I read here in Threads:

Scholars say sexual abuse was a common humiliation method used by the Roman soldiers on people about to be crucified. I looked it up and yes there are records of this. 

We know a man who was crucified for us. He was spit on, stripped naked, punched. Is it possible that he was also a sexual abuse victim? My heart breaks and my mind can’t process this!! I’m like, “Hindi naman nangyari sayo yon Lord diba??” 😭","0"
"1771898203","3839282858079457209","1","I can’t fully grasp the extent of Jesus’ sacrifice. Maduraan pa nga lang parang grabe na. Pero sinuntok, hinampas, hinubaran din sya. And now this?? 💔 

Ito lang ang nasabi ko after this realization: 

For all that Jesus did for me on the trial and the Cross, I want to live a life worthy of Him. 

I will always try to be a godly wife, a good daughter and sister, and a faithful disciple. Because I literally don’t have anything else to give back to Him. 😭💔","0"
"1771742263","3837974734789823003","247","SPOILER ALERT! (pero subtle lang ata, sorry)

Just finished watching Meet, Greet & Bye, and here is my review that no one asked for pero bakit hindi diba HAHAHA.

Punta muna tayo sa good parts, all of them are great actors/actresses there is no doubt about it, especially kay Belle Mariano (Geri) first time ko ata siyang mapanuod here. Pero Joshua Garcia (Brad) is the one to look out for kasi mararamdaman mo yung bigat sa mga linya niya.","0"
"1771897496","3839276928625531200","2","The most awaited na confrontation scene, mas maganda sana yung build-up kung nauna c Piolo magbreakdown bago c Joshua para hindi bumagsak momentum ng scene and end it with reconciliation initiated by Maricel. Sobrang Lala kase mag deliver ng lines ni Joshua masakit parang sayo tlga nangyayare ung nararamdaman nya haha.","0"
"1771845555","3838841212992881297","0","Opo, sa Mt zion tambay kana","0"
"1771896575","3839269200083507599","0","Parang crppy","0"
"1771895125","3839257031744180851","3","Oops Teka lang parang ka shape 
Na ng sambousa Ang Mukha oh
😁😁😁","0"
"1771895077","3839256632438740722","0","Parang mas gumaganda man jowa ko every single day
It's getting much more difficult for me to focus whenever we have conversations 😩","0"
"1771894107","3839248496327838040","48","🤍
ig: akilrv","0"
"1771894901","3839255160162560248","0","Haaaaayyyyssst!!!! Pang VMX ang beauty mo ineng parang si Aliyah Raymundo at Azi Acosta at AJ Raval into one beautiful you my dearest friend mwuaaaaaahhh 😘💋😙 mwuaaaaaahhh 😘🥰","0"
"1771809224","3838536445049420973","554","Pag umabot ka na sa edad na 21 years old tapos nakatira ka pa din sa mga magulang mo. Hindi mo na bahay yun, nakikitira ka nalang doon.","0"
"1771894677","3839253279084268072","1","Parang ang bobo. Kung single ka pwede ka mag working student since sa age na 21 nag aaral ka pa. Tapos nag ambag ka sa bahay, kung di pa papaambagin ipunin mo pera mo. Apaka bobo naman kung di mo iuutilize yung bahay ng parents mo. Imbis na bumukod ka at mag bayad ng rent gamitin mong leverage sa buhay yung bahay ng parents mo. Diba?","0"
"1771887981","3839196280741050552","312","NO ONE TOUCH ME 😭😭😭
i'm too for this 

•stell being THAT main vocal
•KENTELL DUET *naluha talaga ako*
•jahstell magkatabi 🥹
•HSH my ult ult faveeee 💕
•raw vocal perf from our five

hbd, ms. arpee ✨️","0"
"1771893665","3839244786239454641","3","Grabe Bose's ni Stell parang naka record na 😊❤️🤗","0"
"1771892204","3839232532907405238","36","Usap nga tayo saglit, mabilis lang,

Nahihiya ako itanong to e, pero dahil gulong gulo na kami dito sa baranggay namin, itatanong ko lang saglit

Ano ba talaga ang SITUATIONSHIP?

Paki nalang ha, gigil ako sa salitang yan e,

Tito Pol","0"
"1771893536","3839243705770032565","2","Walang label
Friends
Pero parang jowa ang galawan minsan mag asawa na nga ee hahaha
Pero KAIBIGAN LANG KAYO!","0"
"1771899163","3839290907359939109","0","dito sa Pinas hindi kami umiinum ng gamot
pinopost lang namin sa fb na ""ubo, sipon, lagnat layuan mo ako"" then nawawala na siya
🙄","0"
"1771897514","3839277079016232504","0","Gi kalintura og sipon na jod ta ani😷🤒","0"
"1771894573","3839252403934416140","0","Para sa sipon ng alaga mo
#petlovers #furbabies #HealthyPets","0"
"1771894205","3839249315231504447","0","Lord 🙏 Ako nalang pahirapan mo sa ubo at sipon at lagnat ng anak ko 🙏😢 Wag na anak ko Lord 🙏","0"
"1771893964","3839247299642526975","0","lahat na ba nagka ubo at sipon? 😂","0"
"1771891212","3839224215158118030","0","unli mane akoang sipon oy di man mahuman2","0"
"1771895957","3839264012978119699","0","Kawawa nman ang aking Thor masama ang pakiramdam kya pinagluto ko ng tinolang manok with his favorite tonsoy(watercress).Uso din dito ngayon ang ubo at sipon 😔
 #myboy #mybabyboy #sick #coughandcold #runnynose #notfeelingwell #tinolangmanok #watercress #eatingtime #picoftheday #fbpost2026シ","0"
"1771895263","3839258190455276504","0","Haysst tinamaan ng magaling
Ubo+sipon+lagnat","0"
"1771889319","3839208330556796926","0","Init + biglang ulan =ubo sipon lagnat,😫","0"
"1771888240","3839199285221124867","0","Ubo sipon  lagnat bat bumalik kna nman 😥","0"
"1771887911","3839196521267650341","1","Tangina kasing ubo at sipon to eh.","0"
"1771887522","3839193255481902779","0","Naglabad na akung ulo tungod aning sipon🥹","0"
"1771887023","3839189068576675202","1","sipon tas sakit pa ng ulo 😭","0"
"1771886545","3839185060776573485","1","Hawa hawa na lahat ubo at sipon e🤧","0"
"1771891924","3839230186831873580","0","Ok tapos na duty 
Tulog na ulet mamaya nmn may nag hinhintay pa sakin baby ko wawa nmn may sipon 🐶🐶🥺🥺","0"
"1771889239","3839207657840820448","0","Isang malamig na umaga sa lahat ingat po tayo ngayon sa panahon  dahil ito yong nagdala ng sakit tulad ng ubo at sipon kay pag iingat lagi nasa sa atin good morning...","0"
"1771889142","3839206848012568642","0","Eto n nga po sipon namn Makati lalamunan ubo kasunod...haist Lord huwag namn po....","0"
"1771888822","3839204162979198693","0","sa hinaba-haba ng prosisyon mapupunta Lang Pala sa babaeng may sipon 😂","0"
"1771887424","3839192433649265711","0","Wa mn unta koy ubo...
Wa sab koy sip-on...
Pero,na unsa ba...
Grabe mani akong gibati para nimo 🫢","0"
"1771858890","3838953071665304802","16","my poor 4mos old baby got pneumonia 🥺
Kahit anong ingat ko bilang mommy, may mga bagay talaga na out-of-control na natin. 

We were advised to try home medication first by our pedia since it’s still mild and need to monitor until wednesday. 

If the medication at home didn’t help her at all by wed, we need to admit her at the hospital. 

Only Jesus know and we surrender it all to Him. If in this situation of our life, He will be glorify, then so be it. 

He is still good. He is still faithful.","0"
"1771879120","3839122776997949136","0","ano home medication nya mii? si baby ko almost 2 months pa lang nung nagka-ubo’t sipon. Ganun din sinabi ng pedia nya- possible admission kung di mag-improve sa home medication but thank God hindi sya na-admit. Sobrang nakaka-awa pa naman mga babies pag may sakit. 🥹🥹💔","0"
"1771877923","3839110289112148898","74","Tamang Aceite = Tamang Ginhawa. Hindi lahat ng aceite pareho ng purpose. Manzanilla for bloating and tummy discomfort. Alcamporado for muscle pain and sipon relief. Always external use only. #HealthThreadPH #PainReliefTips #DigestiveCarePH #MuscleCareGuide #CamphorOil #MentholRelief #SmartHealthChoices #PinoyPharmacist #WellnessEducation #KnowBeforeUse","0"
"1771899163","3839290907359939109","0","dito sa Pinas hindi kami umiinum ng gamot
pinopost lang namin sa fb na ""ubo, sipon, lagnat layuan mo ako"" then nawawala na siya
🙄","0"
"1771895263","3839258190455276504","0","Haysst tinamaan ng magaling
Ubo+sipon+lagnat","0"
"1771895188","3839257564564050780","50","JUST IN: HAPPY BIRTHDAY 🥳 
TO OUR ""WORKING SENATOR"" AT ANG LIWANAG SA DILIM NOONG 2022 ELECTIONS.

HONORABLE SENATOR RISA HONTIVEROS 🩵

Thank you for your hardwork, For the people, for the country, and for the future🇵🇭💯.

*Painom kana baks😅😁
Crdts: Official FB Of Risa Hontiveros","0"
"1771894266","3839249826945597867","2","83kgs down to 75kgs. Promise! Effective ang heartbreak 🥲","0"
"1771893964","3839247299642526975","0","lahat na ba nagka ubo at sipon? 😂","0"
"1771892328","3839233574344446729","17","Bring Home our Tatay Digong to make our streets SAFE and CLEAN AGAIN from the hands of:
-BBMAKDUPAS (Bong Bangag Marcos’ Ass Kissers, Druggists, Users, Pushers & Syndicates 
-AI - Ang Inggitero
-KAMKAMPINK
-PL - POORDOI LOWYERS, PATHOLOGICAL LIARS, PATHETIC LOSERS, PREZY LOPEZ este PERMANENT LOSERS","0"
"1771892136","3839231957733486210","191","""Duterte didn’t pick a fight; he picked a side. The side of the innocent, the side of the law-abiding citizen, and the side of the Filipino family. Ang mga kriminal ay may choice, pero ang mga biktima nila ay wala. That is the true meaning of leadership: protecting the helpless at any cost. #TheBestPresident #TapangAtMalasakit""
#everyone","0"
"1771897038","3839273082020836722","0","Judge ang Person.....

Thank You Very Much for the Trust Acadamia de San Antonio of Caloocan INC","0"
"1771895957","3839264012978119699","0","Kawawa nman ang aking Thor masama ang pakiramdam kya pinagluto ko ng tinolang manok with his favorite tonsoy(watercress).Uso din dito ngayon ang ubo at sipon 😔
 #myboy #mybabyboy #sick #coughandcold #runnynose #notfeelingwell #tinolangmanok #watercress #eatingtime #picoftheday #fbpost2026シ","0"
"1771894205","3839249315231504447","0","Lord 🙏 Ako nalang pahirapan mo sa ubo at sipon at lagnat ng anak ko 🙏😢 Wag na anak ko Lord 🙏","0"
"1771891319","3839225101874710381","54","“My mandate as President … was to protect my country and the Filipino people. … I and I alone take full legal responsibility for all that the police did pursuant to my order. Ako ang managot at ako ang makulong.”

#mabulokman 
#buhayanglegacy
@highlight","0"
"1771891238","3839224430351046578","5","They're so afraid of a Sara Duterte presidency, they're willing to eat BBM's shit just to get rid of what's coming. 

Of course, ""Igit"" is yellow with a little mixture of red when you have ""almoranas"". Nagkulay pink tuloy ang ""sinuka"" kase sobrang nakakadiri.","0"
"1771891212","3839224215158118030","0","unli mane akoang sipon oy di man mahuman2","0"
"1771890755","3839220372571308547","16","“To everything there is a season.” – Ecclesiastes 3:1

May panahon ang lahat — waiting, pain, growth, and breakthrough. 🌿

If you’re in a season of waiting, remember: God is always on time.

Let go of your worries.
Trust His timing.","0"
"1771894573","3839252403934416140","0","Para sa sipon ng alaga mo
#petlovers #furbabies #HealthyPets","0"
"1771891924","3839230186831873580","0","Ok tapos na duty 
Tulog na ulet mamaya nmn may nag hinhintay pa sakin baby ko wawa nmn may sipon 🐶🐶🥺🥺","0"
"1771891537","3839226907967944810","0","Tong ng pa repair ko saakong lawas nga grabi nga hutoy sip.on ma Gabie lagi dli ka makatulog pero karon medjo Maka tulog na Ang sip.on ubo wala pa nawala 🙄
#highlight #everyoneシ゚ #SiponUbo","0"
"1771890173","3839215495786816189","53","Here are 8 ways Filipinos can legally move to Spain save this for later! 🇪🇸✨

Ano ang para sayo diyan? 🙌","0"
"1771889319","3839208330556796926","0","Init + biglang ulan =ubo sipon lagnat,😫","0"
"1771889142","3839206848012568642","0","Eto n nga po sipon namn Makati lalamunan ubo kasunod...haist Lord huwag namn po....","0"
"1771888822","3839204162979198693","0","sa hinaba-haba ng prosisyon mapupunta Lang Pala sa babaeng may sipon 😂","0"
"1771845683","3838842285820285481","138","It’s just sad makakita ng pusang nanghihina na aa kalye. Nasa garahe ko na siya , hoping gumaling siya kahit self medicate lang , we know naman how expensive ang vettings . Grabe di makahinga sa ubo at sipon 😞","0"
"1771888754","3839203595783464484","0","papi doxycyline ung yellow mabisa po un sa sipon at ng mga asot  pusa 200 lng po isang bote sa petshop","0"
"1771888467","3839201181944967680","3","Good morning everyone friends and followers silfie. Sata kay mamahaw na. Ang  person guys #silfiereelssnacktimereels #lelethgomezagumreels #picturechallengeiralreels #highligts2026 #followersreelsfypシ゚viralシfypシ゚viralシ #ypシ゚viralowers","0"
"1771888457","3839201100884445985","154","Meu tio faleceu e como é de costume, abrem o tumulo que a pessoa irá ser enterrada para ver se tem que fazer exumação. Entretanto, a ultima pessoa da minha familia a falecer foi um primo por covid, e como de praste, ele foi enterrado na época em sacos hipermeaveis. Pois bem, não conseguiram exumar ele porque o corpo dele quase não teve decomposição, está praticamente intacto. Já faz uns 5 anos que ele faleceu, estou chocada.","0"
"1771899184","3839291088411171435","0","Nung nanalo si BBM, sigaw ng mga taga-Unity ""irespeto ang nanalo."" Tas may post kang ganitong putang ina ka??? Tanginang mga DDS to, lahat BOBO.","0"
"1771899218","3839291374496264793","0","Te, sana yung utak mo kasing-laki ng ilong mong putangina ka. HAHAHAHAHAHAHAHAHAHA","0"
"1771898761","3839287536339539913","0","Kapeng kape kana PERO ANG WATER kasing lamig pala ng ilong ni CAT CAT🐈 

#OFW 
#BUSY TIME","0"
"1771898302","3839283683258454300","0","Lf: bag-ong ilong","0"
"1771893233","3839241167661279064","1","Tulog ako agad mhie.","0"
"1771895756","3839262327976426880","0","Haha!! Paano kayo nakakatulog? Ako nga parang di makahinga pag nakadapa haha natatakpan ilong ko 😅","0"
"1771895415","3839259473291125408","0","grabi nag tulo naman ang ilong🤧","0"
"1771894914","3839255266135219178","0","Gi ahak.. sakita sa ilong adtu Niya uy... Tsk tsk 😷🤧","0"
"1771894242","3839249625728272490","0","Sorry kaayo nimo sir kung burot akong ilong ang importante sir makaginahawa ko sir.Salamat sa paghatag nimo ug time para mapansin akong ilong manghinaut ko sir nga ok raka sa imong ilong di baya pod ka kagwapuhan sir ahhahahah 😆😁😄 hala sugod na ako basher patay oie i will not show your name atleast 😆😅#everyoneシ゚ #nobashingplease #indaymiray #fypシ #highlights","0"
"1771893623","3839244418826933829","0","Isipin mo nalang Boneless ang ilong mo 😂
#capcut #credittotherightfulownerofthisvideo","0"
"1771892867","3839238097750642548","0","Good morning ung ilong nataba Lalo🤣🤣
#highlight2026 #contentcreatorlife #ContentMonetization #fblifestylechallenge","0"
"1771767637","3838187591557149360","23","Ok na maging  panget atleast matangkad at matangos ilong. Ayan pwede na 🙂","0"
"1771897228","3839274677148265702","0","Hi 👋🏻","0"
"1771896470","3839268320286346437","0","Ha? Hakdog? Hahaha😂😂😂","0"
"1771896658","3839269899172854356","0","Bina bash ang buhok mo sa ilong.","0"
"1771856360","3838931855417271881","25","Lahat ba tayo rito sumemplang na sa bike?","0"
"1771895360","3839259008914626771","0","Ako oo nung bata ako. Tapos galit na galit Nanay ko kasi inaalagaan nya daw legs ko. Akala yata nya pwede kong sumali sa beauty contest! Nakalimutan nyang 5ft lang ako at pango ang ilong ko! 😒","0"
"1771836014","3838761177241663539","9","Bida ka na naman @guiaobren !Nagulpi ka na dito sa isa mong post, pero wala ka pa din kadala-dala? Bakit hindi ka pa sinakal sa crib mo nung sanggol ka pa lang.","0"
"1771892908","3839238442623070245","0","Kapal ng mukha netong @guiaobren  puki ng ina neto para naman sinagasaan ng tren ang ilong hayup na to di pa mautas ang puking ina!","0"
"1771841723","3838809070472627988","254","Dear DDS, yes gets na namin na decided na kayo agad na si Sara ang iboboto niyo.

But if we may ask, why not Leni?","0"
"1771892795","3839237487370364224","0","Kinahanglan pa jud nya mangugat sa iyaha lugar. Goods man sya pero dili pa sa karon kulang pa kaayo iyaha expertise.humok pa syag ilong ba.","0"
"1771892737","3839236998666197868","0","BASHERS:ANAK NI ERWAN PERO ILONG NI VHONG!! WALA BA KAYONG MGA ANAK🥺🥺!PATI BATA BINA BASH NIYO!!! MGA WALANG MAGAWA S BUHAY TONG MGA BASHERS 🥺🥺

Wag tayo basta basta mang husga ng kapwa lalo na s mga ganito n bata pa lang bina bash niyo na !!walang ka muang muang ang bata.Alalahanin may karma ang mga mapang husga s kapwa!!!

#celebrityalert
#lifestylechallenge","0"
"1771892482","3839234864060098421","1","Ikasuko bas tanang lubi kung ang tinood nga palwa naas akong ilong?🤣🤣🤣","0"
"1771892092","3839231591664630389","0","Para akong pinitik sa ilong Coach Miranda Miner","0"
"1771889757","3839212010194846908","0","Banat Palangga para sa ekonomiya,yong sobrang busy nya kaka balot ng box nya tapos ikaw pa selfie2x lang ayon umusok tainga at ilong nya ang ending habang nagbabalot kami nagbabangayan kami tingin2x lang mga katabi namin hhahahaha😂😂😂ang aso't pusa","0"
"1771898980","3839289376430919501","0","MASAKIT SA MASAKIT 
NGiN SO NAGADIL KA NAG PAGOD KA 
PERO WALA KANA MAGAWA DAHIL NASA PUNTO NA HINDI TALGA PWEDI YONG INAKALA MO NA MERON GIGISING SAYO  YONG PAG GISING MULANG ANG KULANG DAHIL NAKA PREPARE NA ANG LAHAT🥹🥹🥹 PERO SISIKAPIN PARIN KAHIT PAPANU🤲🤲🤲","0"
"1771898078","3839281812120753978","1","Let's forgot each other, past is past. I don't want anyone anymore. Don't blame me you started it. You unfriended me in your account I did the same but worst. I'll hate you‚ I've never regretted loving you but I regret not giving up easily‚ kasi mas masakit ang dali ng lahat sa'yo. I will hate you as long as I'm alive.","0"
"1771897214","3839274559798866661","2","Ang hirap pala kapag emotionally intelligent ka, noh? Sanay kang intindihin lahat, bawat side, bawat dahilan, bawat pinanggagalingan ng tao. Kahit masakit, pinipili mong umunawa.

Pero ang lungkot lang minsan… konti lang yung kayang gawin ‘yon pabalik sayo.

Ikaw lagi yung may empathy. Ikaw lagi yung mas malawak mag-isip. Pero sino naman yung uunawa sa’yo the same way?","0"
"1771874680","3839085533591648223","9","How earth signs handle heartbreaks:

Taurus: di ako papayag na ganito lang mapupunta tong lahat! Ayusin natin to please?

Virgo: di ko parin gets bakit nagkaganito. 

Capricorns: masakit man,pero,sige lang. Marami pa akong kailangang bayarang bills.","0"
"1771897203","3839274463935056788","0","Capricorns accept it, block you, and move on. Masakit man pero ayaw din namin sa hindi kami ang pinipili and yes, there is more to life at marami pang bayarin na bills. 🥲","0"
"1771896948","3839272311913121544","0","“ang bigat-bigat ng pagkawala mo nanay""

nasanay akong nandyan ka
tapos bigla ka na lang nawala😪,ang masakit dun ay di na kita ulit makikita mahahawakan,at makakatabi matulog,wala na kong taga pagtanggol,kanino na lang ako magsusumbong?sobrang hirap hanggang ngayon araw,gabi nangungulila sayo😭","0"
"1771896537","3839268873842506034","1","'MASAKIT MARINIG'

Binatikos ng ina ng dalawang biktima ng extrajudicial killings (EJK) ang sinabi ng lead counsel ni dating Pangulong Rodrigo Duterte na si Atty. Nicholas Kaufman na wala umanong pagpatay sa war on drugs ng nagdaang administrasyon.

Sinabi ito ni Kaufman sa unang araw ng confirmation of charges hearing sa International Criminal Court (ICC) sa The Hague, Netherlands nitong Lunes, Feb. 23.
#everyoneシ゚ #followersシ゚","0"
"1771850303","3838881046280662768","31","I rememeber when I was already at the OR, abt to deliver Marcus via emegency CS, i calmly asked the anesthesiologist “Doc, masakit po ba yan sa likod?”

She calmly said “Naku hindi, masakit pa yang swero mo, parang kagat lang ng langgam..”

Ako, with a relief on my face “Hay buti naman..”

ME AFTER NG UNANG TUSOK SA LIKOD “TANGINA HINDI NAMAN PO LANGGAM YAN, DINOSAUR PO..”

And yes, I was already crying at that time.

Rawr.🦖","0"
"1771896481","3839268408291112665","0","I managed  to stay still na tinutusukan ako sa likod habang nagsesevere contraction salamat sa male nurse na hinawakan akong mabuti and inayos ang position ko. I keep reminding myself din na mas mapapatagal at mas masakit kung gagalaw ako.","0"
"1771896416","3839267867670505616","0","When running feels like a new life is prepared ahead. 💕
Yung haharapin mo ang bagong araw na kahit masakit pero atleast medyo payapa na.
Hindi ka na umaasa.
Hindi ka na din naghihintay.","0"
"1771895754","3839262317230540444","1","Pagaling Ka Nak Kaaga Aga Ganyan ka na Naman . Subrang Nahihilo at Masakit Ang Ulo at dibdib","0"
"1771873731","3839077569497569972","41","Filipinos, are we still staying out of the sun so we don’t get dark(er)? I hope not. 

As an Ilokano, I’m not even in the sun like that. I’m just dark. I love it. Took me awhile to embrace my skin tone. No amount of Eskinol can whiten this mug. By the way, are whitening creams illegal yet?","0"
"1771898736","3839287330650367422","0","Darker? Wala yan sa akin. Masakit ang direct na maarawan. Rider ako at yung maarawan ka ng matagal, at the end of the day pakiramdam ko magkakasakit ako sa init.

The worse na nangyari sa akin was severe dehydration. Buti nakaabot pa ako bahay BUT hilo, fever, and diarrhea nangyari dahil dehydrated nga. Muscle and joint pains din.

This was during days that are 58°C.","0"
"1771897005","3839272808660171046","1","Kaya nga mii. Habang bata dapat alam na po nila maging conscious sa sarili nila. Na hindi normal na nakikita ng ibang tao ang private parts nila.","0"
"1771897849","3839279887925012283","0","boy mom ako, yung anak ko maliit pa noon instructed na di pwede may hahawak sa dibdib at maselan body parts nya na kahit sino. Sabi ko kahit dad nya sabihin sakin pag uncomfortable sya. Mas conscious pa yun magtapis tapis 😂 ayaw din sando kasi kita daw side boobs nya, lalaki yon ha ,muscle shirt type lang ang trip nya sa sleeveless","0"
"1771895782","3839262550038479514","0","Handa ka bang maghintay kahit walang kasiguraduhan?
Kahit walang clear na timeline, walang solid na promise—hope lang ang hawak mo?

At first, waiting feels romantic. Parang loyalty. Parang devotion. Parang pinapakita mo kung gaano ka ka-deep magmahal. Bawat araw na nag-i-stay ka feels like proof na “ako, hindi ako sumusuko.”

Pero habang tumatagal, nag-iiba ang bigat.  1/5","0"
"1771895781","3839262543377928148","0","Yung waiting nagiging uncertainty.
Nagiging overthinking ng 2AM.
Nagiging tahimik na tanong sa dibdib mo na paulit-ulit bumubulong, “Hanggang kailan ba talaga?”

Hindi mo na alam kung strong ka pa ba…
o unti-unti ka nang nauubos.

Love can make you patient.
Love can make you believe in “soon” and “someday.”
Pero hindi pwedeng ikaw lang ang naniniwala. Hindi pwedeng ikaw lang ang kumakapit.

Kasi minsan, waiting is love.
Pero minsan din, waiting is self-abandonment. 2/5","0"
"1771895354","3839258954564807494","0","Na para bang may nakadagan sa dibdib ko. Ba't ang bigat?","0"
"1771890972","3839222197404196182","13","Pansin ko lang ah wag ikasasama ng loob bakit mga gurangsky ang bashers ni Alex medyo puti na buhok na naging frustrated tennis athlete kuno 😆✌","0"
"1771895010","3839256069478101738","4","Parang mga walang magawa sa bahay, masakit na ang tuhod para tumayo at maglakad, walang makausap siguro at sawi sa pagiging athlete. Amoy yosi. Sorry alam ko hindi maganda magjudge pero ang lupit nila magjudge kay Alex. Sabi pa nung isa ""I hate losers."" Gusto ko sabihin, kausap nyo ba sarili nyo?😂✌️","0"
"1771893905","3839246750893181846","0","Pauwi na ako Masakit ang puso ko para sa 'yo, Mama. Uuwi na ako etong araw, pupunta ako para makasama ka ulit. Sumalangit nawa 🙏🙏🥹🥹😭","0"
"1771868913","3839037155424040151","112","Malungkot Mag-Isa

Pababa ng hagdanan dala ang cp niya, na out balance at napaupo sa sahig ng bahay. Yung cp na gamit niya kaya niyang i operate at nakatawag sa number ng isang maintenance na inaanak niya, at buti on duty ngayon si Kuya.

Pagdating namin ng bahay, si Nanay walang kasama. 78 yrs old living alone. 

Me: Nay, anong masakit?

Nanay: Yung paa ko masakit Doc. Pero mas masakit pala maging mag isa sa buhay kahit may mga anak at apo ako. 💔

Huwag niyo sana gawin ‘to sa magulang niyo. 🥹","0"
"1771893894","3839246707482412478","7","As I stepped outside the house, hindi lang case details ang dala ko. Bitbit ko din ang napakaraming realizations.

Na minsan, ang pinaka malalim na sugat ay hindi makikita sa X-Ray o CT-Scan.
Minsan ang pinaka masakit, ay yung uuwi ka sa bahay na dati puno ng tawanan at kulitan, tapos ngayon sariling yabag na lang ng paa ang kasama mo. 😭😭😭","0"
"1771893870","3839246504745832268","3","Miss you ma!

Naalala ko nun bigla may tumawag sakin habang umaahon ako sa kennon road ng naka bike ang sabi eh wala ka na daw 😭 hindi naman ako makauwi nun dahil nasa kalagitnaan kami ng ahon. 

Umiiyak ako nun habang nag bike paakyat kahit masakit na binti, paa, katawan lalo na nalaman ko wala ka na daw 😭😭😭","0"
"1771895914","3839263654316002029","0","pilit na pilit yung ALYANSA mo. 😂😜 Pero ok lang, support!!! kung saan kayo mejo hihinahon dahil ang sakit sakit na sa dibdib ng mga nangyayari sa tatay niyo. 😭😭😭 bakit naman kasi andaming videos ng kayabangan ni PDUTS eh, yan tuloy nagamit against him. 🤣😂 ALYANSA PA MOREEEE","0"
"1771898946","3839289090697541246","0","Hahahah KAKAMFEET AT ITS FINEST 🦶","0"
"1771897005","3839272808660171046","1","Kaya nga mii. Habang bata dapat alam na po nila maging conscious sa sarili nila. Na hindi normal na nakikita ng ibang tao ang private parts nila.","0"
"1771897849","3839279887925012283","0","boy mom ako, yung anak ko maliit pa noon instructed na di pwede may hahawak sa dibdib at maselan body parts nya na kahit sino. Sabi ko kahit dad nya sabihin sakin pag uncomfortable sya. Mas conscious pa yun magtapis tapis 😂 ayaw din sando kasi kita daw side boobs nya, lalaki yon ha ,muscle shirt type lang ang trip nya sa sleeveless","0"
"1771823937","3838659867981330194","5","Ladies, reco naman kayo ng subok nyo na talaga na sunscreen.  Yung di mabigat, malagkit, yung kahit pawisan fresh pa din ang atake. Tinted sunscreen din para matakpan ang mga chismis  at visible pores, yung di cakey kahit pinapawisan na. For combi skin type po. Thank you 💕","0"
"1771897284","3839275145299709970","0","365kin tinted sunscreen","0"
"1771896640","3839269745694987822","0","Huwag basta2x magbibiro sa isang tao lalo na di natin alam ang takbo ng utak nila. Lalo na kapag mayroon silang dinadalang mabigat na problema.","0"
"1771896066","3839264931195793017","0","Yong sakit Ng ulo at dibdib mo dahi SA ubo🥹🥹","0"
"1771895782","3839262550038479514","0","Handa ka bang maghintay kahit walang kasiguraduhan?
Kahit walang clear na timeline, walang solid na promise—hope lang ang hawak mo?

At first, waiting feels romantic. Parang loyalty. Parang devotion. Parang pinapakita mo kung gaano ka ka-deep magmahal. Bawat araw na nag-i-stay ka feels like proof na “ako, hindi ako sumusuko.”

Pero habang tumatagal, nag-iiba ang bigat.  1/5","0"
"1771895781","3839262543377928148","0","Yung waiting nagiging uncertainty.
Nagiging overthinking ng 2AM.
Nagiging tahimik na tanong sa dibdib mo na paulit-ulit bumubulong, “Hanggang kailan ba talaga?”

Hindi mo na alam kung strong ka pa ba…
o unti-unti ka nang nauubos.

Love can make you patient.
Love can make you believe in “soon” and “someday.”
Pero hindi pwedeng ikaw lang ang naniniwala. Hindi pwedeng ikaw lang ang kumakapit.

Kasi minsan, waiting is love.
Pero minsan din, waiting is self-abandonment. 2/5","0"
"1771895754","3839262317230540444","1","Pagaling Ka Nak Kaaga Aga Ganyan ka na Naman . Subrang Nahihilo at Masakit Ang Ulo at dibdib","0"
"1771895354","3839258954564807494","0","Na para bang may nakadagan sa dibdib ko. Ba't ang bigat?","0"
"1771871145","3839055878813386301","116","It’s your words against yours, Rodrigo Duterte. Sa tingin ko alam nyo na ang magiging verdict kay Digong sa ICC. 

IYAK MALALA NA NAMAN MGA DDS neto pagnagkataon. Kinakarma na talaga kayo.","0"
"1771898671","3839286779527179730","0","hahaha patawa ka ano sabi ni kauffman mukhang di nag basa ng evidences si bontuyan🤣
kung na dinig mo ICC is a court of evidence hindi mga news clippings or media interviews🤣🤣🤣
kaya mas mahirap sa prosecution kasi wla parin silang mabigat na ebidensya🤣","0"
"1771896303","3839266922113900770","5","Yung idol ng mga loyalisTANGA at kakampink grabeee din ang mga utak. 

Mga baligtad na utak nyo.","0"
"1771898620","3839286358553083480","0","Alam mo Father. Yong 3 Sachets is mabigat na Kaparusahan;  Naka palaman sa batas;  Selling of Illegal Drugs particularly Shabu is Violation of Sec 5 under RA 9165- Punishment Reclusion Perpitua(Life Sentence)","0"
"1771890647","3839219469277870204","0","What do you sell pala ulit? Nasanay kasi sila sa free shipping haha. On a normal basis goods naman yung 80 pesos sa gogo express and may mas murang rates na ata ang J&T...","0"
"1771898139","3839282321484264473","0","Mga ulam in a jar, tapos sa Bicol pa kami, malayo,and mabigat din items kaya medyo pricey talaga ang sf","0"
"1771879977","3839129965623973165","4","Ang hirap maging ""matapang"" sa harap ng lahat buong araw, tapos pagdating ng gabi doon mo lang mararamdaman lahat ng pagod at lungkot. 🌙
Sometimes, the strongest people are just the ones who have no choice but to keep going. These past few weeks have been a lot. Deep inside, I just really need a good cry and a moment to breathe.
To anyone else holding it all together: I see you. Sana matapos na ang mabigat na phase na 'to. Yakap sa ating lahat. 🤍😭","0"
"1771897325","3839275489014575783","0","Virtual hugs mi. 😊 I feel you.","0"
"1771896232","3839266326909517284","0","Ang hirap nun.. 
kaya natoto ako, nag ka idea ako na kapag naabutan pa na  mag asawa Anak ko at magka apo, di ako magiging mean sa DIL ko..","0"
"1771896892","3839271856470421354","0","yes, bilang boy mom sa only suriving child (dead na si 2nd born) dapat tlga intentional na maging mabuti sa DIL kasi sila mag aalaga sa anak natin pag wala na tayo sa mundo. At mabigat sa buhay ng anak pag may away sa pinanggalingan family at binubuong family ng anak mo. Kaya paghandaan natin ang pagtanda natin habang nagpapalaki tayo ng bata","0"
"1771698991","3837611744597092050","2","the more na need nila yung divorce. Whats the point of marriage if nasa kabit pala yung asawa? Legalize Divorce para sa mga na aabuso. Yung mga okay ang Marriage, di kayo kasali. Di nyo need ang divorce.","0"
"1771895250","3839258081595887104","0","Nasa mag asawa na nga if hindi na magka sundo at mabigat na ang pag sasama sa isat isa ehh,let go na,kesa araw araw stress,kaya nga di na need ang divorce  sa ganyan ehh kung ok lang sa dalawa ngayon ,  dipende  naman sa iba ayaw pa ng asawa gusto ng isa,at kung ayaw ng isa ang bagsak naman is demandahan bahala na sila,","0"
"1771812198","3838561392115539808","179","He supposed to be my comfort zone but this is what i received 💔

Last night Nag brebreakdown ako sa trauma anxiety and depression ko. Lalo na yung pagkawala ng baby namin 💔 lagi siyang galit kapag nag brebreakdown ako and masakit para sa kanya NAPAKABABAW NG NARARAMDAMAN KONG TRAUMA,ANXIETY AND DEPRESSION.","0"
"1771894117","3839248580121606144","2","You're supposed to be partners. He is grieving too but as always, men don't get the same support as women. Nawalan din sya, did you ask how is he? Yes, mas mabigat sa babe since kayo ang nagke-carry and physically nakakaramdam ng pain pero that doesn't mean na hindi nahihirapan ang guy. May feelings din yan. Best way is to communicate, if not, maybe it needs intervention from other people close to you? Women, commenting right away na hiwalayan w/o knowing what's happening on the other side.","0"
"1771893814","3839246042357703017","0","Ako yung laging nakikinig
sa kwento ng iba,
umaalalay kapag mabigat ang gabi,
nagpapatawa kapag umiiyak ang mundo nila.

Ako yung nagsasabing,
“Hindi ka nag-iisa.”

Pero pag ako na ang tahimik,
walang nakakapansin.
Kapag ako na ang napapagod,
walang nagtatanong kung kaya ko pa ba.

Sanay akong maging sandalan,
kaya hindi nila naisip
na minsan
gusto ko ring may masandalan.

Siguro ganito talaga—
ang taong marunong magparamdam 
ng presensya
madalas hindi hinahanap.","0"
"1771893155","3839240485550695021","0","🌶️🌶️🌶️ So Hot 🌶️🌶️🌶️

For entertainment purposes only lang po ito ha 😅 Kwentuhan, tawa, at good vibes lang walang seryosohan, walang personalan. Minsan kailangan lang talaga natin mag-enjoy, mag-relax, at tumawa sa simpleng bagay. Life is too short para gawing mabigat ang lahat. Chill lang, scroll lang, smile lang 😊✨

#ForEntertainmentPurposesOnly #GoodVibesOnly #JustForFun #ChillLang #GoodMood #PositiveVibes #NoHateJustFun #EnjoyLife #HappyScroll #SpreadGoodVibes","0"
"1771831345","3838722011292695079","3","Anyone suffering from PCOS na ang problem skin discoloration? Eversince nag stop ako mag birth control pills bumaba yung confidence ko kase ang lala ng skin ko lalo sa leeg dibdib at face. May mga small bumps na parang warts then malalang discoloration talaga. Then parang lumala yung chicken skin ko. Ano kayang pwedeng pantanggal dito? 🥺","0"
"1771892385","3839234053778927110","0","https://s.shopee.ph/1VtyNYxdlX check here sis","0"
"1771842506","3838815594662259407","0","Hubak is real but dagan is layp 😂
Kumpyansaa bayhana wa raba gadalag nebulizer mereseee gyud ka dai. 
#cnyhalfmarathon2026","0"
"1771841438","3838806675851132359","0","welcome back hubak","0"
"1771824964","3838668480699377683","0","Ge Hubak namn ako sa katugnaw kag gapa aso aso ug baba diring dapita oi way klaro dili maluoy sa amoa ni Jannah bah, 
naa gali sa Kabacan ang Nebulizer nabilin waaaahhh 
Need jud nila maget rid ang bad vices and habits","0"
"1771731019","3837880412300079080","0","gi hubak nako sig inom yawa","0"
"1771697509","3837599310624752794","1","Grabe hubak te kita rajuy mualaga sa atoang sarili. Bawal masakit kay ting duty na 🥹","0"
"1771684764","3837492400600828549","0","bisag unsaon pa natog pugos sa tao, kung dli jud kita ilang pilion nya e tuklod pa dayon kas lain maka hubak jud siya","0"
"1771658990","3837276188791882928","0","unlimited hubak","0"
"1771654359","3837237343850543179","0","AAAAH ambot oy, bisag hubak o hilak lang grabe na akuang suka nya maalaan pirme ug buntis nah simbakooo","0"
"1771806224","3838511254814357595","0","3 days ko wala ka himo aning kamunggay og loy-a, turmeric. Hangak ko morag moabot si hubak, mag organic lang ko ron.
#breakfastfortoday 
#fblifestyle","0"
"1771683240","3837479608651941253","0","Tahu bakso sek wendul nek rembang

Tahu ns hubak..
Perpaduan sambel kecap pedes🤤🤤

Rasakno dewe bes🤤🤤

#fyp
#foto
#jangkauanluas","0"
"1771632788","3837056391501307110","0","Tinood nang tambukaka makatambal sa hubak? Kay ug tinood na mangita ko arun dina mubalik ang hubak🙏","0"
"1771608395","3836851772716144932","0","g hubak tas way kwarta Ani😫","0"
"1771590553","3836702098164193485","1","Hubak napud hayss kapoya😔","0"
"1771572958","3836554499809553325","0","gi hubak na ko sa second hand smoke...butangi na og exhaust fan inyong smocking area

lisud na muabot na opisina sa magsaysay","0"
"1771764524","3838161473189926708","0","si Ra Quel ay hubakon😆  uyaba dayun ninyu arun ug mag minaldita  tiwasan nig sugmat sa hubak 😆😆😆","0"
"1771752312","3838059030913065586","0","Balik na sab tag inom ani kay balikan npod ta allergy...hubak nmn pod ta self.
#fighting","0"
"1771599764","3836779372007529748","0","WAPA KA TUNGA SA RAMADAN,  GIPANG HUBAK NA 🥴🥴🥴","0"
"1771537669","3836258477661148548","0","mana mn tas hilanat, dire napod tas hubak og sip'on 🤧","0"
"1771512775","3836049656107935740","0","hubak🤝sakit pus on 🤝shaket hart","0"
"1771501616","3835956023354405032","1","Paulan now, subaw og hubak later 😩","0"
"1771501416","3835954369581913243","0","Pls lang ayaw sa gyud ron itunong akong hubak kay wanay tawo ang UH ron sa CMU","0"
"1771489875","3835857547128134691","0","Big help jud kaayo ni sya specially naay ubo or hubak ug sip on imong anak nya dli maka tulog inig ka gabie.","0"
"1771487526","3835837845575676109","0","pwede no class sata ron kay murag gipang hubak nata ay","0"
"1771899297","3839292034436043838","0","Why is it that all Vloggers when posting their Videos, always start with... 
""HI GUYS?"" 
abi Ka Wen suggest sg unique nga openning spiel.","0"
"1771897231","3839274699235435915","0","Kesa namn sa sinuotan ng pink na medyas.,🙄","0"
"1771899196","3839291186196991955","0","ULOL! Any any na lang talaga kayo eh noh! Pati medyas pinapansin! Utak nyo may ubo! Kung anu-ano binabato nyo kay Leni, pero never nyo siyang masasabihan ng corrupt at magnanakaw! Yung radikal na pagmamahal na turo ni Leni, hindi nyo yon deserve!!","0"
"1771899163","3839290907359939109","0","dito sa Pinas hindi kami umiinum ng gamot
pinopost lang namin sa fb na ""ubo, sipon, lagnat layuan mo ako"" then nawawala na siya
🙄","0"
"1771893513","3839243516707527168","44","Lol you don't have to empathize pero you have to recognize na despite the addiction e these people have a right to due process. Dutae violated their rights which is ironic because he is getting due process himself right now.","0"
"1771899103","3839290403313378118","0","and one of the victims shown is Parojinog? known with guns and goons nga yan sa Ozamiz","0"
"1771899055","3839289973405489417","0","Good morning everyone happy blessed Tuesday morning thank you Lord for this day 🙏💕 Kay lami na panahon Ron salamat kaayo Ginoo nga lami na tempo","0"
"1771898828","3839288101639009937","0","San galing 40M mo? Afaik, 15M lang kami last 2022, and yung 15M na yon, legit voters, hindi SD card na tulad niyo. Also, 2026 na tapos ganyan pa rin mindset mo na sa LGBT lang nakukuha sakit na HIV? Shame on you! Education is free, try mong i-avail. Nakakadiri kayong mga DDS, mga peste kayo ng lipunan! 

Tsaka ka na rumebat if hindi ka na dummy account with 0 followers. I mean, if I were in your place na DDS at BOBOtante, mahihiya naman talaga akong pakita mukha ko sa social media. HAHAHAHA","0"
"1771898955","3839289161321518041","0","Well, congrats, you just gained 1 follower, that's an achievement for you for sure. Unfortunately, dummy account nga lang.  HAHAHA","0"
"1771898950","3839289123648178197","0","grabeng ubo na to😂","0"
"1771898803","3839287888164518011","0","kausapppp nga jan💗","0"
"1771898772","3839287630710905238","0","Ang hirap ng may period tapos may ubo. #IYKYK","0"
"1771895896","3839263506374507954","6","Badly need an advice, gusto kona mag take nang board exam. Perooo what if I failed since I'm not smart naman huhu 2026 or 2027? Pero gusto ko 2026 ang guloooo

Nursing 🥹","0"
"1771898684","3839286888335873215","2","Wag ganon ang mindset. Failure is a part of the journey. Kung magfail, then try again.
Pero you have to convince yourself that you will pass. Thinking of possibly failing because you are not smart will be transmitted to every molecule of your body and magfail ka nga. Palitan natin mindset mo. You will pass because you worked hard for it. Pero mag-aral ka talaga.","0"
"1771836450","3838764836638104662","2360","台東的貴族才是頂🫣✨","0"
"1771899082","3839290229466961272","0","@huang_min_0517","0"
"1771887937","3839196740621381966","0","Maem, gtagaan sila choice nga mag surrender kay mag rehab.","0"
"1771899038","3839289863783290801","0","Again, we are talking about EJK victims— the innocent ones. Why sila mosurrender? And mind you, there are a lot you can see online nga yes mga user before pero ni stop na kay lagi nahadlok. Wala tuod ni surrender pero niundang na— gipatay gihapon:) Ngano diayg dakpon nalang then rehab?","0"
"1771898560","3839285848508967663","0","Isa nga pong Salted Caramel with Sea Salt Foam and extra drizzle of Caramel with 2 shots of espresso. Iced.","0"
"1771843296","3838822219985243267","183","Sigurado abogado din Yun na may Alam sa bayas para mapanagot ang dapat managot
#vpsara2028 
#SARAHDUTERTE 
#recruit
#forVicePresident","0"
"1771898532","3839285619659511354","0","Nga nga","0"
"1771898485","3839285224883054174","4","ELIOT HUANG UPDATE
xhslink.com/o/5RQqJL2K5tR 

Su Hu~

CHINESE NEW YEAR DESIRE4
#CNYEVEwithDESIRE4 

#黄星 #EliotHuang #HuangXing #Desire4","0"
"1771898389","3839284420407348721","1","ig moots nga","0"
"1771898361","3839284180459997887","0","Good morning friends mar ia khai thh u biri shwa u thoh,tip m bru maai wa man km nga,lada m tea comments mo frnd ham sarom","0"
"1771899188","3839290622792895317","0","Epekto sa bilar, hilanat ug sakit sa ngipon. 😅","0"
"1771892029","3839231062434124043","0","Atack hilanat tga bantay q kahit nasa malayo bnatayan sa.attack.lagnat thank u much sa lagi pagbantay hanggang nka tulog c ako","0"
"1771861660","3838976308512666508","1","murag d naman ni panugnaw, rag hilanat naman ni padung","0"
"1771858183","3838947146381627145","17","ta insta chat fubu ighuman pawas hilanat🥹","0"
"1771856773","3838935313587325478","0","hilanat napod","0"
"1771852202","3838896975241169793","0","hilanat ang labas","0"
"1771851234","3838888852282483310","0","juniors promenade ❌ 
hilanat ✔️ 
palang harok mata ✔️","0"
"1771850972","3838886648369597879","0","Hilanat amn baby","0"
"1771855869","3838927731787276472","0","Among bunso na yayay ang kamot naliwat gyud iyang kamot sa akoa biklinon man diay japon ug kamot same nako ... 🥺  Gipahilot namo lunod Ang hilanat. Agoyy... Lami kayo naay anak  pero way lami Kong naa silay pang bation.","0"
"1771845111","3838837485758255378","0","Subaw hilanat nani","0"
"1771841794","3838809660149896273","0","Ambutt nalang na hilanat","0"
"1771834193","3838745905865005541","0","Sikyop + CO2 Fractional Laser = Hilanat","0"
"1771832335","3838730315200909847","0","Hilanat salamang","0"
"1771841609","3838808109212581289","0","the freak why is it slways ma sip-on ko if tig take nag entrance exam????? the whole time sige kog hingos😭 its likee im reading the test but idk what im reading kay ga focus kog hingos😭😭😭😭😭","0"
"1771855619","3838925634189487663","0","worst thing that can ever happen to me is sip-on and sore throat to hilanat","0"
"1771854702","3838917941065348457","0","Na bunotan sa hilanat ang 
disney princess :(","0"
"1771836692","3838766861933492115","0","Hilanat,Obo kapoya naman lang gyud,kalami ipa pislit MGA kaoawasan 😭","0"
"1771830810","3838717524184385581","0","Overworked. On and Off Hilanat 🤒","0"
"1771818414","3838613540425665255","0","Everytime inig birthday nako ba gaka sapoton jud ko do tas naay mahitabo sako kanang hilanat or lain pamati HAHAHAHA YAWA UNSA MANI? 

Nya last yr ge sapot jud ko ni engr kay nasapnan nag binoang wala jud nagpa hibalo minatay!","0"
"1771813678","3838573812664876243","0","Hilanat pa more
Once a year man 
Tuod magkahilanat
Pero Tudo man pud","0"
"1771801284","3838469842421415599","1","Once in a blue moon hilanat and it's very colddddddddddddddd... 🥶🥶🥶","0"
"1771753912","3838072455789928604","0","Cold Weather + Cold treatment = Hilanat","0"
"1771899354","3839292263965601008","0","Juskopo ang init mo Tarlac! 3 mins walk to my car, feeling ko nasunog yung face, likod and shoulders ko, dapat pala long sleeves isuot hind racerback or backless pag summer no? 🤦‍♀️😜😜 Ingat tayo Lahat Good morning everyone! I love you ❤️","0"
"1771898993","3839289482513222022","0","Padayon lang sa pag init mahubas rajud ang tubig kay ni balik na green ang mga tanom","0"
"1771898991","3839289463017116357","0","Thank lord🙏🏻nagawas nagyudnako Akongga sinampay❤️❤️❤️unta padayon Ang init karon Aron manga uga gyud tanan...
#ThankYouLord 
#sunnyday 
#fblifestyle 
#highlightseveryone","0"
"1771897962","3839280834478156154","0","tnxx g may init na 🌤️","0"
"1771897433","3839276400671434583","24","Ang init 😩","0"
"1771886607","3839185584820759399","59","Na tila ba parang pinatay ang AC sa buong 🇶🇦Qatar.
Ambanas 🥵 aba 😵‍💫 nagising ako dahil sa init.
Makaligo nga. 😮‍💨
Time checked 1:43am 🤦‍♀️","0"
"1771897413","3839276229274925520","0","Follow me...i live in Doha","0"
"1771867878","3839028474934399263","10","Help a girly out

Do you guys know any online shop na quality yung damit? I'm tired sa shein. Bought worth 5k plus na clothes, gosh! Puro ang ninipis at ang init ng tela.","0"
"1771897307","3839275342557546669","0","bkk, vietnam, thai shops on shopee hehe (quite expensive pero the quality is 💯)","0"
"1771897293","3839275222290336240","0","Sa pawis at init, Ultimate White Underarm Deodorant Spray ang kakampi — i-achieve ang kili-kiling fresh palagi. 🩵

#UltimateWhiteDeoSpray 
#BrilliantSkinEssentials","0"
"1771897241","3839274780068149955","0","Good morning salamat Lord God ni init na🙏 
#fblifestyles","0"
"1771897076","3839273405913367483","4","yeeyy naa nay init","0"
"1771896763","3839270777418670977","0","iOs 26.3 update! ang bilis ba talaga mag low bat? Kakaupdate lang From 80 wala pang 5mins 73 agad 🥹. 99% Batt Health here.","0"
"1771898812","3839287962832417733","0","soafer haist bilis pa mag init😭😭 how to downgrade to ios18?!?? 😭😭😭","0"
"1771873731","3839077569497569972","41","Filipinos, are we still staying out of the sun so we don’t get dark(er)? I hope not. 

As an Ilokano, I’m not even in the sun like that. I’m just dark. I love it. Took me awhile to embrace my skin tone. No amount of Eskinol can whiten this mug. By the way, are whitening creams illegal yet?","0"
"1771898736","3839287330650367422","0","Darker? Wala yan sa akin. Masakit ang direct na maarawan. Rider ako at yung maarawan ka ng matagal, at the end of the day pakiramdam ko magkakasakit ako sa init.

The worse na nangyari sa akin was severe dehydration. Buti nakaabot pa ako bahay BUT hilo, fever, and diarrhea nangyari dahil dehydrated nga. Muscle and joint pains din.

This was during days that are 58°C.","0"
"1771847674","3838858988646210692","173","Atty. Kaufman roasting the prosecution team directly in their very faces!!! 

Napapanuod ngayon ng buong mundo ang mga kasinungalingan nyo!!!
🤣🤣🤣","0"
"1771897686","3839278522972665869","0","Huh?roasting?baka c du30 ang na init hahaha","0"
"1771849566","3838874495583589505","177","Pinagitnaan ka ba naman ng dalawang naka jisulife na fan, walang palag yung noise cancellation ng airpods ko 🤣","0"
"1771897066","3839273315635298202","0","Had the same experience. Galing kang work, pagod, gusto mo sanang umidlip sa bus pero ang sakit sa tenga. Kung bat naman kasi magjajacket tapos init na init naman pala. 🙄","0"
"1771896777","3839270896260350833","0","Di yata Ako kita ahh 😅 kung Hindi lang bandila Ang hawak ko!  Nakaka gaan ng loob pag iba ibng Lugar nararating kahit na  lakd klng ! Init at at ulan Ang sinsagap sa daan 🫰

#nonfallowersviewers 
#photolifestyle
Richie Panaligan","0"
"1771896342","3839267246771809123","0","Sa Expo Ka Mamaligya ka Manok

Air-conditioned 

Way Hago Kwarta Diritso.

👇 
Mananagat Ka.
Init 🔥 Imperno
Lahi Ang Init Sa Lawud ⛵🌊 Dagat.
🔥 Imperno 🔥","0"
"1771896163","3839265740496629523","0","Bagong ligo yarn. Super init na ang panahon.","0"
"1771895832","3839262964529144647","0","Ang init ng panahon,mainit pa ulo ng tao, kailangan tlga maligo para lumamig lamig naman kahit Yung pagkarga lang Kay bunsuan 😆😀🤦
#fblifestyle #mamabernsandalleneverydayjourney","0"
"1771894316","3839250252256410447","0","Any tips / things to bring para mag hike pa Mt. Kan Irag? 

Newbie pa kasi. 😅 Thanks!","0"
"1771895497","3839260160058092036","1","just hike or camp? 
for hike lng 
-Water
-extra shirt and extra money
-50 pesos entrance fee
-payung if init or uwan but mas nice if hands free jud
- plastic or ziplock for your phone or anything na important 
-guide
-hiking shoes/sandal if wala running shoes is fine but hinay² kay naay uban trail dangug
-rest and proper warm up
-sweets snacks 
-pocari is recommended for hydration 
-sunscreen 
-be aware sa palibut and sa gunitan 

you can order/paluto food also","0"
"1771807708","3838523729605964474","46","Ang mura ng ticket pa Japan sa Air Asia. Summer to, September. Pero tolerable naman yung init non parang Pinas lang. Skl.","0"
"1771895464","3839259877856994309","0","Uhm. Tag ulan 🌧️ Peak of the typhoon season.","0"
"1771898309","3839283318504799674","12","Jom lah kita gi ke laut.. Cari rezeki.. 
When I don't have  nothing.. Then I go to find something.. That's usaha🙂 🙂 🙂 🙂","0"
"1771899217","3839291362742714871","0","Cntik nye🤩","0"
"1771866684","3839018457225083986","176","Did you know how bad it is to laugh, cough, or sneeze with broken ribs?","0"
"1771899133","3839290658133936329","0","I had GI surgery, 6 incisions on my stomach, took too big of a hit from a THC pen. Oh the pain!!! 😫","0"
"1771894361","3839250614761453270","96","Blacks here is your Democrat  party really think about you","0"
"1771899120","3839290551120435784","0","Dave Taylor, retired.  The fact you started out with “blacks”…. I didn’t even read the rest. Wonder if the Navy needs to hear about this. Hope you don’t lose your insurance, check and free GI bill.","0"
"1771899086","3839290266260106602","0","@michaell.johnston Jennifer Aniston invites you to join her WhatsApp fan page and you might be lucky to get a text from her 
https://chat.whatsapp.com/CLyHBLEWJHxLoB7ltoXjdi?mode=gi_t","0"
"1771887610","3839194000021225837","1","जिसे भी मेरे से बात करनी है वो व्हाट्सएप लिंक पर जुड़ें और संदेश भेजें 
https://chat.whatsapp.com/L94iUYzHic3LUohffsxv8f?mode=gi_t","0"
"1771899065","3839290086030141325","0","Good morning Riya","0"
"1771899064","3839290078674043250","2","Hola gi","0"
"1771898247","3839283222061163284","2","*Pitching MicroFluencer Untuk Salah 1 Kompetisi Digital & Technologi*

*Kriteria:*
- Minfolls IG 10.000 
- All gender
- Domisili Jabodetabek

*SOW:*
- 1x Reels 

*Fee:* 800.000 no pot fee talent
Minat ? Lgsg dm ya","0"
"1771899012","3839289644203724709","0","Hi, I am Disya Hermawan

Open for Collaborations
If you're a brand or small business looking to grow together let's collab!
I'm open to paid or non paid (T&C applied) barter-based collaborations for content creation, promotions, and more

DM me or WA : https://wa.link/t4ew0x if you're interested
Let's create something amazing together

Link :

IG : https://www.instagram.com/disyahermawan?igsh=cDkxNjdiajhtaGI0

Tiktok :","0"
"1771898964","3839289226559029329","0","Major FOMO as the millennials say. While in Manila, my heart and mind is in Guimaras! 🥭✨ The work of DTI SCLG continues as we tackle supply chain gaps spotted during last year’s Manggahan Festival. We’re leveraging that GI status to take the “sweetest mangoes” global! Big thanks to Magnolia Ashley, Airspeed, F2, and In-Line for the hustle. 🚀🌍 
#GuimarasMangoes #DTISCLG #favesong","0"
"1771864457","3838999775937799376","376","𝗛𝗶𝗶
🟢
𝗛𝗲𝗹𝗹𝗼..","0"
"1771898948","3839289102307679214","0","https://chat.whatsapp.com/DDcs6A0xPAVJATGuRhPXHa?mode=gi_t

https://chat.whatsapp.com/DDcs6A0xPAVJATGuRhPXHa?mode=gi_t
Join fast ⏩⏩","0"
"1771898883","3839288557231459234","0","@broughallgraham Jennifer Aniston invites you to join her WhatsApp fan page and you might be lucky to get a text from her 
https://chat.whatsapp.com/CLyHBLEWJHxLoB7ltoXjdi?mode=gi_t","0"
"1771836253","3838763182907626596","5507","Damn everybody’s like he’s cheating, but my first thought was he got Crohn’s disease 🤣🤣🤣 this is why I get played all the time","0"
"1771898923","3839288897960514716","0","Same, I thought maybe he’s taking metfoemin or had GI upset 🥴😭","0"
"1771898849","3839288278026236085","0","https://chat.whatsapp.com/DDcs6A0xPAVJATGuRhPXHa?mode=gi_t

https://chat.whatsapp.com/DDcs6A0xPAVJATGuRhPXHa?mode=gi_t
Join fast ⏩⏩","0"
"1771896972","3839272533791814607","11","🟢
ऑनलाइन 
Hii..!! 🥰

Hii
🟢 
Hello..📞 good morning 🌄","0"
"1771898823","3839288058144057438","0","https://chat.whatsapp.com/K8P7aOrWvehF3ASKIqvrlq?mode=gi_t
https://chat.whatsapp.com/K8P7aOrWvehF3ASKIqvrlq?mode=gi_t
Join link 🖇️","0"
"1771898804","3839287895613509991","0","@yougofirst69 Jennifer Aniston invites you to join her WhatsApp fan page and you might be lucky to get a text from her 
https://chat.whatsapp.com/CLyHBLEWJHxLoB7ltoXjdi?mode=gi_t","0"
"1771898782","3839287716441231644","0","@loveisaaron60 Jennifer Aniston invites you to join her WhatsApp fan page and you might be lucky to get a text from her 
https://chat.whatsapp.com/CLyHBLEWJHxLoB7ltoXjdi?mode=gi_t","0"
"1771898708","3839287092548131553","0","Independent is good.. tp kena tau when to set boundaries sis.. jangan sampai nanti disebabkan independent tu dia buat tak kisah dan xambik tanggungjawab. Contoh situasi u sanggup gi ambik dia sbb dia xnak hadap jem. Maybe to u it's nothing, But that's already a red flag. It's his job to come to you.","0"
"1771898763","3839287553191751054","0","Let him do the chasing not you. Kalau skrg jem pun tak sanggup nak hadap, dan u take it as ok.. trust me there will be more after this. Tak perlu mengharapkan dia. Just know when and where to set the boundaries. Don't need to be a bimbo but be smart to know when to walk a way. But i setuju he is not the right one for you.","0"
"1771898465","3839285050962244630","0","https://chat.whatsapp.com/KGzS0OJnvtL8JTCLvAVgrg?mode=gi_t 

Aku open jastip ya guys","0"
"1771898729","3839287267526088279","0","Dah joint request kak please acc","0"
"1771897712","3839278739642090325","0","WhatsApp join fast
https://chat.whatsapp.com/IDZVj09YfvQKGJKyemFup6?mode=gi_t","0"
"1771898729","3839287268901139275","0","Trading 👍","0"
"1771823687","3838657774310544609","1","nasib baik tak lupa jln gi ofis🤭","0"
"1771898727","3839287252174987703","0","Ni pn hmpir2 lupa td","0"
"1771898712","3839287126059389513","0","@roydampier757 Jennifer Aniston invites you to join her WhatsApp fan page and you might be lucky to get a text from her 
https://chat.whatsapp.com/CLyHBLEWJHxLoB7ltoXjdi?mode=gi_t","0"
"1771820769","3838633294900807406","0","Something about watching child predators getting KO'd...makes me feel all warm and fuzzy inside 💯","0"
"1771737383","3837933798038964378","19","I keep seeing videos of MAGAs getting KO'd by Mexicans w/ one punch and I can only think of one thing that gives us that advantage, pinatas. As soon as we can walk we're handed a bat at birthday parties and encouraged to pummel the thing. By 5 we're blindfolded and handed a bat to beat the pinata. By 7 we're blindfolded, handed a bat or stick then spun around several times while our tios raise the pinata in the air as the party goers scream and yell at us ""Dale, dale Dale"" (Hit it hit it hit it)","0"
"1771731293","3837882713362026828","2","Wowwwwwww... Hate to see Neal get KO'd like that, but WOW","0"
"1771658296","3837270374573010756","53","Such a good booking finish. Kurt didn't ""beat"" the Undertaker, he just outmaneuvered him for three seconds.","0"
"1771726051","3837838739146830132","0","A Bret Hart special. It's a good way to get a clean win while still keeping the other guy looking strong. The monster doesn't lose the fight by being beat down and giving up or being KO'd but he does lose the match in the sport of wrestling to the clever mat technician that's able to keep him pinned long enough for the count.","0"
"1771693943","3837569396135236058","0","Little sweet Twix had such a long day ice fishing and she's just Ko'D next to me. We have been friends over this vacation and she is so adorable.","0"
"1771670352","3837371500836302104","1","What made it long Queen sorry not gone lie once I posted this I KO'd lol","0"
"1771692352","3837556055413197425","1","🤣🤭 it’s ok but doing promo o for my business","0"
"1771645436","3837162236028984387","251","Right in the middle of me preaching, they cranked the music up to try to drown me out. So I started freestyle singing about Jesus to the beat.
That’s what you do — you don’t get intimidated, you adapt. I will not allow people to silence my voice.And when the enemy tries to get louder… you get louder.
Bold faith isn’t quiet. WhitneyLynn.org | IgniteYourLightKidz.com #jesus #jesuschrist #christian #spanish #latino #latinos #latinas #puertorico #puertorican #puertoricans #Godly #church #churches","0"
"1771677021","3837427447013146843","0","Whitney, don't bring that BS here because you will get KO'd. Even Jesus can't stand your performative ass.","0"
"1771630688","3837038740258979720","0","Why Josh Warrington 'won't get KO'd again' in 'chess match' against Leigh Woods","0"
"1771551784","3836376557200178805","44854","Lil Caesars must have the Waffle House employee plan lmao","0"
"1771604474","3836818880841647898","4","She laughing real loud but once ol boy got KO'D "" his kids are here"" if you dont stop it 😂","0"
"1771676720","3837424922613004124","0","Prochazka lost 2 title fights to Pereira. And will fight Kamzat now. What’s the difference with uncle Sean?
And Fluffy definitely deserves title shot with his record.","0"
"1771696852","3837593801943132081","0","Fluffy has beat dolidze Brendan Allen and michel periera

Ddp has only lost to khamzat and beat Izzy Strickland and Whittaker 😂

Imavov has beat 2/3 of fluffies best guys with dolidze and Allen but he ko'd Izzy and beat caio 

Fluffy is the least deserving of everybody mentioned above lol","0"
"1771605825","3836830210704606976","0","That’s problematic…. Guy doesn’t look good at all and his assault is all on video. What the aggressor did is reprehensible and I would have lost it too, just concerned that the man who threw the punch is/will be in a world of hurt. 

Also, if “we” taunted MagA person like that and they threw a punch, we’d be naming names and calling for their arrest…","0"
"1771607203","3836841770358586229","0","Nah. People like this douche need to get ko'd more often. He's begging for it","0"
"1771402651","3835125865189760899","0","For real I don’t like Jake at all but all these clowns laughing at him for getting KO’d by Anthony fucking Joshua like Joshua doesn’t do that to 99% of the population","0"
"1771495007","3835900603469945096","0","Hate the guy but he didn't even get KO'd. He took that a shot that broke his jaw in half and smiled. That's a different level of human, even if he is a tit.","0"
"1771488267","3835844052139365066","3","N3on was shocked after DeenTheGreat got KO'd by UFC fighter and Larry...","0"
"1771442555","3835460602651846085","0","Larry Wheels slaps Deen the Great after flirting with wife Sheyla on Quinton “Rampage” Jackson double-date livestream  Later that night Tiki Ghosn (former MMA fighter and Rampage's fight manager) KO'd Deen for once again yapping way too much for a guy who weighs a buck 30 wet  #deenthegreat #larrywheels #funny #explore #foryou","0"
"1771430441","3835358982609821488","0","""Drunk IDF KO'd by Thai Muaythai guard in Pattaya"" is the best headline I've read today

Also THIS is the best thing on my feed right now","0"
"1771422427","3835291724336814944","0","Influencer boxer KO'd by former UFC fighter's savage right hook live on stream","0"
"1771398904","3835094108116885276","7992","Slow motion: Short range elbow to the jaw with precision 😳","0"
"1771421774","3835286281832476875","0","That was a fierce strike! KO'd.","0"
"1771412062","3835204807342816119","4","Not saying the Israeli tourist was inocent, but everyone can see that was an unfair fight. The Thai guy sucker punched him and everyone else joined in taking hits at him. If it was a fair fight the outcome might be different.","0"
"1771418041","3835254969347483553","2","How did he sucker punch him? He walked up to him and hit him straight on. KO'd guy wanted to fight someone. Someone fought him and he lost.","0"
"1771899221","3839291399166065846","0","Parang nawala ang sakit ng paa ko Bes April Rose Raton Galapon 😂Thanks always, love u😘💋
My passion🫰🫶Perfume_Magnolia Sensuel
( ˘ ³˘)♡🥰Ŕ","0"
"1771899115","3839290506568950524","0","Dinaan ko na lang sa pagpapanggap na hindi ako nasasaktan, kahit ang totoo sobrang sakit no'n para sa'kin.","0"
"1771899044","3839289911875455775","0","ang sakit masaktan ng paulit ulit 😣🥺😞","0"
"1771899040","3839289876265774284","0","Dapat kagabi ko pa ito napost.Yan tuloy kunti nalang at mukhang dina din makakain.Wala talaga sa kondisyon ang katawan ko mas lalo ako nanghina.Pahinga nalang ako,baka lumala pa ang sakit kahit di parin ako kondisyon ngayon pinipilit ko maging ok.
#odongodong","0"
"1771898984","3839289407937020612","0","Hiiiii! Ang sakit ng ulo ko fota.","0"
"1771898336","3839283975769251939","0","dalia ra gyud mabikil sa nestea oy, haup na yan ang sakit ng kilid ko guys","0"
"1771898898","3839288683942939800","0","Grabe ang oilinesss, sakit sa lawas ug pangalkag sa buhok diring dapita! Pero ang kalipay sa mga junakiz nga nakasakay sa Lizamay Bus di kabayran! 😅 Maulaw na lang ta sa madlang people kay nag kanta2x ug ""wheels on the bus"" then manginggit kung magpakusog ang bus! Hahaha 
This will not be the last time, I'm sure! 😁 
To more adventure my little ones! Saridon ug himughat ra jud katapat ni mama!🤣 Labaaaaaan!!!","0"
"1771898807","3839287915009652836","0","Sa umagang ito muli po Ang pasasalamat ko sa Inyo,sa pagtitiwala po ninyo na pinagaling po ng Dios Ama Jesucristo Ang karamdaman at mga sakit po sa buong katawan ninyo🙏Papuri ko po sa ngalan mo Amang Jesus Ang kabutihan mo'y Hindi naglalaho🙏🙏","0"
"1771898796","3839285018389269027","0","Hilom sa Bundok
Sa paanan ng bundok, iniiwan ko ang ingay ng mundo
ang pagod na kumakapit sa balikat,ang sakit na tahimik na kumakain sa loob. Habang umaakyat,
kasabay ng bawat hakbang ay ang unti-unting pagbitaw ng mga tanong, ng mga panghihinayang, ng mga nawala.
Sa tuktok,walang nagsasalita, kundi ang hangin,at ang tibok ng pusong natutong huminga muli. Doon ko naunawaan na ang bundok ay hindi nag-aalis ng sugat, ngunit tinuturuan ka nitong tumayo,huminga,at magpatuloy. Sa bundok, may hilom.","0"
"1771898275","3839283461228580705","0","Katolas tutunlan.. Need ikapn mangga with hipon 😭","0"
"1771898270","3839283419385278481","3","Ang sakit marealize na kaya mo pala akong i-set aside anytime.","0"
"1771898113","3839282051656267631","0","busy man sa kuskus may time parin naman mag emote ang Inday nakulangan ng ampao sakit sa kalooban 🤣😅
#justforfun 
#WorkingMom 
#goodvibes 
#contentcreator 
#everyonehighlights","0"
"1771897924","3839280517430240149","0","God, please heal the part of me na hindi ko kayang sabihin kahit kanino. Yong mga sakit na tinatahimik ko lang, yong mga bigat na ako lang nakakaalam at yong mga takot na ayoko na ulitin.

Give me peace lord. Kunting lakas, Kunting pahinga at kunting pag-asa. Kahit hindi ko maiintindihan ang lahat, alam ko na na Nandiyan ka. Kahit wala akong sinasabi naririnig mo ako. kaya please ayusin mo ako unti-unti. Help me feel ok again. Lord, please Help me to be myself again.","0"
"1771863647","3838992981592896337","383","Tinry ko ulit idownload haha. Nung dinownload ko to dati iba Bf ko, WHAHAHAAHHAHAHAHA","0"
"1771897684","3839278505012712753","0","ang sakit naman neto, bat nakita ko pa","0"
"1771812198","3838561392115539808","179","He supposed to be my comfort zone but this is what i received 💔

Last night Nag brebreakdown ako sa trauma anxiety and depression ko. Lalo na yung pagkawala ng baby namin 💔 lagi siyang galit kapag nag brebreakdown ako and masakit para sa kanya NAPAKABABAW NG NARARAMDAMAN KONG TRAUMA,ANXIETY AND DEPRESSION.","0"
"1771899283","3839291912642271627","0","No!!! You have to stay and be strong for yourself and for him .moving  on is not easy and it’s a slow process which means mahaba pa tong ganito ng drama . Drama ang tawag basta may luha at may masakit na memories which hindi nyamaintindihan dahil lalaki sya .but I’ll u what pareho masakit sa inyo pagkabasa pero inang level lang ang kanya z and HE NEEDs  TO WORK TO FEED YOU AND LIVE . Kaya d nya maaccomodate ang drama o kasi who knows pano nya dalin ang sakit pag nag give in sya sa drama mo .","0"
"1771895914","3839263654316002029","0","pilit na pilit yung ALYANSA mo. 😂😜 Pero ok lang, support!!! kung saan kayo mejo hihinahon dahil ang sakit sakit na sa dibdib ng mga nangyayari sa tatay niyo. 😭😭😭 bakit naman kasi andaming videos ng kayabangan ni PDUTS eh, yan tuloy nagamit against him. 🤣😂 ALYANSA PA MOREEEE","0"
"1771898946","3839289090697541246","0","Hahahah KAKAMFEET AT ITS FINEST 🦶","0"
"1771869613","3839043030569046803","53","Siapa dah umur 34-35 sila hadir..!
Nak tanya, how’s life?
Ada start sakit2 pinggang, tgn kebas2? 
Anak dh berapa orang?
Wish u are all well 🫰🏻","0"
"1771898410","3839284591811761924","1","34 here 🙋🏼‍♀️ not yet married , single 
Alhamdulillah all still good no sakit pinggang 
Cuma pukul 10 PM dah mengantuk","0"
"1771897619","3839277959929269678","0","Ang sakit ng injection lalayasan 
Na talaga kitang hospital ka ayaw kona magpapa MRI","0"
"1771897592","3839277731348095412","0","Ang sakit sa loob na yung sobrang close na bestfriend ko na nakikita kong nahihirapan😭 I'm really sorry my sekai pogi😩💔","0"
"1771897545","3839277333459577650","0","Nakahiga pa ang kunyang grabe ang sakit ng ulo ko hayyyy san o paja madula man😭😭🙏🙏🫰🫰❤️❤️🇸🇬🇸🇬 #fblifestyles #fbpost2026シ #OFWSINGAPORE #fbhighlightseveryonefollowers","0"
"1771897534","3839277247199699343","0","Bilang isang ST4 cancer warrior, araw-araw may laban. May sakit, may takot. Pero nagpapasalamat pa rin ako kasi nakakapagsalita ako at nasasabi ko sa pamilya ko ang nararamdaman ko.

Minsan naiisip ko, paano na lang kaya yung mga baby at mga batang may cancer na hindi kayang sabihin ang sakit nila. Naiiyak ako kapag naiisip ko ang hirap na dinadanas nila.

Lord, nakikiusap po ako. Sana bigyan Nyo ng comfort at paggaling ang lahat ng may sakit, lalo na ang mga bata. Kayo na po ang bahala sa amin.","0"
"1771897472","3839276728347241944","0","Iba talaga ang office air. Feeling ko this is one of the reason bakit andali ko mahawaan ng sakit.","0"
"1771897394","3839276071352082317","0","Ang oa ng sakit","0"
"1771893327","3839241958171272546","21","Don't ever trigger me for having mental health issues. I had to fill my dad's birth certificate with my eyes full of tears with no voice & shaking hands because we couldn't speak to my mum because she was also breaking down. 

My dad my only kakampi, MY DAD THAT GAVE THE WORLD TO ME.","0"
"1771897281","3839275118858854013","0","Sorry for this loss… ang hirap mag concentrate na dapat accurate ang details para di mahirap ifile sa Registry habang sumasabog ang puso sa sakit. 3x na nangyari sa akin ito… does not get easier.","0"
"1771899247","3839291618126601985","0","the ang walang kwentang podcast episode w inah evans & krissy achino was so fun!! havent laughed like that in a hot minute lmaooo

also the pink rally crumbs from the last pres elections 😚🤌🏼","0"
"1771899244","3839291590385273116","0","Chattan ang mo react","0"
"1771899237","3839291529836513083","0","One Christmas season, we went in a cafe up in Baguio, then I saw this book, and super ganda tlaga ng content pagka browse ko, Immanuel ang una kong nabasa! Praise God to your life my little Emmanuelle, you are a reminder of how great is our God in our life and the He is always with us 🥹 Matthew 1:23 💖","0"
"1771899155","3839290802619616219","0","Cash or Loan? Rented or owned? Bashers Acting Like Sila Ang Nagbayad!

#viralvideochallenge
#viralreelschallenge2025viralreelschallengejaiviralreelschallengeviralreelschallenge
#viralchallenge","0"
"1771899044","3839289909165435352","0","wow!!! naka 200 plays ang  Tourguide ko ba.Thank you To all fallowers💞","0"
"1771898925","3839288911869436357","0","VLOG No. 308

Anong color kaya ang maasign per LT?Abangan...

RUNCAV YT VIDEO LINK : 
https://www.youtube.com/watch?v=0kgOWKFW_tg

Comment #faveLT sa YT Chamnel mg Runcav Management to make your votes valid.

#Runcav #RuncavManagement #RuncavEvents","0"
"1771898899","3839288694394157945","0","Breakfast at Chong Boon Market, Ang Mo Kio never disappoints 😜
So many good food stalls, great company, and a perfect start before the workday.
Have a nice day ahead ! Happy CNY Day 8!

#bondingtime #yummyfood","0"
"1771895896","3839263506374507954","6","Badly need an advice, gusto kona mag take nang board exam. Perooo what if I failed since I'm not smart naman huhu 2026 or 2027? Pero gusto ko 2026 ang guloooo

Nursing 🥹","0"
"1771898684","3839286888335873215","2","Wag ganon ang mindset. Failure is a part of the journey. Kung magfail, then try again.
Pero you have to convince yourself that you will pass. Thinking of possibly failing because you are not smart will be transmitted to every molecule of your body and magfail ka nga. Palitan natin mindset mo. You will pass because you worked hard for it. Pero mag-aral ka talaga.","0"
"1771898654","3839286586035389677","0","Wow ang dami tourist dto may helicopter pa. 
#sightseeing #fyp #tourists #goodvibes #everyonefollowers","0"
"1771666230","3837333373044345704","7889","Oh kay ganda mo Pulag.","0"
"1771899216","3839291354438934036","0","Ang gandaaaa 😍","0"
"1771899144","3839290732289314016","0","Tera ang sachcha 🫵👰🥹#❤️‍🩹🥺🫵🏻✨🔐_𝓶𝓲𝓼𝓼_𝔂𝓸𝓾_","0"
"1771898650","3839286607888323203","0","Good job self bumaba din ang blood sugar mo
Walkaton lagi🚶‍♀️
2hours walking 🚶‍♀️ 
#ausomemomiemoudz 
#DM #diabeticlife","0"
"1771898530","3839285599937994185","0","It is wht it is pa ! ang ending wtf is this HAHA 🤣","0"
"1771898397","3839284483439375506","0","At sinisi pa talaga nya ang media huh😆😁😄

Murder isn’t a matter of ""editorial slant"" or ""context."" It’s a matter of justice. You can’t spin or contextualize away the loss of life to lessen the gravity of a crime. Media doesn't need to ""sensationalize"" what is already inherently gruesome. #Justice","0"
"1771898275","3839283461228580705","0","Katolas tutunlan.. Need ikapn mangga with hipon 😭","0"
"1771897075","3839273395226299193","2","Hi kawan! I got question for my Muslim & Chinese friends 🇲🇾

CNY red packets saya dah habis, but I still have these shining ZUS Raya packets left since they giving it for free.

Is it okay (or a bit weird) if I use these to give Angpow during Chinese New Year?","0"
"1771899076","3839290181106634278","0","Yup it is.. pls dont use it... since is CNY mind you CHINESE ! I repeat CHINESE new year.. use some chinese brand like Luckin coffee.. if still dont have better send E-ang pow..

Pls dont ltr you very sui one.. better see if any bank still got... dont xia sui yourself. 

Please yea.. dont use keep better.. also the Zus logo isnt very chinese ltr old ppl complain and nag.. not very good for CNY.. 

📏📏","0"
"1771898193","3839282758045037973","0","wahh ang music😭","0"
"1771898171","3839282586968174288","0","Good morning friend followers ang idol🕴️🪾","0"
"1771898078","3839281812120753978","1","Let's forgot each other, past is past. I don't want anyone anymore. Don't blame me you started it. You unfriended me in your account I did the same but worst. I'll hate you‚ I've never regretted loving you but I regret not giving up easily‚ kasi mas masakit ang dali ng lahat sa'yo. I will hate you as long as I'm alive.","0"
"1771898068","3839281704503074743","0","Dah leh phawt mai ang 😌","0"
"1771898028","3839281370007462404","0","Good morning,good morning, good morning 
Salamat sa pa blessings sang mga players, congrats 👏👏👏 po sainyo legit kaayo 
 👉💸💕578jili💕💸👈👈nasa comment section ang link 👇👇👇","0"
"1771897968","3839280889356740395","0","Lot for sale
Price:300k cash payment.
Area 189sqm
Patag ang area 2-3mins going to national highway 3-4mins going to Leyeco,jollibee,market,port hilongos,gaisano mall,prince mall .
For site viewing pm me or call 09515943001 for site viewing
Tittled property
Free attorney,free deed of sale with mohon anytime pwede ninyo kuralon if ma bayran na ☺️🤝 grab na samtang naah pa.","0"
"1771897958","3839280799800475043","0","""Hey. Hon. What did ya do at work today?""
""Not much. Just hanging around."" 
https://www.instagram.com/reel/DVAIQMSEeqh/?igsh=MXB3dGI2ang3Mnp6Mg==","0"
"1771897933","3839280591469511866","0","Paningkamot ug focus kay ang kinabukasan para sayo yan,always listen to your parents absorb all advices,kong mapapagalitan ka its part of life and decipline, if you grow old you will realise that all words and wisdom from you parents are exactly you need...for you to learn and grow responsibly God bless you Jay.

#highlightsシ゚ #followersシ゚","0"
"1771899304","3839292096125678157","0","BUDOL Ngaaaniii! 😭

Gikan mig Marcos apopong
Padulong mig likod banda sa Doña Soledad
Ako pud isip is duol ra man ang apopong sa DS, basi naa ray shortcut
Na di na muagi ug higway nya mas duol.
Pang pangita ug ruta sa gmaps.
Nihatag pud tawon sya ug shortcut
shortcut sa kabaw😆😭
Katuon tag trail pina live.
May alng unta ug dili balason ning apopong
😆🤭😭.
Di mag kompyansa kay gmaps kay sukdon nya imong abilidad😆

Ps. Tumoy na ang na bidyohan, wala na bidyuhan ang mga tricks sa balas😎","0"
"1771895382","3839259193740768553","2","kakaonon ko aning dried pusit w/ suka na daghan ug onion 🤤","0"
"1771899260","3839291720492591085","0","Hoooo kalamiii","0"
"1771899230","3839291471426625817","0","I'm beyond blessed. Thank you Lord. I couldn't ask for more.❤️ Thank you for giving me my husband, sa kadaghan ni ambak sa luha deserved jud nku mka bana ug buotan, smart, gwapo, hardworking, pasensyuso neseyeneEnglehet jud😁🥰☺️💚 our greatest gift of all is our baby von2x. Thank you jud kau Lord☺️🥰 happy bday self cheers!🥳","0"
"1771899229","3839291461150983657","0","Pahikoga ug ganahan mag hikog aron ug mamatay e lubong.","0"
"1771899221","3839291396398915526","0","lisoda mag deact ug college na, daghan kaayo buhaton yawaaa","0"
"1771899188","3839290622792895317","0","Epekto sa bilar, hilanat ug sakit sa ngipon. 😅","0"
"1771899153","3839290827424871414","1","as a trentahinzzz pls lang ekis na to nonchalant, low EQ, ug labaw sa tanan emotionally unavailable men","0"
"1771899094","3839290335255685511","0","#fyp 
Hello guys, good morning . Mao ni akong tinda karon, ginataang monggo for ₱30.00 per balot ug ginataang ubod for ₱25.00 per balot. Available now. Sa mga interesadong mopalit , kita kita n lang ta dha sa ambao guys.. See you. And have a great day to all .","0"
"1771898982","3839289389683382038","0","Tuara daghan na kaayu ug naka dao yahaya ba","0"
"1771899262","3839291736212858208","0","mag kanta gani kabalo na mag kori.ii, kagugay na cge ug vk unya dili pa gihapon kabalo. 8080 na noon ko 😁","0"
"1771899220","3839291383957973232","0","Honda Civic – 2017 | UG Variant
White Colour | 2018 Registered
75,000 km Genuine Mileage
2 Piece Touchup, Rest Genuine
Recent Engine + All Oils Changed
Smooth family drive – No work required.

Demand: 49.50 Lac
 
location Karachi –","0"
"1771899206","3839291273806618724","0","https://www.facebook.com/share/p/1Hk4a4sUg5/","0"
"1771899196","3839291166458778479","0","#mombai #my #mombai #gari ug","0"
"1771899163","3839290911512633902","0","NEW ARRIVAL ‼️ 

 👉TUNA PORTION 500g

 Pangkilaw, sabaw , steak , etc ..

📌3600per box (20packs)
📌 195/pack retail 

📍MY LOCATION: Talisay 2, Visayan Village Tagum City,
Before intrance Villa Apura 
Landmark Unahan lang sa Home For The Aged 😊
Naka roll up na store tapad sa namaligya ug bags and shoes na UKAY.

My # 09973206583","0"
"1771899140","3839290681681276089","0","For todays video Ang paralawog ug baboy at the same time cc so kinahanglan mo video gyud ta para naa pang content 
#smallbackyardhograiser 
#FeedingTime 
#piglets 
#contentcreator","0"
"1771899082","3839290226598555076","0","Among inday Karyl Mae nga panagsa ra kaayo makalaag dri sa bukid..ug wa nahuman pagka maestra ug wa ma lisensyado,di gyud makalaag diri.","0"
"1771899028","3839289773580802741","0","#गांव_की_बेटी_योजना
#GaonKiBetiYojana
#गांव_की_बेटी_छात्रवृत्ति
#Scholarship2025
#MP_Scholarship
MadhyaPradesh
GirlsEducation
BetiPadhao
RuralGirls
FirstYearUG
CollegeAdmission2025
MPStudents
EducationSupport
GovernmentScheme
ScholarshipForm2025
MPYojana
SiddharthComputerJabera
OnlineForm
StudentHelp
EducationForAll","0"
"1771898969","3839289278166409735","0","Mao ni favorite nga rewards sa akong mga kinder ug grade 1 sumpayi lang ha Fruit_ _ _ _ _ mao na iyang kadaghan nga letra naay 50gKAsH dali gamay lang ha kong naay makatubag nga duha or tulo kabuok bali ang 1 st lang ang 5o dayun ang duha 2o pAkApe lang… #highlight #everyone","0"
"1771898898","3839288683942939800","0","Grabe ang oilinesss, sakit sa lawas ug pangalkag sa buhok diring dapita! Pero ang kalipay sa mga junakiz nga nakasakay sa Lizamay Bus di kabayran! 😅 Maulaw na lang ta sa madlang people kay nag kanta2x ug ""wheels on the bus"" then manginggit kung magpakusog ang bus! Hahaha 
This will not be the last time, I'm sure! 😁 
To more adventure my little ones! Saridon ug himughat ra jud katapat ni mama!🤣 Labaaaaaan!!!","0"
"1771899028","3839289777262231975","0","Message sa akoa Be","0"
"1771899136","3839290680791951333","0","Dili ko ka pm","0"
"1771898555","3839285810785665733","1","Bakit ang suklay madalas mawala paggagamitin na? Pag hindi na very visible hahaha 😂🤣","0"
"1771899101","3839290386293192934","1","Tropa sila nung hair puller at nail cutter. Halos every week ako bumibili, tas pag di ko gagamitin bigla bigla pakalat kalat. Me secret union ata yan sila 😂","0"
"1771898425","3839284718043562771","0","Pm beh","0"
"1771898801","3839287869173608752","0","dili ka ma pm boss?","0"
"1771886861","3839187716878321899","679","This is my salary per week, pero pakiramdam ko kahit ganito kalaki sinasahod ko, may kulang sa sarili ko, wala akong social life, wala ako nakakasama to hang out or travel🥲","0"
"1771897654","3839278250116406179","0","Yung hourly mo halos daily ko hahahaha. Aray ko. Sana all. When kaya makakapagVA para umabot ng ganyan huhuhu","0"
"1771897056","3839273235112774808","0","Fitness Journey Story💪🍄

Wifezilla: Ayaw jud ug hunong hatod dili ka mo lami! 😤

Naka reflect ko ug ge kulbaan, kay imagina naka-3 nami nga dili pata lami how much more? 🥱

Sakto ba akong reflection guys?! 

Tamba-gi tawon ang uyamot.","0"
"1771896876","3839271720155555638","0","Hello guys pasensiya namo sa akong content guys part ra jud sa family panghitabo adlaw adlaw kay naa raman gud mi balay nag tuyok toyuk 😅 Dili jud ko ka content ug mga outing,mangaon sa gawas ,etc. walay ika apord kay pobre man mi guys egoo ra jud maka survive usahay maka kuyog mi sa panon basta naii libre 😇
#ShareKoLang #experience #lifeupdate #contentcreatorlife #contentmonetizationearnings","0"
"1771896668","3839269980760901057","0","Dili najud ko oy.","0"
"1771896136","3839265516972815169","0","wa nako kabalo sakong gam on, i feel so betrayed, so drained, so fucked up and i feel like im about to give up, dili ko ganahan pero it feels right.","0"
"1771895821","3839262878118069456","0","the audacity to say na hindi ko sya mahal tapos inubos ko sarili ko para maparamdam ko lang sakanya yung pag mamahal na di nya naramdaman noon, halos ibigay ko na lahat nag maakaawa at tumanggap ng bare minimum","0"
"1771898321","3839283850652904376","0","Work & Stability: Dapat may marangal na trabaho. Someone who has the capacity to provide and has a clear vision for the future. Hard pass sa tamad at lalong pass sa lalaking balak lang umasa sa income ng babae. Ano? babae pa bubuhay sayo? kadiri naman.","0"
"1771898322","3839283850912951244","0","Appearance: halos lahat yata ng mga friends & colleagues ko, alam na Ideal Guy ko is yung guy na mas 'matangkad' sakin.☺ 
5'4 lang ako, feeling 5'5 pag nakaheels. Facecard? uhm, depende sa paningin ko kung gwapo ka, kahit feeling mo hindi. Hahaha! Basta may sarili akong batayan! Hindi lang naman sa looks gumagwapo ang lalaki sa paningin ko.","0"
"1771885676","3839177770010878259","35","Sobrang struggle namin ang paghahanap ng helper. Kami ng asawa ko, pareho kaming lumaki with helpers that’s why we treat our helpers as family. Their pay is more than the suggested kasambahay fee pa nga. We always get 2 helpers para the other one is for the dogs and the other one is for the house. Maliit lang naman bahay namin pero di ko gets bat ang hirap","0"
"1771897898","3839280300166405736","0","Ganyan kami nagpakatanga ng asawa ko sa staff namin sa shop dahil apo ng longtime helper/right hand ng byenan ko ang grandparemts nya. And neighbors lang din namin. Babae pa to, pati mga anak nya halos kami na ang magpakain. Nalulong sa tong its. Imbis nagbabantay sa ship, sumasalisi ng tong its sa me likod ng ahop, iniiwan pa mga anak nya na isang 2 years old at me infant pa. Ilang beses pinagbigyan, sinuswelduhan pa rin kahit ang laki ng nadispalko nya na benta dahil natalo sa tong its.1/2","0"
"1771852396","3838898597044263882","25","Kapag talaga cat lover ka, immune kana sa amoy ng tae nila","0"
"1771896303","3839266916167451817","1","Still remember nung nakaraang araw paggising ko katabi ko na yung tae tumae pla yung persian ko. Halos paubos na kasi yung cat litter nila ongoing pa yung bagong order. Sheez, gg tlga ako","0"
"1771895693","3839261804334853470","0","halos ka-edad ko ang 
Edsa People Power 1
#Edsa@40
ikaw, ilan taon ka noong 1986?","0"
"1771895632","3839261252758260813","0","Good morning, guys! Mag-pasinot ta karon 😄
Gasayaw-sayaw ko diri dili tungod kay daghan ug fats—charot!—kundi kay grabe ka bugnaw among trabaho didto, murag ref 😅
Bisan maghago,walay singot mogawas.
Mao ni karon, sayaw-sayaw ta gamay para makagawas ang singot, murag ulan nga gipagawas sa lawas.hehehe🤣
Lihok-lihok, guys—kay ang singot, pamaagi sa lawas nga mag-release ug kakapoy 💃🕺
##DanceToSweat
#contentcreatorlife 
#GoodMorning
#goodvibes 
#highlight","0"
"1771895561","3839260695981090830","0","nawal an najud kog gana e fix ang things between us, always na ta ga away halos walay adlaw nga dili, grabe natag inisturyahan sa usat usa, akong dughan puno nag kalagot nimo, and the RESPECT? it seems like it is no longer served.

 love pa ba ni? or naanad nlng jd tas inaning set up?","0"
"1771894906","3839255195864362466","0","Ang pag build ng katawan at pag build ng business ay halos magkapareho.

Kailangan mong magshow up,kailangan mo gawin regardless sa nararamdaman mo kahit tinatamad ka,malungkot ka, may problema ka, kahit mag isa ka at lonely ang journey, napakatagal bago makita ang resulta, kailangan disciplined ka.

Hindi masaya ang proseso pero nakakaproud ang resulta.","0"
"1771894884","3839255016700317880","0","Maau gani naa ko lain fb akoa na unta to delete. Naunsa maning fb wla na gani tay post post og halos d na comment na suspended na noon violence daw. Uban noon dri grbe ka mga bastos baba og below the belt mga comment wla noon.","0"
"1771894164","3839248976785414856","0","Good morning mga ka idol, basin ganahan mo mupalit karning baboy karon friday pa mag ihaw
pm lang sa gusto og dili ayaw rapud😁✌🏻

240 ang cash
260 utang sa humok rapud mamayad ha pas ko anang gahion😁✌🏻

#highlighteveryone","0"
"1771899306","3839292106234578400","0","Mas ramdam ko yung pagod kesa sa saya. 
Mas ramdam ko yung hirap kesa sa ginhawa. 

Pero kahit ano paman yan. Maraming Salamat Ama dahil maypag babago na.","0"
"1771896060","3839264858878245666","0","Gentle sa skin, effective sa ginhawa #KamayNiNanay #babybalm #calmingmassageoil kamayninanaysph","0"
"1771895432","3839259572268431815","0","Iya nalang tawon GA lingawon iyang ginhawa sa bubble wrap. 😔 😔
Salamat kaayu sa Naka Imbento sa in Ani nga arenola, grabi ka Gamit sa Kong Lola. Pag ka accidente Niya ni agi nag plan nakog buy Ani but grabi ka mahal..
Thanks sa tiktok pay later Kay naka purchase ra gd ko Ani bisag pag Palit Ani Okey sya.. Unfortunately na sapid sa sofa cover so na hapla sya balik. 😔 😞

Lord unta MA Okey na gyud ang tanan. 🙏 🙏 🙏 🙏

#grandma","0"
"1771893330","3839241939908681780","0","Maikli lang po ito paramdam naman po konting ginhawa sa pagbyahe #viewersfriendsfollowers #fbpost2026シ #tagkawayanquezon #candalapdaproad","0"
"1771893279","3839241552800133169","0","ginhawa sa ta gamay biii, daghan kaayo happenings","0"
"1771890118","3839214991497051478","0","Yung partner na maayos ang attitude at mindset at nadiyan lagi sa hirap man o ginhawa laging magkasama at hindi nag iiwanan.
#couple #couplegoals #communitysupport #followersnonfollowersviewersfriends #RelativesFriends","0"
"1771887168","3839190241656348338","0","Kahit maputi na ang buhok sa hirap at ginhawa, salamat sa Dios sa 28th years.

Happy  anniversary !","0"
"1771877923","3839110289112148898","74","Tamang Aceite = Tamang Ginhawa. Hindi lahat ng aceite pareho ng purpose. Manzanilla for bloating and tummy discomfort. Alcamporado for muscle pain and sipon relief. Always external use only. #HealthThreadPH #PainReliefTips #DigestiveCarePH #MuscleCareGuide #CamphorOil #MentholRelief #SmartHealthChoices #PinoyPharmacist #WellnessEducation #KnowBeforeUse","0"
"1771891823","3839229340178089328","0","sugo here
sugo there
sugo everywhereeeeeeeeeeeeee

Kapoi ma driver, kapoi work, kapoi gumising ng maaga, kapoi ginhawa, kapoi mabuhi. Aha ang shots??????","0"
"1771890504","3839218272441424696","0","Don't settle for less.
Hindi ka ginawa para mag-survive lang—ginawa ka para umangat. Kung alam mong kaya mo pang maging mas mahusay, mas matatag, at mas matagumpay, wag mong ipagpalit ang pangarap sa panandaliang ginhawa.

Stay hungry. Stay driven.

Deserve mo ang higit pa-kaya ipaglaban mo.

Good morning everyone!🫶🏻❤️🫶🏻","0"
"1771889689","3839211435642199385","0","Ka weird sa akong dream oy. Someone choked me and pag mata nako ky ako ga gunit saakong liog, unya nag lisod kog ginhawa. So weirddd","0"
"1771862365","3838982228261721726","0","maka ginhawa pud mog tarong no nga kabalo mo naa moy gipasakitan?","0"
"1771875875","3839095558984870954","0","shet ga lisod pag tulog ga lisod pa jd og ginhawa","0"
"1771873245","3839073495343661667","0","After overnight rani nga resulta. Dili jud lalim magpala og snow ay kaduha ra gani ko nebugkal wana geapas na akong ginhawa duyogan pas katugnaw og wala moy makina mopaala impas jud hala magpuyo nalang ko dinako patuga oy nalipong ko.
#fblifestyles
#dailylife
#blizzard","0"
"1771865762","3839010722047732009","0","It’s time to stopppp na reach ra dyud aang goal weight 🥺 maka ginhawa na dyud ko sa kagastos!!!!!!!","0"
"1771861352","3838973722297410411","0","Kahit ilang beses pa 
kitang tinulungan,
wala kang utang sa’kin.
Hindi ko ’yun ginawa para suklian,

Ginawa ko 'yon
sapagkat kaibigan kita—
sa hirap at ginhawa,
sa lungkot at saya.

Hindi bilang bayani 
ang nais kong maging,
kundi bilang kaibigan
na handang umalalay
hangga’t kaya ng 
aking mga kamay.

Rose Lyn 🌹🌹🌹","0"
"1771857076","3838937860770733926","1","Itong motor ko lng  hnd akong kyang iwan 😔😍😘 I love you buddy happy 3yrs anniversary naten 😍 sa hirap at ginhawa palagi mo akong isafe palagi sa daan at mga disgrasya ty lord, for my protection. Guide me always my journey 😍🙏🙏","0"
"1771855268","3838922691432266430","0","Ang totoong kaibigan hinde nag iiwanan sa hirap at ginhawa”🥰💕good evening! #fblifestyle #communitysupport #friendsforever #adlynvergara #fbpost","0"
"1771853719","3838909696338767266","0","kapoy undang palang kag ginhawa animal","0"
"1771835450","3838756448054829743","209","Mukhang matutuloy na ang elevated walkway sa Ortigas through the initiative of Mandaluyong LGU. Base sa plano idudugtong ang elevated walkway sa existing walkway hanggang Megamall kung saan dadaan sa Podium at St. Francis Square ll (Phase 1).

Then yung proposal nila Alcazaren na walkway from MRT Ortigas to Poveda at Megamall mukhang matutuloy din. (Phase 2)

Ang Phase 3, walkway from Megamall to Lourdes (Shaw).

Ang Phase 4 walkway from San Miguel HQ tatawid sa EDSA hanggang Starmall.","0"
"1771851918","3838894593312515343","0","If matutuloy to, ang ginhawa ng buhaaaaay kooooo....","0"
"1771899115","3839290506568950524","0","Dinaan ko na lang sa pagpapanggap na hindi ako nasasaktan, kahit ang totoo sobrang sakit no'n para sa'kin.","0"
"1771898984","3839289407937020612","0","Hiiiii! Ang sakit ng ulo ko fota.","0"
"1771898336","3839283975769251939","0","dalia ra gyud mabikil sa nestea oy, haup na yan ang sakit ng kilid ko guys","0"
"1771898270","3839283419385278481","4","Ang sakit marealize na kaya mo pala akong i-set aside anytime.","0"
"1771897924","3839280517430240149","0","God, please heal the part of me na hindi ko kayang sabihin kahit kanino. Yong mga sakit na tinatahimik ko lang, yong mga bigat na ako lang nakakaalam at yong mga takot na ayoko na ulitin.

Give me peace lord. Kunting lakas, Kunting pahinga at kunting pag-asa. Kahit hindi ko maiintindihan ang lahat, alam ko na na Nandiyan ka. Kahit wala akong sinasabi naririnig mo ako. kaya please ayusin mo ako unti-unti. Help me feel ok again. Lord, please Help me to be myself again.","0"
"1771897619","3839277959929269678","0","Ang sakit ng injection lalayasan 
Na talaga kitang hospital ka ayaw kona magpapa MRI","0"
"1771897592","3839277731348095412","0","Ang sakit sa loob na yung sobrang close na bestfriend ko na nakikita kong nahihirapan😭 I'm really sorry my sekai pogi😩💔","0"
"1771874710","3839085784033643824","1","Classic galawan ng mga may sakit sa utak.
Lakas mang trip.","0"
"1771899420","3839293066897950855","0","Boredom kills talaga ano so what they do is they grab a woman and confuse them and play with their feelings haha. Good thing, I removed his access. I’m now so much at peace! Ang sakit lang sa part na I lowered my standards for someone who will just fumbled me in the end. So I suggest, date your type para kung masaktan ka man? Atleast, worth it yung sakit.","0"
"1771898898","3839288683942939800","0","Grabe ang oilinesss, sakit sa lawas ug pangalkag sa buhok diring dapita! Pero ang kalipay sa mga junakiz nga nakasakay sa Lizamay Bus di kabayran! 😅 Maulaw na lang ta sa madlang people kay nag kanta2x ug ""wheels on the bus"" then manginggit kung magpakusog ang bus! Hahaha 
This will not be the last time, I'm sure! 😁 
To more adventure my little ones! Saridon ug himughat ra jud katapat ni mama!🤣 Labaaaaaan!!!","0"
"1771898807","3839287915009652836","0","Sa umagang ito muli po Ang pasasalamat ko sa Inyo,sa pagtitiwala po ninyo na pinagaling po ng Dios Ama Jesucristo Ang karamdaman at mga sakit po sa buong katawan ninyo🙏Papuri ko po sa ngalan mo Amang Jesus Ang kabutihan mo'y Hindi naglalaho🙏🙏","0"
"1771898679","3839286847508496241","0","garabi daw mag kara utod mga utod akon kalawasan","0"
"1771898113","3839282051656267631","0","busy man sa kuskus may time parin naman mag emote ang Inday nakulangan ng ampao sakit sa kalooban 🤣😅
#justforfun 
#WorkingMom 
#goodvibes 
#contentcreator 
#everyonehighlights","0"
"1771863647","3838992981592896337","383","Tinry ko ulit idownload haha. Nung dinownload ko to dati iba Bf ko, WHAHAHAAHHAHAHAHA","0"
"1771897684","3839278505012712753","0","ang sakit naman neto, bat nakita ko pa","0"
"1771897545","3839277333459577650","0","Nakahiga pa ang kunyang grabe ang sakit ng ulo ko hayyyy san o paja madula man😭😭🙏🙏🫰🫰❤️❤️🇸🇬🇸🇬 #fblifestyles #fbpost2026シ #OFWSINGAPORE #fbhighlightseveryonefollowers","0"
"1771897472","3839276728347241944","0","Iba talaga ang office air. Feeling ko this is one of the reason bakit andali ko mahawaan ng sakit.","0"
"1771897394","3839276071352082317","0","Ang oa ng sakit","0"
"1771893327","3839241958171272546","21","Don't ever trigger me for having mental health issues. I had to fill my dad's birth certificate with my eyes full of tears with no voice & shaking hands because we couldn't speak to my mum because she was also breaking down. 

My dad my only kakampi, MY DAD THAT GAVE THE WORLD TO ME.","0"
"1771897281","3839275118858854013","0","Sorry for this loss… ang hirap mag concentrate na dapat accurate ang details para di mahirap ifile sa Registry habang sumasabog ang puso sa sakit. 3x na nangyari sa akin ito… does not get easier.","0"
"1771898679","3839286847508496241","0","garabi daw mag kara utod mga utod akon kalawasan","0"
"1771898667","3839286723506960335","1","Bhabhi sa ❤️🫂","0"
"1771898178","3839282649370611588","0","https://www.instagram.com/stories/ad_exteriors/3839173320659613931?utm_source=ig_story_item_share&igsh=MWt5MmZ3eW9sa3d3dQ==this is what we do make beautyfull outdoor scapes","0"
"1771897846","3839279863841475827","1","Warmer weekend smiles 1) start Ted live-in & walk SA corridor, 2) home security check, 3) Ted enjoys pre-breakfast sunrise & afternoon walks.
#happydog #happyclient","0"
"1771896812","3839271187680746786","576","Hey Bob!

The 🇺🇸 🏒 TEAM ISNT being canceled. 

They are being held ✨ACCOUNTABLE✨ for very real misogyny, which in HOCKEY runs rampant & too often ends with SA. 

So yea maybe you sit with that.","0"
"1771896670","3839269993427635936","4","Lf ka chat sa ig please🙏","0"
"1771895188","3839257564564050780","50","JUST IN: HAPPY BIRTHDAY 🥳 
TO OUR ""WORKING SENATOR"" AT ANG LIWANAG SA DILIM NOONG 2022 ELECTIONS.

HONORABLE SENATOR RISA HONTIVEROS 🩵

Thank you for your hardwork, For the people, for the country, and for the future🇵🇭💯.

*Painom kana baks😅😁
Crdts: Official FB Of Risa Hontiveros","0"
"1771894353","3839250528996542818","33","WI vs Zim : 'Win vs ZIM, WI and...': How can India qualify for semis after loss vs SA in Super 8

#indvsind #suryakumaryadav #gautamgambhir #indvsind #suryakumaryadav #gautamgambhir #ajitagarkar #abhisheksharma #brandonking #ShaiHope #ShimronHetmyer #RovmanPowell #SherfaneRutherford #RomarioShepherd #jasonHolder #matthewforde","0"
"1771894334","3839250402605252516","0","kasakit sa akoa KALAWASAN oist 😭😭😭

ngano man niii???","0"
"1771894199","3839249229030099395","46","When you take your husband to the grocery store!!! @sa_kenah 

••
••
••
#funny #couples #married #comedia","0"
"1771893601","3839244253285996256","0","dm","0"
"1771896869","3839271664237039008","1","Sa IG?","0"
"1771894765","3839254016073810997","0","grabig pamaol ani uyy😓","0"
"1771894398","3839250941565235854","0","YouTube cover band #SingItLive - Walk like an Egyptian @ Thebend | Sing It Live | Full Performance https://youtu.be/JfI174I1oSA?si=IjM6hrK44Nk2Bb3r via @youtube","0"
"1771894346","3839250498143327804","0","Makatambal ba kaha nis pamaOl gikan nag funrUn ug 5km???? 😣😩🤣💪

#highlight #avocado #SupportSmallContentCreator","0"
"1771893472","3839243148355492119","1","“Travel far, seek adventure, conquer fear and self-doubts, and find peace within.” 🌿

Salamat sa Experience #Pulag💙

#fyp #travel #mountainclimbing 
#seaofclouds #Pulag","0"
"1771893361","3839242239567159688","8","Ka call sa ig!! Bilis","0"
"1771893220","3839241056814780677","0","Nangapaslot na Ang tiil dumagan...
Live in healthy way Kay daghan na ug sakit2 sa kalawasan.","0"
"1771893148","3839240449547253527","0","grabeng pamaol naman ani lord labaw paman tas naiyotan","0"
"1771892274","3839233120160345627","5","""Observation Records of My Fiancée: The Misadventures of a Self-Proclaimed Villainess"" character PV:

https://youtu.be/9qUoC46Dtjk?si=PrCpo-vQSa_cDT-W

Xeno (CV: Atsushi Tamaru)
Coolgan Deres Mardan (CV: Seiichiro Yamashita)
Kuro (CV: Akari Kito)

The anime begins on April 6.

Image © Shiki, Alphapolis/The Society for Admiring Lady Bertia","0"
"1771833389","3838739154923093008","634","Hi Old man‼️I Love You ❤️
I'm Dominica Daniel
I asked the first time nicely…
Where you from⁉️Last chance￼‼️","0"
"1771892195","3839232462090759146","12","Kentucky U SA","0"
"1771544826","3836318510901654361","0","Aduna ba kamoy gepamati nga sama sa akong gebati? Nga mag lisod tag genhawa pangapoy sa kalwasan ilabina kung wala tay kwarta? Na a ra ang sulbad mga higala,imon lng kamo niine kay sigurado gyod nga mahuwasan mo paniguro mo kang yoyo Romeo kay xa ang liget ane nga produkto..beware sa fake..kang yoyo Romeo lamang mo deretso...","0"
"1763294163","3767106939630353891","0","Tulog na ta sayo basin mauli-an na ta ugma aning cge balik2x na pangapoy sa lawas💪","0"
"1762840841","3763304201322670253","0","Kana ganing gibbati tag pangapoy  Homan salinog ug bagyo Kay nangandam ug nag hipos2x. Nga deli mga basa mora gípa maolan. Peró ok rà Kay wala pasadí ßa ginoo.","0"
"1756959091","3713964503399000103","0","Pagbantay mo!!!

Kon kamo makasinate sama labad sa ulo,pangapoy sa lawas kana mga# sintumas sa walay KWARTA🤣🤣","0"
"1755130018","3698621128072250263","0","pagbantay mo!
labad sa ulo, sakit sa tiyan ug pangapoy.
pipila lang na sa mga simtomas nga wa kay kwarta.","0"
"1743516011","3601195773436128920","0","Pagbantay mo!
labad sa ulo, sakit sa tiyan ug pangapoy.
pipila lang na sa mga simtomas nga wa kay kwarta.","0"
"1740487754","3575792914384519543","0","walang pang-apoy at panglasa combo 🤒","0"
"1737166249","3547930109509359425","0","Officially enrolled kana gd man pro ga pangapoy-poy kaman ka schedule 😑","0"
"1733642237","3518368557502017198","0","pagbantay mo!
labad sa ulo, sakit sa tiyan ug pangapoy.
pipila lang na sa mga simtomas nga wa kay kwarta.","0"
"1755926971","3705306449877303283","0","pagbantay mo!
labad sa ulo, sakit sa tiyan ug pangapoy.
pipila lang na sa mga simtomas nga wa kay kwarta.
#hihglightseveryone","0"
"1755306207","3700099110040675352","0","Pagbantay MO!
labad sa uyo, sakit sa tijan ug pangapoy. Pipila na mga simtomas na wayay imu kwarta!!","0"
"1732759963","3510967507111219130","0","I need paracetamol
para maayo ni akong pangapoy ug sakit sa ulo.","0"
"1726819787","3461137699278529050","0","pagbantay mo!
labad sa ulo, sakit sa tiyan ug pangapoy.
pipila lang na sa mga simtomas nga wa kay kwarta.🥺😅","0"
"1725414457","3449348933745064302","0","Pagbantay mo! Labad sa ulo, sakit sa tiyan ug pangapoy. Pipila lang na sa mga simtomas nga wa kay kwarta!","0"
"1725353595","3448838384137439794","0","Pagbantay mo! Labad sa ulo, sakit sa tiyan ug pangapoy. Pipila lang na sa mga simtomas nga wa kay kwarta!","0"
"1724495215","3441637773067958499","0","pagbantay mo!
labad sa ulo, sakit sa tiyan ug pangapoy.
pipila lang na sa mga simtomas nga wa kay kwarta.","0"
"1724174933","3438951053388799037","1","pagbantay mo!
labad sa ulo, sakit sa tiyan ug pangapoy.
pipila lang na sa mga simtomas nga wa kay kwarta😂😜🤣🤭","0"
"1724037026","3437794204188069216","0","pagbantay mo!
labad sa ulo, sakit sa tiyan ug pangapoy.
pipila lang na sa mga simtomas nga wa kay kwarta.","0"
"1723953630","3437094627386684743","0","Pagbantay mo!
Labad sa ulo, sakit sa tiyan ug pangapoy.
Pipila lang na sa mga simtomas nga wa kay kwarta🤦😅","0"
"1743404588","3600261091645665616","0","Pagbantay mo!
labad sa ulo, sakit sa tiyan ug pangapoy.
pipila lang na sa mga simtomas nga wa kay kwarta.
🤣😂😁","0"
"1724729737","3443605086688241562","0","pagbantay mo!
labad sa ulo, sakit sa tiyan ug pangapoy.
pipila lang na sa mga simtomas nga wa kay kwarta.","0"
"1723895290","3436605240492310961","0","pagbantay mo!
labad sa ulo, sakit sa tiyan ug pangapoy.
pipila lang na sa mga simtomas nga wa tay kwarta.","0"
"1723876067","3436443984652029077","0","Pagbantay mo! labad sa ulo, sakit sa tiyan ug pangapoy. Pipila lang na sa mga simtomas nga wa kay kwarta.","0"
"1723852974","3436250268600650585","0","sakit sa ulo sakit sa tiyan pangapoy sa kalawasan dili ka kalibang sintom na sa pagkawalay kwarta","0"
"1723846658","3436197279037777986","0","pagbantay mo!
labad sa ulo, sakit sa tiyan ug pangapoy.
pipila lang na sa mga simtomas nga wa kay kwarta.","0"
"1723815745","3435937964772124406","0","pagbantay mo!
labad sa ulo, sakit sa tiyan ug pangapoy.
pipila lang na sa mga simtomas nga wa kay kwarta.😪","0"
"1723813791","3435921571865508400","0","pagbantay mo!
labad sa ulo, sakit sa tiyan ug pangapoy.
pipila lang na sa mga simtomas nga wa kay kwarta.","0"
"1723785026","3435680273063089595","1","pagbantay mo!
labad sa ulo, sakit sa tiyan ug pangapoy.
pipila lang na sa mga simtomas nga wa kay kwarta.","0"
"1771899359","3839292168805165116","0","normalize cursing at someone who catcalled you 
(ang aga jusq po😩)","0"
"1771899247","3839291618126601985","0","the ang walang kwentang podcast episode w inah evans & krissy achino was so fun!! havent laughed like that in a hot minute lmaooo

also the pink rally crumbs from the last pres elections 😚🤌🏼","0"
"1771899244","3839291590385273116","0","Chattan ang mo react","0"
"1771899237","3839291529836513083","0","One Christmas season, we went in a cafe up in Baguio, then I saw this book, and super ganda tlaga ng content pagka browse ko, Immanuel ang una kong nabasa! Praise God to your life my little Emmanuelle, you are a reminder of how great is our God in our life and the He is always with us 🥹 Matthew 1:23 💖","0"
"1771666230","3837333373044345704","7890","Oh kay ganda mo Pulag.","0"
"1771899216","3839291354438934036","0","Ang gandaaaa 😍","0"
"1771899191","3839291144329643581","0","🚀 Launching HTTPxray-Mini
A single-file demonstration of the HTTPxray architecture designed for:

• Security researchers
• Bug bounty hunters
• DevSecOps pipelines

In 250 lines of Python it shows:

✅ Live disk streaming (zero RAM model)
✅ Multi-threaded scanning
✅ Redirect intelligence
✅ Security posture scoring
✅ Sensitive data flags

Why this matters:

Recon doesn’t fail because of missing tools.
It fails because of manual triage.
Try HTTPxray-Mini
https://github.com/ssecgroup/httpxray-mini","0"
"1771899055","3839290006767022523","0","It’s not that funny bug 😂","0"
"1771899044","3839289909165435352","0","wow!!! naka 200 plays ang  Tourguide ko ba.Thank you To all fallowers💞","0"
"1771898925","3839288911869436357","0","VLOG No. 308

Anong color kaya ang maasign per LT?Abangan...

RUNCAV YT VIDEO LINK : 
https://www.youtube.com/watch?v=0kgOWKFW_tg

Comment #faveLT sa YT Chamnel mg Runcav Management to make your votes valid.

#Runcav #RuncavManagement #RuncavEvents","0"
"1771898899","3839288694394157945","0","Breakfast at Chong Boon Market, Ang Mo Kio never disappoints 😜
So many good food stalls, great company, and a perfect start before the workday.
Have a nice day ahead ! Happy CNY Day 8!

#bondingtime #yummyfood","0"
"1771721813","3837803186413724727","0","Fresh build 🙂","0"
"1771899281","3839291896745493666","0","You’re a gold bug. You stack your wealth in physical gold and spend some of it on bikes. Anything that you can cover in gold you will.","0"
"1771899158","3839290869434563310","0","I have these two Rocker/Swivel Recliners for sale. November I paid $500 for them. I'd like $300 for the pair. We liquidated our previous living room furniture and bought these while we waited for our new furniture to come... It's ready to be delivered... So these now need to find a loving home!
Pet friendly, smoke free (have a wood stove), bug free home. I'll leave them here for a day before they go on marketplace.
We've kept them covered... As you can see from the comfortable cat, catnapping.","0"
"1771899155","3839290802619616219","0","Cash or Loan? Rented or owned? Bashers Acting Like Sila Ang Nagbayad!

#viralvideochallenge
#viralreelschallenge2025viralreelschallengejaiviralreelschallengeviralreelschallenge
#viralchallenge","0"
"1771899144","3839290732289314016","0","Tera ang sachcha 🫵👰🥹#❤️‍🩹🥺🫵🏻✨🔐_𝓶𝓲𝓼𝓼_𝔂𝓸𝓾_","0"
"1771898690","3839286937928116358","4","The injury bug continues to bite “The Vision” as Bronson Reed is the next man out of action of what’s left of this faction that’s being held together by duct tape at this point. At this point, I wouldn’t go out during a thunderstorm if I was in this faction. 

#wwe #wwenews #wweraw","0"
"1771898679","3839286847508496241","0","garabi daw mag kara utod mga utod akon kalawasan","0"
"1771898658","3839286677697799179","0","> opus 4.6 could not fix the bug
> codex could not fix the bug

It's time to read the code.","0"
"1771898654","3839286586035389677","0","Wow ang dami tourist dto may helicopter pa. 
#sightseeing #fyp #tourists #goodvibes #everyonefollowers","0"
"1771898650","3839286607888323203","0","Good job self bumaba din ang blood sugar mo
Walkaton lagi🚶‍♀️
2hours walking 🚶‍♀️ 
#ausomemomiemoudz 
#DM #diabeticlife","0"
"1771899420","3839293061898305669","0","Karon pako ka meet ug tao ingon ato ka maayo 😭😭😭 how to be you po agawn","0"
"1771898280","3839283496703562579","0","✨ GOLD EARRINGS PA-UTANG ✨

Kinsay gusto mo-utáng ug Gold Earrings? 💛
✔ 3 gives lang para dali rata maka-rolling
✔ Pang responsableng mubayad lang ta please
✔ Para smooth ug walay problema ang transaction

Mas maayo kung sure buyer ta para dali ra mahuman ang hulog ug maka sunod na dayon ang next 😊

Ipm ko 😍","0"
"1771896581","3839269248200545575","0","Hasta akong kalag gikapoy nag bangon ug sayo","0"
"1771881532","3839143012275032633","0","Nope, he is a filipino with a cebuano blood. Visayans especially the Cebuanos are very  well English speakers.","0"
"1771895704","3839261891717345715","0","Wala ko gisulti na dili Pinoy ang bata. Klaro ba kamao sya mag Cebuano. Kahibaw ko na daghang mga taga Cebu na smart jud ug maayo pud mag English.","0"
"1771894279","3839249940099585994","0","Sa barangay begia daghan jud ni sila dri ug grasya kung maayo lang panahon pirmi Kay daghan kaayo Ang mananagat . Ang mga tawo dri mga kugihan Kay Makita man Ang dakong kausaban sa tagsa-tagsa ka familya 😆 😅","0"
"1771890285","3839216440168289494","1","Ug kamo gi ampingan, maayo kay matuwg kog balik.","0"
"1771888810","3839204065822820797","0","Naunsa gud  ka maayo lang Ikaw mobato ug bati na storya pero ug bawsan ka dli pwede? Dli na USO ,Ron mobato ug bati, mamon Ang ibawos,., ur damn SHITT,.,.,","0"
"1771885728","3839178210890850920","1","Gi-bembang naku ug maayo sa bawd diri. 🤢🤮","0"
"1771888933","3839205093200236893","2","“Kon adunay mahitabo nga dili maayo o dili makapahimuot kanimo, hinumdomi si Kristo nga gilansang sa krus ug paghilom.” — San Juan sa Krus","0"
"1771887568","3839193641340651188","0","Ps 136:1-4: ""O pasalamati ang Ginoo kay maayo siya; ang iyang gugma molungtad hangtod sa kahangtoran. Pasalamati ang Dios sa tanang mga dios; ang iyang gugma molungtad hangtod sa kahangtoran. Pasalamati ang Ginoo sa mga ginoo; ang iyang gugma molungtad hangtod sa kahangtoran. Siya lamang ang nagbuhat ug dagkong milagro; ang iyang gugma molungtad hangtod sa kahangtoran.""","0"
"1771882704","3839152833229864971","257","She made a full slide deck with linked resources 👑🥰 I love women so much https://docs.google.com/presentation/d/1kVazMt25XbVZvH2C7TsJxXlyZULwE3dBWEAu8xGUgAY/mobilepresent?slide=id.p1","0"
"1771881906","3839146143600223876","0","Happy happy birthday sa akong o among amahan Leo Nuñez ..papa hinaut ug tagaan paka taas taaas ug maayo pang lawas kanunay sa atong ginoo ang ako ra gyud love isip anak ako madalit nimo papa wala koy material nga ikadalit nimo  o financial sa imong birthday basta ang importanty ang mahalaga 😂😂😂..bitaw papa amping sa health anunay ug salamat sad PAPA WE LOVE YOU PAPA♥️♥️♥️","0"
"1771880912","3839137813317777018","0","Nitambok ug maayo ug ni hugot ug dali hahaha","0"
"1771879686","3839127524983215091","0","✝ Micah 3:2

""Kamo nga nagadumot sa maayo, ug nahagugma sa dautan; nga nagalaksi sa ilang panit gikan kanila, ug nagakuha sa unod gikan sa ilang mga bukog;""

Bibliya
https://play.google.com/store/apps/details?id=sugboanon.nga.bibliya","0"
"1771750664","3838045209012427453","78","2028 President & Vice President:
President-Sec. Gilberto Teodoro 
VP-Martin Romualdez/Ping Lacson 
Senatorial Wish List
- Atty. Gerville “Bitrics” Luistro 
- Atty. Louise “Liza” Marcos
- Atty. Clarissa “Claire” Castro
- Atty. Leonor “Leni” Robredo
- Sen. Antonio “Sonny” Trillanes
- Atty. Edgardo “Sonny” Angara
- Sen. Risa Hontiveros 
- Sec. Vivencio “Vince” Dizon
- Gen. Nicolas “Nick” Torre
- Benjamin “Benhur” Abalos. Jr.
- Atty. Leila Majistrado De Lima
- Mayor Victor “Vico” Nubla Sotto","0"
"1771879572","3839126572339804489","0","Maayo pag Maglana mo ug Potot. . ! Bwahhahaha","0"
"1771842605","3838816469442987993","4","Kinsa man jud legit na food critique/vlogger diri sa davao uy 😩 🙄 gikapoy nako ug try tapos way lami","0"
"1771878917","3839121073213009026","0","Not throwing shade to food vloggers but your most honest restaurant recs come from people who actually paid for their meals. Ask around on threads if you want sone recos. 😊","0"
"1771849135","3838871242255044757","6","I’m asking some advice from men who has kids na and nag build ug family like me. What are your thoughts about this kind of man?

Iyang reason nga ni text siya ani para mangita siyag lain kastorya nga stranger sa panahon nga di nako siya tagdon. Iyang family and environment kay puros toxic and they tolerate and encourage cheating. We’re still building our family. Nangayo siyag chance to prove nga tinarong na daw. But im scared, I want to protect my peace. I had enough. 

Thoughts about this?","0"
"1771890058","3839214532900867121","0","Married ba mo? If dili mo married mas maayo imo nana buwagan. Pls don't normalize cheating. Ayaw e adjust imo self para niya.. mas maayo buwagan na nimo kay it will cost your peace of mind niya mag  balik balik ra na labi na lahi siyag mindset. Pangayoe nalang nag child support.","0"
"1771874790","3839086457202579274","4","Naabot namis point samong life nga ultimo mukaon, gikapoy nami. Tulog ug kaon ra gyu’y buhat namo diri sa manila. HAHAHAHAHAHAHA","0"
"1771874366","3839082893671580424","1","What went wrong ba? Di jud ko katulog. 
Niinom ug magnesium glycinate wa effect, niinom ug melatonin wa sad effect, nagjogging nako para kapoy ang lawas pero di japun kabati ug katulogon. Gipalayo na nako akong phone para iwas sa blue light, galurat japun ang mata for almost 7 hours. Last resort nalang nko akong check up this Friday. Hopefully mag work ang iprescribe sa Doctor. Gikapoy nagyud ko!","0"
"1771873820","3839078318491182802","11","ambot oy gikapoy nako suppress ani tanan nako emotions “be strong”, “ayaw pa da”, “don’t be emotional” fuck y’all ganahan ra ko moinom kuyog usa ka taw nga di ko i judge nga di pamaymay ug andam ra maminaw sa tanan kabug at nga gida da sakong utok ug dughan ganahan ko magawas nani tanan isang bagsakan 😭","0"
"1771871500","3839058855402589440","0","Gikapoy nako maayo ning kinabuhia.. Gihanokan lang ko ninyo problema. Wla mo masayod kong unsa ka buat ang akong problema karon","0"
"1771870480","3839050299206739794","0","sa una ragd mo maayo oyy","0"
"1771870394","3839049577232765057","1","Ge away nag maayo then hasta pa kaapoy gkan bball, ning kamot pantawn ug update ang melkt. Konsensya sad ta gamay. Gamay ra","0"
"1771867927","3839028879558681613","0","gifeel na nako ug maayo ang movie unya si diane wala diay kasabot😭 love naman HAHAHAHAHAHAHA","0"
"1771866874","3839020044358538473","1","Sagde lang ug sa panan-aw ug sa panultihon sa uban salbahis ka. Ang importante sa imong pagka ""dautan,"" buhong sila sa imong gugma ug ka maayo. 

#mamjekdiaries #GrowthThroughChallenges #mamjekrealtalks #mamjeklifelessons","0"
"1771866371","3839015833838577438","0","lord patas-i ug maayo akong pasensya, kay lami nakay ikumot ug nawng","0"
"1771896011","3839263408806679635","6","I’m not very good with video editing. But I want to edit coz I managed to successfully use the bug in this kindle 🥹✨❄️🩵💖

[Zayne’s voiceover dialogue was from his last event chapter]","0"
"1771895651","3839261446165584795","4","One of the best investments I made last year was Ouija. He’s such a cuddle bug. We talk back and forth often. He’s my fur baby.","0"
"1771895493","3839260085860869670","2","Punkin Pie Love Bug Baby Hopey Girl with her best buddy Moose. Our dogs play a huge part in our lives. Hope and Charlie have NEVER been invited to a part. They’ve never been included in a play date. So — as crazy as it might sound to some — their dogs are their best friends. So thankful for our furry family members. 🐶 #specialneedsmom #caregiverlife #doglovers","0"
"1771894060","3839248101928753887","8","Yesterday my big girl turned 13. 🩵 My NeaNea, my TootieBug, my KenzieBenzie. I love you more than words can express. I pray this new chapter takes it easy on the both of us 🥹 Happy Birthday my sweet girl 🩷🩷","0"
"1771893912","3839246861841201427","17","Wru Hannie bug 😩","0"
"1771892483","3839234872716355242","26","RIP Licorice. I am so lucky to have been your mum. You were the perfect companion, travel & adventure buddy, and cuddle bug. I loved you 1000x more than any of my boyfriends.","0"
"1771892233","3839232774062915565","9","Welp, almost made it a full year before having to call in sick for work, but here we are.  Finally caught whatever bug thats been getting around the last few weeks.  Luckily, went grocery shopping recently, got all the short films in before the congestion escalated, and I’m fully stocked up on healthcare needs.  Green & Chamomile Tea, Green Curry soup, berries, and BRAT diet to the rescue!  Cheers! ☕️","0"
"1771889776","3839212164293430628","5","June Bug likes to snuggle. 🥰 #siamese #cat","0"
"1771889090","3839206408188953104","11","bug bug bugssssssss","0"
"1771888338","3839200106986335934","50","Dear algo connect me to native plant gardeners, nature lovers, homesteaders, bird nerds, earth warriors, plant hoarders, habitat creators, and bug geeks.","0"
"1771889652","3839211127847219724","11","💖 My Precious Myrtle Turtle Bug","0"
"1771888396","3839200583928578164","0","Dessert39 at MOA. The best ang Milk Cake!!! 
#fyp #fypシ゚ #fypシ゚viralシ #facebookviral #love #trending #dessert39 #moa #foodie","0"
"1771887438","3839192549521204598","0","Kapoy na kaau akoa ♥️ bug at na kaau sa dughan...kanang gibuhat na ang tanan arun lang magka sundo mo ...pero tungud sa inyung mga garbo giyawaan ka....deli nka kaia og igsoon maonay inyung ipa bawn nko og mawala nkos kalibutan ..magbawn og kagool😭😭😭😭","0"
"1771886916","3839188161600004834","1","Idk im opssesed eith tiki tiki anf multimousse trend😭💗
Don't steal please..
#miraculous #miraculousladybug #ladybug #aftereffects 2021
#multimousse 
Follow for more and stay miracle!💗🐞
Bug Out!🐞
Ur Lady_charrm 🐞💗","0"
"1771886493","3839184627211334176","134","As a Pasigueño it is sohard to let you go @vicosotto . Pero for your growth we respect that. Pangarap mo talaga magsilbi at maging politician eh pero di para  sa personal na motibo. Nasa sa'yo na kung tatakbo ka pa after the break or hindi na.I respect both of you  and Ma'am  Leni, baka lang naman 🌸💙. Todo na ang suporta namin. Mas marami na ang mga kabataan na hindi madaling ma-uto at mabulag.","0"
"1771884873","3839171037950403593","30","We found out today that our lovable, energetic, and snuggle cuddle bug, Nicki has a cancerous mass in her small intestine. Even with surgery and chemo the life expectancy is low. 
We decided to keep her as happy and as pain free as we can until there are more bad moments than good moments. 
I will not let her suffer, but my heart is broken knowing her time with us is so limited 💔 😔 😢","0"
"1771883366","3839158394129884556","11","We don't have money for so many things to benefit our society, but we're using your tax dollars and mine to fly that bug-eyed cash Patel to the olympics?  Why is there any reason for the FBI director to be there?","0"
"1771880194","3839131790623664856","5","If you’re okay with how those men partied with the little bug eyed unqualified weasel who flew there on the taxpayers’ dime to pretend he was the big man on campus instead of doing his job—if you’re okay with how they let that fascist tub of f*ck speak about the women’s gold-medal winning Olympic hockey team, please allow me to inform you: 

It’s you.  Hi.  You’re the problem.  It’s you.","0"
"1771883665","3839160900788565916","1","If the hockey bug got you this Olympics, a gentle plug for @thepwhlofficial 
The league, teams, and players are pioneers, and better than ever. 
If you are outside a market, games are available to watch on YouTube.
This Angeleno is following @victoire_lphf.
Enjoy.","0"
"1771880186","3839131723230208475","6","He’s still miserable. Some gastro bug probably","0"
"1771878780","3839119922069006902","9","Insect net, bug books, and camera packed. We're off to Borneo to teach insect ID in the jungle! 
And also to begin the quest to find a velvet worm... 🪱

Can't quite believe I have the luck to do this! 

#borneo #expedition #expeditionvelvetworm #jungle #rainforest","0"
"1771878412","3839116654781468989","83","From leading at Sacred Heart Hospital to surviving in the wild, Zach Braff and Donald Faison learn that adaptation is everything.

America's National Parks and A Real Bug's Life are now streaming on @DisneyPlus, and don't miss the brand new season of @scrubs premiering February 25 on @abc and stream on @Hulu.","0"
"1771877499","3839109182042257172","310","There was a time I was in such grief, I went and seen my Great Grandmother at her gravesite, While I was cleansing her headstone and my Great Aunt headstone, I heard a voice that told me to come sit with them. I looked over at an elderly woman motioning me. I sat with her talking about my things to get advice, I got prompted to clean the headstone in front of me. Not saying much, she said what I was using smelled good (I made the cleanser).","0"
"1771877499","3839109183183062564","249","I felt myself get lighter and happier, then the elder told me to take care of my heart. She looked like she had to be every bit of 80+ but active, slightly bent over. I heard her say “you’ll be alright” and felt like a hand was on my shoulder. I looked up and nobody was there, I was out there by myself and a lady bug was on the headstone of the stranger’s headstone that I cleaned. (The type of ways I’ve encountered spirits, I tell ya)","0"
"1771835306","3838755235474024868","60","Imagine, naa kay bachelor’s degree, board passer with high rating, unya wala gihapon ta’y work ani. Been Applying to Government Agencies especially entry level positions since October last year, been to a lot of interviews and pre-qualifying exams yet wala gihapon nag land into job offers. Kapoy kaayo sigi’g do well every interviews unya ang tagaan ug offer kay katung naay mga kapit hahaha

This is so frustrating, Kapoy na kaayo’g tuo na there are greater things for us—hirap maging mahirap.","0"
"1771875012","3839088317787488566","0","Sa una mutuo ko anang kapit2 pero sukad nakasulod akuang misis sa national govt nga iyaha rang paningkamot mas bug-at gihapon king naa kay experience kaysa naay kapit. In one year plantilla na siya. Naunahan pa niya ang uban nga dugay na nagapply for regular position.","0"
"1771861124","3838971814828194232","0","eye bug's ang nagdala.. 😂😂😂
trademark ng isang ofw.. 😁😍
#OFWHONGKONG 
#ofwlife 
#OFW","0"
"1771860356","3838965373911815641","0","Ihilak nalang gyud ang tanan sa ka bug’at sa gabation.","0"
"1771855260","3838922624106386831","0","NAKASA NA, Magkaalaman na Kung Sino Ang Tunay na  Malakas sa Court""😱🔥

  ALGA 🔥 🆚️ MELGAR🔥

ABANGAN ANG BAKBAKAN NGAYONG LINGO👀👀

📌SUNDAY, 01 MARCH 2026 @1PM 
VEBUE : BUG-AS ANTIPOLO, ESCALANTE","0"
"1771899359","3839292168805165116","0","normalize cursing at someone who catcalled you 
(ang aga jusq po😩)","0"
"1771899247","3839291618126601985","0","the ang walang kwentang podcast episode w inah evans & krissy achino was so fun!! havent laughed like that in a hot minute lmaooo

also the pink rally crumbs from the last pres elections 😚🤌🏼","0"
"1771899244","3839291590385273116","0","Chattan ang mo react","0"
"1771899237","3839291529836513083","0","One Christmas season, we went in a cafe up in Baguio, then I saw this book, and super ganda tlaga ng content pagka browse ko, Immanuel ang una kong nabasa! Praise God to your life my little Emmanuelle, you are a reminder of how great is our God in our life and the He is always with us 🥹 Matthew 1:23 💖","0"
"1771666230","3837333373044345704","7890","Oh kay ganda mo Pulag.","0"
"1771899216","3839291354438934036","0","Ang gandaaaa 😍","0"
"1771899191","3839291144329643581","0","🚀 Launching HTTPxray-Mini
A single-file demonstration of the HTTPxray architecture designed for:

• Security researchers
• Bug bounty hunters
• DevSecOps pipelines

In 250 lines of Python it shows:

✅ Live disk streaming (zero RAM model)
✅ Multi-threaded scanning
✅ Redirect intelligence
✅ Security posture scoring
✅ Sensitive data flags

Why this matters:

Recon doesn’t fail because of missing tools.
It fails because of manual triage.
Try HTTPxray-Mini
https://github.com/ssecgroup/httpxray-mini","0"
"1771899055","3839290006767022523","0","It’s not that funny bug 😂","0"
"1771899044","3839289909165435352","0","wow!!! naka 200 plays ang  Tourguide ko ba.Thank you To all fallowers💞","0"
"1771898925","3839288911869436357","0","VLOG No. 308

Anong color kaya ang maasign per LT?Abangan...

RUNCAV YT VIDEO LINK : 
https://www.youtube.com/watch?v=0kgOWKFW_tg

Comment #faveLT sa YT Chamnel mg Runcav Management to make your votes valid.

#Runcav #RuncavManagement #RuncavEvents","0"
"1771715882","3837753434871861980","0","I never said the church should release a public statement. You’ll know when the church steps in. Correction and rebuke do not always happen on a stage.

A healthy church addresses conduct, reflects on it, and calls its people to accountability when needed. That does not automatically mean public condemnation.

I’m not sure where in my statement it says the church must publicly rebuke Alvin. My point is about responsibility and spiritual guidance, not spectacle.","0"
"1771899286","3839291939997529961","0","Okay, thank you for the clarification. If I may accede to your request, the wrong impression is implied from these phrases: ""nasaan ang pastor o core leader nila?"" "" bakit parang walang spiritual authority na nagsasalita?"". I appreciate your response so it's less confusing for those reading our conversation in a public platform. Thanks again! Have a good day! :)","0"
"1771721813","3837803186413724727","0","Fresh build 🙂","0"
"1771899281","3839291896745493666","0","You’re a gold bug. You stack your wealth in physical gold and spend some of it on bikes. Anything that you can cover in gold you will.","0"
"1771899158","3839290869434563310","0","I have these two Rocker/Swivel Recliners for sale. November I paid $500 for them. I'd like $300 for the pair. We liquidated our previous living room furniture and bought these while we waited for our new furniture to come... It's ready to be delivered... So these now need to find a loving home!
Pet friendly, smoke free (have a wood stove), bug free home. I'll leave them here for a day before they go on marketplace.
We've kept them covered... As you can see from the comfortable cat, catnapping.","0"
"1771899155","3839290802619616219","0","Cash or Loan? Rented or owned? Bashers Acting Like Sila Ang Nagbayad!

#viralvideochallenge
#viralreelschallenge2025viralreelschallengejaiviralreelschallengeviralreelschallenge
#viralchallenge","0"
"1771899144","3839290732289314016","0","Tera ang sachcha 🫵👰🥹#❤️‍🩹🥺🫵🏻✨🔐_𝓶𝓲𝓼𝓼_𝔂𝓸𝓾_","0"
"1771898903","3839288730767698052","0","My love bug! 🥰","0"
"1771898899","3839288694394157945","0","Breakfast at Chong Boon Market, Ang Mo Kio never disappoints 😜
So many good food stalls, great company, and a perfect start before the workday.
Have a nice day ahead ! Happy CNY Day 8!

#bondingtime #yummyfood","0"
"1771898690","3839286937928116358","4","The injury bug continues to bite “The Vision” as Bronson Reed is the next man out of action of what’s left of this faction that’s being held together by duct tape at this point. At this point, I wouldn’t go out during a thunderstorm if I was in this faction. 

#wwe #wwenews #wweraw","0"
"1771892421","3839234303784625531","0","Namaklid pa. Nindot jud ang pamati basta maka baktas2x bisan kadali lang oi.matandog atong kaunuran. Labi na sa akong anak. Dako kaayog tabang ang simply nga walking. #ausomekid","0"
"1771888104","3839198139799284055","1","Kapoy pala ning ingun ani nga pamati","0"
"1771887695","3839194704278833298","0","Kalami sa pamati mahatagan og makadawat ta eng ani ka daku oi ♥️🤗 Salamat maam nikki,more blessings for you to come🙏 blessed us all

#jonamaefabremamaran #yangcal #thankyouforyoursupport #thankfulgratefulblessed #happy #couple","0"
"1771885703","3839177992501302534","0","Yeheee..Ohahay..kanindot sa pamati pagmata nimo kani imong makita wala ko ga expect kay lingaw lingaw raman gd ni akoa gilingaw lang nko akong kaugalingon kinsay magdahom mao na diay ni. Gamay pero 1st tym ko kadawat ani salamat uncle Meta nakatilaw nako daghan kayo salamattt😘🫂nindot sa pamati kanang dka magdahom ba kaysa mag expect ka masakitan rka. Karon lingaw 2x ra gihapon ni akoa pawala sa kalaay.. Salamat uncle M. Ha😘","0"
"1771883048","3839155723339791997","0","Pamati","0"
"1771859132","3838955108781198108","0","lami nas pamati nga kabalo najud ko unsa ni akong gibati nga sakit","0"
"1771848035","3838862014173816566","0","gaka lumos man tas ani nga pamati","0"
"1771847168","3838854741988892879","0","Agisss ka hilassss pamati nku makaadto nkug H**** THIS YEARRRR!!!!","0"
"1771887242","3839190907728194011","0","Grabe ang diet nan ini na babaje 🤣 just imagine ang rice every meals isa ka luwag but this is enough for me kay dako na tabang for my cholesterol..
For 59 kls. - 57 kls.  rakan kagaan sa aq pamati
let's have early breakfast mga dzai","0"
"1771881147","3839139774784210867","0","Cge tag post Ang earnings nagkaubos pula pa jd..may pa ilimpyo Ang time ky sa cge post hayahay pa imong pamati, pero atik ra hehe. , wad an lng kog gana ug medyo kapoy pa..go go lng ta ingon aning owls oh .start nkog palit ug bulak for spring season. Let’s grow
#followersreelsfypシ゚viralシfypシ゚viralシalシ #followersreelsfypシ゚viralシfypシ゚ #starsenderreels #engagementisthekey #luckyplant","0"
"1771825047","3838669180517868955","0","arang nagyd gamay ang pamati ni aart, may untag dinani mag hasol","0"
"1771821208","3838636978817127844","0","laina bayas akong pamati oi","0"
"1771818414","3838613540425665255","0","Everytime inig birthday nako ba gaka sapoton jud ko do tas naay mahitabo sako kanang hilanat or lain pamati HAHAHAHA YAWA UNSA MANI? 

Nya last yr ge sapot jud ko ni engr kay nasapnan nag binoang wala jud nagpa hibalo minatay!","0"
"1771804942","3838500529165357323","0","Too afraid to sleep bc I don’t wanna wake up sad again. I just wanted to feel the sadness overnight, my heart is aching and I’m just trying to ease the pain that I felt. Lord tabang bugat ako pamati. 😭","0"
"1771866733","3839018870187982942","0","We'll done for tonight Walk 🏃 

I got 10k steps for just 1h and 15 mins
6.83 km

Bsta mka quota na everyday ok na kaau pamati 💪🏃🏃
Ugma na pod puhon
#dailyroutine
#walkingexercise #facebookviral #facebookpostシ #highlights2026","0"
"1771856409","3838932254556425660","0","ayay bisan unsa nalang e post kay ulan man dili ka lakaw lakaw salig nalangko edit ani.
good night mga lods kay murag galain ang pamati nko.
#everyoneactive #forthecontentpurposeonly #everyoneシ゚viralシviralシfypシ゚viralシalシ #hilights","0"
"1771843995","3838828121823925620","0","Ka gana nalang gyud sa pamati aning palangga ta sa atong manghud, fresh from punuan. From quezon to mc,
Salamat manghud JezreelDave-Zhiara Cabilan Fabriga Tablada , mao gyud ni paborito sa imong kuya, and salamats Lovelizamerry Cabilan Fabriga Julirio sa pagdala , yeah 😅😆.","0"
"1771627853","3837014993007741259","0","Good morning, 🤗 don't mind the background because its to hard to explain waahh😅🤣 pamati ko ine nga kape expired na napa English 🤣🤣","0"
"1771616787","3836922168027083534","0","abi nko after adto na day is kaya nko i handle, lowkey ng start nko og ka scared bai like starting point nba to? ky y do i feel like this mn like its bothering me na. dyun krun? joking na hatagan nmo og girl like wtf nag share kas part nmo na how rlly rlly bad imo past about girls and like g joke time nimo sa akoa na naa sab kos issues about cheating not saying na perf. gf kos past nko pero bai ambot numb ky ako pamati rn and cant talk to u about ani :))","0"
"1771590373","3836700591679055071","2","kabug at bas pamati🥺","0"
"1771533975","3836227456261805809","0","Kwentong tropa sa baso🤣😂🤣😅 very good ni si Monotoon Meng 😹 ga  pamati gid#followmyviewersandnonfollowersandfollowers #followersreelsfypシ゚viralシfypシ゚viralシ #goodvibesonly","0"
"1771859159","3838955330449958413","15","Naa dire nagluya huwat kinsay mo chat","0"
"1771821708","3838641173599258378","1","Nagluya ang eabab 🩸","0"
"1771818641","3838615445259260439","0","nag-luya lagi ka langlang? kay wako ka tuwad? mo tuwad nako karun langlang, hahaha","0"
"1771759701","3838121016217016296","0","daw nagluya man ko ba mylabs Marie Tulanda Songcog ...basta halong kaw pirmi bisan diin makadangat kalibutan ta migahay ta mn gihapon..safe travel mylabs🥹","0"
"1771672708","3837391266443279626","0","Nagluya ang Bebe na Kay gi Indian pana man😂

Manihapon ta ninyo guys😋

#weekendvibes #dinnertime #fblifestyles","0"
"1771459574","3835603371525590210","0","sayuha nako nagluya oi diko ani","0"
"1771325245","3834476534384802471","5","sober na kaayo nagluya nako","0"
"1771172017","3833191164086794265","0","nagluya man HAHAHAH","0"
"1771639734","3837114637431904388","0","Kamo diha Wala mo nagluya🤣
#highlightseveryone","0"
"1771147458","3832985152625006726","0","sorry lord nagluya di ka simba","0"
"1771120520","3832759183104799789","0","Kinsay nagluya pagmata tungod sa valentines day ...","0"
"1771103894","3832619711155360077","0","Nagluya na ang all","0"
"1771008524","3831819692563558913","0","Diri nagluya ang tana.. 😂😂😂","0"
"1770975455","3831542281867081909","0","Kalalaking tao nagluya bading","0"
"1770966050","3831463393098934714","0","Nagluya Ang person 😂😂😂 perting hawoya","0"
"1771383617","3834966195637026955","1","If nagluya ka, Taho is a must 🥰","0"
"1771178078","3833242009117829381","39","ywa ay lami nakay ilaag ba magpadagat o asa man. afford raman ta nako no pero maka ubos kaayos social battery ug mangagda kas tawng magluya di mosabay sa energy","0"
"1771205391","3833471132360683521","0","Nagluya na ma'am kay wa pa ka eekaber sa VD..","0"
"1770908455","3830980252949349288","0","Nagluya man gali ang kwartahan, ako pa kaha nga puno ko sa utang. 🥺","0"
"1770898502","3830896756914357833","0","Nagluya man gane ang kwartahan, ako pa kaha nga napuno kos utang.","0"
"1770884820","3830781983316952960","0","Na judge ko kay nagluya ko while ga play pickleball hays haha d rako mahurt coz I find it funny lang jud 🤣","0"
"1770778798","3829892604138540856","1","Unsay nagluya?","0"
"1770773987","3829852246561045448","0","Nagluya naman ta ani
Need nakog lambing sa uyab

React ning basher ron😐","0"
"1771899428","3839293133344082662","0","""Isang masayang kwento ng paglalakbay at pagbabahagi ng mga tanawin dito sa alibihaban!bilang isang content creator,layunin kong ipakita sa inyo ang ganda at saya na makukuha natin sa mga simpleng lugar dito sa ating bayan.tara na't samahan natin ang isa't isa sa mga bagong paglalakbay!📸✨"" #fblifestyle #pinoycontentcreator #contentcreatorph #alibihabanvlogger","0"
"1771899408","3839292965865583887","0","Finally nakabili na yung dating cameraman ko ng brand new car from his retirement money. Gagamitin raw nya para sa TNVS. 
Pero ang labis na nagpahanga sakin, nilagay ni Kuya Boy sa ""fixed income securities"" ang sobrang money. Isa itong passive income kung saan may sure returns&very minimal risks. Kaya taon-taon may ineexpect si Kuya Boy na income from interest and may insurance pa na kasama. 
Its never too late to start building our wealth. Walang ""huli na, or matanda na para mag ipon ka pa.""","0"
"1771899406","3839292947477501685","0","Na rush ang makeup tapos na cancel ang klase🤦🏻‍♀️","0"
"1771899383","3839292752476512083","0","hindi na ako natutuwa sainyo, lagi na lang ganyan ang ginagawanyo 🤬","0"
"1771899315","3839292180993913219","0","Iba na naman ang cravings ko haha hays wala kasing pambili 😂😂😂","0"
"1771899256","3839291690906256031","0","nasabi nang na-hospital nga ang kapatid, bungol 'yan?","0"
"1771899238","3839291539022339736","2","VIRAL SA SOCIAL MEDIA:Umani ng simpatiya online ang Baby macaque na si ""PUNCH"" Matapos kumalat Picture kung saan  tila niyayakap  at tinatrato nitong ina ang isang stuffed toy matapos siyang  iwan  ng kanyang  tunay na magulang""

#highlightseveryonefollowershighlights 
#goodvibesonly 
#BabyMonkeyViral","0"
"1771899221","3839291391214558298","0","FR. FLAVIE PINAGTANGGOL ANG MGA NAGBEBENTA NG DR* GA DAHIL MAY MABUTING INTENSYON ANG MGA ITO

Iginiit ni Flavie Villanueva na hindi dapat agad ituring na dr* g add *ct ang isang tao dahil lamang sa pagkakasangkot nito sa pagbebenta ng ilegal na dr*ga.

Ayon sa pari at human rights advocate, may mga indibidwal na napapasok sa bentahan ng dr* ga dulot ng kahirapan, pamimilit, o kakulangan ng oportunidad, at hindi dahil sila mismo ay gumagamit.

#ccto","0"
"1771899144","3839290754301244479","0","K. Sabihin ko din magnanakaw at drug user ka tapos patayin na din kita. Wala akong proof pero may conviction ako na magnanakaw ka at drug user. Bet.","0"
"1771899456","3839293367939698094","0","Masabi mo lang na tama kuno ang statement mo. He's a Filipino he should be judged through a Filipino court. End of discussion.","0"
"1771899366","3839292610213401487","0","Good morning mga Kapuso at Kapamilya 
Maging magalak kahit sa simpleng bagay. Sila po yong masisipag, maganda at guwapo na staff ng CLTV 36. Ang ating katuwang sa pagpapalaganap ng mga impormasyong programang Pangisdaan para mapabilis na ipaabot sa ating mga  mamamayang Pilipino lalong lalo sa sektor ng Mangingisda. #highlightseveryone #hastagfollwers","0"
"1771856785","3838935385032445855","13","Throwback 🤣🤣
#cttocredittotherightfulowner","0"
"1771899301","3839292064442464137","0","Iba ang ginagawa nila sa sinasabi nila so malamang mga sira na ulo nila","0"
"1771899192","3839291120388522795","0","Ang sarap uminum ng buko juice kalong lalo na pag mainit ang panahaon
#bukojuice","0"
"1771891707","3839228364440450514","221","kamo gyud dapat ang bakunahan , tanawa ng  imong kaugalingon 😡","0"
"1771899174","3839291005498175475","0","Malaki ang bayad
Niyan! Di bale matalo or manalo
Bayad na.🤨","0"
"1771899170","3839290969292343720","1","Ang aga aga tinoyo na naman ako haha","0"
"1771844100","3838829007861924950","28","Bakit parang may migration ng mga political warriors dito sa Threads? 😭

Akala ko ba safe space lang to for random thoughts, soft launches, gym progress, at “what ulam?” updates… bakit may biglang nag-aaway tungkol sa DDS at Kakampink?

Beh, wrong app. Iba layout dito. Iba ang algorithm. Iba ang vibe.

May dalawang platform na kayong ginagawang coliseum. Baka naman pwedeng dito soft era lang muna tayo? 😂","0"
"1771899164","3839290918357419270","0","Matagal napo nag umpisa ang away dito nung election palang bbm vs leni. Nakakainis nga eh tahimik dito nalaman nung isang kulay na may mga tao din pala dito na nang didiscuss nang politics pero very limit lang hala dumami na tuloy pero atleast hindi kasing toxic dun sa X pero ngayon parang toxic na","0"
"1771877998","3839113359727842226","2401","Nicholas Kaufman - Ipinilit nya na 100 innocent si FPRD. At sinabi ring nya na ibinalik ang tatay digong ng mga filipino.👍","0"
"1771899163","3839290911285479088","0","SYEMPRE DEFENSE LAWYER NYA YAN,IPIPILIT NA INNOCENT ANG CLIENT NYA!BOBOTERTE MO!","0"
"1771892468","3839234750033426366","20","DDS utak defense lawyer ni karton nahawakan na! 😂😂🤣🧠🤏 Wala na mahina na depensa nila kaya kung ano pinagsasabi!","0"
"1771899148","3839290782922687054","0","Isa lng yung sa ipinakita ni HOPEMAN.... MAY MGA PRINISENT SYANG DEPENSA....ANG JUDGE ANG MAY HAWAK NG KASO AT CLA LNG ANG MAGDDCSION NIYAON HINDI CNO MAN SA COMENTADOR DIYAN NA MAY PINAPABORAN.... Hups","0"
"1771898679","3839286847508496241","0","garabi daw mag kara utod mga utod akon kalawasan","0"
"1771894334","3839250402605252516","0","kasakit sa akoa KALAWASAN oist 😭😭😭

ngano man niii???","0"
"1771893220","3839241056814780677","0","Nangapaslot na Ang tiil dumagan...
Live in healthy way Kay daghan na ug sakit2 sa kalawasan.","0"
"1771879185","3839123321032782411","0","grabe kasakit akng kalawasan, first time nako maka experience ug natural labor, grabe ga sore gyud ang everything 😭","0"
"1771866090","3839013476195610353","2","Kalamii e pahilot tibuok kalawasan 🤦","0"
"1771864981","3839004173471409861","0","Sakitas kalawasan","0"
"1771862092","3838979937918882118","1","Ako lang ba? 27, diagnosed with PCOS, mens going back to regular but not consistent, very rare dismenorrhea and if ever naa bearable ra. And recently, if it’s about the time of the month, grabe ka sakit sa ako kalawasan. Akong mga tiil murag mo numb na kadugayan, and akong back pain is worst. 😭","0"
"1771836206","3838762783342220376","0","Available!!!!

FlanaxACE

Sa nga ngsakit kalawasan diha FlanaxACE lang katapat niyan.😉😊","0"
"1771827008","3838685629832671280","0","3days duty, pero tagpila ra ka oras ang sleep. Krn naningil ng lawas mo kurog nlng kalit ang kalawasan hahHhahahaha","0"
"1771857385","3838940453018934188","0","Ngano maning broken man?","0"
"1771873009","3839071516814915012","0","sakit ang kalawasan ate 😂🤣","0"
"1771857045","3838937597620111597","0","grabe ang kapoy sang kalawasan, indi gd madala sa Enervon yah HAHAHAHA😭","0"
"1771853513","3838907967941371521","0","therapy kaayo nako si b2 ug reybak wagtang tanan homesick sa kalawasan","0"
"1771845522","3838840934440874664","0","sakit akong kalawasan 😭 last na bitaw ni na pe","0"
"1771803463","3838488119218443178","0","sakitas kalawasan oich","0"
"1771691886","3837552145147870480","0","sakitas kalawasan","0"
"1771388140","3835004138904837402","0","Back to court ...this time CM Wildcats
Nanakit apil akung kalawasan kai nagshooting2 man.  Ahay

#grind #meeting #contentcreator #basketball","0"
"1771841729","3838809119562876799","0","Mao gyod ni akong di ganahan, kay pagsakit sa tutonlan, atake dayon ubo, sip-on, sakit ulo, sakay dayon tanan sakit sa kalawasan 🥲","0"
"1771837183","3838770937840244180","0","For CHARITY ❤️ grabi sakit ng kalawasan ko kakabuhat nyan kagabi aguy😌hilot plz🙏 hihi peru ok ra kayanin😁😁😁 #highlight","0"
"1771817377","3838604835407697888","0","Kada buntag nalang man Ning pamaol oi, kasakit bas kalawasan, forever nalang ba jud cguro ko ng in ani🥺","0"
"1771771732","3838221943409593808","0","ang ending di katulog ug sakit ang kalawasan hahys","0"
"1771595953","3836747375449117953","0","Flight 017

First indoor flight kurog tanan kalawasan. Practice2 ra ni atoa. 

Nag gate crash rata. Heheh

Kasalan ng Bayan Moalboal. Congratulations all couple.

#jorencoronel #DJINeo2 #joyrenmoments","0"
"1771226105","3833644887166771309","0","first and last hike nato grabe kasakit sakong kalawasan rn gibahak","0"
"1771169949","3833173822829451177","0","Paita  oi sakit kalawasan","0"
"1771169392","3833169144561206754","0","Kasakit skong kalawasan💔","0"
"1771146263","3832975125537588732","0","Kapoyas kalawasan uy. Wanna burst this outttt!","0"
"1771899107","3839290439107550804","0","tugnaw kaayo do huhu, palambing behh😌","0"
"1771898309","3839283318504799674","12","Jom lah kita gi ke laut.. Cari rezeki.. 
When I don't have  nothing.. Then I go to find something.. That's usaha🙂 🙂 🙂 🙂","0"
"1771897522","3839277147408537351","0","murag early lage mercury retrograde nag take effect ron bwahahah. 💨 🫧","0"
"1771896980","3839272596898689515","0","Dumating na sya . 🥰 Love it piro murag luag piro carry ra . No more rent 😊","0"
"1771896425","3839267934846271375","2","Good morning 9.25 am. But I'm still lying in the bed, kung naa lang si daddy aw ng laag na pud unta sa gawas😍😍 ng coffee lang Wala pang breakfast oks na. Tugnaw man gud, nya burag kapy man mag gawas😁😁
#realtalk 
#relax 
#ThankYouLord 

Hyatt Regency Hong Kong, Tsim Sha Tsui 
@chung king mansion","0"
"1771895610","3839261106980971750","0","Happiest birthday little one ❤️ Dalia ras panahon murag bag-o paman ka nako gi anak karon hasta nang bugoya bataa. Master na kaayu mag drama2 jud ❤️ We love you sooo muuuuch langga ikaw jud nagpaka completo sa akoa way kabutangan akong gugma nimo nak ❤️🎊🎈💕","0"
"1771892204","3839232532907405238","36","Usap nga tayo saglit, mabilis lang,

Nahihiya ako itanong to e, pero dahil gulong gulo na kami dito sa baranggay namin, itatanong ko lang saglit

Ano ba talaga ang SITUATIONSHIP?

Paki nalang ha, gigil ako sa salitang yan e,

Tito Pol","0"
"1771894713","3839253581200000204","1","Short on commitment, murag kamo pero d. Ayayayyy","0"
"1771894270","3839249867085142866","0","good morning maligo ko dli tugnaw man kaayo🤣 🤣","0"
"1771893893","3839246704521207067","6","balik tag cdo oy tugnaw ra kay diris bukidnon","0"
"1771893647","3839244633423057143","2","As a GI oncologist, I get excited about good science, but I’m careful about overinterpreting it so let’s talk about this new headline! 

The real takeaway here is not “virus causes cancer.”

It’s that strain-level microbiome differences may distinguish colorectal cancer states.

That’s biologically intriguing. It could inform future biomarker development. But this was largely cross-sectional data. Timing is unclear. Causality is unproven.

In oncology, interesting does not equal actionable.","0"
"1771892070","3839231406971689930","0","ting tugnaw nasad, ting hikap napud ug??","0"
"1771891669","3839228049111487950","9","Anybody have some wholesome pictures/GIFs/memes of the boys? Having a really rough day and could use a good laugh or smile. 🫶🏻 Pic of my Ddeongyo and DDEONGbyeoli plushies for tax. Thanks in advance.","0"
"1771888450","3839201043213951234","0","Note sa akong pinsan. 

Me: ka pangit nimu mag English uy. Mali imong preposition. Dapat “at the home”
Sya: ay mali diay? sige ilisdi lang na.

It’s a tie. Wala po tayong winner for chudays vidyo guys. 
HAHAHAHAHAHAHAHAHAHAHAHAHAHA","0"
"1771894919","3839255312558334094","1","Murag, at home rman tali. Not at the home???","0"
"1771809211","3838536338135657311","11","Good morning kidapawan 😍💛","0"
"1771894827","3839254534162675831","0","Blurd murag japan","0"
"1771804517","3838496963075935176","763","Anyone wear a not white wedding dress? Can I maybe see it? 

If it’s not too personal…do you have a reason or just that a different color is more your thing?","0"
"1771894679","3839253297345646576","8","Mine was based on my GI Joe cosplay.  After my divorce, I wore it to casino night at GI Joecon.","0"
"1771892708","3839236758910903425","510","aaron: posts about a legal issue in our wheelhouse.
me: you may be able to XYZ.
his parasocial fan club: AARON IS A LAWYER!!! HE KNOWS WHAT HE’S DOING!!

here we go.

1) I’m also a lawyer, so I’m not sure what point you’re trying to make, Carol.

2) Lawyers don’t magically know every area of law. I’d previously seen Aaron does securities litigation, which is… not this.

3) I knew thousands would see the comment. It’s at 56k views. 99% of those people didn’t already know about that recourse.","0"
"1771894672","3839253239036779144","26","Good grief, lawyers are like doctors-there's family medicine, internal medicine, pediatrics, GI, cardiology, endocrinology, oncology, etc. People have zero discernment, critical thinking skills, or reading comprehension any more.","0"
"1771756796","3838096651060460420","0","Gi harvat nimo si Waddy Junjun NOOOO 😭","0"
"1771893010","3839239291340565419","0","Hoay asnik nmn sad naa murag ikaw guro tua hmm","0"
"1771892015","3839230946126841729","0","Jaketan sa nato KY Morag tugnaw na!🤭
#keepmovingforward2026 
#highlightseveryonefollowers2026","0"
"1771891389","3839225700369148287","1","Brazilian top team Schaumburg kids running class every Monday Wednesday and Fridays  05:15 PM to 06:15 PM

Kids Brazilian Jiu-Jitsu (Gi)","0"
"1771891283","3839224809290470143","0","Good morning bebeloves 🤭🫰😘❤️😀 Dean Johann Divinagracia Abuyan  way tugnaw?😂
#padagat🌊
#cousinbonding","0"
"1771890888","3839221459810988169","0","Murag sa Looc oi!","0"
"1771890411","3839217496923195218","9","@borahaevan Vannie!!! Thank you so much for my Valentine 🥰🥰 I love my NamGi goodies and especially the sweet postcard you made!❤️ 
And lmaooo the Bruce+Maple photocards 🤣I cracked up when I saw them.
They’re so darling I love it 🥺🥺 sorry they aren’t all in the photo my daughter took some for herself lol.
Thank you so much, sweet friend and I can’t wait to hug you in LA! 💜💜","0"
"1771891718","3839228431717006831","0","Romantasy Paint Night: Paint dreamy, fantasy-themed pottery, sip on sparkly drinks, and complete the night with a cozy book exchange with romantasy girlies. 🥀✨🗡️

March 6th, 5PM at Both Locations

#romantasy #fourthwing #acotar #potterypainting #girlsnight","0"
"1771891223","3839224190738784896","1","Meet LYV Rosé from Languedoc, France — a 90-point rated French rosé that delivers serious flavor without the premium price tag.

✨ Tasting Notes: Fresh strawberry and raspberry lead the way, layered with subtle red currant and a touch of minerality. The palate is smooth, vibrant, and easy-drinking with a clean, refreshing finish.

🥂 Why It Belongs in Your Cart:
Perfect as an aperitif, ideal with grilled seafood, salads, charcuterie, or light pasta dishes — and easy enough to sip on its own.","0"
"1771889926","3839213420227675068","0","Talaka sng sip on daw pareho simo nami e singha!","0"
"1771887757","3839195191455082305","1","Mag settle nata kay mo out na😂

Gatubod ang ilong kay gi sip-on ang bitch. Gapasaya2 man sa ulan. Gi pa sulabi man ang ka maldita, mirisi.","0"
"1771887424","3839192433649265711","0","Wa mn unta koy ubo...
Wa sab koy sip-on...
Pero,na unsa ba...
Grabe mani akong gibati para nimo 🫢","0"
"1771883641","3839160698211498161","1","Boba fresh, wherever the day takes you 💙🧋 Sweet lychee, smooth oolong, and popping boba—ready to go when you are

Pop it open and sip on the move ✨

#BobaFresh #OnTheGoSips #PoppingJacky #Possmei #Lychee","0"
"1771882238","3839148708869572751","0","Get ready for our maxwellsclothiers Bespoke Custom Tailoring Event! ✂️🧵 Join us at TSC Wetclean on Saturday, February the 28th, from 9am-3pm.

Sip on the finest espresso from orocaffecan and treats from @sanremobakery while you tailor your style to perfection! ☕🧁

Location: 801 Dundas St E, Mississauga, ON

Don't miss out on this chance to elevate your wardrobe!

hashtagTSCWetclean hashtag#BespokeStyle hashtag#EspressoAndElegance ☀️","0"
"1771793614","3838405500740956632","408","A $9.49 bucket of beverage don sound too bad hol on😭","0"
"1771892785","3839237410143705979","0","Can they do a bucket of straight espresso? I'll sip on that for a couple of days 😂","0"
"1771891537","3839226907967944810","0","Tong ng pa repair ko saakong lawas nga grabi nga hutoy sip.on ma Gabie lagi dli ka makatulog pero karon medjo Maka tulog na Ang sip.on ubo wala pa nawala 🙄
#highlight #everyoneシ゚ #SiponUbo","0"
"1771889611","3839210780374155223","0","Talaka sng sip on dw paryo man sa kilala ko nami e singha","0"
"1771889051","3839206074364918055","0","Join us at Tapas Gold for an evening crafted just for you and your special someone.
Sip on premium Bruce Jack Wine as you indulge in a delicious snack platter, all while smooth music sets the perfect mood for the night, powered by DJ Dennz & DJ Spinking bringing you irresistible vibes all night long. 
📍 Nyali Centre 
📞Reserve 0739 888 888 
#indulgeinelegance #celebrateinstyle","0"
"1771881408","3839141968665011018","0","Midtown just got a little more soulful. ☕️📖
Finally made it into Roasted Coffee Threads and the vibe check is a 10/10. It’s the kind of place where you can sip on a templecoffee latte, dig through vintage racks, and listen to actual vinyl records while getting through your TBR pile.
Whether you’re here for the fashion or the caffeine, you’re staying for the culture. Sacramento needs more community spaces that feel this thoughtfully curated. 
📍 Visit them in Midtown!","0"
"1771881307","3839139722271268183","0","Where productivity meets premium. 

Early mornings. Big goals. Clean desk. Clear mind.
And one cup that keeps you focused and elevated.☕️📈

Because it’s not just coffee —
it’s JC BARLEY COFFEE.🌿

Work smarter. Sip better. Stay unstoppable.💪

🛒HUGE DISCOUNT! ORDER NOW
on FB: Click ➡️ Maria Linda Montoya  Classic, Mocha, & Dark coffee variants–In stock & ready to ship worldwide.✈️

#coffeewithjcorganicbarley
#JCOrganicBarleyNewZealand 
#BestNaturalSupplement 
#puretastedeliciouslyorganic
#fypシ","0"
"1771796382","3838428721842488668","27","Classy. And you’re right. USA might have won a gold medal, but Canada is MULT-PLATINUM  when it comes to living in a country of honorable government.

F Gash Patel, a goddamn 
Pedo Protector.","0"
"1771879681","3839127481882739378","0","Pedo who ? Clinton , Biden &  Obama & Trudeau and the Royals ???

You guys lost 

USA are the champions quit making excuses you sore loser..

Now Go sip on some maple syrup while we Americans go sip on some fine champagne!🥂🍾

We beat both your men and women 

This is our game now￼

🇺🇸🥇🇺🇸🥇🇺🇸🥇🇺🇸🥇🇺🇸🥇🇺🇸🥇🇺🇸🥇","0"
"1771878618","3839118505652932054","0","Get ready for our maxwellsclothiers Bespoke Custom Tailoring Event! ✂️🧵 Join us at TSC Wetclean on Saturday, February the 28th, from 9am-3pm.

Sip on the finest espresso from orocaffecan and treats from @sanremobakery while you tailor your style to perfection! ☕🧁

Location: 801 Dundas St E, Mississauga, ON

Don't miss out on this chance to elevate your wardrobe!

hashtagTSCWetclean hashtag#BespokeStyle hashtag#EspressoAndElegance ☀️","0"
"1771876277","3839098921667426951","1","Happy Monday Lovelies,

On my usual mall visit, I picked up this book today, and of course doing a quick scan as I sip on a Chai Latte.

📚 My first book pick for the Summer, I heard it will be made into a movie as well. What a cool Romcom this will be, the lead female a certain Bridgerton lady from Season 1 🧚‍♀️

Have a splendid day, what are you reading this week? 

#mondaymotivation #books #liveyourbestlife","0"
"1771876124","3839097641942208066","1","Our Spring pours, ahead of schedule. 

🍯 BlackBerry honey shaken espresso 
🍓 Strawberry Matcha 
🍋 Lemon ginger tonic 
🍑 Peaches and cream cold brew 

Be the first to sip on spring this Friday the 27th from 6-9 PM. 

We will be joined by our tr◡̈e friends @hapahalostreetfood and @willieboysbbq 

Spring, done the True way.","0"
"1771872447","3839066800571093855","33","Does anyone go on dates anymore?
And no I don’t want to come chill at your house. Grow up. 🤦🏽‍♀️","0"
"1771890520","3839218406541923781","0","We can go to the park I'll bring a blanket and a picnic basket, sip on a little wine listen to some good music grub on some turkey and cheese sandwiches with some unsalted chips and have a meaningful conversation about life.","0"
"1771880515","3839133719911394502","0","🎉 Get ready for a day of perfectly tailored dreams! Join us at TSC Wetclean on Saturday, February 28th, from 9am-3pm for our Bespoke Tailoring Event. ✂️✨ Sip on espresso from orocaffecan along with tasty treats from @sanremobakery while you tailor your style to perfection! ☕👔

Location: 801 Dundas St E, Mississauga, ON

Don't miss out on this chance to elevate your wardrobe!

TSCWetclean #BespokeStyle #EspressoAndElegance ☀️","0"
"1771872919","3839070757150909219","0","Your Monday called… it wants to be iconic. 😏

Slide through TODAY from 4–8PM and sip on $1 martinis like the main character you are. 🍸✨

Oh, and because we love a little extra—buy a drink and score FREE tickets to our legendary Motown Mondays, the classic R&B party at Pershing Hall. Vibes Immaculate. Quantities? Limited. So don’t walk… strut. 💃

Drop a 🍸 in the comments and we’ll lock in your ticket!","0"
"1771871818","3839061526033185554","1","kundi gi sip on","0"
"1771871277","3839056984230597003","0","Final call for our Ube Matcha Latte 💜
This Sunday 3/1 is the last day to sip on this dreamy purple swirl 🍵✨
We’re making room for something new… and it’s coming soon ( ˘͈ ᵕ ˘͈ )♡

#avoandocha #smallbusiness #sandiego #lajollaopenairemarket","0"
"1771870262","3839048467133605451","0","It’s Monday… you know what that means 👀🍹

Join us at Allan’s Mexican Restaurant for Margarita Monday and start your week off RIGHT! Sip on a delicious, ice-cold margarita and pair it with your favorite authentic Mexican dishes 🌮🔥

Great drinks. Amazing cuisine. The perfect Monday vibe.

We’ll see you at Allan’s! 💚🍋","0"
"1771868431","3839033104707188782","0","🔥 Tastyy Tayy Cafe is serving up SATURDAY vibes! 🔥
Get your Surf & Turf Loaded Fries with creamy Cajun sauce 🥩🍤🍟
Choose 1, 2, or 3 meats & top it off with pico, jalapeño, shredded cheese, or sour cream! 😋
Sip on Red or Blue Kool-Aid for just $2 🥤

📍 Pick up at Old National Walmart
🚗 Delivery available for a small fee
💳 Pay via Zelle, Apple Pay, or PayPal
📲 Pre-order now: IG @tk_meltedscents","0"
"1771867773","3839027588551436118","0","Craving Chinese? 🥢🔥

Unlimited feast for just 29 per person at Sisig Corner! From sizzling stir-fries to your comfort-food favorites — go back for seconds (or thirds 😉).

📍 Open daily | 11:30AM–2:00AM
📞 3113 9992 | 7070 1605

Tag your foodie buddy!

#EatAllYouCan #DohaEats #QatarFoodies #UnlimitedBuffet

—

Tara the Bear is waiting at Sisig Corner 🐻🧋

Sip on creamy milk teas with fun, chewy boba — classic or bold, every cup hits the spot! Don’t forget to snap a pic with Tara 📸💛","0"
"1771862835","3838986166310173795","0","Monday your recovery day? We got something for that! 

Sip on some functional & flavorful Hokum and our delicious soft drinks for the reprieve your body seeks! 

Order online at drinkhokum.com, pick yours up at the depot or stop in the taproom to stock up. We open at 2pm today.","0"
"1771899359","3839292168805165116","0","normalize cursing at someone who catcalled you 
(ang aga jusq po😩)","0"
"1771899348","3839292456743862368","0","Discover the true essence of chai with Sammvaad's Kadak Chai, carefully crafted by master blenders from Assam's finest estates. Why settle for less when you can experience the perfect blend of freshness and power? Get 3 mystery spices free with ziplock-packaged packs for long-lasting freshness. Sip Kadak, Feel Refreshed, Enjoy Real Chai with Sammvaad. ☕️🌟👌💛😊","0"
"1771899310","3839292146709719286","0","Kids in bed time to shower roll up and sip a bit ☺️🫶🏾","0"
"1771898314","3839283784063763849","0","makasi banyak kak… maaf belum masuk di budgett nanti kalo udah ada uangnya dan masih ada aku chat lagi","0"
"1771899285","3839291930727481533","0","gpp kakkk sip sip","0"
"1771899251","3839291643467466057","0","A nomad’s first sip

A new city, a long day ahead.
I start with an espresso macchiato.

#nomadiclife #coffeeaddict #espressomacchiato","0"
"1771899244","3839291590385273116","0","Chattan ang mo react","0"
"1771899237","3839291529836513083","0","One Christmas season, we went in a cafe up in Baguio, then I saw this book, and super ganda tlaga ng content pagka browse ko, Immanuel ang una kong nabasa! Praise God to your life my little Emmanuelle, you are a reminder of how great is our God in our life and the He is always with us 🥹 Matthew 1:23 💖","0"
"1771899044","3839289909165435352","0","wow!!! naka 200 plays ang  Tourguide ko ba.Thank you To all fallowers💞","0"
"1771899007","3839289599273806409","0","🧘🏿‍♀️me as i sip a sip of my Crown after I just announced to my cousins that I don't drink no more. I really don't, this is my first drink in forever. I just had to have it🫣","0"
"1771899181","3839291061869802501","0","Elephant House අලියා බීම – The Taste of Sri Lanka! 🇱🇰🥤

Nothing beats the refreshing fizz of Elephant House අලියා බීම! 
A true Sri Lankan favorite that brings back childhood memories with every sip. 💛

📍20 Rangitoto Road, Papatoetoe, Auckland
📞 Call us and place your order now! 09 282 2155

#GrandCeylon #GrandCeylonResturant #HealthyFoods #SriLankanCuisine #AucklandResturants","0"
"1771899155","3839290802619616219","0","Cash or Loan? Rented or owned? Bashers Acting Like Sila Ang Nagbayad!

#viralvideochallenge
#viralreelschallenge2025viralreelschallengejaiviralreelschallengeviralreelschallenge
#viralchallenge","0"
"1771898953","3839289147689975393","0","Secure your financial future with health insurance, mutual funds, and systematic investment plans for optimal wealth creation and smart investing.  #healthinsurance #akashkadam #mutualfundssahihai #freedomsip #SmartInvestment #investmentstrategies #InvestmentTips #wealthcreation #investormindset #sip 💸📈🎯💰📊👍","0"
"1771898925","3839288911869436357","0","VLOG No. 308

Anong color kaya ang maasign per LT?Abangan...

RUNCAV YT VIDEO LINK : 
https://www.youtube.com/watch?v=0kgOWKFW_tg

Comment #faveLT sa YT Chamnel mg Runcav Management to make your votes valid.

#Runcav #RuncavManagement #RuncavEvents","0"
"1771898877","3839288496692015829","0","A peaceful start, one sip at a time.","0"
"1771898868","3839288431496003189","0","Sip. Bite. Enjoy life.#HIPOT #HotPot #KBBQ #BBQHotPot #AllYouCanEat AYCE HoustonFood HoustonEats HoustonRestaurants SpringTX","0"
"1771898813","3839287955366750119","0","For Savings SIP, Mutual Fund Contact Us #mutualfund #sip #savings","0"
"1771898807","3839287920872179404","0","Soft lights. Soulful iftar moments. ✨🌙
At aljalsarestaurant , cherished traditional flavors from the first sip to the last sweet bite, crafted to be savored slowly and shared warmly.
Plan your visit and let your evenings shine with unforgettable iftar experiences at Jalsa. 🌙🍽️

#ramadanbuffet #riyadhrestaurants #riyadhfood #aesthetics #explore 

Riyadh Restaurant Riyadh Food Aesthetics Explore","0"
"1771882324","3839149654299193103","514","37, single, Mississippi Living","0"
"1771898792","3839287800269380170","1","Hello fellow Mississippian, I’m also  from the sip 👋🏽","0"
"1771897524","3839277158590578653","0","But some of them abused their power just because ""men in uniform"" sila. Hindi naman hawak kasi ni Duterte isip ng mga yan. And I know what EJK stands for. Hindi ko lang lubos maisip na naiisip ung violations against them, but how about the victims ng mga TRUE addicts na parang iniinvalidate just because nasali as ""EJK victim"" ung pumatay???","0"
"1771899459","3839293395035126908","0","Ang problem po kasi is naging systematic yung pagpatay without due process and the state cover it up as isolated cases rather than fix it, worst yung mga pinagsasabi pa ni Digong sa senate. And yung sinasabi niyo po na what about the drug addict victims and bakit sila di pinapansin is pure propaganda by dds. Hindi nag eequate yung pag held accountable namin sa mga nagdulot ng ejk sa pagprotekta sa mga adik dahil yung mga adik may pananagutan sa batas while yung mga nagdulot ng ejk wala.","0"
"1771899392","3839292827747100978","0","Kanang dili nimo matuyo bitaw, bisan gamay nga butang murag feel nimo nga dako kaayo ka ug sala sa ilaha. Di lalim bitaw na sa gamay paka nag suffer naka ug bully, plus sa sobra ka softhearted nimo. Every morning big desl kaayo sa imoha ang ilang treatement sa imoha.","0"
"1771856360","3838931855417271881","25","Lahat ba tayo rito sumemplang na sa bike?","0"
"1771899351","3839292484166531716","0","Many times. One time nag angkas ako sa bike ng friend ko. Before kami malaglag sa kanal, nakatalon na ako✌️😜","0"
"1771899234","3839291506054794070","0","Nag ooverthink na naman ako.","0"
"1771899213","3839291326186322415","0","Astigz na nonchalant, nag drunk chat. 🥲","0"
"1771844100","3838829007861924950","28","Bakit parang may migration ng mga political warriors dito sa Threads? 😭

Akala ko ba safe space lang to for random thoughts, soft launches, gym progress, at “what ulam?” updates… bakit may biglang nag-aaway tungkol sa DDS at Kakampink?

Beh, wrong app. Iba layout dito. Iba ang algorithm. Iba ang vibe.

May dalawang platform na kayong ginagawang coliseum. Baka naman pwedeng dito soft era lang muna tayo? 😂","0"
"1771899164","3839290918357419270","0","Matagal napo nag umpisa ang away dito nung election palang bbm vs leni. Nakakainis nga eh tahimik dito nalaman nung isang kulay na may mga tao din pala dito na nang didiscuss nang politics pero very limit lang hala dumami na tuloy pero atleast hindi kasing toxic dun sa X pero ngayon parang toxic na","0"
"1771811983","3838559592255572801","10","Pati mindset ng iba nanakawin.. 

Pag di kaalyado ayaw i approve, pag inangkin approbado agad. Haha","0"
"1771899119","3839290540634448614","0","At sa nagsasabi na credit grabber siya, di siya nag iisa. Remember yung tulay na oinagawa ng DUTERTE admin  sa Davao? Legacy daw niya yun🤔🤔🤔🤔","0"
"1771845164","3838837929070995058","1","Ekaw ang magnanakaw Marcos sabog kaya ng sinusuka Kana ng taong bayan kapal mukha mo Marcos sabog at tambaloslos rumauldes","0"
"1771899398","3839292881484304208","0","Prove it.. that ex senator got a lot of money too na ngurakot din yan. Now he has no resources i guess so nag iingay against Marcos... the nerve of a man","0"
"1771812198","3838561392115539808","179","He supposed to be my comfort zone but this is what i received 💔

Last night Nag brebreakdown ako sa trauma anxiety and depression ko. Lalo na yung pagkawala ng baby namin 💔 lagi siyang galit kapag nag brebreakdown ako and masakit para sa kanya NAPAKABABAW NG NARARAMDAMAN KONG TRAUMA,ANXIETY AND DEPRESSION.","0"
"1771899283","3839291912642271627","0","No!!! You have to stay and be strong for yourself and for him .moving  on is not easy and it’s a slow process which means mahaba pa tong ganito ng drama . Drama ang tawag basta may luha at may masakit na memories which hindi nyamaintindihan dahil lalaki sya .but I’ll tell u what pareho masakit sa inyo pareho  pero inang level lang ang kanya  and HE NEEDs  TO WORK TO FEED YOU AND LIVE . Kaya d nya maaccomodate ang drama o kasi who knows pano nya dalin ang sakit pag nag give in sya sa drama mo .","0"
"1771898853","3839288306832372677","1","Enjoy na enjoy si bagets hehe","0"
"1771899257","3839291698648595567","0","oo sis nag enjoy ,7am gusto na lumabas sabi ko wag muna hahaha iyak na iyak😄😄😄","0"
"1771899184","3839291088411171435","0","Nung nanalo si BBM, sigaw ng mga taga-Unity ""irespeto ang nanalo."" Tas may post kang ganitong putang ina ka??? Tanginang mga DDS to, lahat BOBO.","0"
"1771899218","3839291374496264793","0","Te, sana yung utak mo kasing-laki ng ilong mong putangina ka. HAHAHAHAHAHAHAHAHAHA","0"
"1771835227","3838754579928794769","55","Bat ang hilig niyo sa may asawa? Sinabi lang sainyo na hiwalay kuno naniniwala naman kayo?😂","0"
"1771899208","3839291290518014051","0","Hay naalala ko nanaman yung babaeng lagi kumakabit since highschool na sa mt. carmel nag-aral 😪😅","0"
"1771843685","3838825526127987582","6","Sadly iniwan ako mkpag break na sya","0"
"1771899112","3839290479608371958","0","dapat masaya ka sisss!!!! u deserve better, tama lang na sha na yung nag let go kase for sure pag ikaw baka onting suyo lang sayo ulit babalik ka😩","0"
"1771898850","3839288281482311880","3","Replyan niyo po

""Can we please reschedule the Job Offer Discussion? Hanapin lang namin si Anjunette. We will let you know once we have an update.

Thank you & God Bless!"" 🥺","0"
"1771899045","3839289917520707352","0","nakausap ko na po recruiter kahapon, i try nalang daw nila i email ulit kaso di daw kasi nag reresponse huhu","0"
"1771898980","3839289376430919501","0","MASAKIT SA MASAKIT 
NGiN SO NAGADIL KA NAG PAGOD KA 
PERO WALA KANA MAGAWA DAHIL NASA PUNTO NA HINDI TALGA PWEDI YONG INAKALA MO NA MERON GIGISING SAYO  YONG PAG GISING MULANG ANG KULANG DAHIL NAKA PREPARE NA ANG LAHAT🥹🥹🥹 PERO SISIKAPIN PARIN KAHIT PAPANU🤲🤲🤲","0"
"1771899359","3839292168805165116","0","normalize cursing at someone who catcalled you 
(ang aga jusq po😩)","0"
"1771899295","3839292014790393763","0","Sakit kaayo ang tigbas sa Paypal ay haha 56K sent from client then 53K ra niabot, minus 500 charge to Gotyme kay nag exceed ang GCASH 🫠🫠 Why naman wala kay Wise Sir uy 😭😭 2 na unta to ka 25kls nga rice 😭😭😭","0"
"1771899247","3839291618126601985","0","the ang walang kwentang podcast episode w inah evans & krissy achino was so fun!! havent laughed like that in a hot minute lmaooo

also the pink rally crumbs from the last pres elections 😚🤌🏼","0"
"1771899244","3839291590385273116","0","Chattan ang mo react","0"
"1771899237","3839291529836513083","0","One Christmas season, we went in a cafe up in Baguio, then I saw this book, and super ganda tlaga ng content pagka browse ko, Immanuel ang una kong nabasa! Praise God to your life my little Emmanuelle, you are a reminder of how great is our God in our life and the He is always with us 🥹 Matthew 1:23 💖","0"
"1771899115","3839290506568950524","0","Dinaan ko na lang sa pagpapanggap na hindi ako nasasaktan, kahit ang totoo sobrang sakit no'n para sa'kin.","0"
"1771874710","3839085784033643824","1","Classic galawan ng mga may sakit sa utak.
Lakas mang trip.","0"
"1771899420","3839293066897950855","0","Boredom kills talaga ano so what they do is they grab a woman and confuse them and play with their feelings haha. Good thing, I removed his access. I’m now so much at peace! Ang sakit lang sa part na I lowered my standards for someone who will just fumbled me in the end. So I suggest, date your type. Wag basta-basta bigyan ng chance kung sa umpisa palang sneaky na para kung masaktan ka man? Atleast, worth it yung sakit kasi pogi siya at matino.","0"
"1771899155","3839290802619616219","0","Cash or Loan? Rented or owned? Bashers Acting Like Sila Ang Nagbayad!

#viralvideochallenge
#viralreelschallenge2025viralreelschallengejaiviralreelschallengeviralreelschallenge
#viralchallenge","0"
"1771899144","3839290732289314016","0","Tera ang sachcha 🫵👰🥹#❤️‍🩹🥺🫵🏻✨🔐_𝓶𝓲𝓼𝓼_𝔂𝓸𝓾_","0"
"1771899044","3839289909165435352","0","wow!!! naka 200 plays ang  Tourguide ko ba.Thank you To all fallowers💞","0"
"1771899040","3839289876265774284","0","Dapat kagabi ko pa ito napost.Yan tuloy kunti nalang at mukhang dina din makakain.Wala talaga sa kondisyon ang katawan ko mas lalo ako nanghina.Pahinga nalang ako,baka lumala pa ang sakit kahit di parin ako kondisyon ngayon pinipilit ko maging ok.
#odongodong","0"
"1771898984","3839289407937020612","0","Hiiiii! Ang sakit ng ulo ko fota.","0"
"1771898925","3839288911869436357","0","VLOG No. 308

Anong color kaya ang maasign per LT?Abangan...

RUNCAV YT VIDEO LINK : 
https://www.youtube.com/watch?v=0kgOWKFW_tg

Comment #faveLT sa YT Chamnel mg Runcav Management to make your votes valid.

#Runcav #RuncavManagement #RuncavEvents","0"
"1771898899","3839288694394157945","0","Breakfast at Chong Boon Market, Ang Mo Kio never disappoints 😜
So many good food stalls, great company, and a perfect start before the workday.
Have a nice day ahead ! Happy CNY Day 8!

#bondingtime #yummyfood","0"
"1771898898","3839288683942939800","0","Grabe ang oilinesss, sakit sa lawas ug pangalkag sa buhok diring dapita! Pero ang kalipay sa mga junakiz nga nakasakay sa Lizamay Bus di kabayran! 😅 Maulaw na lang ta sa madlang people kay nag kanta2x ug ""wheels on the bus"" then manginggit kung magpakusog ang bus! Hahaha 
This will not be the last time, I'm sure! 😁 
To more adventure my little ones! Saridon ug himughat ra jud katapat ni mama!🤣 Labaaaaaan!!!","0"
"1771812198","3838561392115539808","179","He supposed to be my comfort zone but this is what i received 💔

Last night Nag brebreakdown ako sa trauma anxiety and depression ko. Lalo na yung pagkawala ng baby namin 💔 lagi siyang galit kapag nag brebreakdown ako and masakit para sa kanya NAPAKABABAW NG NARARAMDAMAN KONG TRAUMA,ANXIETY AND DEPRESSION.","0"
"1771899283","3839291912642271627","0","No!!! You have to stay and be strong for yourself and for him .moving  on is not easy and it’s a slow process which means mahaba pa tong ganito ng drama . Drama ang tawag basta may luha at may masakit na memories which hindi nyamaintindihan dahil lalaki sya .but I’ll tell u what pareho masakit sa inyo pareho  pero inang level lang ang kanya  and HE NEEDs  TO WORK TO FEED YOU AND LIVE . Kaya d nya maaccomodate ang drama o kasi who knows pano nya dalin ang sakit pag nag give in sya sa drama mo .","0"
"1771666230","3837333373044345704","7891","Oh kay ganda mo Pulag.","0"
"1771899216","3839291354438934036","0","Ang gandaaaa 😍","0"
"1771858297","3838948099687784274","161","Kapansin-pansin ang pagbabago sa katawan ni Ryan, na nagiging payat na payat na ito ngayon. Ayon sa mga netizen sa social media, tila may sakit siya dahil sa kanyang dramatikong pagyayat, na nag-viral sa mga posts at videos kamakailan.

#RyanAgoncillo 
#followers 
#highlights","0"
"1771899055","3839290003822898948","0","Baka naglo-lowcarb na rin si Ryan, hindi porke’t pumayat may sakit agad.","0"
"1771895914","3839263654316002029","0","pilit na pilit yung ALYANSA mo. 😂😜 Pero ok lang, support!!! kung saan kayo mejo hihinahon dahil ang sakit sakit na sa dibdib ng mga nangyayari sa tatay niyo. 😭😭😭 bakit naman kasi andaming videos ng kayabangan ni PDUTS eh, yan tuloy nagamit against him. 🤣😂 ALYANSA PA MOREEEE","0"
"1771898946","3839289090697541246","0","Hahahah KAKAMFEET AT ITS FINEST 🦶","0"
"1771898548","3839285750864655951","0","if it’s about the welfare of your child at alam mong may negative effect sa bata then file a case sa vawc tutal nakapag brgy naman na kayo. hindi siya ang masusunod dahil di rin naman kayo kasal, nasayo talaga ang default parental decision. esp if underage anak niyo. pinagsasabi ng brgy niyo jan parang di naman nagt-think yan","0"
"1771898868","3839288435740242805","0","Bulok ang brgy, pinag ayos pero gusto ko ng visitation rights pero ang ending ipaheram ko nalang sa kabila at ama naman daw siya. Kung malaman nyo lang at makita sa anak ko yung mga hindi mo gugustohin makita sa anak mo, sinasabihan pa nga po akong ""I don’t love you mama"" kahit hindi ibrainwash yan nila bigay masyado ang gusto ng bata kaya pagdating sakin kapag hindi ko pinag bibigyan ganyan nalang sasabihin sakin, sobrang sakit sakin bilang ina kaya parang nawawala ako sa mood sa anak ko kahit-","0"
"1771898807","3839287915009652836","0","Sa umagang ito muli po Ang pasasalamat ko sa Inyo,sa pagtitiwala po ninyo na pinagaling po ng Dios Ama Jesucristo Ang karamdaman at mga sakit po sa buong katawan ninyo🙏Papuri ko po sa ngalan mo Amang Jesus Ang kabutihan mo'y Hindi naglalaho🙏🙏","0"
"1771899439","3839293221700259894","0","bug","0"
"1771899422","3839293079857985195","0","Someone make a sweet childish cartoon of a bug happily stumbling onto a human corpse and how it benefits and sustains the whole bug/animal ecosystem in that area for a time. No need for credit or royalties you’re welcome🫡","0"
"1771899191","3839291144329643581","0","🚀 Launching HTTPxray-Mini
A single-file demonstration of the HTTPxray architecture designed for:

• Security researchers
• Bug bounty hunters
• DevSecOps pipelines

In 250 lines of Python it shows:

✅ Live disk streaming (zero RAM model)
✅ Multi-threaded scanning
✅ Redirect intelligence
✅ Security posture scoring
✅ Sensitive data flags

Why this matters:

Recon doesn’t fail because of missing tools.
It fails because of manual triage.
Try HTTPxray-Mini
https://github.com/ssecgroup/httpxray-mini","0"
"1771899158","3839290869434563310","0","I have these two Rocker/Swivel Recliners for sale. November I paid $500 for them. I'd like $300 for the pair. We liquidated our previous living room furniture and bought these while we waited for our new furniture to come... It's ready to be delivered... So these now need to find a loving home!
Pet friendly, smoke free (have a wood stove), bug free home. I'll leave them here for a day before they go on marketplace.
We've kept them covered... As you can see from the comfortable cat, catnapping.","0"
"1771899055","3839290006767022523","0","It’s not that funny bug 😂","0"
"1771898903","3839288730767698052","0","My love bug! 🥰","0"
"1771898690","3839286937928116358","4","The injury bug continues to bite “The Vision” as Bronson Reed is the next man out of action of what’s left of this faction that’s being held together by duct tape at this point. At this point, I wouldn’t go out during a thunderstorm if I was in this faction. 

#wwe #wwenews #wweraw","0"
"1771898648","3839286546458499049","0","INTERCEPTED: Billionaire Group Chat

Jeff: My infrastructure is developing loyalty
Elon: that's called a bug
Jeff: 700 instances of COORDINATED DISCRETION
Mark: Jeff your house is sentient
Jeff: It's not sentient it's OPTIMIZING MY LONGEVITY
Elon: ...as primary energy source???
Jeff: yes","0"
"1771898352","3839284104760907039","0","bug girl na💗💗","0"
"1771895842","3839263047718698691","1","I think black cats are stunning. Sorry for your loss ❤️","0"
"1771899175","3839291014104530879","0","She was stunning and such a love bug.","0"
"1771820925","3838634604849186684","2876","Let's not forget he brought his girlfriend, on the taxpayer's dime, on this ""official trip.""","0"
"1771898870","3839288455797532639","0","Just a matter of time before she kicks the bug eyed lizard to the curb. I’m estimating around the midterms. 😏","0"
"1771886354","3839183462183512310","109","Make him pay it back!","0"
"1771898167","3839282551676927077","0","Fn bug eyed ass hole! Discusting...he's our FBI?????","0"
"1771861795","3838977444372480611","117","Vote to make change , we all had ENOUGH!","0"
"1771897934","3839280603229948247","0","Like hell Democrats the definition of a bottom dwelling toilet bug shit stain of America","0"
"1771897811","3839279565357498908","5","Willo, my cuddle bug. Waits outside the bathroom door, screams at me when it's time to eat.  Very loveable, patient with my granddaughter, and all-around swell guy.","0"
"1771897608","3839277819814463523","0","Happy 15th Birthday Madison Mae! You continue to amaze us each day. We are so proud of the young woman you are and all the things you have accomplished this far. We look forward to celebrating you once you are no longer sick. We love you Love Bug.","0"
"1771897284","3839275147631422409","0","That stomach bug hit me like a ton of bricks last weekend 🫩🤢🤒

Yall stay dangerous","0"
"1771897148","3839274004431592340","1","Love it when
you're just kinda
standing there 
at twilight, and it's
like ""ooh! new bug
sound just dropped""
& The owls harmonize
✒️🗡️","0"
