text,true_AURI,pred_AURI,proba_AURI,true_PN,pred_PN,proba_PN,true_TB,pred_TB,proba_TB,true_COVID,pred_COVID,proba_COVID,true_labels,pred_labels
"i planned for a long stream in the afternoon, but i got a bit of a fever since morning to be in my best conditio",1,1,0.4061259271504232,0,0,0.09809716506713524,0,0,0.1672856088248204,0,1,0.4349577086725957,AURI,"AURI,COVID"
sa imong hug gihapon mutahan og mawala ang sakit sa dughan pero unsaon ko man?,0,1,0.507182687761242,1,0,0.3651472336560686,1,0,0.4016420521525632,1,1,0.5040517353372231,"PN,TB,COVID","AURI,COVID"
put the songs on spotify or youll sta to cough in 3 days,1,0,0.2157171431875072,1,0,0.2574781874760635,0,0,0.27163396634142506,1,0,0.2208360382593276,"AURI,PN,COVID",NONE
just saw a younghealthy man who had covid in 2022 and recovered fully. he had a mild virus this past october with negative,0,0,0.2761939340158892,0,0,0.10072528005459663,0,0,0.17183448635439513,1,0,0.2642985629765968,COVID,NONE
"it was just a normal headache, his eyes ached, duke was staing to run a low grade fever. stress.. whatever was going on in his head mentally was causing this",1,1,0.6568913650518348,0,0,0.21828407347473455,0,0,0.3368211140891596,0,1,0.671551509088294,AURI,"AURI,COVID"
"ill do it. i tried to cough up my thick secretions ive had all my life, no phlegm that is stuck in my throat came up, but i was coughing up blood. i was never able to give a phlegm sample in my life, just a throat blood sample all my bodys secretions are thick.",0,1,0.387325989047647,0,0,0.11290284434795193,1,1,0.7228363918354607,0,1,0.4992640295037957,TB,"AURI,TB,COVID"
"you will begin to cough in three days. you will dismiss it as just a cold, and go on with your life. only when you are u",1,1,0.8608227216055175,1,0,0.07640463257146238,0,0,0.2001759602831782,0,1,0.8797545182136371,"AURI,PN","AURI,COVID"
pumapayat ako sobra _,0,1,0.5573652314579073,0,1,0.6728906098994502,1,1,0.7583944766468896,0,1,0.5552634449043882,TB,"AURI,PN,TB,COVID"
Cachexia...kills roughly a third of all cancer patients before the cancer.,0,0,0.0647932707177957,0,0,0.046147673722275934,1,0,0.0679481552530922,0,0,0.06162376401545182,TB,NONE
"i know. its all quite unfounate, but a pcp just doesnt order a ct on shoness of breath. he could have ordered a cea blood test as an additional a precaution but he just didnt.",0,0,0.2006123236091371,1,0,0.1275971928057203,0,0,0.2850417589772237,0,0,0.20633566622338068,PN,NONE
naluya nako sa studyhan juskooooo,0,0,0.15024540675380293,1,0,0.06900948809879026,1,0,0.08172270034241313,0,0,0.1471752203809847,"PN,TB",NONE
you will cough in 45 minutes,1,1,0.6883980251106784,0,0,0.3465255162662411,0,1,0.46958656424336725,0,1,0.6835286347335482,AURI,"AURI,TB,COVID"
"patient with acute high fever, anemia and dyspnea. diagnosis?",0,1,0.705492795293032,1,1,0.6434872955940909,1,1,0.7546665727867286,0,1,0.6781956492809595,"PN,TB","AURI,PN,TB,COVID"
the cdc lists the following symptoms of covid19 nasal congestion or runny nose sore throat fatigue headache cough muscle or,0,1,0.7110910262310368,0,0,0.10250239938041875,0,0,0.1683125311014962,1,1,0.7021292676531613,COVID,"AURI,COVID"
probably. i have a low grade fever and my digestive tract is on fire so im guessing its a stomach flu.,0,1,0.7976461903323996,0,0,0.36351960093374086,0,0,0.39178289351652407,1,1,0.824877231581668,COVID,"AURI,COVID"
nanghihina na naman aq hays,0,1,0.4899942908281395,0,1,0.49944205183089196,1,1,0.5124450917996525,0,1,0.4905959853784763,TB,"AURI,PN,TB,COVID"
"yesterday, during the parents plenary in lpu, ive had the honor of listening to prof. oliver dumaoals briefing on ncov and i would like to give him credit for doing an incredible job of explaining to parents and students about the situation of this newfound virus. with that being said, and as a scitech editor of my school paper, heres my attempt to explain everything he said in hopes to change everyones perspective of novel coronavirus. what is this? 2019 novel coronavirus connoted as ncov is a virus outbreak that apparently originated from wuhan, china. as the newest addition to the coronavirus family sarscov and merscov are its older siblings, it possesses some traits similar to the previous viruses. according to the centers for disease control and prevention, its symptoms include fever, cough, and shortness of breath. once infected, these symptoms will appear between 2 to 14 days. but most of the confirmed cases have shown that it takes longer times before these symptoms appear. currently, there is no particular cure for the virus. its symptoms, however, are a different story. according to reports, most people become asymptomatic when theyre prescribed with medicine for the symptoms paracetamol, the most commonly used drug used to treat fever, helps patients with ncov deal with fever and thus become asymptomatic after a few days. how do you get infected? a person carrying this virus, according to statistics, can infect 2 people on average. numerous risk assessments and other statistics have shown that compared to the number of people infected by measles, you are much less likely to be infected by ncov. an explanation for this would be the transmission of the virus. ncov isnt an airborne virus it can only be transmitted via body fluids coughing, sneezing, and transmission of saliva. simply put, a person cannot be infected easily by the virus, especially by breathing in public places. a person can only be infected if he is in close contact with the virus, if he touches something contaminated by the infected persons sneeze or coughs, or if an infected person sneezes on another person. on note of hygiene however, a person is vulnerable or at risk of being infected if the person does not practice proper hygiene. although the risk of being infected is relatively low, it significantly decreases if a person washes his hands regularly and properly. surgical masks are excellent in preventing airborne diseases, and it helps in decreasing the risk of getting infected however, this isnt necessary for countries like the philippines, since there are only a few suspected cases of the virus. additionally, the best method of preventing yourself from being infected would be washing your hands thoroughly and regularly. should i get checked? there are few criteria for being checked for the virus. if a person has close contact with an infected person, if the person has contacted an infected persons body fluids, or if you have been to the province of hubei particularly in the city of wuhan in the past week or month, then it is best to get checked for the virus. however, if you answered no to the criteria mentioned, then there is no need to be alarmed. the public outcry for novel coronavirus has been misinterpreted your risk of getting infected is low, its symptoms can be easily cured, and it is easily preventable. whats more, the ratio of people dying to the virus to the number of confirmed cases of infection is low as of 31 january 2020, 213 have died while 9826 are confirmed to have the virus, a 150 ratio of deaths to confirmed cases. we can never be too safe with this virus. although the posed threat for the virus is blown out of proportion, theres no harm in washing your hands more often to prevent the virus from spreading. stay safe, wash your hands more often, and be vigilant. sources",0,0,0.02888036208639206,0,0,0.007752567277129251,0,0,0.01312383697591894,1,0,0.030157189609616098,COVID,NONE
"pneumonia, difficulty breathing, and in severe cases, acute respiratory distress syndrome ards. the impoance of taking preventive measures, such as wearing masks and practicing social distancing, cannot be stressed enough to minimize the spread of the virus and protect",0,0,0.15529800714411537,1,0,0.09025576890944048,0,0,0.1091690419025238,0,0,0.15170880846602847,PN,NONE
3 days of cough is also the least priority in er. unless the patients o2 sat is less than 95 or if theyre having difficulty of breathing that needs immediate medical intervention. kaya kailangan iprime agad ang mga naka hmo kasi akala nila sila ang priority.,0,0,0.10938528950711744,0,0,0.07416772536044378,0,0,0.10774093192958883,1,0,0.11145975341991732,COVID,NONE
"sick once again, just a low grade fever this time",1,1,0.9502031536492968,0,1,0.5814546687997169,0,1,0.6317277546676299,0,1,0.950601906720498,AURI,"AURI,PN,TB,COVID"
one of my all time worst experiences was trying to do a thora on a proned covid patient who then coded when he developed sudden overwhelming hemoptysis. he survived but it was a traumatizing reminder of the many ways a needle in the thorax can go catastrophically south.,0,0,0.0718685181566377,0,0,0.0399102768594254,0,0,0.17638295668116483,1,0,0.065780908526176,COVID,NONE
unsaon mani pag tulog uy kalintora sipon ubo hays,1,1,0.9189873269662701,1,0,0.3047083709108023,0,0,0.34702952957579003,1,1,0.9165210956719759,"AURI,PN,COVID","AURI,COVID"
pagod na ko kagigising ko p lang,0,0,0.08150131734402895,0,0,0.08160543324504622,1,0,0.12607071351864393,0,0,0.0803533758486168,TB,NONE
day 6 of my mysterious sore throat tonsilitis that isnt relieved by anything woke up with so much blood in my phlegm like its not even bloody anymore its just blood should i be concerned,1,0,0.21959475924199864,0,0,0.041352884695601666,0,1,0.48608552662814897,0,0,0.3107156418780595,AURI,TB
"medyo rant lang. me and our helper had a discussion regarding covid. kasi yung cousin ko was positive and currently may symtomps. napag usapan namin yung experience noong august n kasi nag positive rin kami and ako lang ang nagkaron ng mild symtompsfever, loss of smell and taste, body aches, etc.. while sila ng sister ko nawalan lang ng pang amoy and panlasa. she did 4 tests1 antigen and 2 swab tests. sa tatlong yun nag positive siya. yung last e nag negative na after a month of quarantine while me and my sister 3 weeks lang and nag negative na. going back to our discussion kanina sinasabi niya na she had an allergy lang kaya sinipon. at during nung swab test nay sipon saw siya dahil sa allergy. medyo napikon ako kasi pinipilit niya na hindi siya nag ka covid at pinapalabas na kahit anong sakit ngayon ay covid agad. hindi ko alam kung bakit nag arrive siya sa ganung thinking na first hand na niya na experience at multiple tests pa ang ginawa and dinedeny niya pa. may psychology behind ba ito or something? gusto ko kasi intindihin kung saan nanggaling yung pagiisip na ganto. i even asked her ano ba masama at dinedeny niya na nag ka covid siya. ang sagot sakin e malay niya raw.",0,0,0.13821808481375222,0,0,0.02414439296791284,0,0,0.051876848433205655,1,0,0.1323245032967465,COVID,NONE
taste like fucking death and blood when i cough i think i might be sick,0,1,0.44098392630390304,0,0,0.26642030452426274,1,1,0.6543247116969921,0,1,0.46333074137842784,TB,"AURI,TB,COVID"
"huwag na sana ako gumaling kung sasabihan nyong nagpapanggap lang ako sa punyetang sinat na toh. i hope it turns to a leukemia, para lahat kayo iiyak nalang when its all too late.",1,0,0.3278729457125426,1,0,0.1432613948956903,1,0,0.1674335831162708,1,0,0.32979473525055825,"AURI,PN,TB,COVID",NONE
"you will begin to cough in three days. you will dismiss it as just a cold, and go on with your life. only when",1,1,0.8757501186050436,0,0,0.08991971496761562,0,0,0.24341763010281695,0,1,0.891640713474237,AURI,"AURI,COVID"
the cdc lists the following symptoms of covid19 nasal congestion or runny nose sore throat fatigue headache cough muscle or body aches fever or chills nausea or vomiting diarrhea shoness of breath or difficulty breathing new loss of taste or smell,0,1,0.6038615626180821,0,0,0.16313218680718788,0,0,0.18331334372653593,1,1,0.5947748688846255,COVID,"AURI,COVID"
"difficulty breathing, coughing, and fever. its crucial to practice proper hygiene and follow safety protocols to prevent the spread of the virus. stay safe and take care of your respiratory health!",0,0,0.3078236784366818,0,0,0.14969952297526154,0,0,0.23465346628714706,1,0,0.29005521425174896,COVID,NONE
pt2 i was sick 3 times in 5 years. peak covid time never tested positive for covid teeth shattering chills for 3 days. then 2 years later low grade fever with inability to draw deep breaths. took ivermectin was gone in 48 anecdotal this past time resembled a mulitfront flu,1,1,0.5873598755650951,1,0,0.16646176505716467,0,0,0.28134520999002427,0,1,0.594615620709376,"AURI,PN","AURI,COVID"
"joy, ive had a cough since i left the er and the last 48 hours its gotten really aggressive. i was covid negative this morning, but just took my temperature and its a very low grade fever. 99.7 f.",1,1,0.7908277458596594,1,0,0.353472151390152,0,1,0.5974633981384941,0,1,0.8054979204313174,"AURI,PN","AURI,TB,COVID"
natug nga sakit ang dughan samot diay igmata,0,1,0.5002676651773929,0,1,0.4539097490956774,1,1,0.4882050881864259,0,1,0.49683001066855903,TB,"AURI,PN,TB,COVID"
seek er treatment if the cough is accompanied by difficulty breathing shoness of breath coughing up blood inability to swallow muffled voice inability to open mouth all the way. huwag padalos dalos sa paghusga.,1,0,0.3101153103329284,0,0,0.3133219669499163,0,1,0.7090331850541838,0,0,0.31926755002605145,AURI,TB
bakit umiiyak lagi sa testimonials at may preaching pa mga nasa sponsored ads ng barley? kahit lagnat yata iiyakan nila.,0,1,0.5794799876801331,0,0,0.4044892447983945,0,0,0.4264425266037368,0,1,0.5735395143965903,NONE,"AURI,COVID"
kamao sad mu timing akoa hilanat ug sip on kay gi timing walay klase pero di jud nako keri hilantanon nga wala ako mama,1,1,0.6616998106080916,0,0,0.26613774118396777,0,0,0.2980971646320251,0,1,0.6579194669176399,AURI,"AURI,COVID"
"vaxed to the max amp proud of it! i got covid for the very first time last month. i was felt bad for 2 days because i had a low grade fever wchills amp i hate being cold. other than that, it was nothing.",0,1,0.5612694276416451,0,0,0.09623436658529619,0,0,0.2398850257413886,1,1,0.5696061295257221,COVID,"AURI,COVID"
"you will begin to cough in three days. you will dismiss it as just a cold, and go on with your life. only w",1,1,0.8664158273705999,1,0,0.08865420451434859,0,0,0.2384068253432932,0,1,0.8821146777060146,"AURI,PN","AURI,COVID"
putangina gimingaw ang hilanat nako ni balik,1,1,0.8094051806221285,0,1,0.6748817394627831,0,1,0.7189082810308032,0,1,0.8080411210292532,AURI,"AURI,PN,TB,COVID"
gikapoy nakog tuon aning 1987 constitution,1,0,0.2391369194603814,0,0,0.22470314180353862,0,0,0.2863824170612075,0,0,0.24527838758325635,AURI,NONE
"ang love parang yosi, kahit alam mo magkakasakit sige pa rin sa paghitit.. lagi sinasabi n titigilan na pero anjan na, d n mapigilan at madalas pag napasobra nahihirapan k ng huminga!",0,1,0.3908218040136899,0,0,0.37022603038446344,0,0,0.35094425282398944,0,0,0.36378245093452916,NONE,AURI
"i dont know how many people will see this but if you do please pray for my friend allen. he has been admitted to the icu after being sick for a week. high fever, difficulty breathing, high hea rate. he is a husband and father of 3 young boys. thank you.",0,0,0.2950809616417573,0,0,0.14488387264342456,0,0,0.1568801448265768,1,0,0.28361997691226254,COVID,NONE
good afternoon it is an annoying day for people with bieber fever aka me,1,0,0.206106395922366,0,0,0.11025217506630662,0,0,0.15978375900997682,0,0,0.2091279731217788,AURI,NONE
"ginoo ko intawon oi, ka sakit ba sa dughan makita aning naa sa facebook nga mga balita. pamalandungi tawon ginoo ang mga nasalanta og landslide.",1,1,0.3882986760201987,0,0,0.37837245794977764,0,0,0.3959625005594458,0,1,0.3931589631754969,AURI,"AURI,COVID"
"you will begin to cough in three days. you will dismiss it as just a cold, and go on with your life. only when yo",1,1,0.8666852536618146,1,0,0.08565311992007217,0,0,0.24146035295681414,0,1,0.8836602013517404,"AURI,PN","AURI,COVID"
lamia iinom og iced coffee oh! ubo,1,1,0.7000615014265219,1,1,0.7153068258839088,0,1,0.7475476628312806,1,1,0.7065512135611411,"AURI,PN,COVID","AURI,PN,TB,COVID"
irish twitter be hella quiet until they hear a singular cough from a royal,1,0,0.31567327492995745,0,0,0.22352252327762198,0,0,0.27014817244375,0,0,0.3251312350327157,AURI,NONE
naluya pagka realize,0,0,0.20109985329182964,1,0,0.0808641318688154,1,0,0.1083782179151828,1,0,0.19694063376256793,"PN,TB,COVID",NONE
daw taga gab e nalang ko gina barokoy ka ubo ba,1,1,0.7247955156322929,1,1,0.7572701999325935,0,1,0.8022051266616558,1,1,0.7310189338645835,"AURI,PN,COVID","AURI,PN,TB,COVID"
di naman nuon mo biya ning hilanat sa atoa,1,1,0.7906794432711011,0,0,0.2880164957804799,0,0,0.3547008094019171,0,1,0.7900686952262395,AURI,"AURI,COVID"
karon pagud ko gi hilantan wtf,1,1,0.7498692356982741,0,1,0.5129790485263898,0,1,0.5737857198621746,0,1,0.7650967516209624,AURI,"AURI,PN,TB,COVID"
just woke up with a fever. i hope im fine by afternoon so that i can work on my set goals. good morning!!,0,1,0.4784377486685079,0,0,0.1005383881876044,0,0,0.18208087187920158,1,1,0.5150908544331537,COVID,"AURI,COVID"
lalo ako namamayat hwhhahas,0,1,0.4377856070381755,0,1,0.4947408727652203,1,1,0.8226769000459763,0,1,0.4344922632461033,TB,"AURI,PN,TB,COVID"
repost to save lives. if you have anybody with a hea problem or breathing difficulty please dont allow them sit in f,0,0,0.2186460837328918,0,0,0.10609377698097007,0,0,0.12464590160476706,1,0,0.21354718907545148,COVID,NONE
i think theres something wrong with me cause all i see is death everytime i go outside i look like ive been doing meth and i sleep for nineteen hours on a thursday afternoon and every now and then i cough up blood and i dont know what to do,0,0,0.2159457095136468,0,0,0.09333050636690642,1,0,0.2534303552516107,0,0,0.22211716983164914,TB,NONE
"a 56yearold male presented with complaints of pain in the left upper abdomen, bloating, and difficulty in breathing. likely",0,0,0.32673174153756446,1,0,0.2216344392793486,0,0,0.31820840069502443,0,0,0.2853314692982107,PN,NONE
"pt3 high grade fever, low respiratory infection , stomach flu for extended time. horse paste injested for 800kg. tons of vitamins, zinc. nothing cracked it but time anecdotal loss of taste 5 days never tested positive for covid. everyone is sick here ky right now.",0,1,0.6057917506102235,0,0,0.17011819459834535,0,0,0.2609418083847392,1,1,0.5744934537805483,COVID,"AURI,COVID"
"pretty sure i have whooping cough, or as it should be known cough until you throw up any time you eat a meal cough. ive not noticed any whooping.",1,1,0.49242227566625196,0,0,0.355002395392999,0,1,0.4790337897820769,0,1,0.4954097074889834,AURI,"AURI,TB,COVID"
"lipay kaayo si ramon na naayo nako sakong lagnat kay pila pud siya ka days nag antos sakong kaluya, nag uban lagi mi pero murag wala kay akong utok ug lawas nabilin sakong kwao and grabe ka oa hahahahahahahahahahahaha",1,1,0.4731741015991094,1,0,0.21321993573667028,0,0,0.25397077342183627,1,1,0.4720208389159295,"AURI,PN,COVID","AURI,COVID"
"boil sage, cinnamon sticks, tumeric, lemon, ginger and a blood orange with water. boil it down. add honey to your cup and drink 3 cups a day. i had viral pneumonia for 4 weeks 2 sets of antibiotics steroids cough suppressant medication. nothing worked like this tea.",0,0,0.2730476498500397,1,0,0.14408041879746383,0,0,0.3120099784972464,0,0,0.29471612425184257,PN,NONE
"when i got whooping cough a few years later yes i was vaccinated i wasnt interviewed by public health this time, but st",1,0,0.30803395880976814,0,0,0.1990942281966903,0,0,0.3799357552900693,0,0,0.3185329104083086,AURI,NONE
"failure to thrive, seizures, irritability, lack of energy, and difficulty breathing can be associated with in infants.",0,0,0.28904312129051485,1,0,0.2191413331556788,0,0,0.29158344342231063,0,0,0.27991517350581185,PN,NONE
ito na naman tayo sa sipon at ubodahil sa paiba iba ang weather ng pinas at ina isolate ko na naman ang sarili ko wait matag,1,1,0.39973759174288687,0,0,0.0565327404693915,0,0,0.05170857132248997,0,1,0.41407261898656894,AURI,"AURI,COVID"
"yawa... lately, i just realized that im getting older. unlike before that my body used to sleep 3 hours and still have those energy na mag kiatkiat, but now gamay pulaw na sinat na dayon",0,1,0.4798865795566519,0,0,0.14307247923496313,0,0,0.25032060717887206,0,1,0.47079355312516347,NONE,"AURI,COVID"
"3 weeks ago my parents were positive for covid19. the reason why? my mom went to our relatives across town to take care of my lola who asked for her to stay the night. my mom said my tita there was coughing and had fever, she asked for her to get tested. the next day my mom went home, cooked for us and basically had direct contact with the whole fam. before going to bed my parents received a call that my tita was positive for the antigen test. we asked the lgu to mass test everyone in that household but they refused and only swabbed my tita because she only had the symptoms. it also took 5 days before they got the result. i isolated my mom for that 5 days hoping my tita was negative but sadly she wasnt. on that same day we found out she was positive we asked a private laboratory approved by the doh to swab us at home and also my relatives who were living with my tita. turns out 710 of my relatives living with my tita were positive including my pregnant cousin, my lola, my tita with autism and my 4 yr old nephew and 25 were positive in our home i was so devastated because my mom has asthma and hypertension while my dad has type 2 diabetes. thankfully my mom was asymptomatic and my dad only had mild symptoms. yes they took human grade ivermectin prescribed by a physician and it really helped. i was already drinking vitamins c, zinc and omega3 ever since pandemic started maybe thats why i had a strong immune system and didnt get the virus even though i had direct contact with my parents all throughout the quarantine. i had to check their vitals everyday. i am sharing my experience because the largest cases of transmission is through household transmission and still the govt keeps locking us up in our houses. the implementation of lockdowns, faceshields, transportation suspensions, curfews and restrictions in public places pushed the filipino people to remove every protective gears they have once they step inside the comfort of their homes because the outside implementations are too much to handle. not to mention no healthcare worker visited us for the whole quarantine. my parents could basically just walk out, i almost tied my father inside because he keeps setting up appointments and errands during quarantine and if i wasnt there he wouldve went out. on the 10th day of quarantine the brgy nurse contacted me and asked how we were and said that if we were feeling okay they will assign us as recovered on that same day. i asked the nurse if we will undergo swab test before we were assigned as recovered and they told me if asymptomatic na po hindi na sila isswab. i told them my mom was asymptomatic on the very first day of quarantine but still she tested positive. the nurse asked how my mom was swabbed if she was asymptomatic, i told them we hired a private lab to swab us at home since the lgu is not providing it to us. the swab costs 3,200 each for rtpcr testing. we got swabbed after two weeks of quarantine by the same private laboratory and now all of us are negative. imagine if we didnt have the money for swab tests, my relatives and parents would have been roaming free spreading covid just because the govt refused to swab them as they were asymptomatic. imagine if my parents didnt have access to human grade ivermectin or vitamins then my parents with comorbidities wouldve faced severe symptoms. am i the only one seeing something wrong with how the govt is handling this pandemic? its frustrating that you cant do anything about it, more people are suffering its been more than a year and its becoming a cycle. if anyone here is from the govt please implement mass testing more contact tracing and remove the freaggin face shields my eye glasses wont fit with it and bikers are getting in accidents because of it, just tell everyone to use medical grade face masks instead. please i dont want another year taken away from our lives.",0,0,0.09289876046118244,0,0,0.019096818267536106,0,0,0.05568216421092322,1,0,0.0959170232926526,COVID,NONE
fatigue element had to have played in. niners defense was absolutely gassed.,1,0,0.18021987422621433,1,0,0.17663200088374137,1,0,0.2543748370938334,1,0,0.17227748904902276,"AURI,PN,TB,COVID",NONE
where did this cough come from like this.,1,1,0.4285226666976507,0,0,0.18843447671623398,0,0,0.290168740405696,0,1,0.45852458268177365,AURI,"AURI,COVID"
"no. coughing up blood e.g. lung cancer, severe infection of the lungschest or thoracic aneurysm can also cause this.stop scaremongering with ebola massive bleeding out of the mouthnose, also e.g. from the eyes! probably one of the mild side effects of the .",0,0,0.12214179865822593,0,0,0.1012827576062385,1,0,0.28524178022769475,0,0,0.126278150128467,TB,NONE
"hello need help, nitong mga nakaraang buwan halos pabalikbalik yung aking ubo madalas linggo lang magaling na pero ngayon halos isang buwan na kong inuubo ngayon at gusto ko na sanang magpacheckup. tumatanggap na ba mga clinics at hospital ng mga outpatient na may ubo? maraming salamat.",0,1,0.5633068092351908,0,0,0.3638953493624741,1,1,0.47540614757403066,0,1,0.5664643892797381,TB,"AURI,TB,COVID"
"ako, paos. ubo and sipon. combo na. pero woh it..",1,1,0.8615669019566036,0,0,0.29987814356102316,0,0,0.3531246624661891,0,1,0.8608501440925601,AURI,"AURI,COVID"
"i had a low grade fever, too, it was bad",0,1,0.9695127316177526,0,1,0.7509642898497495,0,1,0.7317400126580454,1,1,0.9678099269725112,COVID,"AURI,PN,TB,COVID"
i sear nag ovehink pa gyapon ko until now kay xander and i believed na naa ay isa but 3 ra gyud and what if she stopped giving bih na kay amo gipakaon huhuuuu wala nagluya ang boang active ra kaayo huhuuu niweys unta mugawas ang dachsh breeed,0,0,0.15866924270506283,1,0,0.09318973484802635,1,0,0.1580975152281415,1,0,0.14743457983610128,"PN,TB,COVID",NONE
"my son . . he is more coughing of blood. with a huff, theyre nudging the water away and trying to sit up. he is all alone, a at home",0,0,0.1973807867099969,0,0,0.09861265080204099,1,0,0.33907791094819045,0,0,0.2161599937623265,TB,NONE
"hello po, currently nagaayos po ako ng reqs for preemployment pero uncertain po ako magpamedical sa private laboratory. nadiagnose ako ng tb last 2019 at natapos naman ang gamutan. gusto ko sana kumuha sa lung center of the philippines kanina ng medcert pero nasa 2k raw pala kasama consultation at xray na para sa akin mabigat sa bulsa. ayos lang po ba na sa doctor sa mga laboratory at hindi sa pulmonologist ako magpaconsult at mabibigyan kaya nila ako ng fit to work medcert? wala din po ako symptoms ever since never nagpositive sa sputum, etc. at tumaba pa po ako lalo this pandemic. baka po kasi masayang yung gastos. salamat po sa sasagot.",0,0,0.11565358809749234,0,0,0.036393739465462135,1,0,0.05452457837445534,0,0,0.11191735746709901,TB,NONE
you can do it! i smoked at least a half pack daily for over 50 years and quit after i staed coughing up blood which scared me bad. turns out i have mild to moderate emphysema but its a lot better than lung cancer. i quit 14 months ago and so glad i did. stick with it!,0,0,0.15204636640598965,0,0,0.068806705073834,1,0,0.298268590296734,0,0,0.15313007031556788,TB,NONE
wala ba akong panlasa or wala lang talaga akong gana kumain,0,1,0.6659022170820917,0,1,0.6198273144325649,0,1,0.6659079456064753,1,1,0.6840998357274902,COVID,"AURI,PN,TB,COVID"
"pamaul, hilanat, plus rizal readings minatay uys",1,1,0.7446633277406142,0,1,0.4777644859659657,0,1,0.5887459071419022,1,1,0.7643977458307019,"AURI,COVID","AURI,PN,TB,COVID"
"ay suskupo, what a predicament. may maid yung parents ko sa family house namin at matagal na rin siya samin. pareho na silang may edad so kailangan rin ng assistance. bumisita ako noong weekend tapos si yaya may flu. binilhan ko ng cough syrup at bioflu, pero ayaw inumin kasi bawal daw sa religion niya. binigyan ko na rin ng facemask. yoinks!",1,0,0.14569946799634362,0,0,0.06794262580331971,0,0,0.08607920181450772,0,0,0.14484661196005014,AURI,NONE
wait nanghihina ako,0,1,0.5430038404885794,0,1,0.5846794343128342,0,1,0.6453197787959745,0,1,0.5404984559672952,NONE,"AURI,PN,TB,COVID"
"untreated pnemonia develops with significant symptoms such as coughing up blood, prior to being unable to breathe or stand. many arrived in the early stages of sepsis. but you already know this, from your experience in the hospital.",0,0,0.17773600016571814,1,0,0.054894057390628734,0,0,0.26472146673201785,0,0,0.17693240034550417,PN,NONE
"low grade fever, sore throat and covid negative. who is she??",1,1,0.9606141983360643,0,1,0.5058244091705956,0,1,0.6295237517370361,0,1,0.9587018228831022,AURI,"AURI,PN,TB,COVID"
bakit ba aq namamayat,0,1,0.418393101504433,0,0,0.37160287346281884,0,1,0.7236795486826899,0,1,0.43558217006904293,NONE,"AURI,TB,COVID"
"coughing up a lot of brown phlegm right from the bottom of lungs right now amp have been for a while. 10 years woh of metal from job, jabs amp 5g its no wonder im so sick. passing blood, cant walk, no feeling in leg, many many other things. amp im b12 deficient, check b12 levels",0,0,0.15823719297431835,1,0,0.08331612831375215,1,0,0.2904329592774791,0,0,0.1874297352721583,"PN,TB",NONE
cough cough a ceain covid mask guy,0,1,0.6774332501417358,0,1,0.565040355500772,0,1,0.6461485560002641,1,1,0.6807225608550757,COVID,"AURI,PN,TB,COVID"
ambot oy. gikapoy pako mamaligya ug uyap balik huhuh hahahahahaha,1,0,0.2594334226145873,0,0,0.22475105522530142,0,0,0.3188239171935944,0,0,0.2656794419320348,AURI,NONE
"this was proven at the begining of the pandemic, but they hushed it. i had covid friday afternoon tested positive. by 4pm my nose was running like a faucet. by 4am... it was over. fever was 99.9. it is sunday. i just tested negative. 2 day virus. my kids had it. sore throat 8",0,1,0.519036887423199,0,0,0.1299104312802907,0,0,0.24054411723188385,1,1,0.5049518344544677,COVID,"AURI,COVID"
immunology red pulp macrophages white pulp t amp b cells high grade fever bacterial low grade fever viral mi,1,1,0.8785165001091328,1,1,0.5573844081190057,0,1,0.5205945584428363,1,1,0.8748317536657659,"AURI,PN,COVID","AURI,PN,TB,COVID"
"symptomatic post covid patients have impaired alveolar capillary membrane function and high vevco2 persistence of dyspnea low fev1, vcap amp high vevco2 slope tiredness high vevco2 slope amp low peakvo2 amp fev1 fatigability high vevco2 slope",0,0,0.2736646726000337,0,0,0.18383261359942596,0,0,0.17853456342715174,1,0,0.25553791636404544,COVID,NONE
pls i cant breath cough,1,1,0.7785568238123404,1,1,0.7516835694457725,0,1,0.8000054639440278,1,1,0.7725441856480145,"AURI,PN,COVID","AURI,PN,TB,COVID"
"for all those who are currentlly working, i advice you to stay healthy, not only because its essential, but because being sick in this dilemna would cause you so much trouble more than you can imagine. this is just a throwaway account i work at the back office team at a bpo company. i am one of those who opted to stay at the place where i work before the ecq started so that travel wouldnt be an issue, and i will be able to provide income for my family in the middle of this crisis. this thursday, i felt very cold, so i went to our companys clinic.turns out im feverish. when i was asked what might be the cause, i told them i took a bath without sleep as the comfort room is crowded in the morning, and its almost next to impossible to have a bath, so i thought it would be better if i took a shower after my shift before going to sleep. because of the protocol and the current ecq, i was advised to go home as i need to self quarantine myself for 2 weeks, which i took because theres no quarantine facility where i work, even though im only feverish. i was fetched by the companys private vehicle and took me home. now the bad thing starts from here. what i rode is a van, but because of concerned citizens who saw me on my way home, they mistook it and reported and spread to other neighbors that i rode an ambulance vehicle instead. i chose to ignore it, then the worst thing happened. come this afternoon of friday, all of the passages that leads to our home inside and out has been blocked by either water drums,sack of garbages, a wooden ladder or a metal rooftop. we felt very harassed, or should i say, we were harassed. we can see barangay officials tanods watching us from afar, observing us if we ever left our house. the front our house was sprayed by an disinfectant. that was fine, i can accept that, but the fact that thy still leave it blocked until evening left us very angry and offended. it took a shouting of my mother to all of our neighbors just to remove all of the things that blocks the passages to and from our home, she was crying, because were not infected with covid, i just became feverish so i needed to be sent to home. and even though all the passage blocks have been removed, the officials of our barangay called my mother and told her that she was not allowed to go outside and advised that instead give it to the officials in the checkpoint and let them buy from her. but my mother cant accept it because not only she wants to buy her own food, even though we were pleading to just allow my mother to be able to go outside, theyre not allowing it. as we are all pums right now. i talked to the barangay official and pleaded again if, for the last time, just let my mother go outside as she has quarantine pass and she is obeying the protocol and disinfecting herself and all, but they said they cant allow it. i told them its not really in me who also has the final decision, but my mother too. they told me that if we continue to persist and be stubborn, i wont be able to get a certificate from the barangay that indicated that im fit to work. that was the worst part. because im the one who is providing for my family. our father left us because he got tired of fulfilling obligations, and its only me and my mother that are doing our best everyday to support my younger brother, who i hoped someday he can be someone who can finish college, unlike me who was an undergrad and needed to stop because i haveto support them instead of our mother the only one supporting the both of us. i dont know if its the right way to describe it, but i felt like my job was put on the line because i just had a fever. fine, harrassment is something that can be punish by law, but thats beyond our capabilities, and we dont want to enter that teritorry. were just a little family barely scraping by to be able to live through tomorrow. i dont know if im entitled to be right. someone might just that, you need to obey it, but no, it does not come that easy, the damage was already done, and it was massive. it wouldnt be much of an exagaration if you can call me a crybaby right now. i just wanted to share this, and i know im not the only one who experienced this kind of situation. i want you to know that its not just the virus that is our enemy.",0,0,0.03126101038078339,0,0,0.00615082790973111,0,0,0.01782944118527719,1,0,0.03097221867667947,COVID,NONE
"When I went to the hospital because I was having difficulty in breathing, I was diagnosed as having bacterial pneumonia. I was admitted and tested for COVID19. I had a dry cough, ran a fever, had diarrhea, and had no appetite. I was heavily dosed with antibiotics. Everything tasted like sand. After seven days, my test came out negative and I was discharged. At home, I slowly recovered my strength and thanks to concerned friends who sent me good food to tempt me, I regained",0,1,0.3801955877922555,1,0,0.1982795988579257,0,0,0.36024098645386887,1,1,0.41500490105556753,"PN,COVID","AURI,COVID"
wala nanamang gana kumain haha,0,1,0.785118025542733,0,1,0.8710678344475817,1,1,0.866737390703351,0,1,0.7791045279425711,TB,"AURI,PN,TB,COVID"
tagam gi lagnat,1,1,0.9807999194210085,1,1,0.9452525389718647,0,1,0.9510532434958398,1,1,0.9805234634210438,"AURI,PN,COVID","AURI,PN,TB,COVID"
"i tested positive for covid the 1st time last tuesday. i refused the vax. i had a bad headache the 1st night, dry cough, low grade fever for 2 days, and sinus. it was like a bad cold. now it is done, im over it. i am so thankful i did not get the killer vax.",0,1,0.6737226985844845,0,0,0.14517428033181323,0,0,0.24693326544838115,1,1,0.6903182562770118,COVID,"AURI,COVID"
"is it just me, or did my senses really dulled after having covid? i havent fully researched on it, so im really sorry for my ignorance, but i wanted to ask first hand experiences from people whove had covid before. january 2021 i got covid, no fevers, no migraine, no body ache, but i lost my sense of smell, and the only taste i could taste was sweetness. even if i eat adobo, lemon, calamansi, suka those tasted sweet to me. after a while, it went back but over time ive been noticing some differences like how i cant smell particular smells, unless i put it right below my nose. i used to have a very sensitive nose, and now, i could barely even smell myself, even if i go two or three days without showering just to experiment, unless i put my clothes directly on my nose, or smell my armpits, and because of this, i have gotten very insecure about my body odor. ive always loved to cook and there were some cases where i can only taste a hint of spice i used on my dish, so now i have to ask my sister to always taste my dishes just to make sure it tastes the same as i always cooked it. has this happened to anyone else? ive heard some rumors, sure. can this be cured? or how can i make sure that my senses have really dulled?",0,0,0.13566465944456113,0,0,0.026288908956303692,0,0,0.06568213142542,1,0,0.13020524132104264,COVID,NONE
dugay na nitong ubo ko,1,1,0.9644503722620695,1,1,0.9635583078534882,0,1,0.9661077234343008,1,1,0.96450785970948,"AURI,PN,COVID","AURI,PN,TB,COVID"
"i just want to rant about how one person in the family recklessly caused everyone else in the household to be sick. it all started last week when my dad experienced symptoms. as early as then, my mom would tell him to wear a mask around the house, especially considering that we also have a senior living with us. but he didnt listen. he would react as if my mom was treating him harshly for being sick and respond with hindi na nga ako lumalapit masyado sainyo. he never attempted to wear a mask nor practice precautionary measures. he wouldnt cover his mouth when coughing or sneezingeven during meals, considering that he sits at the end of the table kabisera, in front all of us. he is disgusting. now, everyone in the household is sick, including my lola, and i hate it. it is very hard to function when sick. i am currently in my final year of college thats why im busy working on my thesis, alongside my other academics, and reviewing for the nmat. but i cannot work at my highest capacity because my current health condition doesnt permit me to. the same goes for my brother whos reviewing for his boards. it is frustrating and infruriating. all of these could have been prevented if my father wasnt only thinking of himself. yesterday he even went out and and ate at a boodle fight. how selfish and stupid, right? i am honestly livid with him. if it were us who got sick first, he definitely would have scolded us. i dont know why also, as youre probably wondering why he would scold us for being sick. thats just how his mind works. he would get annoyed, sometimes even mad, whenever he would hear repeated coughing. thats why i usually hold my cough at home whenever im sick. but, lo and behold, hes been receiving all the special treatment now that hes sick. if he wasnt the head of the household, i would treat him the same way he treats us. i would make him feel like it is his fault for being sick. not to mention, my father is one of those people who do not believed in covid. since 2020, we never attempted to get tested for covid despite experiencing symptoms every now and then. he thinks its just the regular flu. oh, and he also thinks that hospitals are crime syndicates. hes convinced that doctors purposely diagnose patients as covid positive to earn moneythat those who believe otherwise have been manipulated. hes also a bbm. lol.",0,0,0.12828202075322007,0,0,0.02661195884368357,0,0,0.07354745931333245,1,0,0.13267705827118123,COVID,NONE
"for everyone who knows me, knows i do not run fevers. and if i do, im feeling the worst ive ever felt. well, i randomly got hit with a low grade fever at work, and have a very good feeling im going to wake up tomorrow morning feeling like absolute crap.",1,1,0.7544095422676612,1,0,0.3548003166343149,0,1,0.44661617652210633,1,1,0.7615849636710518,"AURI,PN,COVID","AURI,TB,COVID"
"body almost collapsing, feet slipping on the di, only preventing himself from falling using the staff. go. ill die here. its fine. coughing up blood, spreading it across his elbow with violent noises. is this truly the end?",0,0,0.18218486355066793,0,0,0.08480458683427473,1,0,0.35902242624680686,0,0,0.2104712027510558,TB,NONE
"feeling like crap. heavy cough, congested chest. going to bed again to try and sleep.",0,1,0.5637055172602535,1,0,0.2797962668170579,1,0,0.4347438374031768,1,1,0.5823939076579095,"PN,TB,COVID","AURI,COVID"
unraveling thoracic mysteries! a 55yearold with chronic cough and dyspnea. chest ct unveils a like pleur,0,1,0.6341581013995021,0,1,0.5329683053355213,1,1,0.8659623380297576,0,1,0.5933495612908272,TB,"AURI,PN,TB,COVID"
"just picked up nitara, man shes so busted with khameleon i think ima have fun with her. got most of her bnbs down but if anybody wanna show me some more stuff be my guest! cough cough and how tf do u do that move where she shoots blood full screen?",1,0,0.16330535026237092,0,0,0.07120113194752871,0,0,0.2761881634279896,0,0,0.1587467702791171,AURI,NONE
hindi ko alam kung paano ko nasurvive tong week na to na pumapasok kahit masama ang pakiramdam hahaha 2 days may sinat tapos diarrhea naman until know,0,1,0.6105891125078737,0,0,0.3562376833674107,0,0,0.4016252825761381,1,1,0.6063732927161026,COVID,"AURI,COVID"
newborn presented with dyspnea ampcyanosis on chest xray what is the diagnosis?,0,1,0.6166898615934618,1,1,0.6200286940630008,0,1,0.8322661219366091,0,1,0.6298516814061619,PN,"AURI,PN,TB,COVID"
sakit sa dughan nga makita nako ang asawa saakong cousin ganiha nga gahilaka,0,1,0.5451385339762169,0,1,0.4701546019968557,0,1,0.5332222922266144,0,1,0.5394814330532731,NONE,"AURI,PN,TB,COVID"
"namamayat na talaga ako, kailangan ko ng pampataba, any suggestion,?",0,0,0.33385909648677664,0,0,0.29840121599297176,1,0,0.40976601891746617,0,0,0.3293277938145339,TB,NONE
"new research hemoptysis caused by parvimonas micra case repo and literature review background parvimonas micra p. micra, a grampositive anaerobic bacterium, exhibits colonization tendencies on oral mucosal and skin",0,0,0.08979981410352403,0,0,0.07269020389922233,1,0,0.33838262623975135,0,0,0.08650980528630242,TB,NONE
"were your meds free? anong pakiramdam nyo nung alam nyong covid na, pero di pa lang diagnosed? how did you ride it out? sa mga nagwwfh, nagleave ba kayo or did you continue to wfh? pano kayo tinest uli after 2 weeks, nakuha nyo ba ung results? im a pui pero di ako pinaconfine. kinuha lng nila quarantine pass ko and gave me a number to inform them kung lumalala ako or pag magaling na after 2 weeks. i think di naman to magiging covid na malala, bata pa ko and healthy. im hoping for the best. sinabihan ko yung mga kapitbahay kong malapit para lang they know. hindi ako pumuntang hospital, di rin naman ako nirecommend, kasi baka mas malaki ung chance na maging covid talaga ko dun na bongga. thanks sa mga sasagot. this is the worst sickness ive had. ang sakit ng katawan ko, yung lagnat ko taas baba, wala akong pang amoy, nagchichills ako random times of the day kahit mainit. nakakahinga pa ko pero minsan masikip na. nag iinhale ako ng steam after magpakulo ng tubig and it seems to help. mag isa lang ako, pinauwi ko parents ko sa province nung january pa. good kasi safe sila dun sana, pero bad kasi ako lang nag aalaga sa sarili ko. ang hirap gumalaw. ang nagtatake ng packages na inorder ko ung mabait kong neighbor. plus the effect on mental health, i am terrified af. di ko alam kung mkkta ko pa yung parents ko aftet this, the fear is real. nagwowork pa rin ako pero less meetings and not on call na. i consider myself lucky kasi di ko pa need ng ventilator and may income pa rin na pumapasok. stay safe everyone. god bless!",0,0,0.14832152702651116,0,0,0.041147159061852956,0,0,0.043129765144145266,1,0,0.15387487878874143,COVID,NONE
"wa pako naulian geatay, naa pa akong sorethroat ug head ache upat na kaadlaw. hilanat ray na wagtang",1,1,0.8581212261921631,0,1,0.6635677031976697,0,1,0.7277340889688757,0,1,0.8632129716316393,AURI,"AURI,PN,TB,COVID"
"since saturday afternoon lowgrade fever, bad sinus congestion, coughing, bad headache, not just sore throat but sore ears, jaw. muscle aches. general unhappiness. test negative at home for covid. can smell and taste. any ideas twitter before i make a doctor appt?",0,1,0.7897598590884882,0,0,0.14951066715562317,0,0,0.26214550925781593,1,1,0.7669618498575814,COVID,"AURI,COVID"
"This morning, I lost an 8 month old baby to COVID19. He was a previously well infant who presented with 6 days of cough and fever before coming to the ER with recurrent seizures. He went into cardiac arrest 6 hours after the referral and died shortly thereafter.The father is a Grab driver who staunchly believed that COVID wasnt real. He refused vaccination and accused the ER doctors of fabricating the COVID19 test result, just so the hospital would have an excuse for",0,0,0.12882391788471212,0,0,0.060608471348776435,0,0,0.1761326868282291,1,0,0.14953580237870331,COVID,NONE
"illness that makes him cough up blood. he meets song ahra, a poor but cheerful girl who works as a maid in his mansion. he falls in love with her, but he knows he doesnt have much time left. why i recommend it baeks clan the terminally ill young master is a heawrenching",0,0,0.09202303212241754,0,0,0.04230614045496106,1,0,0.16487993639147483,0,0,0.09114119883216194,TB,NONE
"i was in my brothers hospital room with my mom when he passed away. i remember every single detail in that room, i can even still hear the sound of his breathing, he was having a lot of difficulty breathing, my mothers reaction i will never forget. but i cant remember the day",0,0,0.29986892004865345,1,0,0.15732179345938896,1,0,0.2383152088097881,1,0,0.3005733122440947,"PN,TB,COVID",NONE
"i had it age 56 yrs unvaxxed severe high fevers, severe photophobia, cough, saw pixies on the ceiling,",1,1,0.6048317292574996,1,1,0.6586028657507963,0,1,0.7075059599942514,1,1,0.6194213475566829,"AURI,PN,COVID","AURI,PN,TB,COVID"
kung walang lagnat,0,1,0.9718709713339742,0,1,0.9437435671639918,0,1,0.9455944255540932,0,1,0.9719601296940059,NONE,"AURI,PN,TB,COVID"
"sauna once or twice a year ra magsakit, karun ga dungan ang mga sakit. paghuman sa hilanat, ma trigger ang allergies. mura mag g trippan akong immune system",1,1,0.6498865760166785,0,1,0.5099315621761578,0,1,0.5478695401125675,0,1,0.6700788189161762,AURI,"AURI,PN,TB,COVID"
". you will begin to cough in three days. you will dismiss it as just a cold, and go on with your life. only when you are unassuming and peacefully deep in sleep, will you begin to sta coughing blood. nothing can help you once you reach that stage",0,1,0.8719718494869636,1,0,0.06415505232929754,1,0,0.42499524691788837,0,1,0.9078853030636581,"PN,TB","AURI,COVID"
"8. tuberculosistuberculosis, a bacterial infection primarily affecting the lungs, can lead to respiratory failure, weight loss, and fatigue. in severe cases, tuberculosis can be fatal if not promptly diagnosed and treated.",0,0,0.08284751159793237,0,0,0.0672497130486577,1,0,0.2526692774264002,0,0,0.07025257347116852,TB,NONE
"para akong may sinat, malamig na parang ang init feile siguro. lol d1 to bgyo patintero patintero bukas na",1,1,0.4068928517674688,1,0,0.15516025735896877,1,0,0.19619566414993656,1,1,0.40933839400268934,"AURI,PN,TB,COVID","AURI,COVID"
"hello, just want to share this story to all of you. my wife by the way has recovered already and its been a month now. thankfully she only had mild symptoms when she got covid. but im going to share how she got the virus so that other people can be informed and can prevent themselves from being infected. march 30, we had a swab test at our house but my bro in law included his staff on that day. staff needed a swab test cert to go to a province. unfortunately, the staff arrived early and she was given a seat at the garage. she was already there about 5 minutes before the person who will do the swab arrived. the garage was a typical open air. she also did not talk, did not cough nor even sneeze. but she put down her mask every once in a while because she wiped her face with a small towel. i think she did this around 23 times. she also had runny nose on that day. come swab time, the first 2 person had their blood test taken and not nasal swab. after those 2, it was my wifes turn and she was scheduled to be swabbed. so she put down her mask only for a few seconds. after the swab, the mask went up to cover her nose and mouth. she was also seated around 2 meters from the staff, and it was not directly adjacent. after my wife, my bro in law got swabbed and then the staff. later that day, we got the news that the staff was positive for covid. my wifes symptoms appeared after 3 days from that interaction. prior to those days, we rarely go out and she had 2 masks on every time and we spray alcohol for every foreign object that we touched. aside from my wife, a yaya also got infected but her symptoms appeared on the 5th day. this nanny went out to the garage without a mask but for less than 10 seconds. she gave the mobile phone to my wifes sister bec someone was calling. i think she was about 12 meters away from the staff as well. this nanny doesnt go out for day offs bec shes afraid and she does not even go to the gate to receive packages or talk to other people. so were pretty sure that she got the virus from that staff. lessons that i learned from this the virus is airborne and 1 meter is not enough. actually, i searched who and it mentioned that covid19 can last upto 3 hours in the air. before, we thought that an infected person needs to cough, sneeze or talk for their virus to spread. but in this case, i think the virus spread when she flipped her towel. there were about 7 people on that garage and only 2 were infected bec the other 5 had their masks on. it only takes a few seconds for you to get the virus especially if you dont have a mask. i heard from someone that you need minutes to be infected. hope this helps",0,0,0.048176670134894656,0,0,0.01281588576219183,0,0,0.05258897675210749,1,0,0.0496425137459438,COVID,NONE
"edit please do check the newlymade rcoronavirus_ph subreddit for covid19 related issues in the philippines. thank you. case 1 status recovered who 38 yearold female, chinese tested positive january reported on january 30 symptoms mild cough january 21 other conditions none travel history wuhan hong kong cebu dumaguete manila currently at china known links to other cases companion of case 2 case 2 status dead february 1 who 44 yearold male, chinese tested positive late january reported on february 2 symptoms pneumonia, fever, cough, sore throat january 25 other conditions bacterial infection streptococcus pneumoniae and influenza type b travel history wuhan hong kong cebu dumaguete manila currently at na known links to other cases companion of case 1 case 3 status recovered who 60 yearold female, chinese tested positive january 23 reported on february 5 symptoms fever and coryza january 22 other conditions none travel history wuhan hong kong cebu bohol january 20 currently at china known links to other cases none case 4 status admitted stable who 48 yearold male, filipino tested positive march 5 symptoms chills and fever march 3 other conditions none travel history japan manila february 25 currently at research institute of tropical medicine ritm known links to other cases none case 5 status admitted serious who 62 yearold male, filipino tested positive march 5 symptoms cough february 25, severe pneumonia march 1 other conditions hypertension diabetes mellitus travel history none currently at ritm known links to the other cases none all information came from the press releases of the department of health. just summarized them for easy reading. ingat po tayong lahat mga kababayan. possible local transmissions can occur. sources case 1 case 2 case 3 cases 4 and 5",0,0,0.2580991674301966,0,0,0.10317163092819193,0,0,0.20149129017164402,1,0,0.2539121315738058,COVID,NONE
whats the best way to cure fatigue?,0,0,0.29161198178808756,0,0,0.2686239445517377,1,0,0.30126003813001534,0,0,0.29164743715710284,TB,NONE
karon pako byahe tapos gi hilantan pa jud atay nani,1,1,0.7043221104944472,0,1,0.48010121164840885,0,1,0.5404603055025465,0,1,0.6974076098983787,AURI,"AURI,PN,TB,COVID"
hala hala bet sad nako magalaga og jowa na gina lagnat,1,1,0.7094962116253283,1,1,0.549158708307754,0,1,0.5993378849427476,1,1,0.7074160949383708,"AURI,PN,COVID","AURI,PN,TB,COVID"
"masakit na ang dibdib sa ubo, ginanon pa",0,1,0.8149376306080136,1,1,0.7744226322533626,1,1,0.7822476793424673,1,1,0.8149184631801035,"PN,TB,COVID","AURI,PN,TB,COVID"
pag nawala lagnat ko baka yes hshdfghd,1,1,0.8260390418224328,0,1,0.505909867623467,0,1,0.5740091855147779,1,1,0.8275711418259004,"AURI,COVID","AURI,PN,TB,COVID"
nanghihina ako sa boses ni sunoo jajkskdls,0,1,0.3926892500586538,0,0,0.3724498357531047,0,0,0.388857559022856,0,1,0.3915208011378076,NONE,"AURI,COVID"
mawala na unta ni by monday ako hilanat uy kay diko gusto ma biyaan ojt bushet,1,1,0.6510522246214072,1,0,0.3359366735753077,1,1,0.44682828098546434,1,1,0.6457075281474307,"AURI,PN,TB,COVID","AURI,TB,COVID"
kapoya salon pag hilanat,1,1,0.8330225035896411,0,1,0.5256624381847805,0,1,0.5702509786595975,0,1,0.8330318308496976,AURI,"AURI,PN,TB,COVID"
my son who had a clvod then week later was coughing up blood. he had esophageal tear. hope it wasnt from being being incubated with a clovid,0,0,0.3409501868287337,0,0,0.12368366263545415,0,1,0.6321520156214115,1,0,0.35719029596415003,COVID,TB
tangina lagnat ang inabot huhuhu,1,1,0.8814130192302507,0,1,0.7958002687604895,0,1,0.8023699121952732,1,1,0.8797301801463323,"AURI,COVID","AURI,PN,TB,COVID"
tama namo gikapoy nako wala ko kabalo gipang unsa tamo pati sa pa na relationship nako sa iyaha ipa sangil pa nga about cheating kung unsa among probelma samoa amoa raman unta to,1,0,0.18088265529261705,0,0,0.17761205487290885,0,0,0.19148175739664475,0,0,0.17788633398436923,AURI,NONE
"just to help out the rest of us who cant buy masks, heres how to make your own gas mask from water bottles you can find filters for masks in hardware stores like ace hardware or home depot. you can find n95 masks recommended by who at big hardware stores if your pharmacy runs out. remember, corona virus can also be transmitted through the eyes, so make sure you wear shades, glasses or goggles if you can. avoid rubbing your eyes for now. and make sure to wash your hands and use alcohol. hand sanitizer is not enough. avoid public places. stay home to reduce the spread. and the most important thing is to not panick. if you feel that you suddenly have a fever, cough, and trouble breathing, seek medical attention immediately. vicks and vaporub jokes aside, your life and health is no laughing matter. attention if you guys really want to have masks, i dont recommend it since i dont think they can block out viruses like the facemask you can buy at bangketas with coco martins smile, but you can buy filter masks and respirators at hardware stores if you can afford it, buy dust respirators that p3 grade or higher. here is a picture of all masks that will work with viruses share that last link to loved ones and friends. i highly implore you to click that link for you to know what the correct mask is to buy. oh, and someone reminded me. redacted. if it came from a chinese supplier, that has been tested by another human by wearing it. you can sanitize it with uvc light be careful with using uvc light or just ensure that it remains untouched days including transit in the box for 5 days so that the mask selfsanitizes after 5 days. thanks to uheadhuntermomo for bringing this up",0,0,0.07230176044264132,0,0,0.020353426245048812,0,0,0.028616258570854324,1,0,0.07111002330858882,COVID,NONE
yippee i have a low grade fever,0,1,0.9882609788798334,0,1,0.8699256865993079,1,1,0.8544721552148852,0,1,0.9885537202794116,TB,"AURI,PN,TB,COVID"
"POTS is living with emergency type symptoms every day tachycardia, chest pains, shortness of breath, etc. Its such a mind f, because you never know when to be really worried.",0,1,0.5266997635622764,0,1,0.43598370532641045,0,1,0.5088852277773206,0,1,0.5346889893115224,NONE,"AURI,PN,TB,COVID"
tangina yung sembreak ko tapos na pero yung ubo ko thriving parin,0,1,0.7181454123410265,0,1,0.7223466544935757,1,1,0.7623635439057356,0,1,0.7140501828744115,TB,"AURI,PN,TB,COVID"
hilanat man guro ni,1,1,0.8946344556888388,1,1,0.500867354042271,0,1,0.5361260480789514,1,1,0.8923785449177908,"AURI,PN,COVID","AURI,PN,TB,COVID"
di naman puyat pero laging inaantok at walang ganang kumain.,0,1,0.6253293325322993,0,1,0.6131568307633659,0,1,0.6617412855186453,0,1,0.6211208356805933,NONE,"AURI,PN,TB,COVID"
my daughter has had a cough for over a month when she wakes up in the morning. and now my wife is sick. i was sick a month ago and that was the first time ever felt like i couldnt breathe. i swear i think they are releasing viruses all the time.,0,1,0.4165939969582478,0,0,0.16470940349639765,1,0,0.3230272080176144,0,1,0.4279871025429802,TB,"AURI,COVID"
way maayo sa buntag waa hilanat may mo sugat,1,1,0.6941965374125693,0,1,0.4502304675869146,0,1,0.5143532145957423,1,1,0.6886829239860184,"AURI,COVID","AURI,PN,TB,COVID"
kuyawa pod aning hilanat ni marc uy abot man pila ka adlaw d naman ata ni normal,1,1,0.7131891531381562,1,0,0.40515276966668967,0,0,0.4336579248244048,0,1,0.7034284786608275,"AURI,PN","AURI,COVID"
unraveling thoracic mysteries! a 55yearold with chronic cough and dyspnea. chest ct unveils a like pleural mass. whats the likely ? a pleural effusion b pleural mesothelioma c pulmonary embolism d lung abscess,0,1,0.4319279710782339,1,0,0.39200560574821897,0,1,0.7102353255514033,0,1,0.408501076012698,PN,"AURI,TB,COVID"
china cough next,0,1,0.6237516525056976,0,1,0.5917991971687647,0,1,0.7469585010394667,1,1,0.634665790684206,COVID,"AURI,PN,TB,COVID"
"tanginang doktorang nyan, pati ako pinagiisipan nya na ring nagpapanggap na may sinat",0,1,0.5741014899472215,0,0,0.3795779281080811,0,1,0.4464521303328992,0,1,0.5709081086398604,NONE,"AURI,TB,COVID"
wala nakong gana kumain tangina mamatay nalang kung mamatay,0,1,0.7719111475634509,0,1,0.8597545652583787,1,1,0.866126032840551,0,1,0.7732336743420654,TB,"AURI,PN,TB,COVID"
update my mom is still at hospital amp they are doing some physical therapy at place but just found out she is on a breathing tube now. she had shoness of breath for no reason. please and help get this gofundme campaign out there! please amp thanks,0,0,0.31790401457494005,1,0,0.16682726183197913,0,0,0.20569159187211045,1,0,0.3132996635384498,"PN,COVID",NONE
"came to tallaght hospital because my wife is experiencing chest pains, cough, shoness of breath. and after the initial triage with a blood test and pressure check we are stuck at ane for 13 hours for someone to tell us the diagnosis for my wife you guys are a joke!",0,0,0.20728371719130606,1,0,0.14205326273307828,0,0,0.3700601806927508,1,0,0.257114703769065,"PN,COVID",NONE
why naman parany pagod na pagod ako ket waa anman ako giangawang nakakapagod?,0,0,0.056758110647151146,0,0,0.06489745361491793,1,0,0.06854585336130131,0,0,0.056349214262779605,TB,NONE
gusto ko ganyan clingy kapag lagnat,0,1,0.5956969449400636,0,1,0.43651586808560777,0,1,0.5041310141680232,0,1,0.5955851856457214,NONE,"AURI,PN,TB,COVID"
ganahan kaayo ko mag duwa ba pero akoa hilanat maka buang,1,1,0.7092976537615722,0,1,0.515345431916606,0,1,0.5334624471176953,0,1,0.709683398409992,AURI,"AURI,PN,TB,COVID"
agay dutlan mag hilanat kliford,1,1,0.9386020237021754,0,1,0.7466517037417687,0,1,0.7722346289168169,0,1,0.936951892725439,AURI,"AURI,PN,TB,COVID"
i am currently searchinglooking for free online health consultation since i cant afford to have a check up yet. last year pa kasi itong nararamdaman ko shortness of breath and kagabi lang super hirap na hirap ako huminga at ang sakit ng dibdib ko kaya natakot ako pero wala pa ako budget magpatingin sa doctor. advance thank you sa mga mga sasagot.,0,1,0.6516957630851876,0,1,0.552663814979157,1,1,0.6105640862838106,0,1,0.6521429367130297,TB,"AURI,PN,TB,COVID"
my life in a hospital bed coughing up blood and mucus. you really going to tell them to just deal with it at that point? gonna tell them things are going to get better? what if it doesnt? what are you going to do then?,0,0,0.2782003839037499,0,0,0.06256667993466399,1,0,0.3214331254456089,0,0,0.30510340064854524,TB,NONE
normal temps can range from low 9799 degrees. but the 100.5 is a low grade fever and anything above then gets into mild and high grade,0,1,0.8899024227756969,0,1,0.5960185310524134,0,1,0.6703029528806851,1,1,0.8909520910748346,COVID,"AURI,PN,TB,COVID"
"Kinumpirma ng pamilya ni Lloyd COVIDadena na nagpositibo sa ang sikat na Youtube vlogger. Dagdag ng pamilya ni Lloyd, ipinaalam din sa kanila ng doktor na inatake siya sa puso habang natutulog.Lloyd was confined in the hospital on September 1 due to high fever and dry cough. He was tested for COVID19 on the same day which the result came out positive on September 3. As soon as the result of his swab test came out, our family, including BNT immediately isolated themse",0,0,0.12912792710312712,0,0,0.07433304537434413,0,0,0.1068669495335158,1,0,0.14134281874614968,COVID,NONE
TB had to,0,1,0.4122143611424179,0,0,0.3131680268765213,1,0,0.4165064396336285,0,1,0.39807405286649955,TB,"AURI,COVID"
in your research have you heard of a coldflu virus that is going around. tests negative to all tests but is the most miserable with several days of a low grade fever with a cold in the middle? why dont we know that these viruss are going around?,1,1,0.3788545249426181,0,0,0.055614975850677796,0,0,0.08447049511726036,0,1,0.3836176704650669,AURI,"AURI,COVID"
"my son came home for christmas on a sunday. monday afternoon i had fever, chills, sore throat. so i tested myself, was positive. i ended up showing symptoms amp testing positive less than 24 hours after being in contact with my son. love my crappy immune system",0,1,0.5095657575364761,0,0,0.094783584821298,0,0,0.15631104937063106,1,1,0.4998544566557464,COVID,"AURI,COVID"
not even because it was broken. she said she went because she had trouble breathing at night. overuse of a drug that is snoed can cause damage to nasal tissue. a deviated septum can cause difficulty breathing. she saw a dr. only so she could testify that she was seen by one.,0,0,0.1692185220945026,0,0,0.1351934796258222,0,0,0.2746123030120065,1,0,0.15808809544387595,COVID,NONE
"i am certain i got covid from a barbershop. i went to get a haircut on the 31st and all the barbershops were closed except for one. there was a barber who was coughing. a lot. he was cutting the hair of an unmasked older gentleman who didnt seem to mind. the barber told me to sit down because he will be done shortly with cutting the hair of the older person then it would be my turn. i should have walked out. normally i avoid people coughing but i thought it didnt matter as this was the 31st before news of the big surge. i also thought that the barber was coughing due to the cold weather. i didnt walk out. instead i had my haircut by another barber in the same shop. i hope the older guy is okay. im fully vaxxed with astrazeneca and boostered with moderna. edit and i have flu vaxx too. as for me im ok no more colds, slight cough with sore throat isolating right now. 02 sats never dropped below 97 although i had a nonstop runny nose for four days. its the worst ive ever had in my life. can you guys please share how you think you got covid? i think it would help others be more careful.",0,0,0.2611497049680744,0,0,0.04237100072618347,0,0,0.13488776116639437,1,0,0.26471221025432456,COVID,NONE
ya hilanat ka bata ko taas du indi man ko makampante amo ja gle ka budlay kng rayo kaw sa pamilya mo,1,1,0.44826361175665125,0,0,0.25145613779836473,0,0,0.25527433718468207,0,1,0.44578721032762036,AURI,"AURI,COVID"
"a 64yr oldwho experienced sudden onset of chest pain,dyspnea was rushed in unconscious.she is a known htn not complia",0,0,0.2579151445336847,0,0,0.31803116216541405,0,0,0.41041036165698436,1,0,0.260501631047208,COVID,NONE
"nahihirapan nako huminga lods, mag first move ka daliiii",0,1,0.5198108487741908,0,1,0.569775724159356,0,1,0.6161252915070782,0,1,0.5073782665550468,NONE,"AURI,PN,TB,COVID"
Hiyang ba sa GAMOT sa UBOT SIPON ang anak ninyo?,1,1,0.7310357356995714,0,0,0.05044371882065855,0,0,0.06478347610956119,0,1,0.7412898383982134,AURI,"AURI,COVID"
whats pissing me tf off. is my baby has had the flu and 23 weeks this cough was suppose to get tf and it hasnt. and im noiddddd like shit. i just want my baby 1001 bacc right,1,1,0.4151123775814412,1,0,0.1519162912748441,0,0,0.2487792240579403,0,1,0.4272605357443169,"AURI,PN","AURI,COVID"
boang mani akong hilanat nge,1,1,0.9615693972828455,0,1,0.7519565524572038,0,1,0.8075082892238761,0,1,0.9627820735279072,AURI,"AURI,PN,TB,COVID"
"does anyone know how long on average it takes to fight off the worst of this current strain of covid? lo still testing positive as well week since positive test, would be 9 days or so since his cough changedwas worrying me",0,0,0.21709346582140623,0,0,0.05692478306899849,0,0,0.11610562750392912,1,0,0.215188053862842,COVID,NONE
patients are very wicked fr. tell me why youre coming to the hospital now that is about to sta bcos of nasal congestion and difficulty in breathing. couldnt you wait just one day. will one extra day of difficulty in breathing take your breathe away,1,0,0.3132537927872891,0,0,0.13491550497439617,0,0,0.15590145058872618,0,0,0.32306096910671084,AURI,NONE
"just had an a phone call with my dr for rx renewal, good god was she ever coughing and sniffing up a storm thankful i dont have to go in person any time soon and my recent round of blood work was good thats every 3 months",0,0,0.17615988535327118,0,0,0.09031743023374306,0,1,0.44518914575390983,0,0,0.19165699648226442,NONE,TB
i remember seeing this image before but i could not remember if it was fever dresm and i couldnt find it so i made it h,0,1,0.3697736978919889,0,0,0.19443837159612598,0,0,0.31334850776875206,0,0,0.35152819435261146,NONE,AURI
".and yet only 14 deaths. adverse event repos are almost always sore arm, flu like symptoms, low grade fever, etc. just like most other vaccines. how many people died of covid? tosser.",0,1,0.5511692267637407,0,0,0.13706702469726656,0,0,0.18107115631886803,1,1,0.5423814273540788,COVID,"AURI,COVID"
thats a low grade fever,1,1,0.9905460473701508,0,1,0.8776938007870384,0,1,0.8424059793861691,1,1,0.9903044548922756,"AURI,COVID","AURI,PN,TB,COVID"
"hi, please help fixing it. my kids have breathing difficulty and the house is full of dust.",0,0,0.3459479026092929,0,0,0.1716272768080968,0,0,0.255450109254297,1,0,0.3498212746205948,COVID,NONE
shet sa weather ba kha ni nohh huhu nadayun na jud sipon akoa padung nsd ni ubo,1,1,0.7612919497859586,1,0,0.12911530394020806,0,0,0.14013713636127426,1,1,0.7853863042296856,"AURI,PN,COVID","AURI,COVID"
"coughing up blood, medically known as hemoptysis, involves coughing or spitting up blood or bloodstreaked mucus from your respiratory tract. click the photo to read the full aicle now.",0,0,0.1337218252854591,1,0,0.07535852609813076,1,1,0.7899328859819684,0,0,0.12807270336412227,"PN,TB",TB
dw its just fibrous mucous with blood in it i have a coldcough,1,0,0.1846945772434043,1,0,0.04643052873788422,0,1,0.534454237668992,0,0,0.23713340182422027,"AURI,PN",TB
"gipang lagnat naman ang all uy, sa tanang uso mao pa na akong masabayan jusq.",1,1,0.7993945101599373,1,1,0.6288935612829051,0,1,0.6833459896510611,1,1,0.8038727780651724,"AURI,PN,COVID","AURI,PN,TB,COVID"
"night, i woke up with a high fever, soaked in my on sweat, i tried to stand up but felt dizzy, still pushing myself i got up using my hands as suppo, i noticed how difficult it was for me to swallow my saliva, i immediately switched the light on, nimat my roommate was fast 15",1,0,0.1765161125098273,0,0,0.10023995676038257,0,0,0.2326647424143953,0,0,0.19683993045295195,AURI,NONE
buti pa ubo mo bumabalik,0,1,0.79535165160435,0,1,0.7282075583449475,1,1,0.8146413163226872,0,1,0.7898962892000834,TB,"AURI,PN,TB,COVID"
everything hus and i am dying i have a low grade fever,0,1,0.9003995940488045,0,1,0.5673833186800907,0,1,0.6217623643773531,1,1,0.9085891353843694,COVID,"AURI,PN,TB,COVID"
i am. i still have a mild headache and low grade fever. i thought that might be over but i guess not. how are you doing?,0,1,0.8472092564109648,0,0,0.3405314672030022,0,0,0.4243894993786522,1,1,0.8476921219004789,COVID,"AURI,COVID"
"bryne was trying to catch up with her father, seeing if he wanted to get tea together. but seeing him go into a coughing fit stopped her ..watching him toss away the tissue.. was that blood!? running to the trashcan and looking in to see what she feared. no...",0,0,0.17214069768225498,0,0,0.0963497755456306,1,0,0.4163407505314034,0,0,0.17928443196001295,TB,NONE
ive had this dry cough for a while and its pissing me off because it just wont shift,1,0,0.27787127223772684,1,0,0.08882421874819516,0,0,0.2155884134037707,1,0,0.3192751373573502,"AURI,PN,COVID",NONE
nawala lagnat ko,1,1,0.9893256251497239,0,1,0.8789183691704335,0,1,0.9001707513188566,1,1,0.9891908734343847,"AURI,COVID","AURI,PN,TB,COVID"
lagnat nasad pero duty japon hahahaha abusador naman kayko sakung lawas,1,1,0.8121630860361846,1,1,0.4435153873634236,0,1,0.48893566637153757,1,1,0.807418049498337,"AURI,PN,COVID","AURI,PN,TB,COVID"
"my father works as a frontliner for the qc government. he is in mdad and in charge with the citys public markets. since nagstart ang pandemic, my father has been in charge of disinfecting public markets round the clock, aside from the common upkeep and maintenance. hindi sila binibgyan ng ppe khit pa karamihan ng markets na pinunthan nila, puro covid19 positive. ngayon, super daming positive na qc government employee. pinagrapid testing sila papa a month ago kase they were all feeling sick pero sad to say, hindi sagot ng qc yung swab test pag nagpositive ka sa rapid test. most of the employee, hindi afford magpaswab test kya khit may nararamdaman sila ngwowork pa ren. tpos sabi pa kila papa, wag na ipagkalat pag may nraramdaman silang symptoms ng covid19 at dinidiscourage magpacheck up kung hindi nmn malala yung nrramdaman nila. goodluck tlga sa family nmen. as of last week, wala na kmeng panlasa at pang amoy. we all had fever pero one day lang naglast. we are all okay nmn pero wala kmeng pangamoy at panglasa. sana hindi covid19 to dhil di nmen afford magpaswab test.",0,0,0.13884105504336733,0,0,0.03408828267131445,0,0,0.048464027057230255,1,0,0.14039372763393487,COVID,NONE
jay z you will cough in 3 days,1,1,0.7858099692479067,0,1,0.5333171680206406,0,1,0.566999434627536,0,1,0.7792843217770367,AURI,"AURI,PN,TB,COVID"
wait lang gago nanghihina ako,1,1,0.3690841458415411,1,0,0.3547090458112512,1,0,0.40933565731827737,1,0,0.36413907152901487,"AURI,PN,TB,COVID",AURI
"person wnew dx of hiv cd4 20,not on a yet wfever, cough amp hemoptysis x3 months. grows his own vegetables. cavitation pneumonia blood culture on horse blood agar plate on day7 amp gram stain gram positive bacteria. dx?",0,0,0.12327879858714116,1,0,0.06530297649161686,1,1,0.4431320342090702,0,0,0.14542389742032572,"PN,TB",TB
"this go round w having covid is a lot easier than last time. the headaches suck and shoness of breath, but im actually able to get burst of energy here amp there to feed myself amp my kids, plus clean.",0,0,0.27740406955602703,0,0,0.1294481451338545,0,0,0.1802602752753013,1,0,0.29436085233110537,COVID,NONE
"sir, can it be legionella pneumophila, because risk factors like diabetes mellitus is present, hyponatremia is typically seen in legionella infection. since it is atypical, fever would have been of low grade, no purulent sputum. so macrolides, fluoroquinolone, cane given.",0,0,0.30598579451855623,1,0,0.09174099140350535,0,0,0.11918512943389813,0,0,0.29688057309145904,PN,NONE
my grandma didnt have dementia but was 101y old when she caught covid. she could follow the news in tv. wit,0,0,0.2632246509072973,0,0,0.15703553727907155,0,0,0.31703901507751225,1,0,0.243841044479563,COVID,NONE
covid day 5 my cough is better so im a happy girl fever is still not playing nice but its nice not to be cough,0,1,0.6457191880720954,0,0,0.40213108314234147,0,1,0.6467369839059116,1,1,0.65176008274292,COVID,"AURI,TB,COVID"
"there are also exerciseinduced asthma, where you use beta2 agonists in acute asthma attack and shoness of breath to widen the airways so that the lung function improves and the shoness off breath ceases.",1,0,0.08047513284816252,0,0,0.08431003187921916,0,0,0.07212587117026824,0,0,0.0863167257424467,AURI,NONE
my throat hu so bad and this cough isnt making it any better,1,1,0.6439726218318897,0,0,0.18777250258086695,0,1,0.45003924959319686,0,1,0.684918772814247,AURI,"AURI,TB,COVID"
first thing they do. before they put a couch in their living room. not that weve seen an example of this cough lee edwards cough.,1,0,0.32163472420521894,0,0,0.17831509279064264,0,0,0.3228023830784433,0,0,0.32983308829839414,AURI,NONE
a systematic approach to the management of massive hemoptysis pmc,0,0,0.0945197850227038,0,0,0.06502026229835242,1,0,0.36185253526193945,0,0,0.08936748350267879,TB,NONE
skwela napod nga gi hilantan sheesh,1,1,0.6583314384048546,0,1,0.4807968072779557,0,1,0.6361985825719116,0,1,0.6471094470976204,AURI,"AURI,PN,TB,COVID"
got covid end of sept. diagnosed with long covid in nov because of persistent fevers. this is my daily avgs mapped for this last monthnever under 99 4 months of this with only a handful of days not in low grade to full fever,0,0,0.3242622460969214,0,0,0.08496804627076472,0,0,0.17728534387525768,1,0,0.2924050119944194,COVID,NONE
"a friend showed me a tiktok video of a supposed influencer sharing his thoughts on covid. the video with embedded texts went like this storytime covid 19 edition and then dinala sa hospital, dead on arrival. then sabi nung doctor sa mga kamag anak. kung papayag yung family na ang ilagay sa death cert nung namatay ay covid instead of heart attack . so yun lang, idk what to do with that information kaya skl. let me answer you, what you should do with that information is ask someone who is knowledgeable on the topic or at least someone who knows more than you do, cause you definitely dont know a lot. what you should not do though is post a video putting the hospital and medical professionals in a malicious light. for those of you who wants to be educated on the topic anyone who is symptomatic, we cant mix with those who do not have the symptoms. ubo, sipon, lagnat, hirap sa paghinga, pananakit ng kasukasuan, pagsusuka, pagtatae or pagkawala ng pangamoy at panlasa. you might be wondering, eh ang daming sakit with the same symptoms. yes, kaya nga po puno ang emergency rooms and covid floors. unless proven na negative ka sa covid with rtpcr, it is prudent that we dont place you with those without the symptoms. hospital protocols also dictates that anyone who arrives dead will be tagged as covid suspect relating to the tiktok vid, paano nasabing heart attack? may ckmb ka? may trop i ka? may ecg ka ba???. covid also complicates underlying conditions like heart, brain problems which might have led to the demise of the patient. did the patient die of a heart problem? possible. did the patient die of covid? possible. hindi sya exclusive, and unless we do postmortem swab, we will not know. the government ideally should fund more research centers and laboratories, to make testing more available kahit sa maralita. sayang yung mga inutang. hindi lahat ng tao afford ang 25k na rtpcr swab na may 7 days validity lang. pag may rtpcr ka na timely ang collection, you need not be tagged as suspect and can be treated sa covid negative area, therefore decongesting the covid suspect area, therefore freeing some resources that can be used for those in critical conditions. i am all for freedom of expression, but i also believe in responsible posting. supposed influencers should help us eradicate misinformation, use their platform for greater good. you also address your audience well. isang taon na tayong lockdown, ang dami nang dinagdag na letra sa cq. baka naman po? if you have any questions, if in any way i can explain things in simpler terms. i also urge people in the medical field to answer people the simplest way possible, to be patola na. our job extends way outside the corners of the hospital. di na lang covid ang kalaban, bad governance, ignorance and misinformation too.",0,0,0.05801192532464233,0,0,0.008256614832262754,0,0,0.016456837340394263,1,0,0.05700291424176313,COVID,NONE
"you will begin to cough in three days. you will dismiss it as just a cold, and go on with your life. only when you are unassuming and peacefully deep in sleep, will you begin to sta coughing blood. nothing can help you once you reach that stage",0,1,0.874899696491509,1,0,0.06534542955320953,1,0,0.43509844456399804,0,1,0.9102816081969372,"PN,TB","AURI,COVID"
nganu gi ubo mn ko uy,1,1,0.858790441923306,1,1,0.8239904551000109,0,1,0.8324379735884797,1,1,0.8547593118322322,"AURI,PN,COVID","AURI,PN,TB,COVID"
hilanat again bruhhh,1,1,0.9409296626040351,0,1,0.6935871731425881,0,1,0.734196756024134,1,1,0.9391438748182374,"AURI,COVID","AURI,PN,TB,COVID"
"our officials are talking a lot about vaccination fatigue, mask fatigue and never about a real an",0,0,0.15993330693264277,0,0,0.17127126765990566,0,0,0.19635372390278935,1,0,0.16798968835038577,COVID,NONE
purselip breathing is a technique that allows people to control their oxygenation a,0,0,0.08891784045548215,1,0,0.058667048131952775,0,0,0.07228140110997919,0,0,0.09041981166511795,PN,NONE
HOME REMEDY FOR ANY TYPE OF COUGH AND YOU WILL NEVER BUY COUGH SYRUPDRY COUGH WET COUGHTBWHOOPING COUGH,0,1,0.7032930065164741,0,1,0.5520616173488742,0,1,0.6875175951206369,0,1,0.7292533470047122,NONE,"AURI,PN,TB,COVID"
i got some blood there in my phlegm and snot.,1,0,0.1920125817049139,1,0,0.09679993007236612,0,1,0.6349817951873497,0,0,0.31375477625889786,"AURI,PN",TB
vaccination fatigue is a made up term. im not aware of any studies to suppo existence of this phenomenon.,0,0,0.1861408522381066,0,0,0.11894345605721564,0,0,0.14330643440984042,1,0,0.18224534877312137,COVID,NONE
hilanat jud padulngan ani ba,1,1,0.8220858497774022,0,1,0.5634839675311841,0,1,0.6055276935787511,0,1,0.8282973516735692,AURI,"AURI,PN,TB,COVID"
"also when you are handling bodies you need to be wearing proper ppe gloves, a coat that actually covers all your clothes with sleeves that fully cover your arms, and preferably some kind of maskeye protection if youre expecting blood splatter cough my bloody valentine",0,0,0.10577073417063576,0,0,0.05032528527075118,1,0,0.15037077909663904,0,0,0.12233820523078504,TB,NONE
maybug kung lagnat,1,1,0.9887704413418202,1,1,0.9471736943575683,0,1,0.9623438995709274,1,1,0.9885559991833056,"AURI,PN,COVID","AURI,PN,TB,COVID"
"that man will begin to cough in three days. he will dismiss it as just a cold, and go on with his life. only when he is unassuming and peacefully deep in sleep, will he begin to sta coughing blood. nothing can help him once he reaches that stage",1,1,0.6910663355675304,0,0,0.03963769328801264,0,0,0.3540805403905194,0,1,0.7488287029061008,AURI,"AURI,COVID"
"med student pc dyspnea of 2weeks cons did the patient tell you dyspnea? med student no sir, he said sho",0,1,0.44772956061060115,1,0,0.3882359871808554,1,0,0.3979185713932798,1,1,0.44479624184607663,"PN,TB,COVID","AURI,COVID"
heard a friend describe how a cough in december ended with him spending a week in hospital with spiking blood pressure and infection. was off for 3 weeks. masking still not required in his shop. self employed. slowly recovering.,0,0,0.33236544894668674,1,0,0.14870315388628064,0,0,0.38363973502493726,1,0,0.3686562611938849,"PN,COVID",NONE
"5. rose water conjunctivitis also known as epidemic keratoconjunctivitis ekc, its an eye infection caused by ceain types of adenoviruses. 6. rosered sputum hemoptysis, where coughedup blood is mixed with sputum, giving it a rosered appearance.",0,0,0.0765102777107528,0,0,0.06084432186025808,1,0,0.291516216546329,0,0,0.07647915313175796,TB,NONE
"whoever said to me you will begin to cough in three days. you will dismiss it as just a cold, and go on with your life. only when you are unassuming and peacefully deep in sleep, will you begin to sta coughing blood. nothing can help you once you reach that stage u were right",0,1,0.8415978330710829,0,0,0.06499243587673098,1,0,0.41942433581491045,0,1,0.8846676805916244,TB,"AURI,COVID"
hi magandang gabi po sa lahat minsan lang po ako mag post dito sa reddit kaya baka may di ko po masundan yung rules dahil minsan lang din po ako gumamit ng reddit. gusto ko lang po sana humingi ng tips kung paano mag earn ng money kahit nasa bahay lang sa ngayon kasi down na down ako kasi mukhang may tb ako o tuberculosis sa edad kong 18 hindi ko aakalain na makukuha ko yung sakit nato. kaya gusto ko parin makatulong sa magulang ko dahil mukhang matatanggal ako sa pinagaaralan ko nagaaral po kasi ako sa tesda para makapag trabaho na sana at makatulong agad sa magulang ko hindi ko din po alam kung paano ako nahawa kasi ngayong taon nakapag pa xray din ako okay naman po at nakapasa ako sa medical hindi ko po alam kung sa school po ba ako nahawa kaya nakakapang hina ng loob kaya gusto ko parin makahanap ng trabaho para makatulong sa pamilya kahit papaano.,0,0,0.09825245391961342,0,0,0.06221556750686697,1,0,0.09433575369460426,0,0,0.09957920801713263,TB,NONE
we thought he might have contracted covid or the common flu. when the cough got worse and he staed experiencing pain when,0,0,0.33005717059730566,1,0,0.17764396814003364,1,0,0.3186484731514592,1,0,0.32975618649370175,"PN,TB,COVID",NONE
the worst pa of having a cold isnt difficulty in breathing its losing the sense of taste,1,0,0.2846089196575995,1,0,0.09809270977003426,0,0,0.10659693435927362,1,0,0.2961277887723407,"AURI,PN,COVID",NONE
wala nako kasabot skoang gi bati run kamatyanon or gi hilantan lang,1,1,0.5499038935373822,1,0,0.39433633111419686,0,1,0.44181780471352666,0,1,0.5421576006732968,"AURI,PN","AURI,TB,COVID"
bakit namamayat nanaman ako?,0,1,0.7748491564747794,0,1,0.7432513031010133,1,1,0.9094267912939026,0,1,0.7723287388740566,TB,"AURI,PN,TB,COVID"
TB,0,0,0.21028528545312528,0,0,0.1782940842248976,1,0,0.3005727793208286,0,0,0.20995955995647597,TB,NONE
woke up now middle of the night. damn fever showed up... just now when my weekend staed...and i had such a great afternoon...with spring in my head,1,1,0.3954020173232041,0,0,0.07934330997480515,0,0,0.16136335157340229,0,1,0.4342738510819545,AURI,"AURI,COVID"
nitukar lage akong ubo buset,1,1,0.9842286215132416,1,1,0.981700685787851,0,1,0.9822653547629688,1,1,0.9856687097094622,"AURI,PN,COVID","AURI,PN,TB,COVID"
i swear gikapoy na ni sila pau sa akoang daily morninf rants ab being late,1,0,0.18182597039661832,0,0,0.12383587458429948,0,0,0.16555670429477104,0,0,0.21493039618217066,AURI,NONE
walay gana mo kaon,0,0,0.20691773625331636,0,0,0.1901461122748832,1,0,0.2255189415459669,0,0,0.2043104456972363,TB,NONE
"tanka name the adverse reaction dyspnea, dry cough from drug given to ward off bouts of",0,0,0.33642243014635165,0,0,0.32231868832584204,0,1,0.45402095185933505,0,1,0.39876549983146686,NONE,"TB,COVID"
"nakain kami lunch ni mama ma wala kang gana kumain? nag vvitamins ka ba? me masakit ngipin ko po, kaka adjust ko lang ma gusto mo yang nasasaktan ka e hahahahahahaa mama namemersonal",0,1,0.37335997654605907,0,0,0.23935561470735411,0,0,0.259426782854464,0,1,0.37499142029447285,NONE,"AURI,COVID"
bungad sakin mga ka work ko namamayat na daw ako,0,1,0.45682255942603667,0,1,0.561817613723636,1,1,0.7197578867433725,0,1,0.45341497259504454,TB,"AURI,PN,TB,COVID"
"upper gastrointestinal bleeding can be due to ulceration in midesophagus due to erosion of tuberculous subcarinal lymph nodes. sometimes hematemesis amp hemoptysis can be confused as patient sometimes. bleeding source from git or lungs can,t be differentiated",0,0,0.07090426041103941,0,0,0.04903433244675653,1,0,0.1736797555970895,0,0,0.06048453000313412,TB,NONE
"update definitely sick, i have a low grade fever my mon tested positive for covid",0,1,0.9338790063928144,0,1,0.5515260965250861,0,1,0.6320514206969411,1,1,0.936629140924967,COVID,"AURI,PN,TB,COVID"
lagi nalang nahihirapan huminga,0,1,0.8885311399857742,0,1,0.944489918809931,1,1,0.940418181857349,0,1,0.8887030770679065,TB,"AURI,PN,TB,COVID"
feel ko talag namamayat ako dito haha,0,1,0.4619916404032489,0,1,0.49846716060389834,1,1,0.6161233241495256,0,1,0.4561835384369999,TB,"AURI,PN,TB,COVID"
still got a bad cough. it just wont go.,0,1,0.6819476184845239,0,1,0.43265291056643446,1,1,0.5568814337240185,0,1,0.6824209369581253,TB,"AURI,PN,TB,COVID"
woke up now middle of the night. damn fever showed up... just now when my weekend staed...and i had such a great afte,1,0,0.34335115558594254,0,0,0.08360210235255076,0,0,0.12636417555444596,0,0,0.35472888665741165,AURI,NONE
"a year ago, my wife was admitted to the hospital where a week later she would be diagnosed with aml leukemia. upon being admitted, she had a low grade fever, but otherwise, no other symptoms. they tested her for c19, and she tested positive.",0,1,0.7281346640290767,0,0,0.2563400023126764,0,1,0.4824577554073971,1,1,0.7104066475228794,COVID,"AURI,TB,COVID"
"i decided to document to my quarantine period to have something to occupy my mind. its day 7 and i woke up kinda sluggish. masakit din ang ulo ko sa ubo ko. still no sense of smell and taste. but happy to note na wala akong lagnat. i miss smelling things. the tita in me is missing the smell of my various liniments. katinko, white flower i miss your smell!",0,1,0.46394545939741844,0,0,0.26540431106694856,0,0,0.39403578858704275,1,1,0.4843356906632768,COVID,"AURI,COVID"
"grabe na panghihina ng buong katawan ko, sobrang hirap",0,1,0.6736116756900584,0,1,0.6525417883845344,1,1,0.6934076821513194,0,1,0.6694738135113247,TB,"AURI,PN,TB,COVID"
"spanish flu rossinoe experiment 191819 take 100 or so volunteers prisoners expose them to the flu to see if they get sick they put them in a room with 5 or 10 people who were coughing , fever , blew snot up there nose and in their mouth, injected them with blood",0,0,0.21032913223439575,0,0,0.07652219953875461,1,0,0.2947811272604026,0,0,0.21842795574505197,TB,NONE
kapoya aning gi ubo ug gi sipon ta oy patya na lang ko,1,1,0.9378875948533709,1,1,0.5606184708764471,0,1,0.5891683339141575,1,1,0.9363073220527567,"AURI,PN,COVID","AURI,PN,TB,COVID"
feb 3 na pala ... kaya pala nahihirapan nakong huminga,0,1,0.4899888119265836,0,1,0.49355392310371127,0,1,0.618532854293046,0,1,0.4849020636582431,NONE,"AURI,PN,TB,COVID"
nami mag breakdown di sa room dahil sa lagnat ug daghan urubrahon pero na shy ko,1,1,0.6082957794728466,1,1,0.5089820553806687,0,1,0.46456513540578276,1,1,0.6037988237652143,"AURI,PN,COVID","AURI,PN,TB,COVID"
sana mawala na tong sinat ko mamaya maya ayoko maghabol ng quizzes amp lessons putangina,1,1,0.6640696088141218,1,0,0.4031491952116208,1,1,0.4482190794553273,1,1,0.6586876892561903,"AURI,PN,TB,COVID","AURI,TB,COVID"
"this wasnt steve. not really. he remembered being hit with something in his neck. but this wasnt his own actions. the poor man, even if it was a super soldier hydra agent was almost dead. coughing up blood. yes, he needed to stop.",0,0,0.1734076952608319,0,0,0.0758835447046643,1,0,0.38363446204877955,0,0,0.17247723598110007,TB,NONE
"a team of spanish researchers recently found that the virus can attack the vagus nerve in long covid patients, triggering a wide range of symptoms from shoness of breath to neurocognitive complaints.",0,0,0.06766409581531127,0,0,0.053495873438391996,0,0,0.06837606956594706,1,0,0.06392606355899494,COVID,NONE
"hi, im faati i have chronic fatigue, chronic pain, and am house bound sometimes bed bound meaning i dont leave my h",1,0,0.15394460432380389,0,0,0.08736492339657678,0,0,0.2375718736322294,0,0,0.13650941324161592,AURI,NONE
"so i was super sick last week, but i got better. woke up monday with coughing like crazy and coughing up blood, turns it out it silently turned into bronchitis and almost made its way into pneumonia. its been real",0,1,0.48584686977347497,1,0,0.142160852787638,0,1,0.7312651324142606,0,1,0.4736800707341654,PN,"AURI,TB,COVID"
"why tf do i have a fever of 100.4? i know its low grade, but still.",1,1,0.8619013148374737,0,1,0.4994867637429721,0,1,0.5481518863260639,0,1,0.8544676371358173,AURI,"AURI,PN,TB,COVID"
luh dito na ata ako papayat kase wala akong gana kumain,0,1,0.45335630337180555,0,1,0.5469359635060842,0,1,0.6194385992782935,0,1,0.45764573944062803,NONE,"AURI,PN,TB,COVID"
"peeps, need your help. anyone here from pgh? tldr at the end. i just wanted to check, a relative was diagnosed as a covid19 positive patient. as a precautionary measure, upon knowing the result we had the patient rushed to the hospital. currently, he is in pgh and is an blue color coded area. my questions are 1. what is a blue coded area? does the color blue refer to the severity of ones case or just a simple color coding for ease of reference. from what i understood, the blue area is a ward wherein 10 patients are kept together. the patient is of senior age and has chronic disease. patient has no fever. vomits phlegm frequently sorry tmi he does not have the appetite to eat. patient can breathe by himself, though oxygen saturation is at 70s. oxygen is provided to him. burning sensation at the throat area we think this is due from vomiting. 2. what are the chances for a covid19 patient in pgh to be assigned a private room? is this possible? we wanted private room at least there will be less exposure to other patients. 3. how can we get updates about the patient? what pgh has told us is that someone from their end will call and update us. this makes us anxious. like how often are we going to get updates? daily? weekly? case to case? another option is to have someone wait within the confines of the hospital and personally ask the nurses station for update which i think negates the principle of distancing yourself in covid hotspot areas. will it help if we know someone who works at pgh?! so far, we have no contacts yet but were still asking around. if anyone knows or can help us on this regard, we will be forever indebted to you. thank you reddit fam and if its not asking too much, a prayer, a thought for all the covid patients and caregivers safety. please stay at home, kung lalabas make sure to take all precautionary measures habang asa labas at paguwi ng bahay. maigi ng labis ang pagiingat kesa sa kulang. tldr a senior patient is rushed in pgh due to covid. wanted to know 1 can a patient get a private bedroom? currently, he is in a ward with 10 patients. 2 how can we get frequent updates on the patients status. nurse said we can go to pgh everytime we need an update or wait for them to inform us.",0,0,0.04029037824507854,0,0,0.00728866258408725,0,0,0.017136679480246383,1,0,0.03478679905346265,COVID,NONE
antis yall will begin to cough in 3 days,1,1,0.524177434048748,0,0,0.4058772287176409,0,0,0.4305396990039132,0,1,0.5237515707030986,AURI,"AURI,COVID"
NAMAMAYAT NA,0,1,0.7191988684327514,0,1,0.7942259546828239,1,1,0.9255871273662404,0,1,0.7193307069929119,TB,"AURI,PN,TB,COVID"
3 weeks na ubo and sipon. fuck?,0,1,0.9891229807197187,0,1,0.8191912969961739,1,1,0.8217671474751893,0,1,0.9890706779621211,TB,"AURI,PN,TB,COVID"
coughing up a lot of brown phlegm ri,0,1,0.48359333413504924,1,0,0.3854287459672129,0,1,0.8614586029010556,0,1,0.5765716339158957,PN,"AURI,TB,COVID"
i think they are staing to get terrorist sympathizer fatigue. that and many of them are taking advantage of the fact today was absolutely beautiful out. who wants to march around in a covid mask yelling nonsense when you could enjoy a nice picnic in the park or walk a dog.,0,0,0.09523081575763612,0,0,0.0472196139913878,0,0,0.07261670427699025,1,0,0.09087575458067375,COVID,NONE
"have a low grade fever, sore throat, no voice, a headache, and sinus pressure. findom finsub walletdrain whalesub humanatm feetworship feetfetish cashcow moneyslave loser",1,1,0.8856057525867872,0,0,0.33755337479668746,0,0,0.37963855654704565,0,1,0.8811296239950308,AURI,"AURI,COVID"
"you will begin to cough in three days. you will dismiss it as just a cold, and go on with your life. only when you",1,1,0.8776818495457807,1,0,0.09342049253774798,0,0,0.24054770276769252,0,1,0.8933968145334306,"AURI,PN","AURI,COVID"
the cough associated with covid is similar to whooping cough which was an epidemic in the late 1940s.,0,0,0.3204411846004942,0,0,0.22794949719470603,0,0,0.42988357035329156,1,0,0.3248881033172104,COVID,NONE
"namamayat ako, wtf",0,1,0.6518416688986393,0,1,0.6339972074369487,0,1,0.7909808927794059,0,1,0.6457125917053296,NONE,"AURI,PN,TB,COVID"
hala gi hilanat man deay sya,0,1,0.9175193668644916,1,1,0.6814438076342507,0,1,0.7435880660508649,1,1,0.9137077264763227,"PN,COVID","AURI,PN,TB,COVID"
"weve been sick since before christmas. me, husband, daughter, her husband, her three children.all unvaxxed!! cough, congestion, mild fevers, shoness of breath.for almost eight weeks now!! im getting suspicious too.",0,1,0.5048548924874592,0,0,0.2516326717050057,0,0,0.4072133325807439,1,1,0.508500618533062,COVID,"AURI,COVID"
"still sick. low grade fever. no energy. nose clogged. 0 stars, dont recommend.",1,1,0.9555621050832581,0,1,0.7375547562560769,0,1,0.7291954184041867,0,1,0.9547710056484878,AURI,"AURI,PN,TB,COVID"
"magugulat ka na lang eh. mula sa sobrang maaliwalas na panahon, tapos biglang malalang ubo at sipon real quick.",1,1,0.7956227981320027,0,0,0.165744366211377,0,0,0.17367641239463286,0,1,0.7959376673333246,AURI,"AURI,COVID"
"i am male, 51 got to shots of the pfizer covid vaccines, more than a year ago. should i be worried about inflammation of the hea? i am having some mild chest pain since a few days, shoness of breath i am an anxious type of guy, stressed chronically. should i consult asap?",0,0,0.2356329562387098,0,0,0.16351167141156092,0,0,0.22895540078648016,1,0,0.25415734658216044,COVID,NONE
that lingering cough is not fun. mine hasnt left completely and its been 1.5 years glad they are better. hopefully it eases up soon and you are able to get sleep,0,0,0.26609539717803954,0,0,0.056390110481939114,1,0,0.12272926839748209,0,0,0.276681237900114,TB,NONE
"soz everyone i havent been very well, after nearly 7 days of extreme fatigue and inability to do much else other than lie",1,1,0.38355725143084207,0,0,0.16453614676084888,0,0,0.20236101747476723,0,1,0.3880659063760133,AURI,"AURI,COVID"
you will begin to cough in 4 days,1,1,0.6487984528533662,0,0,0.3238353266107026,0,0,0.3448296315731506,0,1,0.6547689960757656,AURI,"AURI,COVID"
update on my situation. tw severe loss of appetite possible ed ? never had one before so i have no idea.,0,0,0.3566574519393056,0,0,0.22901968869182365,1,0,0.27605033181518407,0,0,0.3573914501112324,TB,NONE
"this season, know when you need emergency care. call 911 or go to the emergency depament if you experience any of the following severe difficulty breathing severe chest pain feeling confused or unsure of where you are losing consciousness",0,0,0.2965618819961195,1,0,0.2910003883149296,0,0,0.262239923414797,1,0,0.3065514644805362,"PN,COVID",NONE
"good afternoon ma, sorry my child was running fever. i had to rush him to a nearby chemist",1,1,0.7842237780499968,0,1,0.7469617230599779,0,1,0.7650173718243041,0,1,0.7843369258607853,AURI,"AURI,PN,TB,COVID"
if you hate carlos oliveira you will begin to cough in exactly 7 days,0,1,0.4534292280174278,0,0,0.19634967923844798,0,0,0.21179932440480323,0,1,0.45524892288683255,NONE,"AURI,COVID"
what are the symptoms of bronchiectasis? coughing up yellow or green mucus daily.shoness of breath.,0,1,0.5056269813848844,1,0,0.37819178922762847,0,1,0.5172678705249387,0,1,0.4816359594882534,PN,"AURI,TB,COVID"
"waking up, sick af with coughing that tastes like blood",0,1,0.39270765557953824,0,0,0.19653204252249032,1,1,0.7580927523208248,0,1,0.41644815444155026,TB,"AURI,TB,COVID"
i dont think i had the flu this entire time where i tested negative from emery having flu b. i think it was covid and the hospital didnt test me for it. now having shoness of breath and coughing so thats fun.,1,1,0.4971626200219734,0,0,0.1744029897478066,0,0,0.3000137694220187,0,1,0.4855649381124974,AURI,"AURI,COVID"
"im a doctor who took care of covid19 probable puis and positive cases for seven straight days. after my tour of duty, i had cough and colds, and was tested positive for sarscov2. i was treated and upon repeat swab, was tested negative. i am not bragging but i want to tell the world that im a ! _______ as requested, here is a chronology of events surrounding the course of my infection be day 1 day initial signs and symptoms presented day 6 i entered the covid19 ward to cater for covid19 probable and positive patients. day 5 i had contact with a covid19 positive patient. wore complete ppe day 4 to 0 no signs and symptoms day 1 started with dry, itchy throat. given azithromycin. nasopharyngeal and oropharyngeal swab done. day 12 dry cough and colds. no fever day 4 muscle aches especially on upper and lower extremities, fatigue. swab results arrived positive. repeat swab done. day 5 improvement noted on symptoms. day 6 further improvement of signs and symptoms. still afebrile. day 7 no signs and symptoms. day 10 repeat swab results revealed negative. sent home for quarantine. repeat swab done prior discharge. ________ edit added chronology of illness course",0,0,0.30911156913787174,0,0,0.06552321200744197,0,0,0.13930997305182544,1,0,0.29837248737331973,COVID,NONE
"nahihirapan na ako huminga, ang miss na miss na kita",0,1,0.3889286219491969,0,1,0.4313553217520353,0,1,0.6371711657805926,0,1,0.3861887737879774,NONE,"AURI,PN,TB,COVID"
im on my third round of covid right now after caring for my daughter with it. very minimal symptoms in comparison to the og strain i got in 2020. the original strain had me coughing up blood and on oxygen with hea wall thickening to just achy and fever with this new strain.,0,0,0.2888844365676302,0,0,0.10103422845262604,0,0,0.43587490842175375,1,0,0.3002082059399614,COVID,NONE
"acute pancreatitis following vaccination 28yearold healthy woman was referred to the emergency depament with a chief complaint of severe abdominal pain, nausea and hemoptysis after 2nd vaccine.",0,0,0.18913838139670242,0,0,0.17358999626402394,1,0,0.3618204467446892,0,0,0.18432755143994464,TB,NONE
"my friends mother is very sick now, she most likely has covid. she needs to go to the hospital. no one in their family has any money right now. they havent had money for food. my friend couldnt find work yet. they are in batangas. there are two kids there also and one of them is also sick with fever she is 7 years old, but hopefully will recover. edit they cant pay for transportation to get her mom to the hospital. _ is there anything she can do? does anyone have any ideas? she needs a way to get her mother to the hospital. she is really desperate. i am worried that her mother will die if she cant get to the hospital. the public hospital in lipa has closed now because of too many covid patients. grace my friend will bring her mother to a private hospital yes, they cant pay for it. i myself dont have the money right now to help her. i dont live near her, but i will help her as much as i can. please if anyone has any ideas on what she can do? i dont want her mother to die because she couldnt get to the hospital. thank you. editupdate still looking for any ideas or help, but someone gave a little money so the mother can go to the hospital. thank you everyone who replied. i passed on the other resources. she is worried she cant pay for the private hospital the public one is closed now to new patients, but maybe she can get help to pay. they still need money for food and maybe some medicine, but at least she can get her mom to the hospital and maybe get help to pay for it. i will update how they do. i hope the mom makes it and the daughter too.",0,0,0.21018742228998238,0,0,0.034515495164442696,0,0,0.08316046203109105,1,0,0.19838992404262035,COVID,NONE
"he had covid last year, never fully recovered. has very bad shoness of breath",0,1,0.5595704556777663,0,0,0.42399209793968673,0,1,0.4571580518301031,1,1,0.5550038790737006,COVID,"AURI,TB,COVID"
pawala na hilanat daghan pko buhatonon,1,1,0.929004456103305,0,1,0.7469129361693468,0,1,0.7963105831711123,0,1,0.9282221043230049,AURI,"AURI,PN,TB,COVID"
lahat kami may lagnat ngayon,1,1,0.978152149105782,0,1,0.9170147602640469,0,1,0.9385350544000609,1,1,0.9776098797944172,"AURI,COVID","AURI,PN,TB,COVID"
"pneumonia is a serious infection affecting our lungs! symptoms of pneumonia include cough with phlegm or pus, fever, chills, and difficulty breathing. prevent pneumonia by getting vaccinated today",0,1,0.7473017435797852,1,0,0.4232867740795267,0,1,0.549311225254247,0,1,0.7688298205819055,PN,"AURI,TB,COVID"
"samoka ubo ug sip on, makaluya",1,1,0.8811246132222826,1,1,0.7594016642965128,0,1,0.785876434834851,1,1,0.8805872440690081,"AURI,PN,COVID","AURI,PN,TB,COVID"
"hello! i am a 20 year old student and been experiencing shortness of breath lately and i think there is something wrong with my gut. gusto kong magpacheck up pero i want to make the most of my parents money since ayokong mapunta iyon sa wala. i want to be healthy. we do not have a family doctor since parang health is a luxury sa amin pero i want to break that cycle and start investing on myself and eventually ma convince din ang family ko to do the same. ang problem ko lang, i dont know any doctors or any hospital i could go to na hindi ako masscam sa napakalaking bayarin. please help me find a good doctor or hospital. balak kong mag avail ng executive check up pero nabasa ko na hindi advisable without consulting to a doctor first either in family medinternal med. any tipsdoctor referralshospital referralsrecommendations would be greatly appreciated!",1,0,0.1929315303253499,1,0,0.052204795607686094,1,0,0.11094804442708302,1,0,0.19326694885009774,"AURI,PN,TB,COVID",NONE
brother im a mishima main too. cough devil jin cough,0,1,0.6563442460608985,0,1,0.5395264843559454,0,1,0.6030256735414813,0,1,0.6625232616882121,NONE,"AURI,PN,TB,COVID"
cough with blood,0,0,0.34028644693539767,1,0,0.278170981680734,1,1,0.9260689110739163,0,1,0.4698728319281937,"PN,TB","TB,COVID"
acute dyspnea in the emergency depament a clinical review,0,1,0.6871176830768297,1,1,0.7950781918437644,1,1,0.7487586445912172,0,1,0.6892375939623703,"PN,TB","AURI,PN,TB,COVID"
"plus, friday afternoon pints cup fever old school terracing floodlights good times.",0,1,0.482433046907101,0,0,0.18675998827315504,0,0,0.2313302753481408,0,1,0.478709582345251,NONE,"AURI,COVID"
gi hilantan rako oy,1,1,0.8109260843821722,0,1,0.6208620330137561,0,1,0.6789831197883903,0,1,0.8092735339606234,AURI,"AURI,PN,TB,COVID"
thank you! my fever broke this afternoon,1,1,0.7534030261646335,0,0,0.36244362669724495,0,0,0.3309134192324881,0,1,0.7485407589803112,AURI,"AURI,COVID"
not gonna cause hematemesis or hemoptysis. can still kill you though.,0,1,0.42441035673292,0,0,0.36737270278569945,1,1,0.7952080333542166,0,1,0.39873638708606113,TB,"AURI,TB,COVID"
i could see pulmonary embolism causing milder hemoptysis for sure.,0,0,0.17513449431161535,0,0,0.1348976572235772,0,1,0.5705900999890321,0,0,0.18281872495896448,NONE,TB
"is it a cold or the rsv thats going around? i had it over new year and i still have a bit of a cough. i got it from my neighbour, who got it from her grandson. we should just ban children",1,0,0.30555382292689626,0,0,0.08674337644980766,0,0,0.1783950448620152,0,0,0.3255308984396282,AURI,NONE
salamat that fever and cough are gone! recovery on the way.,1,1,0.46507463884243055,0,0,0.30224207201444075,0,1,0.46652870040631605,0,1,0.5057431570953319,AURI,"AURI,TB,COVID"
yawa ga balik2 akong hilanat ni resulta na,1,1,0.903078376888072,0,1,0.7466645634237729,0,1,0.8332534666484682,0,1,0.9058636896698412,AURI,"AURI,PN,TB,COVID"
"i didnt catch it back then, correct. but covid is still going around and there was a bit of a surge this last holiday season. so a friend gave it to us. but it was mild, had a low grade fever for a few days and was really tired for a week. ive had worse flus.",0,1,0.7028477521206624,0,0,0.22364051564854112,0,0,0.3064607851929802,1,1,0.6955580934051496,COVID,"AURI,COVID"
diarrhea sabayan pa ng lagnat,0,1,0.9536895499259612,0,1,0.9046827230769956,0,1,0.9118574008669198,1,1,0.9531790150967039,COVID,"AURI,PN,TB,COVID"
i found out when i went to the er while i had covid for some weird shoness of breathnumbness in extremities episode. they did a chest x ray and thought they saw a mass. it wasnt a mass it was just wacky sternum. in retrospect i probably just took too much phenylephrine.,0,0,0.09602214813592486,0,0,0.052789213022114624,0,0,0.11274681705266675,1,0,0.09768338259041759,COVID,NONE
taray inabot sa ubot sipon,1,1,0.9399810379533878,0,0,0.06626813299169826,0,0,0.07547829584369521,0,1,0.9412601403103217,AURI,"AURI,COVID"
having low grade fever plus swollen lymph nodes and tonsillitis huhuhu headache like hell and loa maybe due to stress that been build up huhuhu me need hug,1,1,0.5131715439865074,0,0,0.1319198694913442,0,0,0.17525557492459828,0,1,0.5230497783524405,AURI,"AURI,COVID"
nakaka antok na may kasamang panghihina pa nga olivia hahahaha,0,1,0.4114556043865078,0,0,0.3544463107917753,0,0,0.38367200769919724,0,1,0.40605810689239946,NONE,"AURI,COVID"
110 degrees? sweat all night.,1,0,0.0941747642449636,0,0,0.08237803720394378,0,0,0.09723115549911333,0,0,0.09034396126803337,AURI,NONE
"the depament of health must make citizens aware of the dangerous and deadly diseases the illegals are bringing into america. case in point, at the walma store near the murfreesboro va there was a tuberculosis patient with resistant tb coughing up blood in the mens rr.",0,0,0.09774656272220221,0,0,0.04124667479540178,1,0,0.252558623420959,0,0,0.09884241524298941,TB,NONE
a man in his 40s presented with persistent fever amp cough. sputum exam is negative for mycobacterium. bal shows gram branc,0,0,0.29624171031305,1,0,0.22474795441359546,0,0,0.4311985664484191,0,0,0.2691107652511126,PN,NONE
not eating enough. loss of appetite for sure. i smoke a little weed here and there to try to boost my appetite. i just dont do it often enough.,0,0,0.11219675210778839,0,0,0.05733683274090165,1,0,0.09297111408379169,0,0,0.11149787616585594,TB,NONE
yung tawang kumakain na nabulunan na may kasamang ubo at plema hahahahhahah,0,1,0.7137383839143011,1,1,0.6344577272879585,1,1,0.711096770437304,0,1,0.7122010722614205,"PN,TB","AURI,PN,TB,COVID"
"by now, the australian case is quite well known but here it is anyways confirmed case, woman in her 60s who arrived back in australia on march 3, is believed to have returned from the philippines. her travel details are being obtained and will be disclosed if she posed a risk to any other passengers on her flight. taiwan case disclosed last night case is an over30yearold male who resides in northern taiwan. he traveled to the philippines with his friends from february 28 to march 3. he had diarrhea in the philippines on march 2. after he returned to taiwan, case went to a clinic due to having a dry throat and tiredness on march 3. he went to a hospital and was reported as a suspected case on march 4. infection with covid19 was laboratoryconfirmed in the case on march 5. related investigation suggested it is an imported case linked to the philippines. please note, i have written ph may have exported. i am not able to definitively say both cases originated here. they could have gotten it from another traveller on flights sure, but it is likely that those people either caught the disease in the philippines, or have since spread the disease to others in the philippines. ph needs more proactive testing examination of pneumonia cases, as well as a strategy to test the asymptomatic cases. there are definitely cases here that simply are not getting caught and tested. be careful all.",0,0,0.026082551351574716,0,0,0.007664670264755613,0,0,0.022136710186743656,1,0,0.02855418874544904,COVID,NONE
"chyawanprash is an excellent protection against coughcold. my friend took it for a few months, her frequent coldscou",1,0,0.19591469257343497,1,0,0.0626066016575644,0,0,0.1398675884129516,1,0,0.1871285451840369,"AURI,PN,COVID",NONE
yung nasa bulking stage ka pero sinabihan ka parin ng pumapayat kana.,0,0,0.22614445500290623,0,0,0.20869234853206242,1,0,0.3448802843201668,0,0,0.22461044096583266,TB,NONE
i have such a hate love relationship with being sock all the time because yeah my nose is like a runny faucet and im one cough away from coughing blood but i also just slept all day and watched tiktok before realizing i havent eaten all day soo,1,0,0.262425636474689,0,0,0.047558383329434815,0,0,0.32068532014994855,0,0,0.28595157494382845,AURI,NONE
"i was hired for work and i was required to do a rapid test before starting, turned out that i was igm weak positive. i felt nothing. all i remember was i had fever, colds and sore throat a month ago and it went off already. sa ngayon, wala na. wala akong sakit. i was shocked and emotional as soon as i saw the results. i only told a trusted friend and my parents. i kept crying because i think, paano nalang mga kapatid kong katabi kong matulog, paano nalang yung mga nakasama ko. i was so worried. i did what i could i practiced social distancing, wore my face mask and face shield everywhere i go, and i constantly put alcohol on my hands. as soon as i get home, i change clothes and wash myself plus i drink vitamin c at night before sleeping. i did what i could, but where did i go wrong? the doctor advised that i should monitor symptoms and i am required to do a 2week home isolation. saw articles that there were really false positives in antibody tests. my friend told me that i should take this in a positive manner since i can see that my immune system is working and is fighting against infection. pero nakakatrauma talaga yung positive rapid test result. eto ako ngayon, naka selfquarantine. wala paring sakit. pero psychologically traumatized.",0,0,0.17856211531330574,0,0,0.03463614545895995,0,0,0.11510382684211905,1,0,0.18182956069218703,COVID,NONE
"okay so i got sick almost a month ago and im still kinda sick. ive been having dry coughsore throat, loss of breath too. its been happening for over a week now and nothings helping. ive drank a whole bottle new of dayquil and nothing. so like im a bit confused..",0,1,0.563572315810955,0,0,0.12799234668777754,0,0,0.24217147275276338,1,1,0.6061370289767405,COVID,"AURI,COVID"
gi hilantan ang princess,1,1,0.7139266581062884,0,0,0.3517031796583329,0,0,0.40363439209215435,0,1,0.7136707611968997,AURI,"AURI,COVID"
bat ba bumabalik sinat ko bawat gabi?,0,1,0.7891818447917335,0,1,0.6380284204640585,1,1,0.7077086787749983,0,1,0.7958582129727014,TB,"AURI,PN,TB,COVID"
for real this lady probably had the same painfatigue level as i do the only difference was that her doctors actually enter,0,0,0.16174961193828488,0,0,0.16904509552635114,1,0,0.20329560943249778,0,0,0.17120918891076697,TB,NONE
"a 56yearold male presented with complaints of pain in the left upper abdomen, bloating, and difficulty in breathing. likely diagnosis?",0,0,0.3364080470513186,1,0,0.23773225883036017,0,0,0.37648083206687494,0,0,0.29125828361137657,PN,NONE
"may covid sila niyan, si pau gasgas na gasgas lalamunan, ubo ng ubo, pero bat kaya di matago ang kilig?",0,1,0.8109963596699312,0,1,0.5604840059471488,0,1,0.6187776964432388,1,1,0.8107494382340661,COVID,"AURI,PN,TB,COVID"
"my brothers friend, fully vaccinated with sinovac, got covid and she just quarantined at home. she had mild symptoms like cough, etc. shes ok now. i know shes just one person but it feels good to hear news like this. stay safe, everyone. p. s. im not promoting sinovac in any way.",0,1,0.5296875866074061,0,0,0.14313985544253893,0,0,0.29539269097058607,1,1,0.49064620333569803,COVID,"AURI,COVID"
anlala kala ko pa naman magaling na ko shuta huhuhu dumagdag pa sipon saka ubo lord katapusan ko na ba,1,1,0.9029140694254214,0,1,0.5674578927814757,0,1,0.5859980926635551,0,1,0.9029146885593496,AURI,"AURI,PN,TB,COVID"
maze ko lang talaga si crush kaya wala ako gana kumain eme pakibalik ng f2f plsss,0,1,0.551337882414403,0,0,0.31675057427120484,0,0,0.33535380143971305,0,1,0.5509185483960598,NONE,"AURI,COVID"
"recognition of tension pneumothorax involves identifying sudden dyspnea, absent breath sounds, tracheal deviation, and hypotension. immediate needle decompression followed by chest tube inseion is crucial for relieving pressure and preventing complications.",0,0,0.17364599700348293,1,0,0.15192423501966967,0,0,0.18650551017591,0,0,0.1772170620529844,PN,NONE
very wrong to walk 10k steps right after lagnat im so dizzy towards the end,1,1,0.7139858993496131,1,1,0.5730854369157328,0,1,0.6197672706449183,1,1,0.7146246515762356,"AURI,PN,COVID","AURI,PN,TB,COVID"
balik2 ramani akong hilanat uy,1,1,0.9198857580161146,0,1,0.7141268289691549,0,1,0.8229232016487605,0,1,0.9222995823432094,AURI,"AURI,PN,TB,COVID"
chronic fatigue because people saw no hope and or they were out right lazy!,1,0,0.07600827573488692,0,0,0.05330818386475814,0,0,0.13116475218415358,0,0,0.06512693385981472,AURI,NONE
i didnt need that either. neilmed sinus rinse was great! had a low grade fever 2 days amp couldnt smell for 2 weeks. it was a cold. no jabs.havent had it since,0,1,0.8572605216088106,0,0,0.3151106779223011,0,0,0.35622668178663686,1,1,0.846780768055267,COVID,"AURI,COVID"
"cause week before i got sick i shared meals relatives who returned home from japan and singapore that couldve been possible asyptomatic carriers. first day i got sore throat but i had a late night milktea kasi so akala ko yun lang yung cause blurry kasi sick but i experienced body pain prolly after nung first meal with said relatives then simula nung sore throat, had fever then asthma na super lala for 5 days then i went in for check up na. i got myself checked then i was confined for a week. first time even after getting pneumonia twice before to be plugged with oxygen. i obviously got better enough to be released and then had a follow up check up and had meds prescribed. as of now im okay already but since i was not tested for covid19 and i experienced all the symptoms even vomitting i wonder if i had it and survived. p.s. simula pagkalabas ko i had all my family wearing masks na all the time keep them stocked with alcohol in fear na they might bring it home to me,its been more than 14 days and no one showed signs naman with everyone who had close contact with me. throwaway because of the stigma and because i just want everyone to question the number of cases we have. if i might have really gone through it how many cases do you think go unreported? how many deaths are not counted and chalked up to pneumonia and asthma? edit i received some hateful dms saying i lied at put people at risk...especially after a doctor died because someone lied..i didnt do it intentionally. i was upfront with my what happened to me during my check up and that i had relatives from japan and singapore. i was honest on the paper sheet the hospital makes everyone fill up which mostly just asked if i travelled to china or have close contact to wild animals. my doctor may have not been briefed to have cases like mine to be submitted for testing and i wasnt tested. while i feel bad for what i may have unintentionally done......blaming me for the shortcomings of doh and this government just made me feel glad i made a throwaway account. i have now called my barangay officials and explained my case they just suggested i self quarantine unless i have symptoms again. from now on ill start eating my meals in my room and stay here for 14 days.",0,0,0.2751758795766951,0,0,0.030228745365851288,0,0,0.09587210990985555,1,0,0.2822539148541452,COVID,NONE
fever underrated,1,1,0.42903469955474427,1,0,0.3990173450647598,1,0,0.39072689403843835,1,1,0.4188758412099255,"AURI,PN,TB,COVID","AURI,COVID"
"i got symptoms on jan2, sunday runny nose followed by more symptoms fever and sore throat on jan56 wednesdaythursday, and got swabbed on jan7, friday got results on jan11 tuesday, and it came out positive damn obviously isolated after getting swabbed on the friday but when can i retest for the swab test?? like how many days do ive to wait for a retest? thanks, everyone!",0,0,0.33408632255492643,0,0,0.05970245654964799,0,0,0.09737537298451877,1,0,0.330534076573839,COVID,NONE
"yup, not quite a year ago mates 40 yo niece with no underlying probs got sick with flu and was struggling so ambos called. double died in the ambulance outside her house after coughing up tons of blood. 6 months later, coroner stated cod was pneumonia ffs",0,0,0.25994654401328154,1,0,0.10244016256318346,0,1,0.4651621312402956,0,0,0.2912449476730175,PN,TB
"december 31, 2019 the world health organization who country office in china is informed of several cases of a pneumonia of unknown etiology cause with symptoms including shoness of breath and fever occurring in wuhan, china. all initial cases seem connected to the huanan",0,0,0.22933846295506288,1,0,0.1727396243275021,0,0,0.1960894901723205,0,0,0.23037032218629422,PN,NONE
"have you had that cough for more than three weeks? although its unlikely to be cancer, its impoant to speak to a gp so they can investigate. finding cancer early means its easier to treat.",0,0,0.2305507441344971,0,0,0.151445465370499,1,0,0.19175104236389362,0,0,0.2368266295768875,TB,NONE
"hey all, sorry ive not posted in a while. been an odd time for me not been well coughing up blood car was written off sad times mentally just not been quite with it recently appreciate the dms from people checking in. hope everyone has been well.",0,0,0.1475309231831135,0,0,0.04452952694637238,1,0,0.21764732705609885,0,0,0.1579507460810555,TB,NONE
the constant tiredness!,0,0,0.0370960321552525,0,0,0.0406607768121497,1,0,0.0421846574144563,0,0,0.036373494270821594,TB,NONE
basta mangatching jud ko na tuloy2 tas ika pila jud sa isa ka adlaw or adlaw2 na sign najud na sya na magka ubo ko ug mao na ni ron haha,1,0,0.25855359065689887,1,0,0.259977413139974,0,0,0.31690446147757134,1,0,0.25878963416761525,"AURI,PN,COVID",NONE
ang sakit nga na feel nako para sa akong daddy di ma kaya murag gikumot akong dughan,0,1,0.6100598587631304,0,1,0.5468151357810616,0,1,0.6258117228145045,0,1,0.6579436237819152,NONE,"AURI,PN,TB,COVID"
dutlan pa jud og hilanat,0,1,0.9165427226961118,0,1,0.8099205910826548,0,1,0.8403024371049165,1,1,0.9148673373708193,COVID,"AURI,PN,TB,COVID"
"fri nite spouse had bit of cough, felt like allergies. staed running fever sat afternoon. me cough last night, fever now. whatever this is is running a very predictable course. and its the i feel too bad to do anything but not tired enough to sleep crud",1,1,0.5479943235318119,0,0,0.3053873573811654,0,1,0.4485726109069265,1,1,0.5525577495940461,"AURI,COVID","AURI,TB,COVID"
hi reddit ph! curious lang how are the puis ngayon na nagseself quarantine sa mga bahay nila. what was the process and how were you declared a pui? kinuha ba yung quarantine pass nyo? how will they know if di na lumala ung sakit nyo? were you able to work from home still or did you take a leave? may certificate bang binigay to prove na pui kayo? nawawalan ako ng panlasa plus body aches and sore throat. no fever tho. im going to the health center mamaya. thanks! hoping the best for everyone,0,0,0.2492691147840298,0,0,0.04395810218335087,0,0,0.05670152391734549,1,0,0.25197641086919426,COVID,NONE
"coughs on the phone, im not feeling well, im not going to make it today. extra hard cough to sell it",0,1,0.6164177409176657,0,1,0.46692439127746227,0,1,0.5746848979765256,0,1,0.6767077158425949,NONE,"AURI,PN,TB,COVID"
"the last time i lifted anything was back in december when i had covid. that post covid fatigue is over, so i am slowly trying to get back into it.",0,0,0.24041651308376308,0,0,0.105472532335553,0,0,0.2793998354402678,1,0,0.2591598996964031,COVID,NONE
"lord, im not your strongest girl huhuhuhuh nanghihina ko, ang cute.",0,1,0.38353040326163634,0,0,0.391772888613462,0,1,0.45216669234700474,0,0,0.36466850250007204,NONE,"AURI,TB"
bputangina kanina pako ubo ng ubo pano na yung niluluto ko respeto naman oh lakas niyo kasi mang hawa eh,0,1,0.801461691257161,0,1,0.8028864437021438,0,1,0.8400969684150531,0,1,0.8009080189065563,NONE,"AURI,PN,TB,COVID"
arawaraw na lang ako nanghihina,1,1,0.40131929847073516,1,0,0.32929081844160685,1,0,0.37148171520131223,1,1,0.39820326536010064,"AURI,PN,TB,COVID","AURI,COVID"
fever got me feeling like a frail victorian chimney sweep,1,0,0.2847506741618183,1,0,0.20531872537948373,1,0,0.2898129604625505,1,0,0.2924271371732485,"AURI,PN,TB,COVID",NONE
yet antivaxxers claim that every other person receiving the covid vaccine will die despite few of them knowing nobody who suffers more than a sore arm or bit of a fever.,0,0,0.13353440802582972,0,0,0.05320093322030524,0,0,0.07996414422317681,1,0,0.13496962493608372,COVID,NONE
"i love its the low grade fever . those tend to draw me more. the very clear, strong character flaws often times forced make it functional. the low grade fever ones get under your skin",1,1,0.6847925447624419,0,0,0.27772960670996705,0,0,0.2643747609032968,0,1,0.6696376166911866,AURI,"AURI,COVID"
"oh boy, ive had the fever debate with a few family members several times who were very concerned about me not medicating a low grade fever when the kids were acting fine otherwise. i will say the persistent 41 my oldest had as a toddler freaked me out though.",1,1,0.6465892527384435,0,0,0.28374592260322967,0,0,0.3619891146541462,0,1,0.6274895127665072,AURI,"AURI,COVID"
"its the learn the hea 62yo with hypeension presents with shoness of breath, abdominal pain and diarrhea. ct shows a mass in the appendix and multiple liver nodules. chest xray normal. 5hiaa levels elevated. which cardiac disorder is most likely?",1,0,0.15677852593045485,0,0,0.16626701240628852,0,0,0.23522556920033666,0,0,0.14699214371019667,AURI,NONE
75yof ckd clinic follow up co dyspnea on exeion. quiet breathing during exam.,0,1,0.47358085745987905,0,1,0.5022278248176097,0,1,0.5213832023202751,0,1,0.48992062943071263,NONE,"AURI,PN,TB,COVID"
"this shows the virus is not uniformly fatal, the mortality rate is maintained at 23. she needs 1 more negative test to be discharged. first confirmed ncov case in philippines now tests negative doh dont panic stay vigilant and dont share fake news. maintain cough and sneezing etiquette and regularly handwash.",0,0,0.10959964933067451,0,0,0.07481144919351014,0,0,0.12547180007365122,1,0,0.1064549325222386,COVID,NONE
"sarcoidosis symptoms may include shoness of breath, swollen lymph nodes, cough, fatigue, night sweats, and weight loss",0,0,0.18097439752603778,0,0,0.21302795955173617,0,0,0.329942276658972,1,0,0.17219733337454796,COVID,NONE
kahit sorry nalang ni justin bieber ibalik mo beh sigeh na ang hirap panoorin nung seungcheol edit na walang sounds please parang nahihirapan na ako huminga,0,1,0.40430386310031646,0,0,0.4225610903814492,0,0,0.4096368347046629,0,1,0.3958922950202267,NONE,"AURI,COVID"
fuck nanghihina ako di ko suot yung singsing kong willem dafoe,0,1,0.4361596184129488,0,1,0.4781854885128727,0,1,0.5852739341342025,0,1,0.43754993807056636,NONE,"AURI,PN,TB,COVID"
dalawang gabi na akong nahihirapan huminga,1,1,0.9126227479032233,1,1,0.9490442309076834,0,1,0.947656174322515,1,1,0.9168235118879456,"AURI,PN,COVID","AURI,PN,TB,COVID"
"true, but my wife had a cough she couldnt shake, no fever, and that is what it ended up being. a low grade infection.",0,1,0.8307342364954989,0,1,0.4776849454955974,1,1,0.6779698771699063,0,1,0.8301228617342116,TB,"AURI,PN,TB,COVID"
hilanat may bihday gift,1,1,0.7649721488784589,0,1,0.47286599450319833,0,1,0.5187027353727245,0,1,0.7597904486216415,AURI,"AURI,PN,TB,COVID"
"34 of the kindergaen class teacher out sick yesterday. kids were going home on friday afternoon with sore throat and fever. today was told one kid now has a rapid onset chest infection, and his sibling went home feverish this morning.",1,1,0.6940178603670607,0,0,0.16322633200597939,0,0,0.28649505041217144,0,1,0.7058597454540667,AURI,"AURI,COVID"
cough Tea for ROTY cough,0,1,0.7676582223643633,0,1,0.7491905414718072,0,1,0.8157980809557402,0,1,0.7872731785679401,NONE,"AURI,PN,TB,COVID"
"new to pet parenting? heres a vital tip can catch the flu! they display symptoms similar to us, like coughing, sneezing, and fatigue. watch out for signs like fever, runny nose, and appetite changes. if you spot any, its vet time!",1,1,0.4175620551774049,0,0,0.12754742601039049,0,0,0.1832080213764526,0,1,0.40916605949030416,AURI,"AURI,COVID"
"i stopped the day my sister told me she has lung cancer. i picked up a vape though, not sure thats any better. i dont cough like before, and i havent burned a hole in anything for 18 months, lol.",1,0,0.16838704279640565,0,0,0.07782259971063613,0,0,0.15912295474876023,0,0,0.16589266707698505,AURI,NONE
days before new years eve my dad went to the er for having been coughing up blood. he told them it wasnt pneumonia and it wasnt chf. they didnt listen to him. they dosed him big time with more and began treating him for pneumonia.,0,0,0.18975913027489485,1,0,0.0898110485736862,1,1,0.44306358788321465,0,0,0.2027574814373497,"PN,TB",TB
ayaw talaga ako patabain ng mundo. pag nakakapag gain ako ng weight magkakasakit naman ako tapos namamayat na naman. bosit,0,1,0.3829986970026385,0,0,0.31339106847524717,1,0,0.4367048063358456,0,1,0.37821747448995896,TB,"AURI,COVID"
"coughing into the tissues, the white papers were stained red with blood as the overlord cleared his throat. with the news delivered, the overlord stood up from his seat. well then. thats that... .... im going to go have a cup of tea....",0,0,0.14426117186236975,0,0,0.0617108185653014,1,0,0.28176546968905986,0,0,0.16240783173810594,TB,NONE
"exactly what i thought. had covid over christmas combined with a chest infection, ended up in aampe coughing blood clots. still tired and no energy. no one at the hospital tested me!!!",0,0,0.3422394441405273,1,0,0.14876733811929363,0,1,0.5549655859234546,1,0,0.35941696398319495,"PN,COVID",TB
my first sinat of 2024,1,1,0.8078137677090717,0,1,0.7186382969952532,0,1,0.8105051347188788,1,1,0.8152309346470678,"AURI,COVID","AURI,PN,TB,COVID"
"i just contacted my aunty in the village, they are saying they can shift the cough date to tomorrow latest",1,0,0.3499281577403124,0,0,0.20607843353913036,0,0,0.23733075241962875,0,0,0.3492610730630163,AURI,NONE
"most common symptoms of long covid are fatigue, dizziness, mobility issues, sleep problems, cognitive impairment, and brain fog or inability to concentrate.",0,0,0.10327210292877789,0,0,0.04055665448146924,0,0,0.06243351889283477,1,0,0.09872520836068883,COVID,NONE
subong pa ge lagnat,1,1,0.9715319522218027,1,1,0.922063224259858,0,1,0.9313651345965406,1,1,0.970310858892068,"AURI,PN,COVID","AURI,PN,TB,COVID"
"82 year old male presenting with fever and dyspnea. savr bioptosthesis 2004 after endocarditis tavr 2013 dualchamber pace maker 082022 because of sinusarrest 1 blood sample with staph epidermidis crp slightly elevated, wbc normal, procalcitonine normal.",0,1,0.42107886018828855,0,0,0.29662890016320026,0,1,0.6017379841110027,0,1,0.4305548321055139,NONE,"AURI,TB,COVID"
"well, still testing positive with a low grade fever this morning. almost 2 full weeks! horrible cough! and the muscle spa",1,1,0.9549575900235344,0,1,0.6729785398065935,0,1,0.7845016591748617,0,1,0.9587822563096846,AURI,"AURI,PN,TB,COVID"
sunday morning fever,1,1,0.54624119305395,0,0,0.32913428032209674,0,0,0.38289887498619496,0,1,0.5566892533656087,AURI,"AURI,COVID"
di mawala wala lagnat ko,0,1,0.9660496286959613,0,1,0.7277589365430864,1,1,0.7538057858132949,0,1,0.9654641341993283,TB,"AURI,PN,TB,COVID"
"my respirologist had never heard of it. turns out my asthma medication was making my pots symptoms namely shoness of breath worse, which was making my asthma worse, etc was diagnosed with both postcovid.",1,0,0.22354080043135324,0,0,0.21038144400335826,0,0,0.3639661769994749,0,0,0.2165413466361272,AURI,NONE
Tuyong Ubo Dry Cough,1,1,0.9700926706212177,1,1,0.947328718021876,0,1,0.978829163872175,1,1,0.979882111860818,"AURI,PN,COVID","AURI,PN,TB,COVID"
"i planned for a long stream in the afternoon, but i got a bit of a fever since morning to be in my best condition playing a new game i will take today off sry the fever went down a bit since i slept lots in the morning so ill sleep a ton today",1,1,0.40411587927119014,0,0,0.07567083689589366,0,0,0.10728547533461615,0,1,0.4350350851632379,AURI,"AURI,COVID"
"wag ka mag tuloy lagnat please, need ko pumasok bukas huhu",1,1,0.547312202528036,1,0,0.42511667245148543,1,1,0.49790637780936314,1,1,0.5443705687768208,"AURI,PN,TB,COVID","AURI,TB,COVID"
"good afternoon everyone. my husband has a cold and a little fever. he always exaggerates when he gets sick, but this time he saysno problem. what happened to him ? todays obento lunch is karaage tamagoyaki and broccoli and pumpkin",1,1,0.4196071470844252,0,0,0.1050993009103516,0,0,0.17475614836911518,0,1,0.41870159281102165,AURI,"AURI,COVID"
update my mom is still at hospital and they are doing some physical therapy at place but just found out she is on a breathing tube now. she had shoness of breath for no reason. please and help get this gofundme campaign out there! please amp thanks,0,0,0.3119514585620171,1,0,0.15564586685878568,0,0,0.2029416022089225,1,0,0.3077197100384588,"PN,COVID",NONE
"i have been dealing with a bunch of health issues in the last few months and have not been feeling myself. im normally a happy chatty guy. i love taking photos and posting my adventures. since november, ive dealt with skyrocketing blood pressure, a cough that wouldnt go",1,0,0.17749640992968746,1,0,0.04338405911809263,0,0,0.19931559205727936,0,0,0.19284842626426937,"AURI,PN",NONE
"ive seen tew many weirdo raceplayers this month, you will all begin to cough in three days and life threatening symptoms will ensue. it is not curable. it is very painful.",1,1,0.4226978825980489,0,0,0.09102656990539289,0,0,0.18145652909143878,0,1,0.4163631104732229,AURI,"AURI,COVID"
"for treating high blood pressure, can cause temporary or permanent loss of smell. symptoms 1. difficulty detecting smells 2. loss of taste, as smell plays a crucial role in the perception of flavors 3. reduced appetite due to a diminished sense of taste 4. inability to detect",0,0,0.06471314068264557,0,0,0.05099879826686839,0,0,0.08501992381843147,1,0,0.06616919881145264,COVID,NONE
"oml the a in my happy marriage is really good, staed watching it on a whim but i love it so far o also update low grade fever and a dry cough, bit of congestion but im okay!",0,1,0.6150750451019439,0,0,0.21612664605922524,0,0,0.42296924944222497,1,1,0.6262414386685032,COVID,"AURI,COVID"
"well, still testing positive with a low grade fever this morning. almost 2 full weeks! horrible cough! and the muscle spasms have staed back again. 2 steps forward, 1 step backwards! but she does manage to sit up some and drinking what she can, still no food except drip.",1,1,0.8343832574470653,0,1,0.43994039269831625,0,1,0.6844798865134117,0,1,0.8340344780575292,AURI,"AURI,PN,TB,COVID"
"what are the common symptoms of covid19? a fever, cough, and shoness of breath b headache, dizziness, and fatigue c joint pain, skin rash, and nausea d none of the above",0,1,0.46877878455540417,0,0,0.3110563833678342,0,0,0.4144173688841943,1,1,0.4705685045438683,COVID,"AURI,COVID"
wala ak gana kumain,0,1,0.792394726772456,0,1,0.8669614583484349,1,1,0.8600904546851226,0,1,0.7895730442887554,TB,"AURI,PN,TB,COVID"
ahhhhhh super kati ng lalamunan ko huhu nahihirapan nako huminga kakaubo tt,0,1,0.7667091713178591,0,1,0.5797138017839791,0,1,0.6291296858556075,1,1,0.7601851373404153,COVID,"AURI,PN,TB,COVID"
she dies like immediately after cachexia now or we,0,0,0.09941426960535453,0,0,0.0860959336316754,1,0,0.14304543359895633,0,0,0.09846881747008986,TB,NONE
"the symptoms of these dual infections are similar to those that people would have if they had one illness a bad cough, a fever, aches, exhaustion and difficulty breathing for some.",1,1,0.5864738858018174,0,0,0.3038607520504989,0,0,0.28629888731086267,0,1,0.5843989960255351,AURI,"AURI,COVID"
"how many times have you had covid? my immunocompromised, un vaccinated husband has not had it at all. i have had it once.no clot shot. headache and low grade fever for a day. i guess we can thank people like you for stepping up to be test subjects.",0,1,0.753763399525079,0,0,0.25081339843539197,0,0,0.32384042143952235,1,1,0.7484784165928346,COVID,"AURI,COVID"
update as of 02.07 wala na ubo ko,0,1,0.8944551211144608,0,1,0.8169876311622973,0,1,0.8275711771751735,0,1,0.8933148693214726,NONE,"AURI,PN,TB,COVID"
pahawa sipon ug ubo,1,1,0.9940818517900251,1,1,0.532475354649329,0,1,0.542098393343671,1,1,0.9938788867503368,"AURI,PN,COVID","AURI,PN,TB,COVID"
