"createTime","id","locationMeta/address","locationMeta/city","locationMeta/cityCode","locationMeta/countryCode","locationMeta/locationId","locationMeta/locationName","playCount","repostCount","text","textLanguage","shareCount","searchQuery","hashtags/0/cover","hashtags/0/id","hashtags/0/name","hashtags/0/title","hashtags/1/cover","hashtags/1/id","hashtags/1/name","hashtags/1/title","hashtags/2/cover","hashtags/2/id","hashtags/2/name","hashtags/2/title","hashtags/3/cover","hashtags/3/id","hashtags/3/name","hashtags/3/title","hashtags/4/cover","hashtags/4/id","hashtags/4/name","hashtags/4/title","hashtags/5/cover","hashtags/5/id","hashtags/5/name","hashtags/5/title","hashtags/6/cover","hashtags/6/id","hashtags/6/name","hashtags/6/title","hashtags/7/cover","hashtags/7/id","hashtags/7/name","hashtags/7/title","hashtags/8/cover","hashtags/8/id","hashtags/8/name","hashtags/8/title","hashtags/9/cover","hashtags/9/id","hashtags/9/name","hashtags/9/title","hashtags/10/cover","hashtags/10/id","hashtags/10/name","hashtags/10/title","hashtags/11/cover","hashtags/11/id","hashtags/11/name","hashtags/11/title","hashtags/12/cover","hashtags/12/id","hashtags/12/name","hashtags/12/title","hashtags/13/cover","hashtags/13/id","hashtags/13/name","hashtags/13/title","hashtags/14/cover","hashtags/14/id","hashtags/14/name","hashtags/14/title","hashtags/15/cover","hashtags/15/id","hashtags/15/name","hashtags/15/title","hashtags/16/cover","hashtags/16/id","hashtags/16/name","hashtags/16/title","hashtags/17/cover","hashtags/17/id","hashtags/17/name","hashtags/17/title","hashtags/18/cover","hashtags/18/id","hashtags/18/name","hashtags/18/title","hashtags/19/cover","hashtags/19/id","hashtags/19/name","hashtags/19/title","hashtags/20/cover","hashtags/20/id","hashtags/20/name","hashtags/20/title","hashtags/21/cover","hashtags/21/id","hashtags/21/name","hashtags/21/title","hashtags/22/cover","hashtags/22/id","hashtags/22/name","hashtags/22/title","hashtags/23/cover","hashtags/23/id","hashtags/23/name","hashtags/23/title","hashtags/24/cover","hashtags/24/id","hashtags/24/name","hashtags/24/title","hashtags/25/cover","hashtags/25/id","hashtags/25/name","hashtags/25/title","hashtags/26/cover","hashtags/26/id","hashtags/26/name","hashtags/26/title","hashtags/27/cover","hashtags/27/id","hashtags/27/name","hashtags/27/title","hashtags/28/cover","hashtags/28/id","hashtags/28/name","hashtags/28/title","hashtags/29/cover","hashtags/29/id","hashtags/29/name","hashtags/29/title","hashtags/30/cover","hashtags/30/id","hashtags/30/name","hashtags/30/title","hashtags/31/cover","hashtags/31/id","hashtags/31/name","hashtags/31/title","hashtags/32/cover","hashtags/32/id","hashtags/32/name","hashtags/32/title","hashtags/33/cover","hashtags/33/id","hashtags/33/name","hashtags/33/title","hashtags/34/cover","hashtags/34/id","hashtags/34/name","hashtags/34/title","createTimeISO","commentCount","collectCount"
"1762602858","7570321304935583007",,,,,,,"567300","0","The greatest #slap of all time 🤯 The #PowerSlap 1 Finale is LIVE & FREE TONIGHT on Rumble at 9pmET!! #KO #knockout","en","2404","ko","","78885","slap","","","1625087268038661","powerslap","","","16435","ko","","","32424","knockout","",,,,,,,,,,,,,,,,,,,,,,,,,,,,,,,,,,,,,,,,,,,,,,,,,,,,,,,,,,,,,,,,,,,,,,,,,,,,,,,,,,,,,,,,,,,,,,,,,,,,,,,,,,,,,,,,,,,,,,,,,,,,,"2025-11-08T11:54:18.000Z","157","2994"
"1765428193","7582456311653092629",,,,,,,"4400000","0","KO 😱🔥 Videos completos en YouTube: ""El Nea Oficial"" 🥊🙏🏽 #boxing #box #boxeo ","es","10200","ko","","12724","boxing","","","48462","box","","","5787205","boxeo","",,,,,,,,,,,,,,,,,,,,,,,,,,,,,,,,,,,,,,,,,,,,,,,,,,,,,,,,,,,,,,,,,,,,,,,,,,,,,,,,,,,,,,,,,,,,,,,,,,,,,,,,,,,,,,,,,,,,,,,,,,,,,,,,,"2025-12-11T04:43:13.000Z","508","8936"
"1762476275","7569777888577195286",,,,,,,"70000","0","#onthisday KO’d #ko #knockout #knockouts #womenswrestling #womenwrestlers #womenwrestle ","en","11","ko","","8525756","onthisday","","","16435","ko","","","32424","knockout","","","1713638","knockouts","","","8475763","womenswrestling","","","33654415","womenwrestlers","","","1681545042275333","womenwrestle","",,,,,,,,,,,,,,,,,,,,,,,,,,,,,,,,,,,,,,,,,,,,,,,,,,,,,,,,,,,,,,,,,,,,,,,,,,,,,,,,,,,,,,,,,,,,,,,,,,,,,,,,,,,,,,,,,"2025-11-07T00:44:35.000Z","17","50"
"1771410693","7608150958882835734",,,,,,,"1800000","0","Moments before deenthegreat got KO'd a second time by UFC fighter #larrywheels #ufc ","en","269","ko","","1621785954430982","larrywheels","","","13144","ufc","Jump in the Octagon for all things #UFC on TikTok.",,,,,,,,,,,,,,,,,,,,,,,,,,,,,,,,,,,,,,,,,,,,,,,,,,,,,,,,,,,,,,,,,,,,,,,,,,,,,,,,,,,,,,,,,,,,,,,,,,,,,,,,,,,,,,,,,,,,,,,,,,,,,,,,,,,,,"2026-02-18T10:31:33.000Z","167","2782"
"1757328381","7547667900442610966",,,,,,,"82200","0","Kid KOed 😬😬#ko #knockout #fyp #muaythai ","en","120","ko","","16435","ko","","","32424","knockout","","","229207","fyp","","","9679","muaythai","",,,,,,,,,,,,,,,,,,,,,,,,,,,,,,,,,,,,,,,,,,,,,,,,,,,,,,,,,,,,,,,,,,,,,,,,,,,,,,,,,,,,,,,,,,,,,,,,,,,,,,,,,,,,,,,,,,,,,,,,,,,,,"2025-09-08T10:46:21.000Z","26","172"
"1756213882","7542881023311318303",,,,,,,"2200000","0","You've never seen a KO like this before！#boxing ","en","714","ko","","12724","boxing","",,,,,,,,,,,,,,,,,,,,,,,,,,,,,,,,,,,,,,,,,,,,,,,,,,,,,,,,,,,,,,,,,,,,,,,,,,,,,,,,,,,,,,,,,,,,,,,,,,,,,,,,,,,,,,,,,,,,,,,,,,,,,,,,,,,,,,,,,"2025-08-26T13:11:22.000Z","104","1013"
"1767735360","7592365515457269014",,,,,,,"558400","0","#muaythai #kickboxing #k1 #ko ","un","1222","ko","","9679","muaythai","","","86693","kickboxing","","","139474","k1","","","16435","ko","",,,,,,,,,,,,,,,,,,,,,,,,,,,,,,,,,,,,,,,,,,,,,,,,,,,,,,,,,,,,,,,,,,,,,,,,,,,,,,,,,,,,,,,,,,,,,,,,,,,,,,,,,,,,,,,,,,,,,,,,,,,,,"2026-01-06T21:36:00.000Z","35","878"
"1752761988","7528055344065547533",,,,,,,"379000","0","COCKY GUY GOT SMASHED 👊 #MMAClips #CockyFighter #GotHumbled #FightNight #BrutalKO #InstantKarma #UFCHighlights #MMAReel #FightClip #CombatSports #Smackdown #KOPunch #UFCShorts #HumblePie #OctagonViolence #KnockoutPower #FightFinish #CageFight #FightMoment #ShortsMMA","en","78","ko","","1661513438930950","mmaclips","","","1627465488550918","cockyfighter","","","1704725754781701","gothumbled","","","8258","fightnight","Whether you're a cruiserweight or a heavyweight, we want to see your best jabs and hooks. It's time to show us how you train for #FightNight 💪🏽","","1639619630208005","brutalko","","","11540531","instantkarma","","","1653167977543686","ufchighlights","","","1623183473611782","mmareel","","","1607492441922566","fightclip","","","67423332","combatsports","","","225364","smackdown","","","12528077","kopunch","","","1699506021390342","ufcshorts","","","12623804","humblepie","","","7484072492642861074","octagonviolence","","","1649437526505478","knockoutpower","","","1649128461725702","fightfinish","","","63098442","cagefight","","","16508348","fightmoment","","","7313755787175100449","shortsmma","",,,,,,,,,,,,,,,,,,,,,,,,,,,,,,,,,,,,,,,,,,,,,,,,,,,,,,,,,,,,,"2025-07-17T14:19:48.000Z","130","806"
"1715049457","7366081296331836714",,,,,,,"688200","0","bro got sent straight to the underworld 😂🤐#fypシ゚viral ","en","5524","ko","","1664119477821441","fypシ゚viral","",,,,,,,,,,,,,,,,,,,,,,,,,,,,,,,,,,,,,,,,,,,,,,,,,,,,,,,,,,,,,,,,,,,,,,,,,,,,,,,,,,,,,,,,,,,,,,,,,,,,,,,,,,,,,,,,,,,,,,,,,,,,,,,,,,,,,,,,,"2024-05-07T02:37:37.000Z","698","6778"
"1723652169","7403029662433168672","Sir Matt Busby Way, Old Trafford, Stretford, Manchester M16 0RA, UK","Trafford","3333211","2635167","22535865207647381","Manchester United","38400","0","Hard work pays off 💥

#muaythai #ko #fight #femalefighter #knockout #fighter #fyp #fypage #viral ","en","47","ko","","9679","muaythai","","","16435","ko","","","8847","fight","","","2079126","femalefighter","","","32424","knockout","","","29679","fighter","","","229207","fyp","","","1604302285252613","fypage","","https://p16-common-sign.tiktokcdn-us.com/musically-maliva-obj/8e4d8102460a60717c89acc2d6367a16.png~tplv-tiktokx-origin.image?dr=9627&x-expires=1773136800&x-signature=xIwjlnYSARVs96JwqNAhHgV5b%2BQ%3D&t=4d5b0474&ps=13740610&shp=81f88b70&shcp=9b759fb9&idc=useast5","20884","viral","¡descubre las canciones en tendencia! 🔥➡️ https://bit.ly/TendenciasTikTok_LATAM",,,,,,,,,,,,,,,,,,,,,,,,,,,,,,,,,,,,,,,,,,,,,,,,,,,,,,,,,,,,,,,,,,,,,,,,,,,,,,,,,,,,,,,,,,,,,,,,,,,,,,,,,"2024-08-14T16:16:09.000Z","10","101"
"1771464050","7608380030116285709",,,,,,,"770900","0","","un","1312","ko",,,,,,,,,,,,,,,,,,,,,,,,,,,,,,,,,,,,,,,,,,,,,,,,,,,,,,,,,,,,,,,,,,,,,,,,,,,,,,,,,,,,,,,,,,,,,,,,,,,,,,,,,,,,,,,,,,,,,,,,,,,,,,,,,,,,,,,,,,,,,"2026-02-19T01:20:50.000Z","783","3151"
"1752936648","7528805348765895950",,,,,,,"1524","0","K.O#KO #ko #muaythai #mma #kicks #fighting #combat #fighter #boxingtraining🥊 ","bs","0","ko","","16435","ko","","","16435","ko","","","9679","muaythai","","","26379","mma","","","14419","kicks","","","11604","fighting","","","123201","combat","","","29679","fighter","","","1646770556925953","boxingtraining🥊","",,,,,,,,,,,,,,,,,,,,,,,,,,,,,,,,,,,,,,,,,,,,,,,,,,,,,,,,,,,,,,,,,,,,,,,,,,,,,,,,,,,,,,,,,,,,,,,,,,,,,,,,,"2025-07-19T14:50:48.000Z","0","5"
"1772787369","7614063738869796117",,,,,,,"111","0","naglisod na yan ug ginhawa😭","tl","0","nagkalisud ug hinga",,,,,,,,,,,,,,,,,,,,,,,,,,,,,,,,,,,,,,,,,,,,,,,,,,,,,,,,,,,,,,,,,,,,,,,,,,,,,,,,,,,,,,,,,,,,,,,,,,,,,,,,,,,,,,,,,,,,,,,,,,,,,,,,,,,,,,,,,,,,,"2026-03-06T08:56:09.000Z","0","0"
"1756851646","7545620139811556638",,,,,,,"79500","0","Shortness of breath, constant coughing, or feeling winded on stairs isn’t always just age. 🚨 It could be COPD. Learn the 4 stages and what to do at each one. Early diagnosis means better breathing and better quality of life. 🫁 #copd #copdawareness #lunghealth #breathingproblems #betterlungs #drchrispharmd","en","275","nagkalisud ug hinga","","10143353","copd","","","1619040479657990","copdawareness","","","1625126776132613","lunghealth","","","550256","breathingproblems","","","1665206203118597","betterlungs","","","7143113221543575598","drchrispharmd","",,,,,,,,,,,,,,,,,,,,,,,,,,,,,,,,,,,,,,,,,,,,,,,,,,,,,,,,,,,,,,,,,,,,,,,,,,,,,,,,,,,,,,,,,,,,,,,,,,,,,,,,,,,,,,,,,,,,,"2025-09-02T22:20:46.000Z","38","250"
"1729181787","7426779199488199979","3134 Niles Rd Unit B, Saint Joseph, MI 49085, United States","Saint Joseph","5008327","6252001","22535865236500288","SpineCare Decompression and Chiropractic Center","3200000","0","Quick Way to Fix a Stuffy Nose #stuffynose #sinusrelief #runnynose #nose ","en","9691","nagkalisud ug hinga","","487406","stuffynose","","","1597773068105733","sinusrelief","","","865498","runnynose","","","16582","nose","",,,,,,,,,,,,,,,,,,,,,,,,,,,,,,,,,,,,,,,,,,,,,,,,,,,,,,,,,,,,,,,,,,,,,,,,,,,,,,,,,,,,,,,,,,,,,,,,,,,,,,,,,,,,,,,,,,,,,,,,,,,,,"2024-10-17T16:16:27.000Z","2581","26257"
"1731293237","7435847764308774160",,,,,,,"2600000","0","Handumanan sa usa ka awit🥰🍃Mao jud ni na drama among ginapaminaw kada hapon sauna🥰#fyp ","tl","9871","nagkalisud ug hinga","","229207","fyp","",,,,,,,,,,,,,,,,,,,,,,,,,,,,,,,,,,,,,,,,,,,,,,,,,,,,,,,,,,,,,,,,,,,,,,,,,,,,,,,,,,,,,,,,,,,,,,,,,,,,,,,,,,,,,,,,,,,,,,,,,,,,,,,,,,,,,,,,,"2024-11-11T02:47:17.000Z","2805","13781"
"1769490967","7599905788785675540",,,,,,,"145","0","Simot na Simot kona si massage oil. Kaya honey na nilagay ni father inlaw. suffer hiyang kasi talaga ng anak ko. @mommytonifowlerofficial ","tl","2","nagkalisud ug hinga",,,"",,,,,,,,,,,,,,,,,,,,,,,,,,,,,,,,,,,,,,,,,,,,,,,,,,,,,,,,,,,,,,,,,,,,,,,,,,,,,,,,,,,,,,,,,,,,,,,,,,,,,,,,,,,,,,,,,,,,,,,,,,,,,,,,,,,,,,,,,,"2026-01-27T05:16:07.000Z","0","0"
"1766145450","7585536935486082311",,,,,,,"1500000","0","Bro actually cooked with this edit 😂😂🔥@Prodbykardy🥷🏽🎸 #fypviralシ#ugandantiktok#kampala#viral#uganda ","en","1536","nagkalisud ug hinga",,,"",,"","1666593428398085","fypviralシ","","","1623801713827846","ugandantiktok","","","840920","kampala","","https://p19-common-sign.tiktokcdn-eu.com/musically-maliva-obj/8e4d8102460a60717c89acc2d6367a16.png~tplv-tiktokx-origin.image?dr=10386&x-expires=1773136800&x-signature=8esL70vVHj7P84d%2F24hF9FP%2FjeA%3D&t=4d5b0474&ps=13740610&shp=81f88b70&shcp=9b759fb9&idc=no1a","20884","viral","¡descubre las canciones en tendencia! 🔥➡️ https://bit.ly/TendenciasTikTok_LATAM","","322974","uganda","",,,,,,,,,,,,,,,,,,,,,,,,,,,,,,,,,,,,,,,,,,,,,,,,,,,,,,,,,,,,,,,,,,,,,,,,,,,,,,,,,,,,,,,,,,,,,,,,,,,,,,,,,,,,,,,,,,,,,"2025-12-19T11:57:30.000Z","3477","5264"
"1772986316","7614918217370176790","United States","","5128581","6252001","22535865201205278","New York","258900","0","Rhinovirus can feel like a “bad cold” with sore throat, congestion, fatigue, low fever, and a cough from post-nasal drip. This video covers common symptoms and what usually helps fastest: rest, hydration, humidifier, fever/pain relief as directed, saline for congestion, and gentle throat care. If symptoms are severe, worsening, last >10–14 days, or you’re higher-risk, talk to a healthcare professional.

#medicine #doctor #healthtips ","en","3275","nagkalisud ug hinga","","25675","medicine","","","15551","doctor","","https://p16-common-sign.tiktokcdn-eu.com/musically-maliva-obj/18ce88aa768350f8576769e10349e446~tplv-tiktokx-origin.image?dr=10386&x-expires=1773136800&x-signature=u2nTv175OS9XcCnfhCYvy1JiD4c%3D&t=4d5b0474&ps=13740610&shp=81f88b70&shcp=9b759fb9&idc=no1a","2262943","healthtips","What's your secret to staying fit? Share tips that have helped you stay healthy!",,,,,,,,,,,,,,,,,,,,,,,,,,,,,,,,,,,,,,,,,,,,,,,,,,,,,,,,,,,,,,,,,,,,,,,,,,,,,,,,,,,,,,,,,,,,,,,,,,,,,,,,,,,,,,,,,,,,,,,,,,,,,,,,,"2026-03-08T16:11:56.000Z","253","1184"
"1772009701","7610723689063058708",,,,,,,"12500","0","tumatae ka ba ngayon?
#CapCut ##ilangarawkananghinditumatae #pioneertemplate #capcutpioneer #funnyquotes ","tl","235","nagkalisud ug hinga","","1663935709411330","capcut","CapCut is a new, easy-to-use video editing tool designed for mobile platforms. CapCut provides users with a wide range of video editing functions, filters, audio &amp; visual effects, video templates, while keeping it free of charge and ads-free. Everyone can be a creator by using CapCut.  

Start creating your cool videos today: 
https://capcut.onelink.me/XKqI/228cad85","","7610721909314961428","ilangarawkananghinditumatae","","","7481262787990126614","pioneertemplate","","","7356025154310733831","capcutpioneer","","","2128609","funnyquotes","",,,,,,,,,,,,,,,,,,,,,,,,,,,,,,,,,,,,,,,,,,,,,,,,,,,,,,,,,,,,,,,,,,,,,,,,,,,,,,,,,,,,,,,,,,,,,,,,,,,,,,,,,,,,,,,,,,,,,,,,,"2026-02-25T08:55:01.000Z","11","48"
"1716403303","7371896038916885765",,,,,,,"78300","0","Signs Of Having A Water Spirit/Umndau #sangoma #sangomadiaries🌊 #ndawuwe #umdau #amaphupho #ndawuwe #ndawuwe❤🕯 #thokozagogo #thokoza #amaphupho_nezincazelo #thokozani👏🏿👏🏿 #dlozified #dlozi #dlozichild📿 #river #healing #healingjourney ","en","25","nagkalisud ug hinga","","1636222056421397","sangoma","","","1703273677936642","sangomadiaries🌊","","","1663243044858886","ndawuwe","","","87188533","umdau","","","1635693896884230","amaphupho","","","1663243044858886","ndawuwe","","","7066966317538115585","ndawuwe❤🕯","","","1661955596890118","thokozagogo","","","1645300929081349","thokoza","","","7098178366763139078","amaphupho_nezincazelo","","","1695187342473217","thokozani👏🏿👏🏿","","","1666137280948229","dlozified","","","1632145588671493","dlozi","","","1689928700370945","dlozichild📿","","","5916","river","","","192255","healing","","","1643245202813958","healingjourney","Here's to everyone on a #HealingJourney.",,,,,,,,,,,,,,,,,,,,,,,,,,,,,,,,,,,,,,,,,,,,,,,,,,,,,,,,,,,,,,,,,,,,,,,,,"2024-05-22T18:41:43.000Z","19","56"
"1751648977","7523275049990769976",,,,,,,"251000","0","#KwestaftThabisile #ngiyazifelangawe ","un","834","nagkalisud ug hinga","","7523273421724057656","kwestaftthabisile","","","1642859884678150","ngiyazifelangawe","",,,,,,,,,,,,,,,,,,,,,,,,,,,,,,,,,,,,,,,,,,,,,,,,,,,,,,,,,,,,,,,,,,,,,,,,,,,,,,,,,,,,,,,,,,,,,,,,,,,,,,,,,,,,,,,,,,,,,,,,,,,,,,,,,,,,,"2025-07-04T17:09:37.000Z","149","751"
"1753170806","7529811208011107592",,,,,,,"1619","0","#novuspathlabskalanki 
#homecollection🏠 free service            
#contactnumber 015234659 9860007296
@रन्जित जङ छेत्री @Kub Er Dahal @Ashok Shakhi ","en","12","nagkalisud ug hinga","","7240333156812292098","novuspathlabskalanki","","","7270035727381954562","homecollection🏠","","","1605416568665093","contactnumber","",,,"",,,,"",,,,"",,,,,,,,,,,,,,,,,,,,,,,,,,,,,,,,,,,,,,,,,,,,,,,,,,,,,,,,,,,,,,,,,,,,,,,,,,,,,,,,,,,,,,,,,,,,,,,,,,,,,,,,,,,,,,,,,,,,,,"2025-07-22T07:53:26.000Z","4","2"
"1590559612","6831401504931450114",,,,,,,"898700","0","Health Tips No.4: Difficulty of Breathing (Nahihirapan Huminga)","en","2300","nagkalisud ug hinga",,,,,,,,,,,,,,,,,,,,,,,,,,,,,,,,,,,,,,,,,,,,,,,,,,,,,,,,,,,,,,,,,,,,,,,,,,,,,,,,,,,,,,,,,,,,,,,,,,,,,,,,,,,,,,,,,,,,,,,,,,,,,,,,,,,,,,,,,,,,,"2020-05-27T06:06:52.000Z","302","2180"
"1739692800","7470897513130675464",,,,,,,"3812","0","Pang-patay apoy hack#ibilib #ibilibgma #science #scienceexperiments #christiu #kids #lifehacks #experiment #fyp","tl","5","pangapoy","","1606145741092865","ibilib","","","7187316131869229058","ibilibgma","","","1618848592828422","science","Thanks to all who joined the #Science Post Contest! Check out the winner showcase here: https://vt.tiktok.com/ZMAf3xVgr/","https://p16-common-sign.tiktokcdn-us.com/musically-maliva-obj/3a3a0eda6d9e6475776a31fcc759cb16~tplv-tiktokx-origin.image?dr=9627&x-expires=1773136800&x-signature=SSVVd0vycx21zIj5QvkAFVjEjG8%3D&t=4d5b0474&ps=13740610&shp=81f88b70&shcp=9b759fb9&idc=useast5","5808694","scienceexperiments","Put on your lab coats and goggles! Whether it's a soda eruption or a tower of toothpaste, we want to see your latest #ScienceExperiments.","","1604383714656257","christiu","","","5436","kids","","https://p16-common-sign.tiktokcdn-us.com/musically-maliva-obj/d08ab589449aa36692eab793d0697eb4~tplv-tiktokx-origin.image?dr=9627&x-expires=1773136800&x-signature=9G5jbUFv3RnJdCMLIrXAu69%2Fxss%3D&t=4d5b0474&ps=13740610&shp=81f88b70&shcp=9b759fb9&idc=useast5","325405","lifehacks","Show us those tips and tricks that have changed your life.","","64949","experiment","","","229207","fyp","",,,,,,,,,,,,,,,,,,,,,,,,,,,,,,,,,,,,,,,,,,,,,,,,,,,,,,,,,,,,,,,,,,,,,,,,,,,,,,,,,,,,,,,,,,,,,,,,,,,,,,,,,"2025-02-16T08:00:00.000Z","2","7"
"1757238876","7547283486386769159","Pres. Jose P. Laurel Ave, General Santos City, South Cotabato, Philippines","","1713022","1694008","22535865203007832","General Santos City","291100","0","🔥 𝗔𝗹𝗮𝗯 𝗻𝗴 𝗔𝗽𝗼𝘆 (𝗔𝘄𝗶𝘁 𝗽𝗮𝗿𝗮 𝗸𝗮𝘆 𝗦𝗮𝗻𝗴’𝗴𝗿𝗲 𝗣𝗶𝗿𝗲𝗻𝗮) - tagapangalaga ng Brilyante ng Apoy mula sa Encantadia. (Composed by Harlem Ferolino)

Isang makapangyarihang himno ng lakas at tapang. Para sa lahat ng Encantadiks na naniniwala: tulad ng apoy, hindi kailanman mawawala ang ating lakas.

Sinundan na natin ang Himig ng Lupa (Para kay Terra) at Himig ng Tubig (Para kay Alena). 

Siklab ng apoy, lakas ng Sang’gre, at tapang ng mandirigma... lahat nasa kantang ito!

Kung team Pirena ka, comment ka ng “🔥” ngayon!

@Glaiza De Castro 
@gmanetwork 
@gmadrama 

🎼 SUNO (Creative AI Music Production)
Papa Lem TV 
Voice Pappy - Certified Voice Artist 

#AlabNgApoy #Pirena #Encantadia #PapaLemTV #EncantadiaChroniclesSanggre ","tl","710","pangapoy",,,"",,,,"",,,,"",,"","7547283452786114580","alabngapoy","","","24720018","pirena","","","12113122","encantadia","","","1660525561271297","papalemtv","","","7218787024358178821","encantadiachroniclessanggre","",,,,,,,,,,,,,,,,,,,,,,,,,,,,,,,,,,,,,,,,,,,,,,,,,,,,,,,,,,,,,,,,,,,,,,,,,,,,,,,,,,,,,,,,,,,,,,,,,,,,,,,,,,,,,"2025-09-07T09:54:36.000Z","227","3719"
"1772943410","7614733946034703624",,,,,,,"281","0","#fyp #meme #trend #xyzbca #pinoy ","un","6","pangapoy","","229207","fyp","","https://p19-common-sign.tiktokcdn-us.com/musically-maliva-obj/c9361f827e1dcb19d2e54e58654c9f55.jpeg~tplv-tiktokx-origin.image?dr=9627&x-expires=1773136800&x-signature=%2BNo2sG50G5I8lAqc90G7TBQsaAM%3D&t=4d5b0474&ps=13740610&shp=81f88b70&shcp=9b759fb9&idc=useast5","23864","meme","","","44895","trend","","https://p19-common-sign.tiktokcdn-us.com/tiktok-obj/14395673ac767c75a2f846113229ea95.png~tplv-tiktokx-origin.image?dr=9627&x-expires=1773136800&x-signature=VfiezlFoadVbV2XX8ZdHILNREyg%3D&t=4d5b0474&ps=13740610&shp=81f88b70&shcp=9b759fb9&idc=useast5","1652484531221509","xyzbca","Asla bir sonraki hamleni bilmelerine izin verme! 👀","","24910","pinoy","",,,,,,,,,,,,,,,,,,,,,,,,,,,,,,,,,,,,,,,,,,,,,,,,,,,,,,,,,,,,,,,,,,,,,,,,,,,,,,,,,,,,,,,,,,,,,,,,,,,,,,,,,,,,,,,,,,,,,,,,,"2026-03-08T04:16:50.000Z","4","1"
"1659950868","7129434669795396891",,,,,,,"764300","0","ANG PINAKA UNANG ""PASS AKO JAN BOSS"" HAHAHHAA isang taon na pala HHAAHHAA salamat sainyooo","tl","629","pangapoy",,,,,,,,,,,,,,,,,,,,,,,,,,,,,,,,,,,,,,,,,,,,,,,,,,,,,,,,,,,,,,,,,,,,,,,,,,,,,,,,,,,,,,,,,,,,,,,,,,,,,,,,,,,,,,,,,,,,,,,,,,,,,,,,,,,,,,,,,,,,,"2022-08-08T09:27:48.000Z","498","2561"
"1763683259","7574961877323762952",,,,,,,"96900","0","Tag your marupok friends haha Stream “Apoy Sa Labi” by Geca Morales 😍🔥 #ApoySaLabi #HanapHanapAngApoy #GecawithaG ","en","1341","pangapoy","","7317827546778140678","apoysalabi","","","7566903928076369927","hanaphanapangapoy","","","7540610318041841682","gecawithag","",,,,,,,,,,,,,,,,,,,,,,,,,,,,,,,,,,,,,,,,,,,,,,,,,,,,,,,,,,,,,,,,,,,,,,,,,,,,,,,,,,,,,,,,,,,,,,,,,,,,,,,,,,,,,,,,,,,,,,,,,,,,,,,,,"2025-11-21T00:00:59.000Z","70","754"
"1771665160","7609243899046989076","Northern Mindanao, Philippines","","1711084","1694008","22535865203912037","Iligan City","606","0","Pang pakapoy para nice Ang katulog ngekk HAHAHAH#711#fyp#trend#viral ","tl","31","pangapoy","","7833","711","","","229207","fyp","","","44895","trend","","https://p16-common-sign.tiktokcdn-us.com/musically-maliva-obj/8e4d8102460a60717c89acc2d6367a16.png~tplv-tiktokx-origin.image?dr=9627&x-expires=1773136800&x-signature=xIwjlnYSARVs96JwqNAhHgV5b%2BQ%3D&t=4d5b0474&ps=13740610&shp=81f88b70&shcp=9b759fb9&idc=useast5","20884","viral","¡descubre las canciones en tendencia! 🔥➡️ https://bit.ly/TendenciasTikTok_LATAM",,,,,,,,,,,,,,,,,,,,,,,,,,,,,,,,,,,,,,,,,,,,,,,,,,,,,,,,,,,,,,,,,,,,,,,,,,,,,,,,,,,,,,,,,,,,,,,,,,,,,,,,,,,,,,,,,,,,,,,,,,,,,"2026-02-21T09:12:40.000Z","5","3"
"1750061231","7516455737065852167",,,,,,,"1293","0","Gumawa ng apoy ","tl","0","pangapoy",,,,,,,,,,,,,,,,,,,,,,,,,,,,,,,,,,,,,,,,,,,,,,,,,,,,,,,,,,,,,,,,,,,,,,,,,,,,,,,,,,,,,,,,,,,,,,,,,,,,,,,,,,,,,,,,,,,,,,,,,,,,,,,,,,,,,,,,,,,,,"2025-06-16T08:07:11.000Z","0","0"
"1758557342","7552946255664565511",,,,,,,"361","0","""Paano ba tayo makakabangon kung palagi nalang tayong nagigipit?"" APOY by @leyopols #apoy #leyo #song #music #fyp ","tl","0","pangapoy",,,"",,"","6912376","apoy","","","8480236","leyo","","","5994","song","","","5636","music","","","229207","fyp","",,,,,,,,,,,,,,,,,,,,,,,,,,,,,,,,,,,,,,,,,,,,,,,,,,,,,,,,,,,,,,,,,,,,,,,,,,,,,,,,,,,,,,,,,,,,,,,,,,,,,,,,,,,,,,,,,,,,,"2025-09-22T16:09:02.000Z","0","0"
"1629350577","6998007438565788954",,,,,,,"49300","0","Hindi ako marunong physically #1minuteinspirations #tiktokskwela #motivationph #LearnonTiktok #onlyexpertknows #edusgottalent2021","tl","40","pangapoy","","1646797937648642","1minuteinspirations","","https://p16-common-sign.tiktokcdn-us.com/tiktok-obj/709e8043cdb2798b617de56918e2c5d4~tplv-tiktokx-origin.image?dr=9627&x-expires=1773136800&x-signature=ubj%2BzwGZ49IMbyBI9DguEdDR40o%3D&t=4d5b0474&ps=13740610&shp=81f88b70&shcp=9b759fb9&idc=useast5","1683693729514497","tiktokskwela","Join #TikTokSkwela challenge to win exclusive TikTok merch! Learning is more fun on TikTok!","","1656355848758273","motivationph","Get motivated and share your inspirational thoughts with #MotivationPH! Grow and shine ✨","","1636483010861062","learnontiktok","Thanks to all who participated in the January #LearnOnTikTok Post Contest! Check out the winner showcase here: https://vt.tiktok.com/ZSm4t1yuT/. And don't forget to participate in the February Learn On TikTok Post Contest for a chance to win up to $3000! Click here to join: https://vt.tiktok.com/ZSm4tx4Ub/","","1604419449449473","onlyexpertknows","&quot;What's the difference between...?&quot; &quot;How to properly invest in the stock market?&quot; &quot;How do I become a future doctor like you, po?&quot; Share fun facts and hidden rules that only experts &amp; professionals know, and get a chance to win an Iphone 12, IPad 8 and Airpods!

[Campaign Duration]
Jul 25, 2021, 12:00 AM - Aug 7, 2021, 11:59PM 2021
[Campaign Mechanics]
1. The campaign is open to anyone from the Philippines; 
2. Entrant must upload at least three (3) videos on TikTok within the campaign duration (Jul 25, 2021, 12:00 AM - Aug 7, 2021, 11:59PM 2021). You can upload as many video entries as you like; 
3. Only related educational and instructive videos with the hashtag #onlyexpertknows and #EDUSGOTTALENT2021 will be eligible; 
4. All videos should be original and follow TikTok's Community Guidelines; 
5. All videos need to be vertical screen and above 15 seconds; 
6. The winners will be selected ranking by the total number of &quot;Likes&quot; of your Top 3 most liked videos; 
7. 1st prize will be Apple Iphone 12, 2nd-3th prize will be iPad 8th Gen, 4th-5th prize will be Apple Airpods 2 and 6th-20th will be exclusive TikTok merch box； 
8. Winners will be announced on Aug 13, 2021 at 4PM through the in-app push notification and H5 in-app page. We will contact you via @tiktokphilippines official account to collect the delivery address and deliver the prizes to you within 30 days.","","1704776788656137","edusgottalent2021","Let's celebrate the 1 year anniversary of TikTok PH's educational campaign by joining #EDUSGOTTALENT2021 from July 11th to August 29th!",,,,,,,,,,,,,,,,,,,,,,,,,,,,,,,,,,,,,,,,,,,,,,,,,,,,,,,,,,,,,,,,,,,,,,,,,,,,,,,,,,,,,,,,,,,,,,,,,,,,,,,,,,,,,,,,,,,,,"2021-08-19T05:22:57.000Z","17","34"
"1737869414","7464092087714188574",,,,,,,"110","0","","un","0","pangapoy",,,,,,,,,,,,,,,,,,,,,,,,,,,,,,,,,,,,,,,,,,,,,,,,,,,,,,,,,,,,,,,,,,,,,,,,,,,,,,,,,,,,,,,,,,,,,,,,,,,,,,,,,,,,,,,,,,,,,,,,,,,,,,,,,,,,,,,,,,,,,"2025-01-26T05:30:14.000Z","0","0"
"1755630565","7540375836659174674",,,,,,,"2371","0","cinta tak direstui","ms","1","pangapoy",,,,,,,,,,,,,,,,,,,,,,,,,,,,,,,,,,,,,,,,,,,,,,,,,,,,,,,,,,,,,,,,,,,,,,,,,,,,,,,,,,,,,,,,,,,,,,,,,,,,,,,,,,,,,,,,,,,,,,,,,,,,,,,,,,,,,,,,,,,,,"2025-08-19T19:09:25.000Z","1","8"
"1755741843","7540853527518645521",,,,,,,"153","0","pa share ng idea nyu#fypage #fypシ゚viral #viral #fyp ","tl","0","pangapoy","","1604302285252613","fypage","","","1664119477821441","fypシ゚viral","","https://p16-common-sign.tiktokcdn-us.com/musically-maliva-obj/8e4d8102460a60717c89acc2d6367a16.png~tplv-tiktokx-origin.image?dr=9627&x-expires=1773136800&x-signature=xIwjlnYSARVs96JwqNAhHgV5b%2BQ%3D&t=4d5b0474&ps=13740610&shp=81f88b70&shcp=9b759fb9&idc=useast5","20884","viral","¡descubre las canciones en tendencia! 🔥➡️ https://bit.ly/TendenciasTikTok_LATAM","","229207","fyp","",,,,,,,,,,,,,,,,,,,,,,,,,,,,,,,,,,,,,,,,,,,,,,,,,,,,,,,,,,,,,,,,,,,,,,,,,,,,,,,,,,,,,,,,,,,,,,,,,,,,,,,,,,,,,,,,,,,,,,,,,,,,,"2025-08-21T02:04:03.000Z","0","0"
"1762592916","7570278905525898516",,,,,,,"4574","0","#fypシ゚ #foryoupage #bisaya ","un","18","sakit ang kalawasan","","1641236262278149","fypシ゚","","","88764338","foryoupage","","","858273","bisaya","",,,,,,,,,,,,,,,,,,,,,,,,,,,,,,,,,,,,,,,,,,,,,,,,,,,,,,,,,,,,,,,,,,,,,,,,,,,,,,,,,,,,,,,,,,,,,,,,,,,,,,,,,,,,,,,,,,,,,,,,,,,,,,,,,"2025-11-08T09:08:36.000Z","6","12"
"1755677109","7540575750299159816",,,,,,,"245","0","na hilanat ko guro guys😔#fyp #fyppppppppppppppppppppppp #sick ","tl","1","sakit ang kalawasan","","229207","fyp","","","1649139584636934","fyppppppppppppppppppppppp","","","14211","sick","",,,,,,,,,,,,,,,,,,,,,,,,,,,,,,,,,,,,,,,,,,,,,,,,,,,,,,,,,,,,,,,,,,,,,,,,,,,,,,,,,,,,,,,,,,,,,,,,,,,,,,,,,,,,,,,,,,,,,,,,,,,,,,,,,"2025-08-20T08:05:09.000Z","4","0"
"1771748478","7609601721454660885",,,,,,,"51600","0","Murag gipamaolan gyud ko oyy 🥴","tl","41","sakit ang kalawasan",,,,,,,,,,,,,,,,,,,,,,,,,,,,,,,,,,,,,,,,,,,,,,,,,,,,,,,,,,,,,,,,,,,,,,,,,,,,,,,,,,,,,,,,,,,,,,,,,,,,,,,,,,,,,,,,,,,,,,,,,,,,,,,,,,,,,,,,,,,,,"2026-02-22T08:21:18.000Z","45","36"
"1771717522","7609468764622540053",,,,,,,"115","0","#fyp ","un","21","sakit ang kalawasan","","229207","fyp","",,,,,,,,,,,,,,,,,,,,,,,,,,,,,,,,,,,,,,,,,,,,,,,,,,,,,,,,,,,,,,,,,,,,,,,,,,,,,,,,,,,,,,,,,,,,,,,,,,,,,,,,,,,,,,,,,,,,,,,,,,,,,,,,,,,,,,,,,"2026-02-21T23:45:22.000Z","7","5"
"1758329112","7551966002041343240",,,,,,,"374","0","lami sa paminaw gana sa pamati hupay ang sakit sa kalawasan tistingi na aron mahibal an ang kamatooran#herbalwine #horsetailplusherbalwine ","tl","0","sakit ang kalawasan","","1701803978599425","herbalwine","","","7534924137563848712","horsetailplusherbalwine","",,,,,,,,,,,,,,,,,,,,,,,,,,,,,,,,,,,,,,,,,,,,,,,,,,,,,,,,,,,,,,,,,,,,,,,,,,,,,,,,,,,,,,,,,,,,,,,,,,,,,,,,,,,,,,,,,,,,,,,,,,,,,,,,,,,,,"2025-09-20T00:45:12.000Z","0","1"
"1770375293","7603703943822101780",,,,,,,"10800","0","ikaw ang dahilan kung bakit masakit ang aking kalawasan#fyp#dance#fyppppppppppppppppppppppp#fypシ゚viral#makeitviral ","tl","37","sakit ang kalawasan","","229207","fyp","","","5054","dance","","","1649139584636934","fyppppppppppppppppppppppp","","","1664119477821441","fypシ゚viral","","","186970","makeitviral","",,,,,,,,,,,,,,,,,,,,,,,,,,,,,,,,,,,,,,,,,,,,,,,,,,,,,,,,,,,,,,,,,,,,,,,,,,,,,,,,,,,,,,,,,,,,,,,,,,,,,,,,,,,,,,,,,,,,,,,,,"2026-02-06T10:54:53.000Z","13","41"
"1770436827","7603968229068819732",,,,,,,"204","0","nindot sya ibutang sa mga pamaol sa likod guys ","tl","1","sakit ang kalawasan",,,,,,,,,,,,,,,,,,,,,,,,,,,,,,,,,,,,,,,,,,,,,,,,,,,,,,,,,,,,,,,,,,,,,,,,,,,,,,,,,,,,,,,,,,,,,,,,,,,,,,,,,,,,,,,,,,,,,,,,,,,,,,,,,,,,,,,,,,,,,"2026-02-07T04:00:27.000Z","0","0"
"1737187144","7461161945400462600",,,,,,,"110500","0","Gemelina tambal sa panakit sa kalawasan
#everyoneシ゚ #everyonefollower #everyonehighlights","tl","213","sakit ang kalawasan","","7207601704097808410","everyoneシ゚","","","7223863678406393858","everyonefollower","","","7254189289926459393","everyonehighlights","",,,,,,,,,,,,,,,,,,,,,,,,,,,,,,,,,,,,,,,,,,,,,,,,,,,,,,,,,,,,,,,,,,,,,,,,,,,,,,,,,,,,,,,,,,,,,,,,,,,,,,,,,,,,,,,,,,,,,,,,,,,,,,,,,"2025-01-18T07:59:04.000Z","60","227"
"1693009456","7271420231472450821",,,,,,,"6383","0","Grabeh nakud kastress sako dagway hayss dugangan pas sakit #fyp ","id","1","sakit ang kalawasan","","229207","fyp","",,,,,,,,,,,,,,,,,,,,,,,,,,,,,,,,,,,,,,,,,,,,,,,,,,,,,,,,,,,,,,,,,,,,,,,,,,,,,,,,,,,,,,,,,,,,,,,,,,,,,,,,,,,,,,,,,,,,,,,,,,,,,,,,,,,,,,,,,"2023-08-26T00:24:16.000Z","7","2"
"1765469364","7582633150824631559",,,,,,,"250","0","for sure nagsakit napod ang kalawasan sa inyong mama dha, maong mao nani ang pinaka perfect nga time para mag check-out. #portablemassagegun #christmasgifts #giftideas #tiktokbudol ","tl","0","sakit ang kalawasan","","1691087402713090","portablemassagegun","","","2241348","christmasgifts","","","14176902","giftideas","🎉 Last Chance Gifting!! 🎉 
Post eCommerce-related short videos on TikTok during the Pre-Campaign Period (November 3rd - December 1st) using the hashtags: #giftideas and/or #TikTokMadeMeBuyIt
The top 1000 videos during the qualifying period will be selected for promotional exposure.
Winner Announcement: By December 1st 2025
Incentive Fulfilment Period: Between December 2nd 2025 and December 15th 2025","","1683900638998529","tiktokbudol","",,,,,,,,,,,,,,,,,,,,,,,,,,,,,,,,,,,,,,,,,,,,,,,,,,,,,,,,,,,,,,,,,,,,,,,,,,,,,,,,,,,,,,,,,,,,,,,,,,,,,,,,,,,,,,,,,,,,,,,,,,,,,"2025-12-11T16:09:24.000Z","0","0"
"1772105089","7611133367421259029",,,,,,,"73800","0","","un","7275","sakit ang kalawasan",,,,,,,,,,,,,,,,,,,,,,,,,,,,,,,,,,,,,,,,,,,,,,,,,,,,,,,,,,,,,,,,,,,,,,,,,,,,,,,,,,,,,,,,,,,,,,,,,,,,,,,,,,,,,,,,,,,,,,,,,,,,,,,,,,,,,,,,,,,,,"2026-02-26T11:24:49.000Z","7","408"
"1772176358","7611439466208578836",,,,,,,"134","0","","un","0","sakit ang kalawasan",,,,,,,,,,,,,,,,,,,,,,,,,,,,,,,,,,,,,,,,,,,,,,,,,,,,,,,,,,,,,,,,,,,,,,,,,,,,,,,,,,,,,,,,,,,,,,,,,,,,,,,,,,,,,,,,,,,,,,,,,,,,,,,,,,,,,,,,,,,,,"2026-02-27T07:12:38.000Z","0","0"
"1772881229","7614414877683092757",,,,,,,"336","0","Haplas para sa pamaol sa lawas #luyangdilaw #herbaloil #extramentholated @NatureMed Health & Wellness ","tl","2","pamaol sa kalawasan","","1656659240984577","luyangdilaw","","","1630402244123654","herbaloil","","","7522040725941256209","extramentholated","",,,"",,,,,,,,,,,,,,,,,,,,,,,,,,,,,,,,,,,,,,,,,,,,,,,,,,,,,,,,,,,,,,,,,,,,,,,,,,,,,,,,,,,,,,,,,,,,,,,,,,,,,,,,,,,,,,,,,,,,,,,,,,,,,,"2026-03-07T11:00:29.000Z","2","2"
"1699003032","7297162440083590401","Chikusei, Ibaraki, Japan","","6822097","1861060","22535796772021312","辻","451","0","#クローントリオ # isayaw Ang pamaol sa kalawasan🫣","un","0","pamaol sa kalawasan","","7052538105512853505","クローントリオ","一人で３人分出来ちゃうエフェクトがあるよ！！！",,,,,,,,,,,,,,,,,,,,,,,,,,,,,,,,,,,,,,,,,,,,,,,,,,,,,,,,,,,,,,,,,,,,,,,,,,,,,,,,,,,,,,,,,,,,,,,,,,,,,,,,,,,,,,,,,,,,,,,,,,,,,,,,,,,,,,,,,"2023-11-03T09:17:12.000Z","1","1"
"1769984176","7602024113053404434","Samboan, Cebu, Central Visayas, Philippines","Samboan","1690624","1694008","22535865206956069","Aguinid Falls","360","0","Pamaol sa lawas 😮‍💨 #adventure #canyoneering #familytime  #trekking #fyp ","hi","7","pamaol sa kalawasan","","14485","adventure","Head outdoors and show us your #Adventure.","","5928522","canyoneering","","","11510","familytime","There's no time like #FamilyTime.","","1237067","trekking","","","229207","fyp","",,,,,,,,,,,,,,,,,,,,,,,,,,,,,,,,,,,,,,,,,,,,,,,,,,,,,,,,,,,,,,,,,,,,,,,,,,,,,,,,,,,,,,,,,,,,,,,,,,,,,,,,,,,,,,,,,,,,,,,,,"2026-02-01T22:16:16.000Z","5","5"
"1754916612","7537309439527816455",,,,,,,"20500","0","#pamaoliswaving#fyppppppppppppppppppppppp ","un","521","pamaol sa kalawasan","","1704499200256009","pamaoliswaving","","","1649139584636934","fyppppppppppppppppppppppp","",,,,,,,,,,,,,,,,,,,,,,,,,,,,,,,,,,,,,,,,,,,,,,,,,,,,,,,,,,,,,,,,,,,,,,,,,,,,,,,,,,,,,,,,,,,,,,,,,,,,,,,,,,,,,,,,,,,,,,,,,,,,,,,,,,,,,"2025-08-11T12:50:12.000Z","8","71"
"1771742770","7609577220184624405",,,,,,,"311","0","live laugh love kawasan hoooo pamaol is real hahahahahhaha  #fyp #canyoneering #kawasan ","en","0","pamaol sa kalawasan","","229207","fyp","","","5928522","canyoneering","","","11839758","kawasan","",,,,,,,,,,,,,,,,,,,,,,,,,,,,,,,,,,,,,,,,,,,,,,,,,,,,,,,,,,,,,,,,,,,,,,,,,,,,,,,,,,,,,,,,,,,,,,,,,,,,,,,,,,,,,,,,,,,,,,,,,,,,,,,,,"2026-02-22T06:46:10.000Z","3","0"
"1770710293","7605142774509227282",,,,,,,"51600","0","","un","53","pamaol sa kalawasan",,,,,,,,,,,,,,,,,,,,,,,,,,,,,,,,,,,,,,,,,,,,,,,,,,,,,,,,,,,,,,,,,,,,,,,,,,,,,,,,,,,,,,,,,,,,,,,,,,,,,,,,,,,,,,,,,,,,,,,,,,,,,,,,,,,,,,,,,,,,,"2026-02-10T07:58:13.000Z","8","61"
"1749813364","7515391158701411602",,,,,,,"263","0","SA MGA DALI RA MAPANUHUTAN! PAMA OL OG UBAN PANG MGA PAMA OL SA LAWAS MAONI ANG SAGOT!!! #affiliate #sale #affordable #trend #viralvideo #fyppppppppppppppppppppppp #foryoupage ","tl","12","pamaol sa kalawasan","","29289204","affiliate","","","503838","sale","Benji &amp; Fede vi invitano a condividere quello che vi fa star bene tutti i giorni e vi fa scacciare l’ansia… con #Sale in sottofondo! 😊","","13802650","affordable","","","44895","trend","","","85133","viralvideo","","","1649139584636934","fyppppppppppppppppppppppp","","","88764338","foryoupage","",,,,,,,,,,,,,,,,,,,,,,,,,,,,,,,,,,,,,,,,,,,,,,,,,,,,,,,,,,,,,,,,,,,,,,,,,,,,,,,,,,,,,,,,,,,,,,,,,,,,,,,,,,,,,,,,,"2025-06-13T11:16:04.000Z","8","1"
"1707141183","7332115534172982534",,,,,,,"406","0","Tanggal ang sakit sa lawas basta spa creation massage rub ang gamiton.. 👍👍#viralvideotiktok #affilliate #viral_video_tiktok #affiliatemarketingforbeginners #affiliatetiktok #foryoupage #engagementisthekey♥️♥️♥️♥️ #massagerub ","tl","6","pamaol sa kalawasan","","1615813180683270","viralvideotiktok","","","1650955905747974","affilliate","","","1630996135433221","viral_video_tiktok","","","1651194977091589","affiliatemarketingforbeginners","","","1681888013839362","affiliatetiktok","","","88764338","foryoupage","","","7231944418033401861","engagementisthekey♥️♥️♥️♥️","","","1691822321411077","massagerub","",,,,,,,,,,,,,,,,,,,,,,,,,,,,,,,,,,,,,,,,,,,,,,,,,,,,,,,,,,,,,,,,,,,,,,,,,,,,,,,,,,,,,,,,,,,,,,,,,,,,,,,,,,,,,"2024-02-05T13:53:03.000Z","1","3"
"1737160675","7461048226477640967",,,,,,,"195","0","BUY 1 TAKE 1』100Pcs/pack Herbal Ginger Patch heat patch knee neck back pain heat patches.#ginger #herbalginger #chicktheyellowbasket🧺order👆 #affiliate #newaffiliatetiktok #fyp #foryoupage ","en","3","pamaol sa kalawasan","","20457","ginger","","","7196686262181789723","herbalginger","","","7306421073749540869","chicktheyellowbasket🧺order👆","","","29289204","affiliate","","","7136048720017588250","newaffiliatetiktok","","","229207","fyp","","","88764338","foryoupage","",,,,,,,,,,,,,,,,,,,,,,,,,,,,,,,,,,,,,,,,,,,,,,,,,,,,,,,,,,,,,,,,,,,,,,,,,,,,,,,,,,,,,,,,,,,,,,,,,,,,,,,,,,,,,,,,,"2025-01-18T00:37:55.000Z","0","1"
"1770166106","7602805504213126418",,,,,,,"256","0","Must-have items for easy shopping
#musthaveitems
#shoppingtips
#creatorsearchinsights #smallaffilliatemarketing #fyppppppppppppppppppppppp #salonpas ","en","3","pamaol sa kalawasan","","1662765846132737","musthaveitems","","","1595781245130758","shoppingtips","","","7340824418278440993","creatorsearchinsights","","","7126433494096347163","smallaffilliatemarketing","","","1649139584636934","fyppppppppppppppppppppppp","","","20547951","salonpas","",,,,,,,,,,,,,,,,,,,,,,,,,,,,,,,,,,,,,,,,,,,,,,,,,,,,,,,,,,,,,,,,,,,,,,,,,,,,,,,,,,,,,,,,,,,,,,,,,,,,,,,,,,,,,,,,,,,,,"2026-02-04T00:48:26.000Z","0","0"
"1742883017","7485625536404786439",,,,,,,"173","0","Legit na legit makawala gyod sa panakit sa kalawasan guys labi najud sa mga bug- at Ang trabaho kada adlaw maka recommend jud ko Ani nga haplas kay kami mismo nigamit ani daghan najud nahurot namo ani nga haplas,kay akong bana gikan sa byahe manghaplas jud na siya Ani pawala sa pamaol sa lawas.Dili gyod kamahayan sulit inyong bayad guys ❤️.Bisan sa mga reviews nindot gyod ilang mga comments proven and tested haplas
#creatorsearchinsights #ginger #herbal #oil #massage #fyppppppppppppppppppppppp #tiktokshop #follower #trending ","tl","0","pamaol sa kalawasan","","7340824418278440993","creatorsearchinsights","","","20457","ginger","","","7849513","herbal","","","193440","oil","","","24637","massage","","","1649139584636934","fyppppppppppppppppppppppp","","https://p16-sign-sg.tiktokcdn.com/tiktok-obj/53bfbf2adc645e6a9a1180d898fa84aa.jpeg~tplv-tiktokx-origin.image?dr=14566&x-expires=1773136800&x-signature=AqYT0oNef2pthXLBV%2BZ58VhwY4E%3D&t=4d5b0474&ps=13740610&shp=81f88b70&shcp=9b759fb9&idc=my","1613123321562117","tiktokshop","TikTok Shop offers a powerful new way to sell and shop on TikTok. Reach new customers, collaborate with creators, and grow your business. Discover More: https://bit.ly/3PXtVsV","","47520","follower","","","20105","trending","Discover the top viral trends, sounds and effects of the week! 🔥",,,,,,,,,,,,,,,,,,,,,,,,,,,,,,,,,,,,,,,,,,,,,,,,,,,,,,,,,,,,,,,,,,,,,,,,,,,,,,,,,,,,,,,,,,,,,,,,,,,,,,,,,"2025-03-25T06:10:17.000Z","2","0"
"1773116103","7615475612215512341",,,,,,,"583","0","Kadali lang ma #SAR ","tl","2","ginhawa","","490222","sar","",,,,,,,,,,,,,,,,,,,,,,,,,,,,,,,,,,,,,,,,,,,,,,,,,,,,,,,,,,,,,,,,,,,,,,,,,,,,,,,,,,,,,,,,,,,,,,,,,,,,,,,,,,,,,,,,,,,,,,,,,,,,,,,,,,,,,,,,,"2026-03-10T04:15:03.000Z","13","3"
"1768990165","7597754888210091282",,,,,,,"176","0","Ginhawa 🤍","hi","0","ginhawa",,,,,,,,,,,,,,,,,,,,,,,,,,,,,,,,,,,,,,,,,,,,,,,,,,,,,,,,,,,,,,,,,,,,,,,,,,,,,,,,,,,,,,,,,,,,,,,,,,,,,,,,,,,,,,,,,,,,,,,,,,,,,,,,,,,,,,,,,,,,,"2026-01-21T10:09:25.000Z","0","0"
"1773056485","7615219584064326932",,,,,,,"1253","0","Testimony sa nawad an og kusog og galisod og ginhawa.. ","no","0","ginhawa",,,,,,,,,,,,,,,,,,,,,,,,,,,,,,,,,,,,,,,,,,,,,,,,,,,,,,,,,,,,,,,,,,,,,,,,,,,,,,,,,,,,,,,,,,,,,,,,,,,,,,,,,,,,,,,,,,,,,,,,,,,,,,,,,,,,,,,,,,,,,"2026-03-09T11:41:25.000Z","6","2"
"1772555191","7613066525955706132",,,,,,,"21400","0","𝗦𝗮𝗹𝗮𝗺𝗮𝘁 𝗽𝗼 𝘀𝗮 𝘁𝗶𝘄𝗮𝗹𝗮 💆‍♂️💚
Hindi lang po ito trabaho, ito ay serbisyo na may malasakit.
Masaya po kami na maging bahagi ng inyong ginhawa 🦴✨","tl","16","ginhawa",,,,,,,,,,,,,,,,,,,,,,,,,,,,,,,,,,,,,,,,,,,,,,,,,,,,,,,,,,,,,,,,,,,,,,,,,,,,,,,,,,,,,,,,,,,,,,,,,,,,,,,,,,,,,,,,,,,,,,,,,,,,,,,,,,,,,,,,,,,,,"2026-03-03T16:26:31.000Z","15","18"
"1772675605","7613583712017468692",,,,,,,"3492","0","@ginhawastudio 💙","un","19","ginhawa",,,"",,,,,,,,,,,,,,,,,,,,,,,,,,,,,,,,,,,,,,,,,,,,,,,,,,,,,,,,,,,,,,,,,,,,,,,,,,,,,,,,,,,,,,,,,,,,,,,,,,,,,,,,,,,,,,,,,,,,,,,,,,,,,,,,,,,,,,,,,,"2026-03-05T01:53:25.000Z","16","71"
"1772797515","7614107332716317960",,,,,,,"1556","0","Tulad ng mensahe ng kantang I Will Be Here, ang tunay na pagmamahal ay yung taong nangangakong mananatili. Sa hirap at ginhawa, sa luha at saya ng buhay, may isang taong magsasabing, Nandito lang ako, hindi kita iiwan.❤️
#fyp #viral #viraltiktok #tiktokviral #fypppppppppppppp ","tl","2","ginhawa","","229207","fyp","","https://p16-common-sign.tiktokcdn-us.com/musically-maliva-obj/8e4d8102460a60717c89acc2d6367a16.png~tplv-tiktokx-origin.image?dr=9627&x-expires=1773136800&x-signature=xIwjlnYSARVs96JwqNAhHgV5b%2BQ%3D&t=4d5b0474&ps=13740610&shp=81f88b70&shcp=9b759fb9&idc=useast8","20884","viral","¡descubre las canciones en tendencia! 🔥➡️ https://bit.ly/TendenciasTikTok_LATAM","","1592528792523778","viraltiktok","","","86427221","tiktokviral","","","1633131185532933","fypppppppppppppp","",,,,,,,,,,,,,,,,,,,,,,,,,,,,,,,,,,,,,,,,,,,,,,,,,,,,,,,,,,,,,,,,,,,,,,,,,,,,,,,,,,,,,,,,,,,,,,,,,,,,,,,,,,,,,,,,,,,,,,,,,"2026-03-06T11:45:15.000Z","5","5"
"1772804579","7614137671065144594",,,,,,,"2131","0","YUNG NAG TANONG LANG NAMAN SI BOSS TAPOS NADAMAY DIN SYA HAHAH.. OKIE LANG YAN BOSS DAPAT MAG KASAMA KAYO SA HIRAP AT GINHAWA😂😂

#stejay #ahof_jl #ahofsteven #trending #foryou ","tl","2","ginhawa","","11149930","stejay","","","7463532800105250833","ahof_jl","","","7463682704609918981","ahofsteven","","","20105","trending","Discover the top viral trends, sounds and effects of the week! 🔥","","42164","foryou","",,,,,,,,,,,,,,,,,,,,,,,,,,,,,,,,,,,,,,,,,,,,,,,,,,,,,,,,,,,,,,,,,,,,,,,,,,,,,,,,,,,,,,,,,,,,,,,,,,,,,,,,,,,,,,,,,,,,,,,,,"2026-03-06T13:42:59.000Z","6","18"
"1772896124","7614530836796345621",,,,,,,"281700","0","","un","3151","ginhawa",,,,,,,,,,,,,,,,,,,,,,,,,,,,,,,,,,,,,,,,,,,,,,,,,,,,,,,,,,,,,,,,,,,,,,,,,,,,,,,,,,,,,,,,,,,,,,,,,,,,,,,,,,,,,,,,,,,,,,,,,,,,,,,,,,,,,,,,,,,,,"2026-03-07T15:08:44.000Z","1842","2428"
"1742896149","7485681932873878791",,,,,,,"249","0","","un","0","ginhawa",,,,,,,,,,,,,,,,,,,,,,,,,,,,,,,,,,,,,,,,,,,,,,,,,,,,,,,,,,,,,,,,,,,,,,,,,,,,,,,,,,,,,,,,,,,,,,,,,,,,,,,,,,,,,,,,,,,,,,,,,,,,,,,,,,,,,,,,,,,,,"2025-03-25T09:49:09.000Z","2","1"
"1736378968","7457690811904445714",,,,,,,"535","0","Ginhawa sad","hi","0","ginhawa",,,,,,,,,,,,,,,,,,,,,,,,,,,,,,,,,,,,,,,,,,,,,,,,,,,,,,,,,,,,,,,,,,,,,,,,,,,,,,,,,,,,,,,,,,,,,,,,,,,,,,,,,,,,,,,,,,,,,,,,,,,,,,,,,,,,,,,,,,,,,"2025-01-08T23:29:28.000Z","1","0"
"1755322669","7539053417356954898",,,,,,,"141","0","#ginhawa gyud","mr","0","ginhawa","","1638069406902273","ginhawa","",,,,,,,,,,,,,,,,,,,,,,,,,,,,,,,,,,,,,,,,,,,,,,,,,,,,,,,,,,,,,,,,,,,,,,,,,,,,,,,,,,,,,,,,,,,,,,,,,,,,,,,,,,,,,,,,,,,,,,,,,,,,,,,,,,,,,,,,,"2025-08-16T05:37:49.000Z","0","0"
"1632218709","7010325973832928538",,,,,,,"219900","0","SUD’s Ginhawa official lyric video is out now on #YouTube #FYPage #TikTokPhilippines #Ginhawa","en","23","ginhawa","","7904","youtube","","","1604302285252613","fypage","","","89436630","tiktokphilippines","","","1638069406902273","ginhawa","",,,,,,,,,,,,,,,,,,,,,,,,,,,,,,,,,,,,,,,,,,,,,,,,,,,,,,,,,,,,,,,,,,,,,,,,,,,,,,,,,,,,,,,,,,,,,,,,,,,,,,,,,,,,,,,,,,,,,,,,,,,,,"2021-09-21T10:05:09.000Z","8","26"
"1772943974","7614736363207838983",,,,,,,"1592","0","Hoii halaka  Dili jud ko ayy🤣🤣🤣🤣🤣🤣✌️✌️✌️✌️✌️✌️✌️✌️#akosicris07 #fyppppppppppppppppppppppp #fypシ #highlights ","tl","4","halos dili ko ka","","7263978014349164549","akosicris07","","","1649139584636934","fyppppppppppppppppppppppp","","","1637342470396934","fypシ","","","92207","highlights","",,,,,,,,,,,,,,,,,,,,,,,,,,,,,,,,,,,,,,,,,,,,,,,,,,,,,,,,,,,,,,,,,,,,,,,,,,,,,,,,,,,,,,,,,,,,,,,,,,,,,,,,,,,,,,,,,,,,,,,,,,,,,"2026-03-08T04:26:14.000Z","18","15"
"1772969216","7614844772095675655",,,,,,,"164","0","Mao diay dili ko halos maka lihok ron kay way kwrta🤣🤣","tl","0","halos dili ko ka",,,,,,,,,,,,,,,,,,,,,,,,,,,,,,,,,,,,,,,,,,,,,,,,,,,,,,,,,,,,,,,,,,,,,,,,,,,,,,,,,,,,,,,,,,,,,,,,,,,,,,,,,,,,,,,,,,,,,,,,,,,,,,,,,,,,,,,,,,,,,"2026-03-08T11:26:56.000Z","1","1"
"1733434296","7445043590796987690",,,,,,,"43900","0","","un","35","halos dili ko ka",,,,,,,,,,,,,,,,,,,,,,,,,,,,,,,,,,,,,,,,,,,,,,,,,,,,,,,,,,,,,,,,,,,,,,,,,,,,,,,,,,,,,,,,,,,,,,,,,,,,,,,,,,,,,,,,,,,,,,,,,,,,,,,,,,,,,,,,,,,,,"2024-12-05T21:31:36.000Z","174","162"
"1771497406","7608523396170665236",,,,,,,"49800","0","❣️DILI KO IKABAYLO

#TIKTOKkaraoke #foryoupage #fypシ゚viral🖤tiktok #fyp #bisayasong ","hi","55","halos dili ko ka","","1599435741877250","tiktokkaraoke","Punya bakat nyanyi? atau mau seru-seruan bareng temen2 di TikTok? yuk karaokean di #TikTokKaraoke aja!

Caranya gampang: 
1. Gunakan fitur bereaksi / reaction pada demo video 💥
2. langsung ikutan karaoke bareng di TikTok dengan lagu Karna Su Sayang 🤩

yuk rasakan serunya karaoke bareng rame2 di TikTok! 🎶","","88764338","foryoupage","","","1685694592866306","fypシ゚viral🖤tiktok","","","229207","fyp","","","2735464","bisayasong","",,,,,,,,,,,,,,,,,,,,,,,,,,,,,,,,,,,,,,,,,,,,,,,,,,,,,,,,,,,,,,,,,,,,,,,,,,,,,,,,,,,,,,,,,,,,,,,,,,,,,,,,,,,,,,,,,,,,,,,,,"2026-02-19T10:36:46.000Z","56","283"
"1767054450","7589441032698219784",,,,,,,"359600","0","Laag ta pohon by:Ka Jamming #trending #viralvideo #highlight #highlightsシ゚ #trendingsong ","id","1372","halos dili ko ka","","20105","trending","Discover the top viral trends, sounds and effects of the week! 🔥","","85133","viralvideo","","","87545","highlight","","","7305299218955960366","highlightsシ゚","","","379407","trendingsong","",,,,,,,,,,,,,,,,,,,,,,,,,,,,,,,,,,,,,,,,,,,,,,,,,,,,,,,,,,,,,,,,,,,,,,,,,,,,,,,,,,,,,,,,,,,,,,,,,,,,,,,,,,,,,,,,,,,,,,,,,"2025-12-30T00:27:30.000Z","144","1089"
"1663229593","7143516665031003397",,,,,,,"1100000","0","Sa ibang relasyon na lang talaga ako kinikilig 🥲 #2Good2BeTrue #KathrynBernardo  #DanielPadilla","tl","2174","halos dili ko ka","","826145","2good2betrue","","","8821","kathrynbernardo","","","186513","danielpadilla","",,,,,,,,,,,,,,,,,,,,,,,,,,,,,,,,,,,,,,,,,,,,,,,,,,,,,,,,,,,,,,,,,,,,,,,,,,,,,,,,,,,,,,,,,,,,,,,,,,,,,,,,,,,,,,,,,,,,,,,,,,,,,,,,,"2022-09-15T08:13:13.000Z","708","3579"
"1773063740","7615250741229341973",,,,,,,"95","0","#duet with @Hermsjohn-L ","un","0","halos dili ko ka","https://p16-common-sign.tiktokcdn-us.com/musically-maliva-obj/dff7a84f4a6523e32f92b9a79b1e4d34~tplv-tiktokx-origin.image?dr=9627&x-expires=1773136800&x-signature=L8ABbzj5jIZfxY64eTfV8Gg%2FksA%3D&t=4d5b0474&ps=13740610&shp=81f88b70&shcp=9b759fb9&idc=useast8","30496","duet","Two is always better than one, so show us your perfect #Duet.",,,"",,,,,,,,,,,,,,,,,,,,,,,,,,,,,,,,,,,,,,,,,,,,,,,,,,,,,,,,,,,,,,,,,,,,,,,,,,,,,,,,,,,,,,,,,,,,,,,,,,,,,,,,,,,,,,,,,,,,,,,,,,,,,,,,,,,,,,"2026-03-09T13:42:20.000Z","0","0"
"1772523416","7612930067114642706",,,,,,,"756","0","","un","1","halos dili ko ka",,,,,,,,,,,,,,,,,,,,,,,,,,,,,,,,,,,,,,,,,,,,,,,,,,,,,,,,,,,,,,,,,,,,,,,,,,,,,,,,,,,,,,,,,,,,,,,,,,,,,,,,,,,,,,,,,,,,,,,,,,,,,,,,,,,,,,,,,,,,,"2026-03-03T07:36:56.000Z","5","3"
"1772612269","7613311674661080341",,,,,,,"2214","0","","un","0","halos dili ko ka",,,,,,,,,,,,,,,,,,,,,,,,,,,,,,,,,,,,,,,,,,,,,,,,,,,,,,,,,,,,,,,,,,,,,,,,,,,,,,,,,,,,,,,,,,,,,,,,,,,,,,,,,,,,,,,,,,,,,,,,,,,,,,,,,,,,,,,,,,,,,"2026-03-04T08:17:49.000Z","5","6"
"1772951088","7614766865923001621",,,,,,,"169","0","Hetooooot ","en","0","halos dili ko ka",,,,,,,,,,,,,,,,,,,,,,,,,,,,,,,,,,,,,,,,,,,,,,,,,,,,,,,,,,,,,,,,,,,,,,,,,,,,,,,,,,,,,,,,,,,,,,,,,,,,,,,,,,,,,,,,,,,,,,,,,,,,,,,,,,,,,,,,,,,,,"2026-03-08T06:24:48.000Z","0","0"
"1771749531","7609606258114727188",,,,,,,"105","0","#onthisday","un","0","halos dili ko ka","","8525756","onthisday","",,,,,,,,,,,,,,,,,,,,,,,,,,,,,,,,,,,,,,,,,,,,,,,,,,,,,,,,,,,,,,,,,,,,,,,,,,,,,,,,,,,,,,,,,,,,,,,,,,,,,,,,,,,,,,,,,,,,,,,,,,,,,,,,,,,,,,,,,"2026-02-22T08:38:51.000Z","2","1"
"1772698903","7613683785980202248",,,,,,,"97","0","#duet with @Jols L Lan #videoviralシ ","un","1","halos dili ko ka","https://p16-common-sign.tiktokcdn-us.com/musically-maliva-obj/dff7a84f4a6523e32f92b9a79b1e4d34~tplv-tiktokx-origin.image?dr=9627&x-expires=1773136800&x-signature=L8ABbzj5jIZfxY64eTfV8Gg%2FksA%3D&t=4d5b0474&ps=13740610&shp=81f88b70&shcp=9b759fb9&idc=useast8","30496","duet","Two is always better than one, so show us your perfect #Duet.",,,"",,"","1669507930662914","videoviralシ","",,,,,,,,,,,,,,,,,,,,,,,,,,,,,,,,,,,,,,,,,,,,,,,,,,,,,,,,,,,,,,,,,,,,,,,,,,,,,,,,,,,,,,,,,,,,,,,,,,,,,,,,,,,,,,,,,,,,,,,,,,,,,,,,,"2026-03-05T08:21:43.000Z","11","3"
"1746638366","7501754630846549253",,,,,,,"181800","0","PROMOÇÃO DE 50% de Desconto 😍🔥🔥
Nosso Instagram: https://www.instagram.com/bimodel.shop?igsh=MW9iNWFjeHQ0M2w5MQ%3D%3D&utm_source=qr 

Contacto: +244 939323019 

#angola🇦🇴 #promocao #mozany #angola🇦🇴portugal🇵🇹brasil🇧🇷 #boutique #kika ","pt","149","danggason/gi danggas","","1592392783378438","angola🇦🇴","","","1596126193219589","promocao","","","67282452","mozany","","","1677253309455361","angola🇦🇴portugal🇵🇹brasil🇧🇷","","","229794","boutique","","","1127151","kika","",,,,,,,,,,,,,,,,,,,,,,,,,,,,,,,,,,,,,,,,,,,,,,,,,,,,,,,,,,,,,,,,,,,,,,,,,,,,,,,,,,,,,,,,,,,,,,,,,,,,,,,,,,,,,,,,,,,,,"2025-05-07T17:19:26.000Z","155","397"
"1741037478","7477698999068364087",,,,,,,"25700","0","#viral_video #westafricantiktok #westafricanfood🇸🇳🇬🇳🇲🇱🇨🇮🇲🇷🇬🇭🇬🇲🇬🇦🇬🇼 #angola🇦🇴portugal🇵🇹brasil🇧🇷 ","un","150","danggason/gi danggas","","84715653","viral_video","","","1666801789899781","westafricantiktok","","","7441341518516289591","westafricanfood🇸🇳🇬🇳🇲🇱🇨🇮🇲🇷🇬🇭🇬🇲🇬🇦🇬🇼","","","1677253309455361","angola🇦🇴portugal🇵🇹brasil🇧🇷","",,,,,,,,,,,,,,,,,,,,,,,,,,,,,,,,,,,,,,,,,,,,,,,,,,,,,,,,,,,,,,,,,,,,,,,,,,,,,,,,,,,,,,,,,,,,,,,,,,,,,,,,,,,,,,,,,,,,,,,,,,,,,"2025-03-03T21:31:18.000Z","51","189"
"1768706894","7596538185203715349",,,,,,,"414","0","#suzuki #smash200cc ","un","0","danggason/gi danggas","","149034","suzuki","","","1679791751035905","smash200cc","",,,,,,,,,,,,,,,,,,,,,,,,,,,,,,,,,,,,,,,,,,,,,,,,,,,,,,,,,,,,,,,,,,,,,,,,,,,,,,,,,,,,,,,,,,,,,,,,,,,,,,,,,,,,,,,,,,,,,,,,,,,,,,,,,,,,,"2026-01-18T03:28:14.000Z","2","0"
"1729957818","7430112200620068097",,,,,,,"405","0","","un","0","danggason/gi danggas",,,,,,,,,,,,,,,,,,,,,,,,,,,,,,,,,,,,,,,,,,,,,,,,,,,,,,,,,,,,,,,,,,,,,,,,,,,,,,,,,,,,,,,,,,,,,,,,,,,,,,,,,,,,,,,,,,,,,,,,,,,,,,,,,,,,,,,,,,,,,"2024-10-26T15:50:18.000Z","1","0"
"1680684635","7218485527404612870",,,,,,,"2713","0","festa dos galáctico. pipocou","pt","2","danggason/gi danggas",,,,,,,,,,,,,,,,,,,,,,,,,,,,,,,,,,,,,,,,,,,,,,,,,,,,,,,,,,,,,,,,,,,,,,,,,,,,,,,,,,,,,,,,,,,,,,,,,,,,,,,,,,,,,,,,,,,,,,,,,,,,,,,,,,,,,,,,,,,,,"2023-04-05T08:50:35.000Z","1","0"
"1770209058","7602989992469679368",,,,,,,"6200000","0","🔥DAN GASKE🔥.                                     #viralvideio#.                             ✨✨✨✨✨✨✨✨✨✨📸📸📸📸📸📸📸📸📸📸","ha","9255","danggason/gi danggas","","1629184631055365","viralvideio","",,,,,,,,,,,,,,,,,,,,,,,,,,,,,,,,,,,,,,,,,,,,,,,,,,,,,,,,,,,,,,,,,,,,,,,,,,,,,,,,,,,,,,,,,,,,,,,,,,,,,,,,,,,,,,,,,,,,,,,,,,,,,,,,,,,,,,,,,"2026-02-04T12:44:18.000Z","2937","19499"
"1710270459","7345555668222414085",,,,,,,"678400","0","Brinca Brinca 🔥💎✊#saracuca #foryou #fyp #dancaangola🇦🇴 ","pt","738","danggason/gi danggas","","12154791","saracuca","","","42164","foryou","","","229207","fyp","","","7102164794441990149","dancaangola🇦🇴","",,,,,,,,,,,,,,,,,,,,,,,,,,,,,,,,,,,,,,,,,,,,,,,,,,,,,,,,,,,,,,,,,,,,,,,,,,,,,,,,,,,,,,,,,,,,,,,,,,,,,,,,,,,,,,,,,,,,,,,,,,,,,"2024-03-12T19:07:39.000Z","201","1446"
"1730823842","7433831758681902341",,,,,,,"790","0","","un","1","danggason/gi danggas",,,,,,,,,,,,,,,,,,,,,,,,,,,,,,,,,,,,,,,,,,,,,,,,,,,,,,,,,,,,,,,,,,,,,,,,,,,,,,,,,,,,,,,,,,,,,,,,,,,,,,,,,,,,,,,,,,,,,,,,,,,,,,,,,,,,,,,,,,,,,"2024-11-05T16:24:02.000Z","0","4"
"1756352381","7543476016438611208",,,,,,,"3328","0","🫶","un","10","danggason/gi danggas",,,,,,,,,,,,,,,,,,,,,,,,,,,,,,,,,,,,,,,,,,,,,,,,,,,,,,,,,,,,,,,,,,,,,,,,,,,,,,,,,,,,,,,,,,,,,,,,,,,,,,,,,,,,,,,,,,,,,,,,,,,,,,,,,,,,,,,,,,,,,"2025-08-28T03:39:41.000Z","1","3"
"1753803540","7532528826895600902",,,,,,,"101400","0","Luanda#zango","sv","105","danggason/gi danggas","","33094292","zango","",,,,,,,,,,,,,,,,,,,,,,,,,,,,,,,,,,,,,,,,,,,,,,,,,,,,,,,,,,,,,,,,,,,,,,,,,,,,,,,,,,,,,,,,,,,,,,,,,,,,,,,,,,,,,,,,,,,,,,,,,,,,,,,,,,,,,,,,,"2025-07-29T15:39:00.000Z","18","46"
"1769161882","7598492383436623116",,,,,,,"467","0","","un","0","danggason/gi danggas",,,,,,,,,,,,,,,,,,,,,,,,,,,,,,,,,,,,,,,,,,,,,,,,,,,,,,,,,,,,,,,,,,,,,,,,,,,,,,,,,,,,,,,,,,,,,,,,,,,,,,,,,,,,,,,,,,,,,,,,,,,,,,,,,,,,,,,,,,,,,"2026-01-23T09:51:22.000Z","2","1"
"1761985064","7567668185206443271",,,,,,,"6166","0","","un","11","sakit ang tutunlan",,,,,,,,,,,,,,,,,,,,,,,,,,,,,,,,,,,,,,,,,,,,,,,,,,,,,,,,,,,,,,,,,,,,,,,,,,,,,,,,,,,,,,,,,,,,,,,,,,,,,,,,,,,,,,,,,,,,,,,,,,,,,,,,,,,,,,,,,,,,,"2025-11-01T08:17:44.000Z","4","12"
"1717429050","7376301583027490053",,,,,,,"11200","0","SAKIT IMONG TILAOK OR TUTONLAN TUNGOD SA KAINIT SA PANAHON? SUSSS MAO RAMAN DIAY NI ANG TAMBAL GUYS🤗

#tonsilitis  #gamot #gamotsalalamunan #foryoupage #following #viralvideo ","tl","4","sakit ang tutunlan","","5804559","tonsilitis","","","551633","gamot","","","7108363156057128987","gamotsalalamunan","","","88764338","foryoupage","","","219841","following","","","85133","viralvideo","",,,,,,,,,,,,,,,,,,,,,,,,,,,,,,,,,,,,,,,,,,,,,,,,,,,,,,,,,,,,,,,,,,,,,,,,,,,,,,,,,,,,,,,,,,,,,,,,,,,,,,,,,,,,,,,,,,,,,"2024-06-03T15:37:30.000Z","1","5"
"1767086369","7589578132185763080",,,,,,,"601","0","Sakit sa lalamunan #tiktokviral  #tiktok  #tiktokfunny #forentertainmentpurposesonly  #dahandahanlang ","tl","1","sakit ang tutunlan","","86427221","tiktokviral","","","23428","tiktok","","","1601450229917701","tiktokfunny","","","10012249","forentertainmentpurposesonly","","","8574905","dahandahanlang","",,,,,,,,,,,,,,,,,,,,,,,,,,,,,,,,,,,,,,,,,,,,,,,,,,,,,,,,,,,,,,,,,,,,,,,,,,,,,,,,,,,,,,,,,,,,,,,,,,,,,,,,,,,,,,,,,,,,,,,,,"2025-12-30T09:19:29.000Z","0","0"
"1768116975","7594004553155005714",,,,,,,"673","0","home remedies para sa nagkarat ang totonlan ug naay ubo👍
#homeremedies #kalamansi ","tl","0","sakit ang tutunlan","","10889308","homeremedies","","","82750226","kalamansi","",,,,,,,,,,,,,,,,,,,,,,,,,,,,,,,,,,,,,,,,,,,,,,,,,,,,,,,,,,,,,,,,,,,,,,,,,,,,,,,,,,,,,,,,,,,,,,,,,,,,,,,,,,,,,,,,,,,,,,,,,,,,,,,,,,,,,"2026-01-11T07:36:15.000Z","0","0"
"1766888427","7588727962854395157",,,,,,,"985","0","","un","0","sakit ang tutunlan",,,,,,,,,,,,,,,,,,,,,,,,,,,,,,,,,,,,,,,,,,,,,,,,,,,,,,,,,,,,,,,,,,,,,,,,,,,,,,,,,,,,,,,,,,,,,,,,,,,,,,,,,,,,,,,,,,,,,,,,,,,,,,,,,,,,,,,,,,,,,"2025-12-28T02:20:27.000Z","0","0"
"1694696333","7278665308171177217",,,,,,,"2200000","0","These exercises work wonders in easing rib pain, offering a breath of fresh air and renewed comfort. Say goodbye to discomfort!
⚡️FOLLOW FOR MORE REMEDY TIPS! 
📚 Rib pain can be caused by factors like injury, muscle strain, inflammation of rib cartilage, joint issues, internal organ problems, nerve irritation, or referred pain from other body areas. #ribeye #rib #ribpain #trending #viralnow #physicaltherapy #physiotherapy #costrochondritis ","en","6637","sakit ang tutunlan","","7946967","ribeye","","","82169","rib","","","82336724","ribpain","","","20105","trending","Discover the top viral trends, sounds and effects of the week! 🔥","","16193675","viralnow","","","5094494","physicaltherapy","","","3163543","physiotherapy","","","79804935","costrochondritis","",,,,,,,,,,,,,,,,,,,,,,,,,,,,,,,,,,,,,,,,,,,,,,,,,,,,,,,,,,,,,,,,,,,,,,,,,,,,,,,,,,,,,,,,,,,,,,,,,,,,,,,,,,,,,"2023-09-14T12:58:53.000Z","566","16246"
"1759559917","7557252278919433480",,,,,,,"124700","0","linghod na gamot sa lubi#benefits #herbaltips #coconutroots#herbalmedicine ","tl","261","sakit ang tutunlan","","638801","benefits","","","1639129628840966","herbaltips","","","7139309927767474222","coconutroots","","","69477551","herbalmedicine","",,,,,,,,,,,,,,,,,,,,,,,,,,,,,,,,,,,,,,,,,,,,,,,,,,,,,,,,,,,,,,,,,,,,,,,,,,,,,,,,,,,,,,,,,,,,,,,,,,,,,,,,,,,,,,,,,,,,,,,,,,,,,"2025-10-04T06:38:37.000Z","43","248"
"1769514520","7600006962729733397",,,,,,,"709","0","The best gyud ang bactidol para pampawala ug sore throat ug katol nga tutunlan daee  

#sorethroat #bactidol #oralhygiene #antibacterial #bactidolgargle ","hi","0","sakit ang tutunlan","","549674","sorethroat","","","1660410841523202","bactidol","","","10931717","oralhygiene","","","11866285","antibacterial","","","7272382228402733062","bactidolgargle","",,,,,,,,,,,,,,,,,,,,,,,,,,,,,,,,,,,,,,,,,,,,,,,,,,,,,,,,,,,,,,,,,,,,,,,,,,,,,,,,,,,,,,,,,,,,,,,,,,,,,,,,,,,,,,,,,,,,,,,,,"2026-01-27T11:48:40.000Z","0","1"
"1628697761","6995203615858101530",,,,,,,"3773","0","HAHAHA sakit sa tutunlan🤣 #fyp #foryoupage #fypシ","uz","2","sakit ang tutunlan","","229207","fyp","","","88764338","foryoupage","","","1637342470396934","fypシ","",,,,,,,,,,,,,,,,,,,,,,,,,,,,,,,,,,,,,,,,,,,,,,,,,,,,,,,,,,,,,,,,,,,,,,,,,,,,,,,,,,,,,,,,,,,,,,,,,,,,,,,,,,,,,,,,,,,,,,,,,,,,,,,,,"2021-08-11T16:02:41.000Z","87","3"
"1693307319","7272699542859009285","Southern Leyte, Eastern Visayas, Philippines","","1711597","1694008","22535865204366416","Hinunangan","688","0","Sakit sa tutunlan 😂😂

#kindegartenteacher 
#kindergartenlife 
#teachersoftiktok 
#fyp ","tl","1","sakit ang tutunlan","","7129908","kindegartenteacher","","","5833982","kindergartenlife","","https://p16-sign-va.tiktokcdn.com/musically-maliva-obj/5a4e4a130499dbf88f2932df1be6d465.png~tplv-tiktokx-origin.image?dr=14566&x-expires=1773136800&x-signature=RqO6kD0%2F2yidcLXAQ79nnuseGgM%3D&t=4d5b0474&ps=13740610&shp=81f88b70&shcp=9b759fb9&idc=my2","1607493519937537","teachersoftiktok","Join the #TeachersofTikTok Post Contest and post videos sharing your teaching styles, insights and memorable moments. From June 12th until July 10th, sign up and post for a chance to win up to $5000 in cash! Click link for official contest rules and how to enter: https://vt.tiktok.com/ZMSSP5bCR/","","229207","fyp","",,,,,,,,,,,,,,,,,,,,,,,,,,,,,,,,,,,,,,,,,,,,,,,,,,,,,,,,,,,,,,,,,,,,,,,,,,,,,,,,,,,,,,,,,,,,,,,,,,,,,,,,,,,,,,,,,,,,,,,,,,,,,"2023-08-29T11:08:39.000Z","9","1"
"1662447839","7140159075907587355",,,,,,,"2016","0","Magsakit ang tutunlan pero muuling gwapa for todays bidyow😂 laban lang poor ta😂💪🏻","tl","0","sakit ang tutunlan",,,,,,,,,,,,,,,,,,,,,,,,,,,,,,,,,,,,,,,,,,,,,,,,,,,,,,,,,,,,,,,,,,,,,,,,,,,,,,,,,,,,,,,,,,,,,,,,,,,,,,,,,,,,,,,,,,,,,,,,,,,,,,,,,,,,,,,,,,,,,"2022-09-06T07:03:59.000Z","1","3"
"1771498560","7608528344350559506",,,,,,,"165","0","mouses sakit sa tutunlan, sakit sa dughan!💔","tl","0","sakit ang tutunlan",,,,,,,,,,,,,,,,,,,,,,,,,,,,,,,,,,,,,,,,,,,,,,,,,,,,,,,,,,,,,,,,,,,,,,,,,,,,,,,,,,,,,,,,,,,,,,,,,,,,,,,,,,,,,,,,,,,,,,,,,,,,,,,,,,,,,,,,,,,,,"2026-02-19T10:56:00.000Z","0","0"
"1670982496","7176815110550326555",,,,,,,"13400","0","Paano paghiwalayin ang katol #katol #baygon #lamok #hack #tiktokph #fyp ","tl","47","katol ang tutunlan","","5620638","katol","","","7841033","baygon","","","42550951","lamok","","","42566","hack","Share those lifechanging hacks you can't live without","","62652858","tiktokph","","","229207","fyp","",,,,,,,,,,,,,,,,,,,,,,,,,,,,,,,,,,,,,,,,,,,,,,,,,,,,,,,,,,,,,,,,,,,,,,,,,,,,,,,,,,,,,,,,,,,,,,,,,,,,,,,,,,,,,,,,,,,,,"2022-12-14T01:48:16.000Z","5","7"
"1641875900","7051803293474950427",,,,,,,"21300","0","Ang Alamat ng Katol#viceganda #pyfツ #tiktoklover #pyfツviral_❤","tl","12","katol ang tutunlan","","321408","viceganda","Be like Vice Ganda, always ready to rampa!","","1659951934534658","pyfツ","","","1592888680764422","tiktoklover","","","1699044919980037","pyfツviral_❤","",,,,,,,,,,,,,,,,,,,,,,,,,,,,,,,,,,,,,,,,,,,,,,,,,,,,,,,,,,,,,,,,,,,,,,,,,,,,,,,,,,,,,,,,,,,,,,,,,,,,,,,,,,,,,,,,,,,,,,,,,,,,,"2022-01-11T04:38:20.000Z","23","84"
"1773038362","7615141735030721813",,,,,,,"188","0","Meet Erica, our Rose Pharmacist, as she shares the benefits of ImmuniPlus Herbal Drink and how it can help support your daily wellness.

Stay informed, stay protected, and take a step toward better immunity.

👀 Watch until the end for a question where you can win ₱1,000 worth of online discount vouchers!

#RosePharmacy #WeCarePassionately #LiveTheGoodLife","en","0","katol ang tutunlan","","1640153314626561","rosepharmacy","","","7287876874217193479","wecarepassionately","","","7518026","livethegoodlife","",,,,,,,,,,,,,,,,,,,,,,,,,,,,,,,,,,,,,,,,,,,,,,,,,,,,,,,,,,,,,,,,,,,,,,,,,,,,,,,,,,,,,,,,,,,,,,,,,,,,,,,,,,,,,,,,,,,,,,,,,,,,,,,,,"2026-03-09T06:39:22.000Z","3","0"
"1773018683","7615057221118053653",,,,,,,"107","0","Atay Ning sakitay Oi 😅","tl","0","katol ang tutunlan",,,,,,,,,,,,,,,,,,,,,,,,,,,,,,,,,,,,,,,,,,,,,,,,,,,,,,,,,,,,,,,,,,,,,,,,,,,,,,,,,,,,,,,,,,,,,,,,,,,,,,,,,,,,,,,,,,,,,,,,,,,,,,,,,,,,,,,,,,,,,"2026-03-09T01:11:23.000Z","1","0"
"1761278673","7564634268534705429",,,,,,,"106300","0","Kuton Ti Taltalon|Ilocano Song 
kung tunay kang Ilocano, Kantahin mo nga to! #ccto #karaoke #fyp_viral #fy #kutontitaltalon ","tl","40","katol ang tutunlan","","22612652","ccto","","","57163","karaoke","","","1644807295663105","fyp_viral","","","153828","fy","","","1658312858167297","kutontitaltalon","",,,,,,,,,,,,,,,,,,,,,,,,,,,,,,,,,,,,,,,,,,,,,,,,,,,,,,,,,,,,,,,,,,,,,,,,,,,,,,,,,,,,,,,,,,,,,,,,,,,,,,,,,,,,,,,,,,,,,,,,,"2025-10-24T04:04:33.000Z","37","312"
"1764158810","7577004377039441159",,,,,,,"32300","0","ga uga na ang tutunlan kay bato ang gikaon😆 #chadyman #pobrengmusicartist #bandlab ","tl","17","katol ang tutunlan","","7547687927049158674","chadyman","","","7564718988136185874","pobrengmusicartist","","","24747455","bandlab","",,,,,,,,,,,,,,,,,,,,,,,,,,,,,,,,,,,,,,,,,,,,,,,,,,,,,,,,,,,,,,,,,,,,,,,,,,,,,,,,,,,,,,,,,,,,,,,,,,,,,,,,,,,,,,,,,,,,,,,,,,,,,,,,,"2025-11-26T12:06:50.000Z","32","94"
"1746018017","7499090265647353106","Tokyo, Japan","","1857091","1861060","22535865201404090","Minato City","436","0","Ug sadihang nibuto ang tutunlan 🤣🤣🤣","tl","0","katol ang tutunlan",,,,,,,,,,,,,,,,,,,,,,,,,,,,,,,,,,,,,,,,,,,,,,,,,,,,,,,,,,,,,,,,,,,,,,,,,,,,,,,,,,,,,,,,,,,,,,,,,,,,,,,,,,,,,,,,,,,,,,,,,,,,,,,,,,,,,,,,,,,,,"2025-04-30T13:00:17.000Z","7","0"
"1623052101","6970955680467471618",,,,,,,"25000","0","Kuton ti Taltalon by Jhae-are Abella #singer #xyzbca #ilocanotiktoker #fyp","en","51","katol ang tutunlan","","40128","singer","","https://p16-common-sign.tiktokcdn-us.com/tiktok-obj/14395673ac767c75a2f846113229ea95.png~tplv-tiktokx-origin.image?dr=9627&x-expires=1773136800&x-signature=653JcsDPLIpPmaSznX5v%2FZOkbMQ%3D&t=4d5b0474&ps=13740610&shp=81f88b70&shcp=9b759fb9&idc=useast5","1652484531221509","xyzbca","Asla bir sonraki hamleni bilmelerine izin verme! 👀","","1614851500434434","ilocanotiktoker","","","229207","fyp","",,,,,,,,,,,,,,,,,,,,,,,,,,,,,,,,,,,,,,,,,,,,,,,,,,,,,,,,,,,,,,,,,,,,,,,,,,,,,,,,,,,,,,,,,,,,,,,,,,,,,,,,,,,,,,,,,,,,,,,,,,,,,"2021-06-07T07:48:21.000Z","46","22"
"1764326835","7577726023920307477",,,,,,,"2500000","0","yieee | ib: @notreally_ej ","tl","69900","katol ang tutunlan",,,"",,,,,,,,,,,,,,,,,,,,,,,,,,,,,,,,,,,,,,,,,,,,,,,,,,,,,,,,,,,,,,,,,,,,,,,,,,,,,,,,,,,,,,,,,,,,,,,,,,,,,,,,,,,,,,,,,,,,,,,,,,,,,,,,,,,,,,,,,,"2025-11-28T10:47:15.000Z","1783","18331"
"1705560912","7325328315550616838","Echague, Isabela, Philippines","","1713962","1694008","20442395542474126","Ipil","3978","0","Kuton ti taltalon
#ilocanomelodyofficial #BestOfTikTokPH #music #dance @manny Fernandez ","lo","2","katol ang tutunlan","","7299980749191675909","ilocanomelodyofficial","","https://p19-common-sign.tiktokcdn-us.com/musically-maliva-obj/90beeedb3c9addceb4a65c65274cafaf.jpeg~tplv-tiktokx-origin.image?dr=9627&x-expires=1773136800&x-signature=bci07SCL5q2Mj9YdeHPPrN5D7tg%3D&t=4d5b0474&ps=13740610&shp=81f88b70&shcp=9b759fb9&idc=useast5","1683980352377858","bestoftiktokph","This December, the spotlight is on YOU. You are the #BestOfTikTokPH. ✨

Share your 2023 highlights and favorites with #BestOfTikTokPH 😉

Co-presented by TikTok LIVE, supported by Dr. Leo, GMEELAN, Sace Lady, Skintific, SM, Visa, YOU and powered by PLDT Home.","","5636","music","","","5054","dance","",,,"",,,,,,,,,,,,,,,,,,,,,,,,,,,,,,,,,,,,,,,,,,,,,,,,,,,,,,,,,,,,,,,,,,,,,,,,,,,,,,,,,,,,,,,,,,,,,,,,,,,,,,,,,,,,,,,,,,,,,,,,,,"2024-01-18T06:55:12.000Z","1","0"
"1731770257","7437896607296654610","Philippines","","104814783","1694008","22535796481527265","Manila","1067","0","#catholic #fyp ","un","9","katol ang tutunlan","","199406","catholic","","","229207","fyp","",,,,,,,,,,,,,,,,,,,,,,,,,,,,,,,,,,,,,,,,,,,,,,,,,,,,,,,,,,,,,,,,,,,,,,,,,,,,,,,,,,,,,,,,,,,,,,,,,,,,,,,,,,,,,,,,,,,,,,,,,,,,,,,,,,,,,"2024-11-16T15:17:37.000Z","41","8"
"1748230063","7508590919810026760",,,,,,,"11000","0","kuton ti taltalon (by;jhae-are abella)#editor #alightmotion_edit #lyrics #fypage #fypage #fyp #fyppppppppppppppppppppppp #alightmotion #alightmotion #edit #ilocano ","en","12","katol ang tutunlan","","1441534","editor","","","1643837355023361","alightmotion_edit","","","22047","lyrics","Here's your chance to sing along.🎵🎵","","1604302285252613","fypage","","","1604302285252613","fypage","","","229207","fyp","","","1649139584636934","fyppppppppppppppppppppppp","","","1605315153183749","alightmotion","","","1605315153183749","alightmotion","","https://p19-common-sign.tiktokcdn-us.com/musically-maliva-obj/cb514973addd54a58a6ef8bbfb815854~tplv-tiktokx-origin.image?dr=9627&x-expires=1773136800&x-signature=FPU9KHm2tTqszgXnR5fHoX75oAM%3D&t=4d5b0474&ps=13740610&shp=81f88b70&shcp=9b759fb9&idc=useast5","1518","edit","Llevando tu contenido al siguiente nivel 🔥 todos los trucos y tips para aprender a editar tus videos en TikTok.","","6449546","ilocano","",,,,,,,,,,,,,,,,,,,,,,,,,,,,,,,,,,,,,,,,,,,,,,,,,,,,,,,,,,,,,,,,,,,,,,,,,,,,,,,,,,,,,,,,,,,,,,,,,"2025-05-26T03:27:43.000Z","3","5"
"1770942214","7606138826540502302",,,,,,,"208","0","Bug-at lawas nako ba ani adlawa 💔😟","mr","0","bug at ang kalawasan",,,,,,,,,,,,,,,,,,,,,,,,,,,,,,,,,,,,,,,,,,,,,,,,,,,,,,,,,,,,,,,,,,,,,,,,,,,,,,,,,,,,,,,,,,,,,,,,,,,,,,,,,,,,,,,,,,,,,,,,,,,,,,,,,,,,,,,,,,,,,"2026-02-13T00:23:34.000Z","1","0"
"1758722400","7553265077290405127",,,,,,,"485400","0","Bug-at nga Problema (Part 2)

#siquijorvinersentertainment","hi","166","bug at ang kalawasan","","7373859107784261637","siquijorvinersentertainment","",,,,,,,,,,,,,,,,,,,,,,,,,,,,,,,,,,,,,,,,,,,,,,,,,,,,,,,,,,,,,,,,,,,,,,,,,,,,,,,,,,,,,,,,,,,,,,,,,,,,,,,,,,,,,,,,,,,,,,,,,,,,,,,,,,,,,,,,,"2025-09-24T14:00:00.000Z","795","1359"
"1737565447","7462786731327229191",,,,,,,"25600","0","First one don’t judge ","en","8","bug at ang kalawasan",,,,,,,,,,,,,,,,,,,,,,,,,,,,,,,,,,,,,,,,,,,,,,,,,,,,,,,,,,,,,,,,,,,,,,,,,,,,,,,,,,,,,,,,,,,,,,,,,,,,,,,,,,,,,,,,,,,,,,,,,,,,,,,,,,,,,,,,,,,,,"2025-01-22T17:04:07.000Z","28","149"
"1754146660","7534002520797072647",,,,,,,"145900","0","finally bug passive bened is FIX 🔥🔥🔥 !! no more bug 😍
#mlbb #mobilelegendsbangbang #mlbbcreatorbase #mlbbdinoplanet #mlbballstar #mlbbnextproject ","en","864","bug at ang kalawasan","","64957122","mlbb","","","36863222","mobilelegendsbangbang","","","7081564478130618395","mlbbcreatorbase","MLBB Creator Base is a platform where you can find various tasks and campaigns to earn rewards out of your MLBB videos. Joins us and discover the valuation of your creation! 👉🏻 https://api.tiktokv.com/game_center/pop","","7507872521673572359","mlbbdinoplanet","","https://p16-common-sign.tiktokcdn-us.com/musically-maliva-obj/4913768950dabfcf29d82c839081c176.jpeg~tplv-tiktokx-origin.image?dr=9627&x-expires=1773136800&x-signature=k6Ilngie77LglhUB4YOWfV3BnbQ%3D&t=4d5b0474&ps=13740610&shp=81f88b70&shcp=9b759fb9&idc=useast5","1615910902587393","mlbballstar","The MLBB ALLSTAR event is coming on 06/27! Get ready to explore the limited-time dinosaur map, try out the new Lord mechanics, and team up for epic dinosaur battles! Claim exclusive skin, dozens of limited items, and more!","","1678624817338369","mlbbnextproject","",,,,,,,,,,,,,,,,,,,,,,,,,,,,,,,,,,,,,,,,,,,,,,,,,,,,,,,,,,,,,,,,,,,,,,,,,,,,,,,,,,,,,,,,,,,,,,,,,,,,,,,,,,,,,,,,,,,,,"2025-08-02T14:57:40.000Z","174","284"
"1707199176","7332364611879963910",,,,,,,"25400","0","#angbugasngatag20asana? ","un","110","bug at ang kalawasan","","7315404142427799557","angbugasngatag20asana?","",,,,,,,,,,,,,,,,,,,,,,,,,,,,,,,,,,,,,,,,,,,,,,,,,,,,,,,,,,,,,,,,,,,,,,,,,,,,,,,,,,,,,,,,,,,,,,,,,,,,,,,,,,,,,,,,,,,,,,,,,,,,,,,,,,,,,,,,,"2024-02-06T05:59:36.000Z","25","121"
"1766531954","7587196915507416334",,,,,,,"792100","0","fucking hate mosquitoes💔 || update  it was bed bugs and now I sleep on the couch 😭#bugbites #mosquitos #fyp ","en","3580","bug at ang kalawasan","","270238","bugbites","","","1723754","mosquitos","","","229207","fyp","",,,,,,,,,,,,,,,,,,,,,,,,,,,,,,,,,,,,,,,,,,,,,,,,,,,,,,,,,,,,,,,,,,,,,,,,,,,,,,,,,,,,,,,,,,,,,,,,,,,,,,,,,,,,,,,,,,,,,,,,,,,,,,,,,"2025-12-23T23:19:14.000Z","717","6230"
"1757939126","7550290962854038792","Colon St, Cebu City, 6000 Cebu, Philippines","Cebu City","1717512","1694008","22535865247051240","Colon Street","294","0","ugnat

#bisayalogy #cebuano #binisaya #bisaya","tl","0","bug at ang kalawasan",,,,,,,,,,,,,,,,,,,,,,,,,,,,,,,,,,,,,,,,,,,,,,,,,,,,,,,,,,,,,,,,,,,,,,,,,,,,,,,,,,,,,,,,,,,,,,,,,,,,,,,,,,,,,,,,,,,,,,,,,,,,,,,,,,,,,,,,,,,,,"2025-09-15T12:25:26.000Z","0","1"
"1669116026","7168798659281456430",,,,,,,"255","0","Paisa bago bugat 💪","tl","0","bug at ang kalawasan",,,,,,,,,,,,,,,,,,,,,,,,,,,,,,,,,,,,,,,,,,,,,,,,,,,,,,,,,,,,,,,,,,,,,,,,,,,,,,,,,,,,,,,,,,,,,,,,,,,,,,,,,,,,,,,,,,,,,,,,,,,,,,,,,,,,,,,,,,,,,"2022-11-22T11:20:26.000Z","0","0"
"1748964489","7511745118043507999",,,,,,,"52300","0","This was actually crazy (and buggy) @Lumberjack (RJ)  @blobtownvr #blobtown #fyp #fypシ #bug ","en","13","bug at ang kalawasan",,,"",,,,"",,"","1657847348436998","blobtown","","","229207","fyp","","","1637342470396934","fypシ","","","21350","bug","",,,,,,,,,,,,,,,,,,,,,,,,,,,,,,,,,,,,,,,,,,,,,,,,,,,,,,,,,,,,,,,,,,,,,,,,,,,,,,,,,,,,,,,,,,,,,,,,,,,,,,,,,,,,,,,,,,,,,"2025-06-03T15:28:09.000Z","86","209"
"1753653150","7531882904394173718",,,,,,,"19300","0","Bugs can be so invasive ","en","8","bug at ang kalawasan",,,,,,,,,,,,,,,,,,,,,,,,,,,,,,,,,,,,,,,,,,,,,,,,,,,,,,,,,,,,,,,,,,,,,,,,,,,,,,,,,,,,,,,,,,,,,,,,,,,,,,,,,,,,,,,,,,,,,,,,,,,,,,,,,,,,,,,,,,,,,"2025-07-27T21:52:30.000Z","13","133"
"1772403817","7612416316842036493",,,,,,,"40400","0","Bugs saved Taz after he was buried alive. This sad old cartoon characters story will make you cry.
#classiccartoons #cryingcartoon #oldcartooncharacters #cartoonnetworkcharacters #90sCartoons ","en","312","bug at ang kalawasan","","6090957","classiccartoons","","","1665500265398274","cryingcartoon","","","1647931193200642","oldcartooncharacters","","","1644792755263494","cartoonnetworkcharacters","","","341150","90scartoons","",,,,,,,,,,,,,,,,,,,,,,,,,,,,,,,,,,,,,,,,,,,,,,,,,,,,,,,,,,,,,,,,,,,,,,,,,,,,,,,,,,,,,,,,,,,,,,,,,,,,,,,,,,,,,,,,,,,,,,,,,"2026-03-01T22:23:37.000Z","137","307"
"1772467795","7612691191951346952",,,,,,,"50800","0","Reply ni Bugris na sya kuno daw ang hinungdan sa gyera hahahahaha🤣🤣🤣 #jammagno #iloybugris #eloybugris #bugris #war","tl","77","bug at ang kalawasan","","1672254839853058","jammagno","","","7208135910234259482","iloybugris","","","7254088201961373701","eloybugris","","","67862788","bugris","","","1713","war","",,,,,,,,,,,,,,,,,,,,,,,,,,,,,,,,,,,,,,,,,,,,,,,,,,,,,,,,,,,,,,,,,,,,,,,,,,,,,,,,,,,,,,,,,,,,,,,,,,,,,,,,,,,,,,,,,,,,,,,,,"2026-03-02T16:09:55.000Z","79","71"
"1773032480","7615116472066526484",,,,,,,"141","0","","un","1","gikapoy ug maayo",,,,,,,,,,,,,,,,,,,,,,,,,,,,,,,,,,,,,,,,,,,,,,,,,,,,,,,,,,,,,,,,,,,,,,,,,,,,,,,,,,,,,,,,,,,,,,,,,,,,,,,,,,,,,,,,,,,,,,,,,,,,,,,,,,,,,,,,,,,,,"2026-03-09T05:01:20.000Z","0","0"
"1773072414","7615287997994618133",,,,,,,"175","0","##atay uyy","tl","0","gikapoy ug maayo","","5588866","atay","",,,,,,,,,,,,,,,,,,,,,,,,,,,,,,,,,,,,,,,,,,,,,,,,,,,,,,,,,,,,,,,,,,,,,,,,,,,,,,,,,,,,,,,,,,,,,,,,,,,,,,,,,,,,,,,,,,,,,,,,,,,,,,,,,,,,,,,,,"2026-03-09T16:06:54.000Z","1","1"
"1772278136","7611876423686573328",,,,,,,"114","0","","un","0","gikapoy ug maayo",,,,,,,,,,,,,,,,,,,,,,,,,,,,,,,,,,,,,,,,,,,,,,,,,,,,,,,,,,,,,,,,,,,,,,,,,,,,,,,,,,,,,,,,,,,,,,,,,,,,,,,,,,,,,,,,,,,,,,,,,,,,,,,,,,,,,,,,,,,,,"2026-02-28T11:28:56.000Z","1","0"
"1758638386","7553294341049961746",,,,,,,"11400","0","gikapoy nako, basta mao nana 🤣🫠 ","es","3","gikapoy ug maayo",,,,,,,,,,,,,,,,,,,,,,,,,,,,,,,,,,,,,,,,,,,,,,,,,,,,,,,,,,,,,,,,,,,,,,,,,,,,,,,,,,,,,,,,,,,,,,,,,,,,,,,,,,,,,,,,,,,,,,,,,,,,,,,,,,,,,,,,,,,,,"2025-09-23T14:39:46.000Z","15","36"
"1772801622","7614124958281010452",,,,,,,"65800","0","gikapoy na ba ka? bisaya worship song by: Joey Paitan Christian music❤️#gikapoynabaka #songviral #christianmusic #trendingsong #videoisnotminecredittotheowner ","en","355","gikapoy ug maayo","","7020807134463918106","gikapoynabaka","","","1593457142845446","songviral","","","42558","christianmusic","","","379407","trendingsong","","","7097060282731593754","videoisnotminecredittotheowner","",,,,,,,,,,,,,,,,,,,,,,,,,,,,,,,,,,,,,,,,,,,,,,,,,,,,,,,,,,,,,,,,,,,,,,,,,,,,,,,,,,,,,,,,,,,,,,,,,,,,,,,,,,,,,,,,,,,,,,,,,"2026-03-06T12:53:42.000Z","103","460"
"1773106520","7615434220692950289",,,,,,,"3216","0","","un","4","gikapoy ug maayo",,,,,,,,,,,,,,,,,,,,,,,,,,,,,,,,,,,,,,,,,,,,,,,,,,,,,,,,,,,,,,,,,,,,,,,,,,,,,,,,,,,,,,,,,,,,,,,,,,,,,,,,,,,,,,,,,,,,,,,,,,,,,,,,,,,,,,,,,,,,,"2026-03-10T01:35:20.000Z","2","6"
"1773049416","7615189212735835412",,,,,,,"72","0","","un","0","gikapoy ug maayo",,,,,,,,,,,,,,,,,,,,,,,,,,,,,,,,,,,,,,,,,,,,,,,,,,,,,,,,,,,,,,,,,,,,,,,,,,,,,,,,,,,,,,,,,,,,,,,,,,,,,,,,,,,,,,,,,,,,,,,,,,,,,,,,,,,,,,,,,,,,,"2026-03-09T09:43:36.000Z","0","0"
"1773053638","7615207368690846983",,,,,,,"210","0","Maong nag buko halo2 dayun ku ganina 🤣","tl","0","gikapoy ug maayo",,,,,,,,,,,,,,,,,,,,,,,,,,,,,,,,,,,,,,,,,,,,,,,,,,,,,,,,,,,,,,,,,,,,,,,,,,,,,,,,,,,,,,,,,,,,,,,,,,,,,,,,,,,,,,,,,,,,,,,,,,,,,,,,,,,,,,,,,,,,,"2026-03-09T10:53:58.000Z","0","0"
"1772266139","7611825055693147410",,,,,,,"219","0","mamutong tata
#fyp #fyppppppppppppppppppppppp ","tl","0","gikapoy ug maayo","","229207","fyp","","","1649139584636934","fyppppppppppppppppppppppp","",,,,,,,,,,,,,,,,,,,,,,,,,,,,,,,,,,,,,,,,,,,,,,,,,,,,,,,,,,,,,,,,,,,,,,,,,,,,,,,,,,,,,,,,,,,,,,,,,,,,,,,,,,,,,,,,,,,,,,,,,,,,,,,,,,,,,"2026-02-28T08:08:59.000Z","0","0"
"1773109307","7615446442315910408",,,,,,,"51","0","","un","0","gikapoy ug maayo",,,,,,,,,,,,,,,,,,,,,,,,,,,,,,,,,,,,,,,,,,,,,,,,,,,,,,,,,,,,,,,,,,,,,,,,,,,,,,,,,,,,,,,,,,,,,,,,,,,,,,,,,,,,,,,,,,,,,,,,,,,,,,,,,,,,,,,,,,,,,"2026-03-10T02:21:47.000Z","0","0"
"1726024528","7413218856212221192",,,,,,,"2200000","0","Engon anion ra pagmata sa bug-atan. #clams #sea #seafood #fyp #foryou ","hi","757","bug at ang","","974622","clams","","","11200","sea","","","67464","seafood","","","229207","fyp","","","42164","foryou","",,,,,,,,,,,,,,,,,,,,,,,,,,,,,,,,,,,,,,,,,,,,,,,,,,,,,,,,,,,,,,,,,,,,,,,,,,,,,,,,,,,,,,,,,,,,,,,,,,,,,,,,,,,,,,,,,,,,,,,,,"2024-09-11T03:15:28.000Z","474","2148"
"1737213587","7461275454738009360",,,,,,,"4878","0","heloooo guyssss, bug-atan diay ni guys. na uwat rami guys kay karun pami nakamao unsaon pag pangita ani guys sa 30+ years namu pagpamuyo duol sa dagat 😅😅😅

#egeter #egeters #shells #bugatan #clam #padagat #seashells ","tl","2","bug at ang","","1647361055179777","egeter","","","1663187382968321","egeters","","","245894","shells","","","1620139209039878","bugatan","","","229651","clam","","","1601787172592642","padagat","","","218691","seashells","",,,,,,,,,,,,,,,,,,,,,,,,,,,,,,,,,,,,,,,,,,,,,,,,,,,,,,,,,,,,,,,,,,,,,,,,,,,,,,,,,,,,,,,,,,,,,,,,,,,,,,,,,,,,,,,,,"2025-01-18T15:19:47.000Z","4","2"
"1726798815","7416544412844428552",,,,,,,"8534","0","Catching Bug.atan shell.
#seashells #seaweeds #seaadventures #seashorevibes #seafoods #bugatan ","en","5","bug at ang","","218691","seashells","","","29225479","seaweeds","","","19019912","seaadventures","","","1638831145146374","seashorevibes","","","15160761","seafoods","","","1620139209039878","bugatan","",,,,,,,,,,,,,,,,,,,,,,,,,,,,,,,,,,,,,,,,,,,,,,,,,,,,,,,,,,,,,,,,,,,,,,,,,,,,,,,,,,,,,,,,,,,,,,,,,,,,,,,,,,,,,,,,,,,,,"2024-09-20T02:20:15.000Z","4","6"
"1736069695","7456362542374374663",,,,,,,"95300","0","Giant Bug-atan #seafood #fyp","en","63","bug at ang","","67464","seafood","","","229207","fyp","",,,,,,,,,,,,,,,,,,,,,,,,,,,,,,,,,,,,,,,,,,,,,,,,,,,,,,,,,,,,,,,,,,,,,,,,,,,,,,,,,,,,,,,,,,,,,,,,,,,,,,,,,,,,,,,,,,,,,,,,,,,,,,,,,,,,,"2025-01-05T09:34:55.000Z","11","63"
"1712932784","7356990274339425542",,,,,,,"66700","0","Bugatti bolide w16 ☠️🔥#bugatti #bolide #w16 #hypercar #car #edit #caredit #viral #trending #parati #fyp #fypシ #bagged #stance #carmeet #4k #teamfx⚜️ #fkedits ","pl","256","bug at ang","","39406","bugatti","","","8238780","bolide","","","77294932","w16","","","9025925","hypercar","","","5256","car","","https://p16-sign-va.tiktokcdn.com/musically-maliva-obj/cb514973addd54a58a6ef8bbfb815854~tplv-tiktokx-origin.image?dr=14566&x-expires=1773136800&x-signature=RVg%2FhzkOVNoCttFTVFJmfUCAHJM%3D&t=4d5b0474&ps=13740610&shp=81f88b70&shcp=9b759fb9&idc=my2","1518","edit","Llevando tu contenido al siguiente nivel 🔥 todos los trucos y tips para aprender a editar tus videos en TikTok.","","5882390","caredit","","https://p16-sign-va.tiktokcdn.com/musically-maliva-obj/8e4d8102460a60717c89acc2d6367a16.png~tplv-tiktokx-origin.image?dr=14566&x-expires=1773136800&x-signature=w1%2F8yVlR4XEl3nrDGLO5vJVjUGk%3D&t=4d5b0474&ps=13740610&shp=81f88b70&shcp=9b759fb9&idc=my2","20884","viral","¡descubre las canciones en tendencia! 🔥➡️ https://bit.ly/TendenciasTikTok_LATAM","","20105","trending","Discover the top viral trends, sounds and effects of the week! 🔥","","65243","parati","","","229207","fyp","","","1637342470396934","fypシ","","","123167","bagged","","","26366","stance","","","83872","carmeet","It's time to show off your ride","","281190","4k","","","1703921054247937","teamfx⚜️","","","1637676942929926","fkedits","",,,,,,,,,,,,,,,,,,,,,,,,,,,,,,,,,,,,,,,,,,,,,,,,,,,,,,,,,,,,,,,,,,,,,"2024-04-12T14:39:44.000Z","42","259"
"1742025293","7481941452512136464",,,,,,,"3400000","0","Bugatti Bolide...!
#cars #supercars #carmeet #carporn #cargram #carshow #carport #1millionviews #carphotography #carvideography #carlifestyle #richlifestyle #bugatti #bugattibolide ","en","44500","bug at ang","","7953","cars","","","401989","supercars","Start your engines, it's time to show some love to the #Supercars!","","83872","carmeet","It's time to show off your ride","","11984","carporn","","","5614263","cargram","","","38064","carshow","","","1888837","carport","","","4389556","1millionviews","","","1612901647979526","carphotography","","","1650248814258178","carvideography","","","14090139","carlifestyle","","","149903","richlifestyle","","","39406","bugatti","","","1681795319822338","bugattibolide","",,,,,,,,,,,,,,,,,,,,,,,,,,,,,,,,,,,,,,,,,,,,,,,,,,,,,,,,,,,,,,,,,,,,,,,,,,,,,,,,,,,,,"2025-03-15T07:54:53.000Z","5483","21313"
"1771282132","7607598809589222678",,,,,,,"439000","0","He thought he could replace a Watermelon with a Cantaloupe... 🍉💀 Watch till the end to see Ruby's ultimate revenge! ✨ 
 #dramaviral #fruits #brainrot #historytime","en","3168","bug at ang","","1644751820249090","dramaviral","","","229409","fruits","","","1621863716665349","brainrot","","","27900090","historytime","It's #HistoryTime! Join the history community right here on TikTok.",,,,,,,,,,,,,,,,,,,,,,,,,,,,,,,,,,,,,,,,,,,,,,,,,,,,,,,,,,,,,,,,,,,,,,,,,,,,,,,,,,,,,,,,,,,,,,,,,,,,,,,,,,,,,,,,,,,,,,,,,,,,,"2026-02-16T22:48:52.000Z","76","1116"
"1748959800","7511725070054608134",,,,,,,"295","0","#bug #ant #bugattack #antatack #desert #bugdesert #desertbug","un","1","bug at ang","","21350","bug","","","21964","ant","","","1222882","bugattack","","","59424928","antatack","","","11945","desert","","","7511722645474574342","bugdesert","","","1617404684142598","desertbug","",,,,,,,,,,,,,,,,,,,,,,,,,,,,,,,,,,,,,,,,,,,,,,,,,,,,,,,,,,,,,,,,,,,,,,,,,,,,,,,,,,,,,,,,,,,,,,,,,,,,,,,,,,,,,,,,,"2025-06-03T14:10:00.000Z","0","0"
"1754046156","7533570854983191826",,,,,,,"14200000","0","""Người được gắn thẻ nợ bạn một điều"" #DarkNightVoice #Bugatti","vi","71100","bug at ang","","7533570563093364744","darknightvoice","","","39406","bugatti","",,,,,,,,,,,,,,,,,,,,,,,,,,,,,,,,,,,,,,,,,,,,,,,,,,,,,,,,,,,,,,,,,,,,,,,,,,,,,,,,,,,,,,,,,,,,,,,,,,,,,,,,,,,,,,,,,,,,,,,,,,,,,,,,,,,,,"2025-08-01T11:02:36.000Z","6178","62147"
"1754406612","7535118996140608824","New York, United States","","5128481","6252001","22535865208931252","New City","115100","0","You Will Never See This Again
#bugatti #truck #viraltiktok #viralvideos #foryou #luxury ","en","402","bug at ang","","39406","bugatti","","","139540","truck","","","1592528792523778","viraltiktok","","","1549168","viralvideos","","","42164","foryou","","","15461","luxury","",,,,,,,,,,,,,,,,,,,,,,,,,,,,,,,,,,,,,,,,,,,,,,,,,,,,,,,,,,,,,,,,,,,,,,,,,,,,,,,,,,,,,,,,,,,,,,,,,,,,,,,,,,,,,,,,,,,,,"2025-08-05T15:10:12.000Z","69","158"
"1766093708","7585314691455503638",,,,,,,"35100","0","Bugatti Clips #viral #carclips #fyp #cars #bugatti ","en","1735","bug at ang","https://p16-sign-va.tiktokcdn.com/musically-maliva-obj/8e4d8102460a60717c89acc2d6367a16.png~tplv-tiktokx-origin.image?dr=14566&x-expires=1773136800&x-signature=w1%2F8yVlR4XEl3nrDGLO5vJVjUGk%3D&t=4d5b0474&ps=13740610&shp=81f88b70&shcp=9b759fb9&idc=my2","20884","viral","¡descubre las canciones en tendencia! 🔥➡️ https://bit.ly/TendenciasTikTok_LATAM","","21743443","carclips","","","229207","fyp","","","7953","cars","","","39406","bugatti","",,,,,,,,,,,,,,,,,,,,,,,,,,,,,,,,,,,,,,,,,,,,,,,,,,,,,,,,,,,,,,,,,,,,,,,,,,,,,,,,,,,,,,,,,,,,,,,,,,,,,,,,,,,,,,,,,,,,,,,,,"2025-12-18T21:35:08.000Z","13","170"
"1772747108","7613890713427741966",,,,,,,"51400","0","#bug #attack ","un","1075","bug at ang","","21350","bug","","","5929","attack","",,,,,,,,,,,,,,,,,,,,,,,,,,,,,,,,,,,,,,,,,,,,,,,,,,,,,,,,,,,,,,,,,,,,,,,,,,,,,,,,,,,,,,,,,,,,,,,,,,,,,,,,,,,,,,,,,,,,,,,,,,,,,,,,,,,,,"2026-03-05T21:45:08.000Z","7","149"
"1771221665","7607339087527300372",,,,,,,"187700","0","Nadurog ang puso ko kay Pheno ng may umalis na sa bahay","tl","35","na ngurog ang",,,,,,,,,,,,,,,,,,,,,,,,,,,,,,,,,,,,,,,,,,,,,,,,,,,,,,,,,,,,,,,,,,,,,,,,,,,,,,,,,,,,,,,,,,,,,,,,,,,,,,,,,,,,,,,,,,,,,,,,,,,,,,,,,,,,,,,,,,,,,"2026-02-16T06:01:05.000Z","78","450"
"1746947040","7503080383496391954","Bandung City, West Java, Indonesia","Bandung","1650357","1643084","22535865205326928","Ujung Berung","35200","0","Nagrog 🔥
#gumilangputra #santikamuda #RDivision #PutuGentraPriangan #GentraGumelar #putragiriasih #senireak #senibenjang #senikudarenggong #SkrindaTV #GumilangAudio #GumilangPutraEntertainment #DangdutGP #fyp #foryoupage #foryou #youtube #Sunda #Bandung #Seni #Kesenian ","pl","42","na ngurog ang","","1690958859179010","gumilangputra","","","7117604725612904474","santikamuda","","","7014585325083164678","rdivision","","","7351181835314921478","putugentrapriangan","","","7171440017876811803","gentragumelar","","","7173676787963002907","putragiriasih","","","1606351721231362","senireak","","","1685911844750337","senibenjang","","","1667011894141954","senikudarenggong","","","7421195186778308614","skrindatv","","","7371419414483468293","gumilangaudio","","","7426045344880394246","gumilangputraentertainment","","","7426045765070127109","dangdutgp","","","229207","fyp","","","88764338","foryoupage","","","42164","foryou","","","7904","youtube","","","412351","sunda","","","298833","bandung","","","300896","seni","","","24561605","kesenian","",,,,,,,,,,,,,,,,,,,,,,,,,,,,,,,,,,,,,,,,,,,,,,,,,,,,,,,,,"2025-05-11T07:04:00.000Z","15","46"
"1720425754","7389172334046792965",,,,,,,"1400000","0","NGANGGUR - Shinta Arsinta ft Arya Galih
#shintaarsinta #aryagalih #berkahtalenta #fyp ","id","810","na ngurog ang","","1671831450474498","shintaarsinta","","","1663672270661634","aryagalih","","","1686834274868225","berkahtalenta","","","229207","fyp","",,,,,,,,,,,,,,,,,,,,,,,,,,,,,,,,,,,,,,,,,,,,,,,,,,,,,,,,,,,,,,,,,,,,,,,,,,,,,,,,,,,,,,,,,,,,,,,,,,,,,,,,,,,,,,,,,,,,,,,,,,,,,"2024-07-08T08:02:34.000Z","146","4190"
"1756932930","7545969447962594567",,,,,,,"396500","0","nang luruk song, full in my youtube. 

#nangluruk 
#tausugsong ","en","1260","na ngurog ang","","7061226170548748314","nangluruk","","","1611489064854530","tausugsong","",,,,,,,,,,,,,,,,,,,,,,,,,,,,,,,,,,,,,,,,,,,,,,,,,,,,,,,,,,,,,,,,,,,,,,,,,,,,,,,,,,,,,,,,,,,,,,,,,,,,,,,,,,,,,,,,,,,,,,,,,,,,,,,,,,,,,"2025-09-03T20:55:30.000Z","560","3338"
"1760949299","7563219626465774866",,,,,,,"2500000","0","nakakadurog 💔😭 #lola #senior ","tl","60400","na ngurog ang","","54389","lola","","","13589","senior","",,,,,,,,,,,,,,,,,,,,,,,,,,,,,,,,,,,,,,,,,,,,,,,,,,,,,,,,,,,,,,,,,,,,,,,,,,,,,,,,,,,,,,,,,,,,,,,,,,,,,,,,,,,,,,,,,,,,,,,,,,,,,,,,,,,,,"2025-10-20T08:34:59.000Z","26600","21410"
"1772613287","7613316047692696852",,,,,,,"261","0","Unti unting na dudurog ang puso ko habang nakikita ko na pahina na ng pahina ang Lolo ko😭😭","tl","0","na ngurog ang",,,,,,,,,,,,,,,,,,,,,,,,,,,,,,,,,,,,,,,,,,,,,,,,,,,,,,,,,,,,,,,,,,,,,,,,,,,,,,,,,,,,,,,,,,,,,,,,,,,,,,,,,,,,,,,,,,,,,,,,,,,,,,,,,,,,,,,,,,,,,"2026-03-04T08:34:47.000Z","2","0"
"1768146419","7594131021252250898",,,,,,,"110800","0","ဒီသီချင်းလေး သဘောကျလို့ ❤️
Bola na Nang hpe naw Ra nga' 🫶
#nanghpenawranga #notmyownmusic #simpleguitar #kachingsongchords #စောရအိုင် ","my","434","na ngurog ang","","7583193641233940498","nanghpenawranga","","","16322577","notmyownmusic","","","26965676","simpleguitar","","","7552467536768729096","kachingsongchords","","","1691575433425921","စောရအိုင်","",,,,,,,,,,,,,,,,,,,,,,,,,,,,,,,,,,,,,,,,,,,,,,,,,,,,,,,,,,,,,,,,,,,,,,,,,,,,,,,,,,,,,,,,,,,,,,,,,,,,,,,,,,,,,,,,,,,,,,,,,"2026-01-11T15:46:59.000Z","39","656"
"1772209405","7611581398192753941",,,,,,,"1200000","0","Me watching this hearing as a normal Filipino citizen.

Masakit na tanggapin as a Fililino na dayuhan pa ang Huhusga sa Kapwa natin Filipino.

Mga dayuhan na hindi man lang pinanganak, naranasan, o alam kung anong realidad ng Bansa natin ngayon. Mga Dayuhan na hindi nakaranas ng Hirap sa loob ng ating Bansa.

Masakit na isang kapwa Filipino nag alay ng katapatan, buhay, at pag mamahal sa bayan, ay nasa ibang bansa at hinuhusgahan ng mga Dayuhan. 

Walang sino mang Filipino ang dapat husgahan sa labas ng ating bansa. Sa huli na niniwala ako na hindi lang ito tungkol sa iisang tao, kundi its all about Politics, Power at Dangal na ating Bansa.

GISING PILIPINAS!!!🇵🇭

#FreeDuterteNow #bringhimhome #tataydigong #ICC #Pilipinas ","tl","3186","na ngurog ang","","7480512801572667400","freedutertenow","","","4349580","bringhimhome","","","1611033427357697","tataydigong","","","5270591","icc","","","1254286","pilipinas","",,,,,,,,,,,,,,,,,,,,,,,,,,,,,,,,,,,,,,,,,,,,,,,,,,,,,,,,,,,,,,,,,,,,,,,,,,,,,,,,,,,,,,,,,,,,,,,,,,,,,,,,,,,,,,,,,,,,,,,,,"2026-02-27T16:23:25.000Z","1426","6096"
"1771497935","7608525668409740566",,,,,,,"442","0","Na rogu - rusina #rusinawroc #rusinawracaj #rusina #dlaciebie❤️ #viral ","pl","12","na ngurog ang","","7457506458976911382","rusinawroc","","","7462496473591054358","rusinawracaj","","","56018009","rusina","","","1634938043202565","dlaciebie❤️","","https://p16-common-sign.tiktokcdn-us.com/musically-maliva-obj/8e4d8102460a60717c89acc2d6367a16.png~tplv-tiktokx-origin.image?dr=9627&x-expires=1773136800&x-signature=xIwjlnYSARVs96JwqNAhHgV5b%2BQ%3D&t=4d5b0474&ps=13740610&shp=81f88b70&shcp=9b759fb9&idc=useast8","20884","viral","¡descubre las canciones en tendencia! 🔥➡️ https://bit.ly/TendenciasTikTok_LATAM",,,,,,,,,,,,,,,,,,,,,,,,,,,,,,,,,,,,,,,,,,,,,,,,,,,,,,,,,,,,,,,,,,,,,,,,,,,,,,,,,,,,,,,,,,,,,,,,,,,,,,,,,,,,,,,,,,,,,,,,,"2026-02-19T10:45:35.000Z","1","0"
"1770743904","7605287141668572423",,,,,,,"415200","0","nanginginig pa e😂 #reels #fyp #ctto ","tl","18100","na ngurog ang","","2871687","reels","","","229207","fyp","","","4466458","ctto","",,,,,,,,,,,,,,,,,,,,,,,,,,,,,,,,,,,,,,,,,,,,,,,,,,,,,,,,,,,,,,,,,,,,,,,,,,,,,,,,,,,,,,,,,,,,,,,,,,,,,,,,,,,,,,,,,,,,,,,,,,,,,,,,,"2026-02-10T17:18:24.000Z","561","1257"
"1733679569","7446097011780226309",,,,,,,"792","0","Raja Nanggroe...","id","0","na ngurog ang",,,,,,,,,,,,,,,,,,,,,,,,,,,,,,,,,,,,,,,,,,,,,,,,,,,,,,,,,,,,,,,,,,,,,,,,,,,,,,,,,,,,,,,,,,,,,,,,,,,,,,,,,,,,,,,,,,,,,,,,,,,,,,,,,,,,,,,,,,,,,"2024-12-08T17:39:29.000Z","4","0"
"1772785840","7614057164012801301",,,,,,,"889","0","","un","19","pamati",,,,,,,,,,,,,,,,,,,,,,,,,,,,,,,,,,,,,,,,,,,,,,,,,,,,,,,,,,,,,,,,,,,,,,,,,,,,,,,,,,,,,,,,,,,,,,,,,,,,,,,,,,,,,,,,,,,,,,,,,,,,,,,,,,,,,,,,,,,,,"2026-03-06T08:30:40.000Z","58","17"
"1702432218","7311890681922931986",,,,,,,"326","0","ay pamati ","tl","0","pamati",,,,,,,,,,,,,,,,,,,,,,,,,,,,,,,,,,,,,,,,,,,,,,,,,,,,,,,,,,,,,,,,,,,,,,,,,,,,,,,,,,,,,,,,,,,,,,,,,,,,,,,,,,,,,,,,,,,,,,,,,,,,,,,,,,,,,,,,,,,,,"2023-12-13T01:50:18.000Z","1","0"
"1772718267","7613766952330300690",,,,,,,"4025","0","#fypシ゚ #foryou #bisaya #foryoupagе #bisayangdako ","un","23","pamati","","1641236262278149","fypシ゚","","","42164","foryou","","","858273","bisaya","","","1609273039298565","foryoupagе","","","44610977","bisayangdako","",,,,,,,,,,,,,,,,,,,,,,,,,,,,,,,,,,,,,,,,,,,,,,,,,,,,,,,,,,,,,,,,,,,,,,,,,,,,,,,,,,,,,,,,,,,,,,,,,,,,,,,,,,,,,,,,,,,,,,,,,"2026-03-05T13:44:27.000Z","8","17"
"1732083463","7439241806946110728","California, United States","","5336899","6252001","22535865204352012","San Diego","897","0","Tabang unsay translate  “pamati” 👻 #bisdak #bisayatabai #davawenyagirl👑✨ #pamati ","en","0","pamati","","8761518","bisdak","","","10446703","bisayatabai","","","7146289341260627995","davawenyagirl👑✨","","","8305586","pamati","",,,,,,,,,,,,,,,,,,,,,,,,,,,,,,,,,,,,,,,,,,,,,,,,,,,,,,,,,,,,,,,,,,,,,,,,,,,,,,,,,,,,,,,,,,,,,,,,,,,,,,,,,,,,,,,,,,,,,,,,,,,,,"2024-11-20T06:17:43.000Z","9","1"
"1637555908","7033249065664007471",,,,,,,"563","0","Reply to @centoti89 #malditang_buotan #foryou #pinoyofw #philippines #fyp","en","4","pamati",,,"",,"","7029841925892997125","malditang_buotan","","","42164","foryou","","","15113762","pinoyofw","","","86497","philippines","","","229207","fyp","",,,,,,,,,,,,,,,,,,,,,,,,,,,,,,,,,,,,,,,,,,,,,,,,,,,,,,,,,,,,,,,,,,,,,,,,,,,,,,,,,,,,,,,,,,,,,,,,,,,,,,,,,,,,,,,,,,,,,"2021-11-22T04:38:28.000Z","24","0"
"1729046403","7426197706600647942",,,,,,,"344","0","","un","0","pamati",,,,,,,,,,,,,,,,,,,,,,,,,,,,,,,,,,,,,,,,,,,,,,,,,,,,,,,,,,,,,,,,,,,,,,,,,,,,,,,,,,,,,,,,,,,,,,,,,,,,,,,,,,,,,,,,,,,,,,,,,,,,,,,,,,,,,,,,,,,,,"2024-10-16T02:40:03.000Z","23","3"
"1770610459","7604713966291520788",,,,,,,"2549","0","#Home town #fyp #pammati ","en","0","pamati","https://p16-common-sign.tiktokcdn-us.com/tiktok-obj/4b4133abced4118e98d0d02a9383b572.png~tplv-tiktokx-origin.image?dr=9627&x-expires=1773136800&x-signature=4BuAiF1oXtqJiB%2Bl4ClfPR8FAiQ%3D&t=4d5b0474&ps=13740610&shp=81f88b70&shcp=9b759fb9&idc=useast5","6087","home","Enjoy highlighting sports that make you feel at home","","229207","fyp","","","1680764136547329","pammati","",,,,,,,,,,,,,,,,,,,,,,,,,,,,,,,,,,,,,,,,,,,,,,,,,,,,,,,,,,,,,,,,,,,,,,,,,,,,,,,,,,,,,,,,,,,,,,,,,,,,,,,,,,,,,,,,,,,,,,,,,,,,,,,,,"2026-02-09T04:14:19.000Z","10","0"
"1772836821","7614276064524717333",,,,,,,"15100","0","Ayo sopo neh seng kudu tak kancani nganti ketemu jodohe🙂

Satpam Ati - @Intan Shinta 

#fyppppppppppppppppppppppp #satpamati #seliandrn #trend #fyp ","jv","20","pamati",,,"",,"","1649139584636934","fyppppppppppppppppppppppp","","","7459395357496213505","satpamati","","","7595993358519140373","seliandrn","","","44895","trend","","","229207","fyp","",,,,,,,,,,,,,,,,,,,,,,,,,,,,,,,,,,,,,,,,,,,,,,,,,,,,,,,,,,,,,,,,,,,,,,,,,,,,,,,,,,,,,,,,,,,,,,,,,,,,,,,,,,,,,,,,,,,,,"2026-03-06T22:40:21.000Z","21","71"
"1734235823","7448486123342548267",,,,,,,"268","0","#pa manti #","ht","0","pamati","","22163","pa","",,,,,,,,,,,,,,,,,,,,,,,,,,,,,,,,,,,,,,,,,,,,,,,,,,,,,,,,,,,,,,,,,,,,,,,,,,,,,,,,,,,,,,,,,,,,,,,,,,,,,,,,,,,,,,,,,,,,,,,,,,,,,,,,,,,,,,,,,"2024-12-15T04:10:23.000Z","2","5"
"1743252356","7487211838552280328",,,,,,,"1100000","0","physical bodies of the rajputi women were gone, but their dignity and self respect remain immortal ❤️‍🔥
•
#padmaavat 
#padmaavati #ranipadmavati
#padmaavatedit #padmaavatmovie
#ranisa #padmaavatsong #deepikapadukone #alauddinkhilji
#ranveersingh #edit #bollywood #bollywoodedit #bollywoodmovie #powerful #foryoupage
#fyp #foryou #trending #trend #viral #srk #shahrukhkhan #salmankhan #katrinakaif #vickykaushal #aliabhatt #ranbirkapoor #aesthetic #sanjayleelabhansali ","en","1493","pamati","","88337802","padmaavat","Use the dialogues/songs from Padmaavat to make a musical.ly, and share it to your FB/IG with the hashtag #Padmaavat","","82827666","padmaavati","","","83552116","ranipadmavati","","","1692005843652613","padmaavatedit","","","88902478","padmaavatmovie","","","87317990","ranisa","","","89192171","padmaavatsong","","","2048416","deepikapadukone","","","80723130","alauddinkhilji","","","3265710","ranveersingh","","https://p16-common-sign.tiktokcdn-us.com/musically-maliva-obj/cb514973addd54a58a6ef8bbfb815854~tplv-tiktokx-origin.image?dr=9627&x-expires=1773136800&x-signature=eW2cbMtqNdCscpGSbeltcNe2Xzw%3D&t=4d5b0474&ps=13740610&shp=81f88b70&shcp=9b759fb9&idc=useast5","1518","edit","Llevando tu contenido al siguiente nivel 🔥 todos los trucos y tips para aprender a editar tus videos en TikTok.","","7632","bollywood","Sing! Dance! Don't be shy, everyone is a Bollywood star on musical.ly💃💃💃","","35570284","bollywoodedit","","","15392431","bollywoodmovie","","","23952","powerful","","","88764338","foryoupage","","","229207","fyp","","","42164","foryou","","","20105","trending","Discover the top viral trends, sounds and effects of the week! 🔥","","44895","trend","","https://p16-common-sign.tiktokcdn-us.com/musically-maliva-obj/8e4d8102460a60717c89acc2d6367a16.png~tplv-tiktokx-origin.image?dr=9627&x-expires=1773136800&x-signature=xIwjlnYSARVs96JwqNAhHgV5b%2BQ%3D&t=4d5b0474&ps=13740610&shp=81f88b70&shcp=9b759fb9&idc=useast5","20884","viral","¡descubre las canciones en tendencia! 🔥➡️ https://bit.ly/TendenciasTikTok_LATAM","","449337","srk","Happy Birthday, the one and only SRK","","125015","shahrukhkhan","","","337083","salmankhan","","","1073378","katrinakaif","","","70300049","vickykaushal","","","2048415","aliabhatt","","","8258111","ranbirkapoor","","","22816","aesthetic","Art is the imposing of a pattern on experience, and our #Aesthetic enjoyment is recognition of the pattern. Create your aesthetic video. Can't wait to see your creative ideas.","","18117752","sanjayleelabhansali","",,,,,,,,,,,,,,,,,,,,,"2025-03-29T12:45:56.000Z","378","11460"
"1766308455","7586237023988501767",,,,,,,"798","0","แย่จัง😗","th","0","pamati",,,,,,,,,,,,,,,,,,,,,,,,,,,,,,,,,,,,,,,,,,,,,,,,,,,,,,,,,,,,,,,,,,,,,,,,,,,,,,,,,,,,,,,,,,,,,,,,,,,,,,,,,,,,,,,,,,,,,,,,,,,,,,,,,,,,,,,,,,,,,"2025-12-21T09:14:15.000Z","3","4"
"1721128421","7392190274773994759",,,,,,,"951","0","Bug-at namang kalawasan balik 😅😂
Commando Crawl with recovery + Monkey Crawl 🧗‍♀️🪢🐒
#fypシ 
#BFPR7
#BRR
#Bumbhero","en","4","kalawasan/bug at ang","","1637342470396934","fypシ","","","7171093527094788123","bfpr7","","","17257","brr","","","1685047304547329","bumbhero","",,,,,,,,,,,,,,,,,,,,,,,,,,,,,,,,,,,,,,,,,,,,,,,,,,,,,,,,,,,,,,,,,,,,,,,,,,,,,,,,,,,,,,,,,,,,,,,,,,,,,,,,,,,,,,,,,,,,,,,,,,,,,"2024-07-16T11:13:41.000Z","12","0"
"1771830124","7609952338907876616",,,,,,,"308","0","Bug at ng kalawasan😩#fyp ","tl","0","kalawasan/bug at ang","","229207","fyp","",,,,,,,,,,,,,,,,,,,,,,,,,,,,,,,,,,,,,,,,,,,,,,,,,,,,,,,,,,,,,,,,,,,,,,,,,,,,,,,,,,,,,,,,,,,,,,,,,,,,,,,,,,,,,,,,,,,,,,,,,,,,,,,,,,,,,,,,,"2026-02-23T07:02:04.000Z","2","1"
"1772095130","7611090587932052757",,,,,,,"78","0","bug at naman kalawasan hahaha

#fypシ゚viral🖤tiktok 
#everyone 
#fyp ","tl","0","kalawasan/bug at ang","","1685694592866306","fypシ゚viral🖤tiktok","","","25047","everyone","","","229207","fyp","",,,,,,,,,,,,,,,,,,,,,,,,,,,,,,,,,,,,,,,,,,,,,,,,,,,,,,,,,,,,,,,,,,,,,,,,,,,,,,,,,,,,,,,,,,,,,,,,,,,,,,,,,,,,,,,,,,,,,,,,,,,,,,,,,"2026-02-26T08:38:50.000Z","0","0"
"1772090673","7611071412358499605",,,,,,,"531400","0","Anim ang sugatan sa pagsabog ng LPG sa Navotas #shorts #GMAIntegratedNews | #Balitanghali","tl","1543","kalawasan/bug at ang","","15667","shorts","","","7159732412799254554","gmaintegratednews","","","1607970790405121","balitanghali","",,,,,,,,,,,,,,,,,,,,,,,,,,,,,,,,,,,,,,,,,,,,,,,,,,,,,,,,,,,,,,,,,,,,,,,,,,,,,,,,,,,,,,,,,,,,,,,,,,,,,,,,,,,,,,,,,,,,,,,,,,,,,,,,,"2026-02-26T07:24:33.000Z","100","617"
"1754763892","7536653510671093010",,,,,,,"72400","0","Black Cobra Snake #cobra #snake #animals #wildlife #animalsoftiktok #viral #nature #cobrasnake #poisson #saanp #naag #naagin #سانپ #نانگ ","en","61","kalawasan/bug at ang","","1046525","cobra","","","37769","snake","Il trend del momento ♫","https://p16-sign-va.tiktokcdn.com/musically-maliva-obj/8c14759526939fc4610dc9573946414c.png~tplv-tiktokx-origin.image?dr=14566&x-expires=1773136800&x-signature=jWPvaNpzN%2FrCp%2B9ER4neBP4tuG8%3D&t=4d5b0474&ps=13740610&shp=81f88b70&shcp=9b759fb9&idc=my","5192","animals","","","6283","wildlife","Learn all about the #Wildlife that exists on Earth and what you can do to support conservation.","https://p16-sign-va.tiktokcdn.com/musically-maliva-obj/38d81422f775dc1283ad4a2430077ee1~tplv-tiktokx-origin.image?dr=14566&x-expires=1773136800&x-signature=UjdLAbnxEUcaq4OnU8BrpBEXV8Q%3D&t=4d5b0474&ps=13740610&shp=81f88b70&shcp=9b759fb9&idc=my","1597138111108097","animalsoftiktok","Here's to all the extraordinary animals of TikTok! Share your love and appreciation for your pets as well as interesting facts about animals in celebration of World Animal Day!","https://p16-sign-va.tiktokcdn.com/musically-maliva-obj/8e4d8102460a60717c89acc2d6367a16.png~tplv-tiktokx-origin.image?dr=14566&x-expires=1773136800&x-signature=w1%2F8yVlR4XEl3nrDGLO5vJVjUGk%3D&t=4d5b0474&ps=13740610&shp=81f88b70&shcp=9b759fb9&idc=my","20884","viral","¡descubre las canciones en tendencia! 🔥➡️ https://bit.ly/TendenciasTikTok_LATAM","","5399","nature","Here's to the great outdoors.","","72452485","cobrasnake","","","1821384","poisson","","","1596972137982982","saanp","","","33800405","naag","","","9088701","naagin","","","1633518777825285","سانپ","","","1646825221555206","نانگ","",,,,,,,,,,,,,,,,,,,,,,,,,,,,,,,,,,,,,,,,,,,,,,,,,,,,,,,,,,,,,,,,,,,,,,,,,,,,,,,,,,,,,"2025-08-09T18:24:52.000Z","83","94"
"1761098684","7563861192096189718","United States","","5128581","6252001","22535865201205278","New York","3600000","0","Did you know that if you put sliced onion in pot of boiling water, then pour a cup, add a spoonful of olive oil and a spoonful of honey, it will help you eliminate all the mucus from your lungs, detoxify your body, relieve sore throats, dry coughs, and boost your immunity? #HealthTips #NaturalRemedies #Immunity #Wellness #homeremedy ","en","71400","kalawasan/bug at ang","https://p16-sign-va.tiktokcdn.com/musically-maliva-obj/18ce88aa768350f8576769e10349e446~tplv-tiktokx-origin.image?dr=14566&x-expires=1773136800&x-signature=KVCy1Q6ZNp4j%2BS2O6A71beVnlPU%3D&t=4d5b0474&ps=13740610&shp=81f88b70&shcp=9b759fb9&idc=my","2262943","healthtips","What's your secret to staying fit? Share tips that have helped you stay healthy!","","81795401","naturalremedies","","","104354","immunity","","https://p16-sign-va.tiktokcdn.com/musically-maliva-obj/bcb2dbd5d75129e4e3b6f49693f44f3e~tplv-tiktokx-origin.image?dr=14566&x-expires=1773136800&x-signature=hJIl%2F0XdKgbCJ1CkjoQHhXUQunM%3D&t=4d5b0474&ps=13740610&shp=81f88b70&shcp=9b759fb9&idc=my","259325","wellness","Prioritize wellness: This year, take some time for self-care and put wellness first.","","30054149","homeremedy","",,,,,,,,,,,,,,,,,,,,,,,,,,,,,,,,,,,,,,,,,,,,,,,,,,,,,,,,,,,,,,,,,,,,,,,,,,,,,,,,,,,,,,,,,,,,,,,,,,,,,,,,,,,,,,,,,,,,,,,,,"2025-10-22T02:04:44.000Z","542","75899"
"1762183494","7568520456815561991",,,,,,,"1016","0","been doing this for the past month and it worked for me kay nangawala jud akong mga pimples legit. #fyp #originote ","en","5","kalawasan/bug at ang","","229207","fyp","","","7075314222657175579","originote","",,,,,,,,,,,,,,,,,,,,,,,,,,,,,,,,,,,,,,,,,,,,,,,,,,,,,,,,,,,,,,,,,,,,,,,,,,,,,,,,,,,,,,,,,,,,,,,,,,,,,,,,,,,,,,,,,,,,,,,,,,,,,,,,,,,,,"2025-11-03T15:24:54.000Z","0","2"
"1763851237","7575683345019866389",,,,,,,"353","0","#neurogeniccreamlotion 
#neurogenic #NovoDoveCabelos ","un","0","kalawasan/bug at ang","","7305380331686821894","neurogeniccreamlotion","","","1661395291540485","neurogenic","",,,"novodovecabelos",,,,,,,,,,,,,,,,,,,,,,,,,,,,,,,,,,,,,,,,,,,,,,,,,,,,,,,,,,,,,,,,,,,,,,,,,,,,,,,,,,,,,,,,,,,,,,,,,,,,,,,,,,,,,,,,,,,,,,,,,,,,,,,,,,"2025-11-22T22:40:37.000Z","0","1"
"1771534357","7608682101398965526",,,,,,,"55100","0","Put onion on insect bites #health ","en","764","kalawasan/bug at ang","","13566","health","",,,,,,,,,,,,,,,,,,,,,,,,,,,,,,,,,,,,,,,,,,,,,,,,,,,,,,,,,,,,,,,,,,,,,,,,,,,,,,,,,,,,,,,,,,,,,,,,,,,,,,,,,,,,,,,,,,,,,,,,,,,,,,,,,,,,,,,,,"2026-02-19T20:52:37.000Z","9","656"
"1772104193","7611129527762291986",,,,,,,"209","0","bug at na lawas","hi","0","kalawasan/bug at ang",,,,,,,,,,,,,,,,,,,,,,,,,,,,,,,,,,,,,,,,,,,,,,,,,,,,,,,,,,,,,,,,,,,,,,,,,,,,,,,,,,,,,,,,,,,,,,,,,,,,,,,,,,,,,,,,,,,,,,,,,,,,,,,,,,,,,,,,,,,,,"2026-02-26T11:09:53.000Z","3","0"
"1750870189","7519930183122439446",,,,,,,"689","0","","un","0","kalawasan/bug at ang",,,,,,,,,,,,,,,,,,,,,,,,,,,,,,,,,,,,,,,,,,,,,,,,,,,,,,,,,,,,,,,,,,,,,,,,,,,,,,,,,,,,,,,,,,,,,,,,,,,,,,,,,,,,,,,,,,,,,,,,,,,,,,,,,,,,,,,,,,,,,"2025-06-25T16:49:49.000Z","8","0"
"1733707398","7446216538014764295",,,,,,,"75900","0","Pasko ng damdamin🎶#music #fyp ","tl","63","kalawasan/bug at ang","","5636","music","","","229207","fyp","",,,,,,,,,,,,,,,,,,,,,,,,,,,,,,,,,,,,,,,,,,,,,,,,,,,,,,,,,,,,,,,,,,,,,,,,,,,,,,,,,,,,,,,,,,,,,,,,,,,,,,,,,,,,,,,,,,,,,,,,,,,,,,,,,,,,,"2024-12-09T01:23:18.000Z","57","311"
"1759842213","7558464732986920199",,,,,,,"725","0","Kaluwasan by #newheightsmusic #bisayaworship #bisayaworshipsong #fyp #foryoupage  #kaluwasan","en","0","kalawasan","","7198916725633777690","newheightsmusic","","","1678985824212993","bisayaworship","","","1662478449639442","bisayaworshipsong","","","229207","fyp","","","88764338","foryoupage","","","1657059312824321","kaluwasan","",,,,,,,,,,,,,,,,,,,,,,,,,,,,,,,,,,,,,,,,,,,,,,,,,,,,,,,,,,,,,,,,,,,,,,,,,,,,,,,,,,,,,,,,,,,,,,,,,,,,,,,,,,,,,,,,,,,,,"2025-10-07T13:03:33.000Z","0","1"
"1772444086","7612589342749445384",,,,,,,"920","0","One of the songs that left a mark last Kalawakan concert! It was amazing to witness and hear their stories towards their dream! Definitely an honor to witness this concert milestone too 🙏✨ Thank you for the music and opportunity to be in the crowd, @VXON! So happy I got to meet you all upclose too~ Definitely one of the artist I hope to collab with if ever given a chance to! 🙂‍↕️ Goodluck to the next one! Excited to see you soar the ‘kalawakan’ even more this year! 🚀 #VXON #ppoprise #openverse #vxonkalawakan #ppop @vxon franz chua @VXON PATRICK @C13 @Sam of VXON @enzo ","en","9","kalawasan",,,"",,"","1658971049836546","vxon","","","1659590026594305","ppoprise","There's no stopping P-Pop! More and more talented boybands and girl groups are wowing not just Pinoy music fans but the rest of the world, as well! Show them some love by posting about them and using the hashtag #PPopRise.","","1652292241361925","openverse","Whether you’re singing or rapping, lay down some vocals and show us how you do an #OpenVerse!","","7588857148474720264","vxonkalawakan","","","2249151","ppop","",,,"",,,,"",,,,"",,,,"",,,,"",,,,,,,,,,,,,,,,,,,,,,,,,,,,,,,,,,,,,,,,,,,,,,,,,,,,,,,,,,,,,,,,,,,,,,,,,,,,,,,,,,,,,,,,,,,,,,,,,,"2026-03-02T09:34:46.000Z","21","6"
"1673160947","7186171509986184474",,,,,,,"461200","0","Kalawakan - Paul Belostrino               
#opm #indie #recommendations #underrated #paulbelostrino #kalawakan ","en","1043","kalawasan","","47314","opm","","","17331","indie","","","783626","recommendations","","","74159","underrated","","","7174747519813812251","paulbelostrino","","","14893682","kalawakan","",,,,,,,,,,,,,,,,,,,,,,,,,,,,,,,,,,,,,,,,,,,,,,,,,,,,,,,,,,,,,,,,,,,,,,,,,,,,,,,,,,,,,,,,,,,,,,,,,,,,,,,,,,,,,,,,,,,,,"2023-01-08T06:55:47.000Z","111","14078"
"1700540705","7303766700409933061",,,,,,,"25100","0","KALASAHAN (cover) sarap sa feeling na sasama yung crowd 🤍 thank u sa pag support 🫶 @JM Julaspi  #fyp #fy #tausugsong #tausugtiktok ","tl","10","kalawasan",,,"",,"","229207","fyp","","","153828","fy","","","1611489064854530","tausugsong","","","1605790532366338","tausugtiktok","",,,,,,,,,,,,,,,,,,,,,,,,,,,,,,,,,,,,,,,,,,,,,,,,,,,,,,,,,,,,,,,,,,,,,,,,,,,,,,,,,,,,,,,,,,,,,,,,,,,,,,,,,,,,,,,,,,,,,,,,,"2023-11-21T04:25:05.000Z","32","45"
"1736967443","7460218348085792022",,,,,,,"73500","0","Victor Bowman on Kalawalla 💯
#fyp #kalawalla #lupus #drsebi #healthylifestyle ","en","240","kalawasan","","229207","fyp","","","7228127","kalawalla","","","15730","lupus","","","34840918","drsebi","","","332422","healthylifestyle","Show us how you live a #HealthyLifestyle",,,,,,,,,,,,,,,,,,,,,,,,,,,,,,,,,,,,,,,,,,,,,,,,,,,,,,,,,,,,,,,,,,,,,,,,,,,,,,,,,,,,,,,,,,,,,,,,,,,,,,,,,,,,,,,,,,,,,,,,,"2025-01-15T18:57:23.000Z","171","489"
"1751948804","7524562787968830738",,,,,,,"42700","0","kasla awan nagadalan na ...#ilocano #hypppppppppppppppppppppppppp ","lo","107","kalawasan","","6449546","ilocano","","","1705962871283722","hypppppppppppppppppppppppppp","",,,,,,,,,,,,,,,,,,,,,,,,,,,,,,,,,,,,,,,,,,,,,,,,,,,,,,,,,,,,,,,,,,,,,,,,,,,,,,,,,,,,,,,,,,,,,,,,,,,,,,,,,,,,,,,,,,,,,,,,,,,,,,,,,,,,,"2025-07-08T04:26:44.000Z","14","224"
"1772439067","7612567757787319570",,,,,,,"178","0","#CapCut ","un","0","kalawasan","","1663935709411330","capcut","CapCut is a new, easy-to-use video editing tool designed for mobile platforms. CapCut provides users with a wide range of video editing functions, filters, audio &amp; visual effects, video templates, while keeping it free of charge and ads-free. Everyone can be a creator by using CapCut.  

Start creating your cool videos today: 
https://capcut.onelink.me/XKqI/228cad85",,,,,,,,,,,,,,,,,,,,,,,,,,,,,,,,,,,,,,,,,,,,,,,,,,,,,,,,,,,,,,,,,,,,,,,,,,,,,,,,,,,,,,,,,,,,,,,,,,,,,,,,,,,,,,,,,,,,,,,,,,,,,,,,,,,,,,,,,"2026-03-02T08:11:07.000Z","4","2"
"1772266565","7611826883973500182",,,,,,,"57700","0","se re mojaba el codo xD
Viernes de Tradición 🇧🇴
Kallawaya, baile que rinde homenaje a los curanderos del grupo indígena del mismo nombre. Los pasos alegres y la elegancia reflejan la alegría de transmitir su conexión con la naturaleza, plasmada en su conocimiento en Medicina Tradicional. 
Sus conocimientos ancestrales fueron transmitiéndose de generación en generación por toda Bolivia y Sudamérica. Fueron de los primeros en el continente en estudiar y categorizar hierbas en 5 tipos: calientes, tibias, cordiales, frescas, venenosas y fetichistas. Lo que se traduce en nociones tan simples pero poderosas como usar el eucalipto en baos para aliviar la tos, mates de manzanilla para aliviar el estrés y no consumir los yuyos de la papa (que era usado en contra de los españoles como resistencia)
¡Que viva La Paz! ❤️💚
#kallawaya #Callahuayas #Bolivia #Neblina #Paraguas ","es","91","kalawasan","","1641526882040838","kallawaya","","","7030840366962049029","callahuayas","","","668361","bolivia","","","17866058","neblina","","","11907458","paraguas","",,,,,,,,,,,,,,,,,,,,,,,,,,,,,,,,,,,,,,,,,,,,,,,,,,,,,,,,,,,,,,,,,,,,,,,,,,,,,,,,,,,,,,,,,,,,,,,,,,,,,,,,,,,,,,,,,,,,,,,,,"2026-02-28T08:16:05.000Z","35","389"
"1693064696","7271657489387556101","Thailand","","1609348","1605651","22535796481827167","Bangkok","9389","0","#KALANXUAN #แว็กเปลี่ยนสีผมชั่วคราว#foryou #foryoupage ","un","45","kalawasan","","1673409412493317","kalanxuan","","","7211784218307887131","แว็กเปลี่ยนสีผมชั่วคราว","","","42164","foryou","","","88764338","foryoupage","",,,,,,,,,,,,,,,,,,,,,,,,,,,,,,,,,,,,,,,,,,,,,,,,,,,,,,,,,,,,,,,,,,,,,,,,,,,,,,,,,,,,,,,,,,,,,,,,,,,,,,,,,,,,,,,,,,,,,,,,,,,,,"2023-08-26T15:44:56.000Z","0","10"
"1771852064","7610046645539015944",,,,,,,"160500","0","become irontomb #hsr #honkaistarrail #phainon #khaslana #irontomb ","en","3345","kalawasan","","179987","hsr","","","7010632663723671557","honkaistarrail","Hi Trailblazer! You are now invited to board the Astral Express, and experience worlds of strange and fantastical sights on TikTok!","","7080698121507831854","phainon","","","7508985339982118913","khaslana","","","7352496643062628385","irontomb","",,,,,,,,,,,,,,,,,,,,,,,,,,,,,,,,,,,,,,,,,,,,,,,,,,,,,,,,,,,,,,,,,,,,,,,,,,,,,,,,,,,,,,,,,,,,,,,,,,,,,,,,,,,,,,,,,,,,,,,,,"2026-02-23T13:07:44.000Z","109","7743"
"1749289315","7513140385917553928",,,,,,,"4656","0","Magandang view Ng kapaligirAn kalikasan kagubatan Puno halaman#Kalikasan #beautiful #Tanawin #halaman #NatureBeautiful #NatureBeautiful #adverture #adverture #view #halaman ","tl","19","kalawasan","","7457278","kalikasan","","https://p19-common-sign.tiktokcdn-us.com/musically-maliva-obj/46b95aee38b7c0380d5264ed6d86cd07~tplv-tiktokx-origin.image?dr=9627&x-expires=1773136800&x-signature=OJufdG9pqTKh8RyV8aaV1D6AVPM%3D&t=4d5b0474&ps=13740610&shp=81f88b70&shcp=9b759fb9&idc=useast8","5297","beautiful","","","56597183","tanawin","","","4170924","halaman","","","607228","naturebeautiful","","","607228","naturebeautiful","","","6167700","adverture","","","6167700","adverture","","","30712","view","","","4170924","halaman","",,,,,,,,,,,,,,,,,,,,,,,,,,,,,,,,,,,,,,,,,,,,,,,,,,,,,,,,,,,,,,,,,,,,,,,,,,,,,,,,,,,,,,,,,,,,,,,,,,,,,"2025-06-07T09:41:55.000Z","6","12"
"1764249918","7577395683871706386",,,,,,,"2800000","0","Kalapastangan | FitterKarma
#music #lyrics #fyp #foryoupage ","id","10000","kalawasan","","5636","music","","","22047","lyrics","Here's your chance to sing along.🎵🎵","","229207","fyp","","","88764338","foryoupage","",,,,,,,,,,,,,,,,,,,,,,,,,,,,,,,,,,,,,,,,,,,,,,,,,,,,,,,,,,,,,,,,,,,,,,,,,,,,,,,,,,,,,,,,,,,,,,,,,,,,,,,,,,,,,,,,,,,,,,,,,,,,,"2025-11-27T13:25:18.000Z","4037","20687"
"1696418689","7286062777377033477",,,,,,,"187900","0","Sipon season is the worst season. 👎👎

steam is recommended by our pedia 3 to 4x a day

i added onion because is a natural antibiotic. just sharing what works for us that might work for you too. 

#siponhack #coldhack #fluhacks ","en","326","sip-on","","7176262924208930843","siponhack","","","1637171111750662","coldhack","","","1674286019000326","fluhacks","",,,,,,,,,,,,,,,,,,,,,,,,,,,,,,,,,,,,,,,,,,,,,,,,,,,,,,,,,,,,,,,,,,,,,,,,,,,,,,,,,,,,,,,,,,,,,,,,,,,,,,,,,,,,,,,,,,,,,,,,,,,,,,,,,"2023-10-04T11:24:49.000Z","38","150"
"1764834338","7579905723937705237",,,,,,,"30700","0","Kala ko laway 😣😖
#fyp #trending #funny #sipon #meme ","tl","383","sip-on","","229207","fyp","","","20105","trending","Discover the top viral trends, sounds and effects of the week! 🔥","","5424","funny","What's so #Funny?","","3388792","sipon","","https://p16-common-sign.tiktokcdn-us.com/musically-maliva-obj/c9361f827e1dcb19d2e54e58654c9f55.jpeg~tplv-tiktokx-origin.image?dr=9627&x-expires=1773136800&x-signature=zS%2FNgLCvPrSavjg0H2iBSJhE6a0%3D&t=4d5b0474&ps=13740610&shp=81f88b70&shcp=9b759fb9&idc=useast5","23864","meme","",,,,,,,,,,,,,,,,,,,,,,,,,,,,,,,,,,,,,,,,,,,,,,,,,,,,,,,,,,,,,,,,,,,,,,,,,,,,,,,,,,,,,,,,,,,,,,,,,,,,,,,,,,,,,,,,,,,,,,,,,"2025-12-04T07:45:38.000Z","15","26"
"1722204557","7396812208950316320",,,,,,,"7000000","0","Sipping on pepsi @Álvarito🐍 @𝖆𝖕𝖔𝖑𝖔 ","en","6402","sip-on",,,"",,,,"",,,,,,,,,,,,,,,,,,,,,,,,,,,,,,,,,,,,,,,,,,,,,,,,,,,,,,,,,,,,,,,,,,,,,,,,,,,,,,,,,,,,,,,,,,,,,,,,,,,,,,,,,,,,,,,,,,,,,,,,,,,,,,,,,,,,,,"2024-07-28T22:09:17.000Z","2661","43497"
"1772306309","7611997539071528223",,,,,,,"19600","0","Don’t mind us gabbing for 3 minutes straight :) love u @Thirst Drinks ","en","5","sip-on",,,"",,,,,,,,,,,,,,,,,,,,,,,,,,,,,,,,,,,,,,,,,,,,,,,,,,,,,,,,,,,,,,,,,,,,,,,,,,,,,,,,,,,,,,,,,,,,,,,,,,,,,,,,,,,,,,,,,,,,,,,,,,,,,,,,,,,,,,,,,,"2026-02-28T19:18:29.000Z","14","21"
"1748552208","7509974527737105669",,,,,,,"27700","0","""Tell Me What You're Sippin' On"" (also known as ""Sippin' On"") is an unreleased song, intended for her fourth album, In the Zone, and later reconsidered for her fifth studio album, Blackout. The Blackout version features additional vocals from rapper AC.

""Tell Me What You're Sippin' On"" was co-written by Spears with Christopher Stewart, Thabiso Nkhereanye and Penelope Magnet. It was produced by Stewart. The song was recorded in the same session as ""Me Against the Music""

The song was initially intended on the tracklist for Britney Spears: In the Zone, but it was omitted for unknown reasons. The original version for In the Zone leaked online in September 2011, while the version considered for Blackout leaked in September 2007. You can listen to both versions here: In the Zone version, Blackout version.

Songwriter Magnet described the inspiration behind the song as ""sitting out by the beach sipping on something tropical,"" creating a ""midtempo club record.""

#britneyspears
#2000s #popofqueen #britneyspearsfan #popular #90smusic #oopsididitagain #2kaesthetic #womanizer #elbruso #90s #iconic #britneyspearsedit #fyp #foryoupage
#Unreleased
#britney #pop #britneyarmy
#00s #britneytiktok #2000s ","en","81","sip-on","","1198","britneyspears","","","204050","2000s","Pois pode separar o seu V3, a sua calça de cintura baixa e o seu piercing no umbigo: entra no carro amiga, nós vamos pros anos 2000!","","744719","popofqueen","","","3353700","britneyspearsfan","","","5637","popular","","","25790","90smusic","","","108834","oopsididitagain","","","1680667290051589","2kaesthetic","","","90624","womanizer","","","7049772613748391937","elbruso","","","13449","90s","","","317139","iconic","","","1659232353666053","britneyspearsedit","","","229207","fyp","","","88764338","foryoupage","","","250876","unreleased","","","9306","britney","","https://p19-common-sign.tiktokcdn-us.com/tiktok-obj/b98f891a5f2f226646a93d606e69a468.jpeg~tplv-tiktokx-origin.image?dr=9627&x-expires=1773136800&x-signature=PfAlqD9YiPR1bxTLEkYIFnOmJxs%3D&t=4d5b0474&ps=13740610&shp=81f88b70&shcp=9b759fb9&idc=useast5","17462","pop","『TikTok流行語大賞2022』に「POP!」がノミネート🎉  【ワード解説▶︎】https://activity.tiktok.com/magic/eco/runtime/release/635b150913669603d5e51cb6?appType=tiktok&amp;magic_page_no=1 【「POP!」とは？▶︎】TWICEメンバーNAYEONが6月にリリースしたミニアルバムに収録された楽曲。グローバルで人気の楽曲で、TikTokアプリ内では約220万の動画が全世界で投稿されました。BGMとして使われたり、Vlog投稿などにも多く使用されましたが、日本ではNAYEON本人が投稿したサビ後半の振り付け動画を真似して投稿するユーザーが多くいました。簡単そうに見えて複雑な動きをする振り付けは「脳トレみたい」と話題になり、様々な世代のユーザーが振り付けに挑戦しました。","","2193427","britneyarmy","","","1487535","00s","","","1661697979954181","britneytiktok","","","204050","2000s","Pois pode separar o seu V3, a sua calça de cintura baixa e o seu piercing no umbigo: entra no carro amiga, nós vamos pros anos 2000!",,,,,,,,,,,,,,,,,,,,,,,,,,,,,,,,,,,,,,,,,,,,,,,,,,,,,"2025-05-29T20:56:48.000Z","50","533"
"1680800949","7218985001667448110",,,,,,,"2600000","0","eat dinner with me while i sip on some @bloomnu and give you life updates #bloompartner #mukbang #dinner #grandma ","en","13800","sip-on",,,"",,,,"bloompartner",,,,"mukbang",,,,"dinner",,,,"grandma",,,,,,,,,,,,,,,,,,,,,,,,,,,,,,,,,,,,,,,,,,,,,,,,,,,,,,,,,,,,,,,,,,,,,,,,,,,,,,,,,,,,,,,,,,,,,,,,,,,,,,,,,,,,,,,,,,,,,,,,,,"2023-04-06T17:09:09.000Z","4563","26069"
"1677176864","7203419746413317418",,,,,,,"196400","0","Love sipping ","en","35","sip-on",,,,,,,,,,,,,,,,,,,,,,,,,,,,,,,,,,,,,,,,,,,,,,,,,,,,,,,,,,,,,,,,,,,,,,,,,,,,,,,,,,,,,,,,,,,,,,,,,,,,,,,,,,,,,,,,,,,,,,,,,,,,,,,,,,,,,,,,,,,,,"2023-02-23T18:27:44.000Z","30","269"
"1734435807","7449344901067607326",,,,,,,"623200","0","I can’t put it down #putdownthecup #fyp #viral #funny ","en","5772","sip-on","","7050520281307152390","putdownthecup","","","229207","fyp","","https://p16-common-sign.tiktokcdn-us.com/musically-maliva-obj/8e4d8102460a60717c89acc2d6367a16.png~tplv-tiktokx-origin.image?dr=9627&x-expires=1773136800&x-signature=xIwjlnYSARVs96JwqNAhHgV5b%2BQ%3D&t=4d5b0474&ps=13740610&shp=81f88b70&shcp=9b759fb9&idc=useast5","20884","viral","¡descubre las canciones en tendencia! 🔥➡️ https://bit.ly/TendenciasTikTok_LATAM","","5424","funny","What's so #Funny?",,,,,,,,,,,,,,,,,,,,,,,,,,,,,,,,,,,,,,,,,,,,,,,,,,,,,,,,,,,,,,,,,,,,,,,,,,,,,,,,,,,,,,,,,,,,,,,,,,,,,,,,,,,,,,,,,,,,,,,,,,,,,"2024-12-17T11:43:27.000Z","324","4108"
"1734568966","7449916961733135662",,,,,,,"1225","0","Sip on.. sip on..#fyp ","en","0","sip-on","","229207","fyp","",,,,,,,,,,,,,,,,,,,,,,,,,,,,,,,,,,,,,,,,,,,,,,,,,,,,,,,,,,,,,,,,,,,,,,,,,,,,,,,,,,,,,,,,,,,,,,,,,,,,,,,,,,,,,,,,,,,,,,,,,,,,,,,,,,,,,,,,,"2024-12-19T00:42:46.000Z","7","16"
"1733342027","7444647274786901279",,,,,,,"2000000","0","A Gazan resident captured a moment of relative normalcy, showing a man leaning out of the window of a ruined building and casually sipping on a drink. #gaza #news #abcnews","en","12200","sip-on","","14424","gaza","","","76414","news","","","7999968","abcnews","",,,,,,,,,,,,,,,,,,,,,,,,,,,,,,,,,,,,,,,,,,,,,,,,,,,,,,,,,,,,,,,,,,,,,,,,,,,,,,,,,,,,,,,,,,,,,,,,,,,,,,,,,,,,,,,,,,,,,,,,,,,,,,,,,"2024-12-04T19:53:47.000Z","5345","17096"
"1718224347","7379717319209127176","4600 N Humboldt St, Denver, CO 80216, USA","Denver","11788668","6252001","22535796703632280","Denver Coliseum","32000","0","Sip On This out this Friday on @Monstercat 🧃😤 #electronicmusic #dubstep #newmusicfridays #newmusic ","en","286","sip-on",,,"",,"https://p16-common-sign.tiktokcdn-us.com/tiktok-obj/056317e2854fb8592f49dabb8fcff872.jpeg~tplv-tiktokx-origin.image?dr=9627&x-expires=1773136800&x-signature=unPilin50boRzbFyPEh%2FDMfIPKA%3D&t=4d5b0474&ps=13740610&shp=81f88b70&shcp=9b759fb9&idc=useast5","217145","electronicmusic","The home of Dance &amp; Electronic.","","968","dubstep","","","1604026611300357","newmusicfridays","","https://p16-common-sign.tiktokcdn-us.com/musically-maliva-obj/4ce5508a8a28a5116186ab5baefa61d4.png~tplv-tiktokx-origin.image?dr=9627&x-expires=1773136800&x-signature=BAS3%2BWR7dYAGYsYDQ6EM7sz03OI%3D&t=4d5b0474&ps=13740610&shp=81f88b70&shcp=9b759fb9&idc=useast5","31075","newmusic","Discover #NewMusic from your favorite artists!",,,,,,,,,,,,,,,,,,,,,,,,,,,,,,,,,,,,,,,,,,,,,,,,,,,,,,,,,,,,,,,,,,,,,,,,,,,,,,,,,,,,,,,,,,,,,,,,,,,,,,,,,,,,,,,,,,,,,,,,,"2024-06-12T20:32:27.000Z","87","269"
"1756760678","7545229522543725879",,,,,,,"6417","0","Some of my favorites from @Sip On 1st 🫶","en","24","sip-on",,,"",,,,,,,,,,,,,,,,,,,,,,,,,,,,,,,,,,,,,,,,,,,,,,,,,,,,,,,,,,,,,,,,,,,,,,,,,,,,,,,,,,,,,,,,,,,,,,,,,,,,,,,,,,,,,,,,,,,,,,,,,,,,,,,,,,,,,,,,,,"2025-09-01T21:04:38.000Z","28","16"
"1630551916","7003167151481703707",,,,,,,"194900","0","Reply to @bbrainer27 For other inquiries, please DM me on IG #foryou #foryoupage #fyp","en","36","nag puot na ilong",,,"",,"","42164","foryou","","","88764338","foryoupage","","","229207","fyp","",,,,,,,,,,,,,,,,,,,,,,,,,,,,,,,,,,,,,,,,,,,,,,,,,,,,,,,,,,,,,,,,,,,,,,,,,,,,,,,,,,,,,,,,,,,,,,,,,,,,,,,,,,,,,,,,,,,,,,,,,,,,,"2021-09-02T03:05:16.000Z","97","180"
"1749048849","7512107586393492754",,,,,,,"72100","0","Matangos na ilong ba? 
Kung nagbabalak ka mag pa-HIKO panuorin mo muna ito. 

Maraming salamat sa @temploradermatologica 
and kay Dra. Iris for another goal achieved this 2025!❤️

#HIKO #Noselift #Nosethread #Temploratouch #temploradermatologica #fypシ゚ #foryou #foryoupage #tiktok ","tl","119","nag puot na ilong",,,"",,"","16670902","hiko","","","1592895457192965","noselift","","","1646300139794438","nosethread","","","1680037884476417","temploratouch","","","1655442619516930","temploradermatologica","","","1641236262278149","fypシ゚","","","42164","foryou","","","88764338","foryoupage","","","23428","tiktok","",,,,,,,,,,,,,,,,,,,,,,,,,,,,,,,,,,,,,,,,,,,,,,,,,,,,,,,,,,,,,,,,,,,,,,,,,,,,,,,,,,,,,,,,,,,,,,,,,,,,,"2025-06-04T14:54:09.000Z","146","254"
"1741945632","7481599514722274576",,,,,,,"103100","0","Pindutin ang iyong ilong gamit ang iyong mga kamay!","","127","nag puot na ilong",,,,,,,,,,,,,,,,,,,,,,,,,,,,,,,,,,,,,,,,,,,,,,,,,,,,,,,,,,,,,,,,,,,,,,,,,,,,,,,,,,,,,,,,,,,,,,,,,,,,,,,,,,,,,,,,,,,,,,,,,,,,,,,,,,,,,,,,,,,,,"2025-03-14T09:47:12.000Z","57","195"
"1746028824","7499136432653733166",,,,,,,"11100","0","Guys eto pala yung itsura ng nose ko week before ako lumipad sa pinas para ipa ayos yung infected ko na ilong as you can see guys sobrang maga na sya pag dating ko sa pinas tinangal agad yung implant ko at Ang daming pus natangal I’m so grateful everyday sa doctor ko na umayos sa ilong ko hanggang ngayon at wala akong naging problema happy 8months post op #rhinoplasty #fyp #trend #sythedifference #docmarcsy ","tl","10","nag puot na ilong","","19836034","rhinoplasty","","","229207","fyp","","","44895","trend","","","7378397892001660933","sythedifference","","","7378398969010847749","docmarcsy","",,,,,,,,,,,,,,,,,,,,,,,,,,,,,,,,,,,,,,,,,,,,,,,,,,,,,,,,,,,,,,,,,,,,,,,,,,,,,,,,,,,,,,,,,,,,,,,,,,,,,,,,,,,,,,,,,,,,,,,,,"2025-04-30T16:00:24.000Z","12","7"
"1699368080","7298730312345980166",,,,,,,"51800","0","Replying to @J Sana’s flawless appearance has captivated audiences worldwide. 🌈 But did she have any help from cosmetic surgery? Cosmetic surgeon Doc Shin gives his professional opinion. Please remember that the views expressed in this video are solely those of the cosmetic surgeon.

Book your appointment and choose Medical Grade Art 🎨 🔭

#akiyama #AkiyamaAesthetics #AkiyamaSiblings #nosejob #Rhinoplasty #NaturalResults #Laguna #SanPabloLaguna #Philippines #fyp #blepharoplasty #breastaugmentation #beforeandafter #rhinoplastyphilippines","en","29","nag puot na ilong",,,"",,"","34349253","akiyama","","","1703512585867265","akiyamaaesthetics","","","7118364420580835354","akiyamasiblings","","","600496","nosejob","","","19836034","rhinoplasty","","","1646961967201285","naturalresults","","","106485","laguna","","","67629149","sanpablolaguna","","","86497","philippines","","","229207","fyp","","","45038670","blepharoplasty","","","1609022687763461","breastaugmentation","","https://p16-common-sign.tiktokcdn-us.com/musically-maliva-obj/e72db0db5c61a5f7fd32213365137a4e~tplv-tiktokx-origin.image?dr=9627&x-expires=1773136800&x-signature=TGIUJuzoHapwQazgfDAkwwAH1Ug%3D&t=4d5b0474&ps=13740610&shp=81f88b70&shcp=9b759fb9&idc=useast5","94663","beforeandafter","Show us those before and afters.","","1670402246418453","rhinoplastyphilippines","",,,,,,,,,,,,,,,,,,,,,,,,,,,,,,,,,,,,,,,,,,,,,,,,,,,,,,,,,,,,,,,,,,,,,,,,,,,,,,,,,"2023-11-07T14:41:20.000Z","8","111"
"1757253190","7547344833321520401",,,,,,,"84700","0","awtz.Pina retokeng ilong Gone wrong
#pinaretokengilong 
#babaenagparetoke 
#gonewrong ","en","60","nag puot na ilong","","7236677716651540485","pinaretokengilong","","","7547344751264006161","babaenagparetoke","","","59538","gonewrong","",,,,,,,,,,,,,,,,,,,,,,,,,,,,,,,,,,,,,,,,,,,,,,,,,,,,,,,,,,,,,,,,,,,,,,,,,,,,,,,,,,,,,,,,,,,,,,,,,,,,,,,,,,,,,,,,,,,,,,,,,,,,,,,,,"2025-09-07T13:53:10.000Z","35","26"
"1747008758","7503345434379701512",,,,,,,"102300","0","Alam mo ba? Namamaga ang ilong ng buntis dahil sa hormonal changes at pagtaas ng blood volume. Normal yan. Hindi kabastusan, kundi kabuntisan. Kung may pumuna sa ilong mo, lalo na si Byenan. Ilong lang yan ang lumaki, di tulad ng ego niya na masyado ring namamaga. #AlamMoBa #BuntisFacts #MidwifeVsByenan #PregnancyGlow #LakingIlongLakingBaby #Buntis101 #MidwifeExplains #SavageMidwife #BardagulanSaPrenatal #NormalSaBuntis #fyp ","tl","130","nag puot na ilong","","9157274","alammoba","","","7493772985862455313","buntisfacts","","","7500881268901412871","midwifevsbyenan","","","10846971","pregnancyglow","","","7503344771696427025","lakingilonglakingbaby","","","1660647896640514","buntis101","","","7294633722681393184","midwifeexplains","","","7500880091178598408","savagemidwife","","","7503344802214346769","bardagulansaprenatal","","","7503344718789476368","normalsabuntis","","","229207","fyp","",,,,,,,,,,,,,,,,,,,,,,,,,,,,,,,,,,,,,,,,,,,,,,,,,,,,,,,,,,,,,,,,,,,,,,,,,,,,,,,,,,,,,,,,,,,,,,,,,"2025-05-12T00:12:38.000Z","72","71"
"1741630051","7480244089313692950","Manila, Metro Manila, Philippines","","1692192","1694008","22535865203404389","Quezon City","31800","0","@Dr. Ruthlyn Pecolera-Salvosa 
Love her so much! ❤️ still healing after one month🥰

#rps #rpsaesthetics #rubymary #rhinoplasty #drruthlynpecolerasalvosa #facecard #nosejobcheck #newnose #filipinagirl🇵🇭 #contentcreator #beauty #lifestyle #fyp #philippines #british ","en","32","nag puot na ilong",,,"",,"","3419879","rps","We love Rising Pune Supergiant😘
Show your passion with the theme song 'Dum Ka Naya Rang'🎵","","7294965108940718085","rpsaesthetics","","","1694220051445766","rubymary","","","19836034","rhinoplasty","","","7294965850670792709","drruthlynpecolerasalvosa","","","33267411","facecard","","","1640271569207302","nosejobcheck","","","28563612","newnose","","","1626542319880194","filipinagirl🇵🇭","","","21423845","contentcreator","","","5393","beauty","Share your best makeup tips and get the latest in #beauty 💄💅🏾","https://p16-common-sign.tiktokcdn-us.com/musically-maliva-obj/298c50e14655a4cd05cb11074d151493~tplv-tiktokx-origin.image?dr=9627&x-expires=1773136800&x-signature=bYcI4XKx3FXlhlq19xgDYTubwac%3D&t=4d5b0474&ps=13740610&shp=81f88b70&shcp=9b759fb9&idc=useast5","5841","lifestyle","Whether you're all about wellness or just living your best life, how are you living your dream #Lifestyle?","","229207","fyp","","","86497","philippines","","","105147","british","",,,,,,,,,,,,,,,,,,,,,,,,,,,,,,,,,,,,,,,,,,,,,,,,,,,,,,,,,,,,,,,,,,,,,,,,,,,,,"2025-03-10T18:07:31.000Z","14","79"
"1739668427","7471818857033026862",,,,,,,"850300","0","2 years post op and I couldn’t be happier #rhinoplastyturkey #ethnicrhinoplasty #asianrhinoplasty #nosejob ","en","2788","nag puot na ilong","","1683907955815426","rhinoplastyturkey","","","1668963073264646","ethnicrhinoplasty","","","1661739070859269","asianrhinoplasty","","","600496","nosejob","",,,,,,,,,,,,,,,,,,,,,,,,,,,,,,,,,,,,,,,,,,,,,,,,,,,,,,,,,,,,,,,,,,,,,,,,,,,,,,,,,,,,,,,,,,,,,,,,,,,,,,,,,,,,,,,,,,,,,,,,,,,,,"2025-02-16T01:13:47.000Z","261","11999"
"1764429720","7578167926931459336",,,,,,,"136","0","","un","0","nag puot na ilong",,,,,,,,,,,,,,,,,,,,,,,,,,,,,,,,,,,,,,,,,,,,,,,,,,,,,,,,,,,,,,,,,,,,,,,,,,,,,,,,,,,,,,,,,,,,,,,,,,,,,,,,,,,,,,,,,,,,,,,,,,,,,,,,,,,,,,,,,,,,,"2025-11-29T15:22:00.000Z","0","1"
"1757156614","7546930180334308626",,,,,,,"727900","0","Babae nasira yung ilong matapos magparetoke! Kaya pumunta kay tulfo
#raffytulfoinaction #fyp ","tl","2300","nag puot na ilong","","1611460734576642","raffytulfoinaction","","","229207","fyp","",,,,,,,,,,,,,,,,,,,,,,,,,,,,,,,,,,,,,,,,,,,,,,,,,,,,,,,,,,,,,,,,,,,,,,,,,,,,,,,,,,,,,,,,,,,,,,,,,,,,,,,,,,,,,,,,,,,,,,,,,,,,,,,,,,,,,"2025-09-06T11:03:34.000Z","844","1009"
"1755784240","7541035874931182866",,,,,,,"43800","0","A rapid fire of all the questions I got about my nose!

👃 done by @Dr. Anne Caoile_ELYSE @Elyse Aesthetics 

Inspiration was @Mika Yllana Hahaha 😍 

Also tinamad na ako maglagay ng text in the middle, sorry 😅🤭 #rhinoplasty #rhinoplastyph #nosejob #elyseaesthetics ","en","198","nag puot na ilong",,,"",,,,"",,,,"",,"","19836034","rhinoplasty","","","1682346664835073","rhinoplastyph","","","600496","nosejob","","","1699631298546690","elyseaesthetics","",,,,,,,,,,,,,,,,,,,,,,,,,,,,,,,,,,,,,,,,,,,,,,,,,,,,,,,,,,,,,,,,,,,,,,,,,,,,,,,,,,,,,,,,,,,,,,,,,,,,,,,,,,,,,,,,,"2025-08-21T13:50:40.000Z","55","582"
"1770301616","7603387526673403154",,,,,,,"170800","0","","un","28400","murag gi tugnaw",,,,,,,,,,,,,,,,,,,,,,,,,,,,,,,,,,,,,,,,,,,,,,,,,,,,,,,,,,,,,,,,,,,,,,,,,,,,,,,,,,,,,,,,,,,,,,,,,,,,,,,,,,,,,,,,,,,,,,,,,,,,,,,,,,,,,,,,,,,,,"2026-02-05T14:26:56.000Z","14","821"
"1761897429","7567291814399593736",,,,,,,"4925","0","murag tugnaw radaw kaayu gamay #fyp #bsbiology #content ","hi","5","murag gi tugnaw","","229207","fyp","","","1619939280046082","bsbiology","","","153587","content","",,,,,,,,,,,,,,,,,,,,,,,,,,,,,,,,,,,,,,,,,,,,,,,,,,,,,,,,,,,,,,,,,,,,,,,,,,,,,,,,,,,,,,,,,,,,,,,,,,,,,,,,,,,,,,,,,,,,,,,,,,,,,,,,,"2025-10-31T07:57:09.000Z","1","1"
"1771728036","7609513953911196936",,,,,,,"113","0","pasingot sa Kay murag tugnaw jud kaayo 🌧️🥶","hi","3","murag gi tugnaw",,,,,,,,,,,,,,,,,,,,,,,,,,,,,,,,,,,,,,,,,,,,,,,,,,,,,,,,,,,,,,,,,,,,,,,,,,,,,,,,,,,,,,,,,,,,,,,,,,,,,,,,,,,,,,,,,,,,,,,,,,,,,,,,,,,,,,,,,,,,,"2026-02-22T02:40:36.000Z","2","3"
"1769907152","7601693308703788309","Carmen, Bohol, Philippines","Carmen","1718341","1694008","42203860641608103","Chocolate Hill","180","0","murag wa gi tugnaw #fyp ","hi","0","murag gi tugnaw","","229207","fyp","",,,,,,,,,,,,,,,,,,,,,,,,,,,,,,,,,,,,,,,,,,,,,,,,,,,,,,,,,,,,,,,,,,,,,,,,,,,,,,,,,,,,,,,,,,,,,,,,,,,,,,,,,,,,,,,,,,,,,,,,,,,,,,,,,,,,,,,,,"2026-02-01T00:52:32.000Z","0","0"
"1762177597","7568495122967465237",,,,,,,"705","0","murag wa gi tugnaw🥶
#makeitviral #tiktok #fyp ","hi","0","murag gi tugnaw","","186970","makeitviral","","","23428","tiktok","","","229207","fyp","",,,,,,,,,,,,,,,,,,,,,,,,,,,,,,,,,,,,,,,,,,,,,,,,,,,,,,,,,,,,,,,,,,,,,,,,,,,,,,,,,,,,,,,,,,,,,,,,,,,,,,,,,,,,,,,,,,,,,,,,,,,,,,,,,"2025-11-03T13:46:37.000Z","1","5"
"1771752222","7609617806614678804",,,,,,,"3026","0","","un","185","murag gi tugnaw",,,,,,,,,,,,,,,,,,,,,,,,,,,,,,,,,,,,,,,,,,,,,,,,,,,,,,,,,,,,,,,,,,,,,,,,,,,,,,,,,,,,,,,,,,,,,,,,,,,,,,,,,,,,,,,,,,,,,,,,,,,,,,,,,,,,,,,,,,,,,"2026-02-22T09:23:42.000Z","4","2"
"1771807313","7609854405839736084",,,,,,,"446","0","mingaw ko nimo 😫 #fypシ゚ #fypage #goodvibes #fypシ゚viral #fyppppppppppppppppppppppp ","tl","5","murag gi tugnaw","","1641236262278149","fypシ゚","","","1604302285252613","fypage","","","13497","goodvibes","Thumbs up to feel those #GoodVibes 👍👍👍","","1664119477821441","fypシ゚viral","","","1649139584636934","fyppppppppppppppppppppppp","",,,,,,,,,,,,,,,,,,,,,,,,,,,,,,,,,,,,,,,,,,,,,,,,,,,,,,,,,,,,,,,,,,,,,,,,,,,,,,,,,,,,,,,,,,,,,,,,,,,,,,,,,,,,,,,,,,,,,,,,,"2026-02-23T00:41:53.000Z","1","1"
"1669887965","7172114165945879810",,,,,,,"111400","0","mura wa gi tugnaw ang t@ler oy🤣 Bigo live 12-1pm, id: abbygailmedrina, link in bio to dl ","en","19","murag gi tugnaw",,,,,,,,,,,,,,,,,,,,,,,,,,,,,,,,,,,,,,,,,,,,,,,,,,,,,,,,,,,,,,,,,,,,,,,,,,,,,,,,,,,,,,,,,,,,,,,,,,,,,,,,,,,,,,,,,,,,,,,,,,,,,,,,,,,,,,,,,,,,,"2022-12-01T09:46:05.000Z","28","91"
"1756593653","7544512240913878290",,,,,,,"812","0","#fypシ ","un","16","murag gi tugnaw","","1637342470396934","fypシ","",,,,,,,,,,,,,,,,,,,,,,,,,,,,,,,,,,,,,,,,,,,,,,,,,,,,,,,,,,,,,,,,,,,,,,,,,,,,,,,,,,,,,,,,,,,,,,,,,,,,,,,,,,,,,,,,,,,,,,,,,,,,,,,,,,,,,,,,,"2025-08-30T22:40:53.000Z","1","2"
"1769571157","7600250213936139541","Misamis Oriental, Northern Mindanao, Philippines","Cagayan De Oro City","1721080","1694008","21568226257416403","Xavier University Maria Reyna Hospital","224","0","Permi kapoy, permi tugnaw and mubo og calcium. 

Jeremiah 30:17 

Still praying earnestly for my full healing and recovery from this illness ❤️‍🩹.
#fyp #foryou #PapillaryThyroidCarcinoma #MyJourney #RAItherapy ","en","0","murag gi tugnaw",,"229207","fyp",,,"42164","foryou",,,,"PapillaryThyroidCarcinoma",,,,"MyJourney",,,,"RAItherapy",,,,,,,,,,,,,,,,,,,,,,,,,,,,,,,,,,,,,,,,,,,,,,,,,,,,,,,,,,,,,,,,,,,,,,,,,,,,,,,,,,,,,,,,,,,,,,,,,,,,,,,,,,,,,,,,,,,,,,,,,,"2026-01-28T03:32:37.000Z","4","0"
"1768730604","7596640080006008082",,,,,,,"2924","0","Kuyos Ang tanan sa katugnaw
#palambing #highlight #viraltiktok #followers #foryou ","hi","3","murag gi tugnaw","","1604365071473666","palambing","","","87545","highlight","","","1592528792523778","viraltiktok","","","18364","followers","","","42164","foryou","",,,,,,,,,,,,,,,,,,,,,,,,,,,,,,,,,,,,,,,,,,,,,,,,,,,,,,,,,,,,,,,,,,,,,,,,,,,,,,,,,,,,,,,,,,,,,,,,,,,,,,,,,,,,,,,,,,,,,,,,,"2026-01-18T10:03:24.000Z","124","15"
"1752100119","7525212678143413560",,,,,,,"119700","0","","un","252","murag gi tugnaw",,,,,,,,,,,,,,,,,,,,,,,,,,,,,,,,,,,,,,,,,,,,,,,,,,,,,,,,,,,,,,,,,,,,,,,,,,,,,,,,,,,,,,,,,,,,,,,,,,,,,,,,,,,,,,,,,,,,,,,,,,,,,,,,,,,,,,,,,,,,,"2025-07-09T22:28:39.000Z","201","1044"
"1670291460","7173846970220563713",,,,,,,"4740","0","Mandatory UBO 😅 #UBO ","en","13","ubo","","16699672","ubo","",,,,,,,,,,,,,,,,,,,,,,,,,,,,,,,,,,,,,,,,,,,,,,,,,,,,,,,,,,,,,,,,,,,,,,,,,,,,,,,,,,,,,,,,,,,,,,,,,,,,,,,,,,,,,,,,,,,,,,,,,,,,,,,,,,,,,,,,,"2022-12-06T01:51:00.000Z","27","7"
"1732910394","7442793436966817079",,,,,,,"11000","0","¡Elegir la UBO nunca ha sido tan fácil! 🚀 Pero si aún necesitas más información, te invitamos a ver este video donde los estudiantes te cuentan el detalle por qué la Universidad Bernardo O´Higgins es una gran opción para desarrollarte académicamente en las carreras de Nutrición 🍎 y Derecho⚖️.
✅Prácticas desde primer año.
✅Áreas de simulación para que puedas interiorizarte y acercarte aún más a tu carrera.
✅Un equipo de profesionales que te apoyarán y acompañarán en cada paso.
¡Vive la evolución universitaria UBO! ⚡
#DerechoUBO #NutricionUBO #UBO #Admisión2025 #FuturoAcadémico #EvoluciónUniversitariaUBO #Gratuidad","es","12","ubo","","7442792901261656119","derechoubo","","","7442792182957735992","nutricionubo","","","16699672","ubo","","","7255811059443990534","admisión2025","","","7112465079114661893","futuroacadémico","","","7408359631437660166","evoluciónuniversitariaubo","","","1655745580098566","gratuidad","",,,,,,,,,,,,,,,,,,,,,,,,,,,,,,,,,,,,,,,,,,,,,,,,,,,,,,,,,,,,,,,,,,,,,,,,,,,,,,,,,,,,,,,,,,,,,,,,,,,,,,,,,,,,,,,,,"2024-11-29T19:59:54.000Z","1","16"
"1772620060","7613345146318474516",,,,,,,"51100","0","Data UBO sudah kamu bisa lihat di Company Profile Stockbit.

Update Stockbit kamu ke versi terbaru ya! #stockbit #fiturstockbit #UBOsaham ","id","121","ubo","","1670385137183745","stockbit","","","7247815058242142214","fiturstockbit","","","7613343388008054804","ubosaham","",,,,,,,,,,,,,,,,,,,,,,,,,,,,,,,,,,,,,,,,,,,,,,,,,,,,,,,,,,,,,,,,,,,,,,,,,,,,,,,,,,,,,,,,,,,,,,,,,,,,,,,,,,,,,,,,,,,,,,,,,,,,,,,,,"2026-03-04T10:27:40.000Z","41","531"
"1712646544","7355760882883759365",,,,,,,"257500","0","effective talaga sa ubo at sipon ng mga bata. must have mga mommies! 🫶🏻 #kamayninanay #massageoil #vaporrub #ubo #sipon #baby ","tl","172","ubo","","1684418571287554","kamayninanay","","","49398842","massageoil","","","496043","vaporrub","","","16699672","ubo","","","3388792","sipon","","https://p16-common-sign.tiktokcdn-eu.com/tiktok-obj/1617014536729602.JPEG~tplv-tiktokx-origin.image?dr=10386&x-expires=1773136800&x-signature=25sPnM3f7Guz1MsjDwrf%2BSGFWjk%3D&t=4d5b0474&ps=13740610&shp=81f88b70&shcp=9b759fb9&idc=no1a","5850","baby","",,,,,,,,,,,,,,,,,,,,,,,,,,,,,,,,,,,,,,,,,,,,,,,,,,,,,,,,,,,,,,,,,,,,,,,,,,,,,,,,,,,,,,,,,,,,,,,,,,,,,,,,,,,,,,,,,,,,,"2024-04-09T07:09:04.000Z","51","234"
"1769066935","7598084261106683153",,,,,,,"227800","0","Ambroxol importanteng gamot sa ubo #HealthAwareness #coughremedy #highlights ","tl","791","ubo","","1592991514200070","healthawareness","","","1648255764667393","coughremedy","","","92207","highlights","",,,,,,,,,,,,,,,,,,,,,,,,,,,,,,,,,,,,,,,,,,,,,,,,,,,,,,,,,,,,,,,,,,,,,,,,,,,,,,,,,,,,,,,,,,,,,,,,,,,,,,,,,,,,,,,,,,,,,,,,,,,,,,,,,"2026-01-22T07:28:55.000Z","118","977"
"1751447338","7522408970581986573",,,,,,,"473","0","#watch #promomakanliburan #ubo ","un","1","ubo","","9208","watch","","https://p19-common-sign.tiktokcdn-eu.com/tiktok-obj/004eb95360f67b1083e9c5893457e47e.png~tplv-tiktokx-origin.image?dr=10386&x-expires=1773136800&x-signature=SNtdA%2Fz2g%2BzQ3EWYwoOoMwkESzo%3D&t=4d5b0474&ps=13740610&shp=81f88b70&shcp=9b759fb9&idc=no1a","7506787290829488133","promomakanliburan","Rayakan Gajian Oktober lebih hemat! Diskon s.d 60% untuk kuliner favoritmu!🍕🍔🍣
Cari #promomakangajian untuk penawaran special dari 24–29 Okt 🌙
Gajian jangan cuma nabung, waktunya makan puas! Coba menu trending sebelum habis! 🥟🍰🍩🥤🌟","","16699672","ubo","",,,,,,,,,,,,,,,,,,,,,,,,,,,,,,,,,,,,,,,,,,,,,,,,,,,,,,,,,,,,,,,,,,,,,,,,,,,,,,,,,,,,,,,,,,,,,,,,,,,,,,,,,,,,,,,,,,,,,,,,,,,,,,,,,"2025-07-02T09:08:58.000Z","3","1"
"1750791346","7519591553258622230",,,,,,,"14000","0","Op Curaçao is het UBO-register verplicht voor élke onderneming en stichting. Maar wat is het precies? En wat gebeurt er als je niets doet? ❌ 👉 Registreer nu via: https://www.curacaochamberofcommerce.com/registry-services/ubo-registry/ #UBO #curaçao #kvk #UBOregister #dolfijnfm #willemstad","nl","81","ubo","","16699672","ubo","","","82851682","curaçao","","","7914884","kvk","","","7267110113326923808","uboregister","","","1667141084971174","dolfijnfm","","","34068426","willemstad","",,,,,,,,,,,,,,,,,,,,,,,,,,,,,,,,,,,,,,,,,,,,,,,,,,,,,,,,,,,,,,,,,,,,,,,,,,,,,,,,,,,,,,,,,,,,,,,,,,,,,,,,,,,,,,,,,,,,,"2025-06-24T18:55:46.000Z","2","45"
"1769227089","7598772181346094353",,,,,,,"293600","0","Ubooo","zu","1697","ubo",,,,,,,,,,,,,,,,,,,,,,,,,,,,,,,,,,,,,,,,,,,,,,,,,,,,,,,,,,,,,,,,,,,,,,,,,,,,,,,,,,,,,,,,,,,,,,,,,,,,,,,,,,,,,,,,,,,,,,,,,,,,,,,,,,,,,,,,,,,,,"2026-01-24T03:58:09.000Z","125","1328"
"1772605501","7613282615788932359",,,,,,,"10200","0","Nakakakilig ba ubo haha","tl","2","ubo",,,,,,,,,,,,,,,,,,,,,,,,,,,,,,,,,,,,,,,,,,,,,,,,,,,,,,,,,,,,,,,,,,,,,,,,,,,,,,,,,,,,,,,,,,,,,,,,,,,,,,,,,,,,,,,,,,,,,,,,,,,,,,,,,,,,,,,,,,,,,"2026-03-04T06:25:01.000Z","63","57"
"1754554693","7535755009334512904",,,,,,,"261700","0","#fypph ","un","3008","ubo","","1632581882862593","fypph","",,,,,,,,,,,,,,,,,,,,,,,,,,,,,,,,,,,,,,,,,,,,,,,,,,,,,,,,,,,,,,,,,,,,,,,,,,,,,,,,,,,,,,,,,,,,,,,,,,,,,,,,,,,,,,,,,,,,,,,,,,,,,,,,,,,,,,,,,"2025-08-07T08:18:13.000Z","110","1463"
"1734798684","7450903583991598341",,,,,,,"1768","0","🌍 ¡La experiencia internacional cobra vida en la UBO!
Si te preguntaste cómo es estudiar en la Universidad Bernardo O'Higgins siendo un estudiante extranjero, te invitamos a ver este reel donde Florian y Hugo, dos estudiantes franceses 🇫🇷 que eligieron nuestra universidad para vivir su intercambio académico te comparten sus vivencias en esta experiencia única de aprendizaje, cultura y nuevas amistades.

👥Recuerda que siendo parte de nuestra Universidad también podrás vivir esta experiencia a través de los más de 140 convenios en distintas instituciones de América, Europa y norte de África.
¡Sé parte de la #EvolucionUBO!

#uboevolucionuniversitaria #Admision2025 #gratuidad #universidad #intercambio","es","6","ubo","","7434915457637253175","evolucionubo","","","7322184854656385029","uboevolucionuniversitaria","","","7291148073865707525","admision2025","","","1655745580098566","gratuidad","","","796126","universidad","","","694480","intercambio","",,,,,,,,,,,,,,,,,,,,,,,,,,,,,,,,,,,,,,,,,,,,,,,,,,,,,,,,,,,,,,,,,,,,,,,,,,,,,,,,,,,,,,,,,,,,,,,,,,,,,,,,,,,,,,,,,,,,,"2024-12-21T16:31:24.000Z","0","0"
"1731145152","7435211748065529143","3 Rue Matthieu Gallou, 29200 Brest, France","Brest","3030300","3017382","21568226356427216","Université de Bretagne Occidentale","1394","0","No period poverty over here 🫶🏾
#endperiodpoverty 
#bookbox #studentlunch 
#researchexchangestudent 
#southafricaninfrance🇿🇦🇫🇷 ","en","0","ubo","","1609198486868998","endperiodpoverty","","","77012349","bookbox","","","1673029754238981","studentlunch","","","7119942908630794246","researchexchangestudent","","","7364943517354819592","southafricaninfrance🇿🇦🇫🇷","",,,,,,,,,,,,,,,,,,,,,,,,,,,,,,,,,,,,,,,,,,,,,,,,,,,,,,,,,,,,,,,,,,,,,,,,,,,,,,,,,,,,,,,,,,,,,,,,,,,,,,,,,,,,,,,,,,,,,,,,,"2024-11-09T09:39:12.000Z","3","1"
"1697890321","7292383392006507782",,,,,,,"91800","0","Balay ni Mayang #lyrics #song #balaynimayang #fyp #viral #xycb #fyp ","lo","501","sakit ang dughan/nagsakit ang dughan","","22047","lyrics","Here's your chance to sing along.🎵🎵","","5994","song","","","3764098","balaynimayang","","","229207","fyp","","https://p16-sign-va.tiktokcdn.com/musically-maliva-obj/8e4d8102460a60717c89acc2d6367a16.png~tplv-tiktokx-origin.image?dr=14566&x-expires=1773136800&x-signature=w1%2F8yVlR4XEl3nrDGLO5vJVjUGk%3D&t=4d5b0474&ps=13740610&shp=81f88b70&shcp=9b759fb9&idc=sg1","20884","viral","¡descubre las canciones en tendencia! 🔥➡️ https://bit.ly/TendenciasTikTok_LATAM","","10831084","xycb","","","229207","fyp","",,,,,,,,,,,,,,,,,,,,,,,,,,,,,,,,,,,,,,,,,,,,,,,,,,,,,,,,,,,,,,,,,,,,,,,,,,,,,,,,,,,,,,,,,,,,,,,,,,,,,,,,,,,,,,,,,"2023-10-21T12:12:01.000Z","29","524"
"1757862779","7549963127513795847",,,,,,,"2267","0","Sge ra nak paayo rako dri 🥹","ms","0","sakit ang dughan/nagsakit ang dughan",,,,,,,,,,,,,,,,,,,,,,,,,,,,,,,,,,,,,,,,,,,,,,,,,,,,,,,,,,,,,,,,,,,,,,,,,,,,,,,,,,,,,,,,,,,,,,,,,,,,,,,,,,,,,,,,,,,,,,,,,,,,,,,,,,,,,,,,,,,,,"2025-09-14T15:12:59.000Z","5","3"
"1734417466","7449266272312839431",,,,,,,"70800","0","Sugid ni Maria - Joseph Gara #sugidnimaria #josephgara #fypシ゚ #vispop ","en","143","sakit ang dughan/nagsakit ang dughan","","1684244745160706","sugidnimaria","","","1668377118012422","josephgara","","","1641236262278149","fypシ゚","","","3397347","vispop","",,,,,,,,,,,,,,,,,,,,,,,,,,,,,,,,,,,,,,,,,,,,,,,,,,,,,,,,,,,,,,,,,,,,,,,,,,,,,,,,,,,,,,,,,,,,,,,,,,,,,,,,,,,,,,,,,,,,,,,,,,,,,"2024-12-17T06:37:46.000Z","85","448"
"1754586638","7535892217127259414",,,,,,,"3000000","0","Intercostal Neuralgia.. #intercostalneuralgia #chest #pain #healthtips #medicine #symptoms #hospital ","en","5443","sakit ang dughan/nagsakit ang dughan","","1655551607805957","intercostalneuralgia","","","40700","chest","","","8004","pain","","https://p16-sign-va.tiktokcdn.com/musically-maliva-obj/18ce88aa768350f8576769e10349e446~tplv-tiktokx-origin.image?dr=14566&x-expires=1773136800&x-signature=KVCy1Q6ZNp4j%2BS2O6A71beVnlPU%3D&t=4d5b0474&ps=13740610&shp=81f88b70&shcp=9b759fb9&idc=sg1","2262943","healthtips","What's your secret to staying fit? Share tips that have helped you stay healthy!","","25675","medicine","","","317457","symptoms","","","39210","hospital","",,,,,,,,,,,,,,,,,,,,,,,,,,,,,,,,,,,,,,,,,,,,,,,,,,,,,,,,,,,,,,,,,,,,,,,,,,,,,,,,,,,,,,,,,,,,,,,,,,,,,,,,,,,,,,,,,"2025-08-07T17:10:38.000Z","284","8439"
"1735743371","7454960994381597959",,,,,,,"68600","0","Replying to @Steve Dela Cruz ","un","48","sakit ang dughan/nagsakit ang dughan",,,"",,,,,,,,,,,,,,,,,,,,,,,,,,,,,,,,,,,,,,,,,,,,,,,,,,,,,,,,,,,,,,,,,,,,,,,,,,,,,,,,,,,,,,,,,,,,,,,,,,,,,,,,,,,,,,,,,,,,,,,,,,,,,,,,,,,,,,,,,,"2025-01-01T14:56:11.000Z","363","300"
"1754244918","7534424520602438920",,,,,,,"51000","0","Rel8 @rachew ?","hu","987","sakit ang dughan/nagsakit ang dughan",,,"",,,,,,,,,,,,,,,,,,,,,,,,,,,,,,,,,,,,,,,,,,,,,,,,,,,,,,,,,,,,,,,,,,,,,,,,,,,,,,,,,,,,,,,,,,,,,,,,,,,,,,,,,,,,,,,,,,,,,,,,,,,,,,,,,,,,,,,,,,"2025-08-03T18:15:18.000Z","7","300"
"1741700271","7480545682135207175",,,,,,,"13900","0","","un","41","sakit ang dughan/nagsakit ang dughan",,,,,,,,,,,,,,,,,,,,,,,,,,,,,,,,,,,,,,,,,,,,,,,,,,,,,,,,,,,,,,,,,,,,,,,,,,,,,,,,,,,,,,,,,,,,,,,,,,,,,,,,,,,,,,,,,,,,,,,,,,,,,,,,,,,,,,,,,,,,,"2025-03-11T13:37:51.000Z","31","73"
"1772285156","7611906621274393857",,,,,,,"63100","0","Ge nervous ko ","en","87","sakit ang dughan/nagsakit ang dughan",,,,,,,,,,,,,,,,,,,,,,,,,,,,,,,,,,,,,,,,,,,,,,,,,,,,,,,,,,,,,,,,,,,,,,,,,,,,,,,,,,,,,,,,,,,,,,,,,,,,,,,,,,,,,,,,,,,,,,,,,,,,,,,,,,,,,,,,,,,,,"2026-02-28T13:25:56.000Z","196","99"
"1771082588","7606741764963175698",,,,,,,"11800","0","Sakit kaayu sa dughan.💔","tl","2","sakit ang dughan/nagsakit ang dughan",,,,,,,,,,,,,,,,,,,,,,,,,,,,,,,,,,,,,,,,,,,,,,,,,,,,,,,,,,,,,,,,,,,,,,,,,,,,,,,,,,,,,,,,,,,,,,,,,,,,,,,,,,,,,,,,,,,,,,,,,,,,,,,,,,,,,,,,,,,,,"2026-02-14T15:23:08.000Z","22","39"
"1725043807","7409006705629007112",,,,,,,"681","0","sakit sa dughan😭nakaka durog Ng puso😭","tl","11","sakit ang dughan/nagsakit ang dughan",,,,,,,,,,,,,,,,,,,,,,,,,,,,,,,,,,,,,,,,,,,,,,,,,,,,,,,,,,,,,,,,,,,,,,,,,,,,,,,,,,,,,,,,,,,,,,,,,,,,,,,,,,,,,,,,,,,,,,,,,,,,,,,,,,,,,,,,,,,,,"2024-08-30T18:50:07.000Z","17","10"
"1764654965","7579135310987087124",,,,,,,"3814","0","kalooy nalang jud😭😭💔💔#fyp #everyone #followers #highlights #tiktokph ","tl","5","sakit ang dughan/nagsakit ang dughan","","229207","fyp","","","25047","everyone","","","18364","followers","","","92207","highlights","","","62652858","tiktokph","",,,,,,,,,,,,,,,,,,,,,,,,,,,,,,,,,,,,,,,,,,,,,,,,,,,,,,,,,,,,,,,,,,,,,,,,,,,,,,,,,,,,,,,,,,,,,,,,,,,,,,,,,,,,,,,,,,,,,,,,,"2025-12-02T05:56:05.000Z","13","16"
"1669515127","7170512828686699802",,,,,,,"3997","0","#fypシ #foryoupage #fypspotted ","un","2","sakit ang dughan/nagsakit ang dughan","","1637342470396934","fypシ","","","88764338","foryoupage","","","1647201344475142","fypspotted","",,,,,,,,,,,,,,,,,,,,,,,,,,,,,,,,,,,,,,,,,,,,,,,,,,,,,,,,,,,,,,,,,,,,,,,,,,,,,,,,,,,,,,,,,,,,,,,,,,,,,,,,,,,,,,,,,,,,,,,,,,,,,,,,,"2022-11-27T02:12:07.000Z","17","5"
"1663142200","7143141330074553627",,,,,,,"1400000","0","Ano ang mabisang gamot sa sipon? Doon ka na sa #tunaynamagaling ","tl","1773","nagtu ang sip-on","","7140183303771914267","tunaynamagaling","",,,,,,,,,,,,,,,,,,,,,,,,,,,,,,,,,,,,,,,,,,,,,,,,,,,,,,,,,,,,,,,,,,,,,,,,,,,,,,,,,,,,,,,,,,,,,,,,,,,,,,,,,,,,,,,,,,,,,,,,,,,,,,,,,,,,,,,,,"2022-09-14T07:56:40.000Z","1084","4276"
"1769234505","7598804312189455634",,,,,,,"49100","0","Totoo nga bang nagkaka sipon ka pag naulanan ka? #flu #facts #virus #virusfacts #health ","tl","30","nagtu ang sip-on","","103931","flu","","","17641","facts","","","132683","virus","","","1670824168406018","virusfacts","","","13566","health","",,,,,,,,,,,,,,,,,,,,,,,,,,,,,,,,,,,,,,,,,,,,,,,,,,,,,,,,,,,,,,,,,,,,,,,,,,,,,,,,,,,,,,,,,,,,,,,,,,,,,,,,,,,,,,,,,,,,,,,,,"2026-01-24T06:01:45.000Z","8","57"
"1679469030","7213263902212148482",,,,,,,"2600000","0","Wag pigilan ang paghatsing o pagbahing","tl","17300","nagtu ang sip-on",,,,,,,,,,,,,,,,,,,,,,,,,,,,,,,,,,,,,,,,,,,,,,,,,,,,,,,,,,,,,,,,,,,,,,,,,,,,,,,,,,,,,,,,,,,,,,,,,,,,,,,,,,,,,,,,,,,,,,,,,,,,,,,,,,,,,,,,,,,,,"2023-03-22T07:10:30.000Z","2755","11625"
"1767420686","7591014011848641812",,,,,,,"21000","0","panget ng trend ngayon ubo at sipon hays","tl","125","nagtu ang sip-on",,,,,,,,,,,,,,,,,,,,,,,,,,,,,,,,,,,,,,,,,,,,,,,,,,,,,,,,,,,,,,,,,,,,,,,,,,,,,,,,,,,,,,,,,,,,,,,,,,,,,,,,,,,,,,,,,,,,,,,,,,,,,,,,,,,,,,,,,,,,,"2026-01-03T06:11:26.000Z","27","29"
"1757422105","7548070448387525896",,,,,,,"8793","0","#simpatiko #mingyungpinas #lods #nattysimpatiko #nagngawngaw ","un","363","nagtu ang sip-on","","77755431","simpatiko","","","7320498965362212869","mingyungpinas","","","13549505","lods","","","7066399898790264859","nattysimpatiko","","","1669377880357890","nagngawngaw","",,,,,,,,,,,,,,,,,,,,,,,,,,,,,,,,,,,,,,,,,,,,,,,,,,,,,,,,,,,,,,,,,,,,,,,,,,,,,,,,,,,,,,,,,,,,,,,,,,,,,,,,,,,,,,,,,,,,,,,,,"2025-09-09T12:48:25.000Z","41","20"
"1696172426","7285005080879746305","United States","","5096337","6252001","22535865205217746","New Jersey","5317","0","Maglutu tamung sigang paro #kapampangan #pampanga #sinigangnahipon ","tl","12","nagtu ang sip-on","","4853045","kapampangan","","","10630478","pampanga","","","1610235626805286","sinigangnahipon","",,,,,,,,,,,,,,,,,,,,,,,,,,,,,,,,,,,,,,,,,,,,,,,,,,,,,,,,,,,,,,,,,,,,,,,,,,,,,,,,,,,,,,,,,,,,,,,,,,,,,,,,,,,,,,,,,,,,,,,,,,,,,,,,,"2023-10-01T15:00:26.000Z","26","2"
"1685618690","7239677134850067717",,,,,,,"3300000","0","Anyong Tubig Lesson. Nakakatawa mga sagot! hahaha

#anyongtubig #water #fyp #foryoupage #guro #teacher #LPT #Education #funny #comedy #schoollife ","tl","34500","nagtu ang sip-on","","73774776","anyongtubig","","","5426","water","","","229207","fyp","","","88764338","foryoupage","","","5710491","guro","","","21713","teacher","","","10646756","lpt","","","97277","education","","","5424","funny","What's so #Funny?","","1606334392378370","comedy","","","60252","schoollife","",,,,,,,,,,,,,,,,,,,,,,,,,,,,,,,,,,,,,,,,,,,,,,,,,,,,,,,,,,,,,,,,,,,,,,,,,,,,,,,,,,,,,,,,,,,,,,,,,"2023-06-01T11:24:50.000Z","6611","11992"
"1692639821","7269832660564888838",,,,,,,"1600000","0","#ادمان 
#شعب_صيني_ماله_حل😂😂 
#سعداوة_جيش_سعيدة_قاع_بانو_هنا 
#تهلاو_ولاد_بلادي🇩🇿💛👌نحبكم_قانون❤ ","un","3441","nagtu ang sip-on","","34412590","ادمان","","","1692859215329297","شعب_صيني_ماله_حل😂😂","","","1674024204704774","سعداوة_جيش_سعيدة_قاع_بانو_هنا","","","1705483355424769","تهلاو_ولاد_بلادي🇩🇿💛👌نحبكم_قانون❤","",,,,,,,,,,,,,,,,,,,,,,,,,,,,,,,,,,,,,,,,,,,,,,,,,,,,,,,,,,,,,,,,,,,,,,,,,,,,,,,,,,,,,,,,,,,,,,,,,,,,,,,,,,,,,,,,,,,,,,,,,,,,,"2023-08-21T17:43:41.000Z","275","3250"
"1688626616","7252596080297135366",,,,,,,"834500","0","ugali ng taong sip-sip🤨
#realtalk #patama ","tl","11400","nagtu ang sip-on","https://p19-common-sign.tiktokcdn-us.com/musically-maliva-obj/2282f204d4f3e88b2abc4a65ad62a206~tplv-tiktokx-origin.image?dr=9627&x-expires=1773136800&x-signature=u1vhgbp6l1wA8%2Fc1XhV8c8XzVT8%3D&t=4d5b0474&ps=13740610&shp=81f88b70&shcp=9b759fb9&idc=useast5","30793","realtalk","Don't sugarcoat your feelings; we want to hear #RealTalk.","","6738950","patama","",,,,,,,,,,,,,,,,,,,,,,,,,,,,,,,,,,,,,,,,,,,,,,,,,,,,,,,,,,,,,,,,,,,,,,,,,,,,,,,,,,,,,,,,,,,,,,,,,,,,,,,,,,,,,,,,,,,,,,,,,,,,,,,,,,,,,"2023-07-06T06:56:56.000Z","639","2121"
"1731371854","7436185432678812958","North America","","4273359","6252001","22535865200907089","United States","4785","0","sipann fè abone pou pou abone.
-
-
-
#creatorsearchinsights #howtogrowontiktok #tiktoktips #astucestiktok #eskewtekonen💡🧠 #haitiantiktok🇭🇹 ","ht","4","nagtu ang sip-on","","7340824418278440993","creatorsearchinsights","","","1618560952748037","howtogrowontiktok","","","1588822745661442","tiktoktips","","","1654448973413382","astucestiktok","","","7143679339271225350","eskewtekonen💡🧠","","","1651754927309830","haitiantiktok🇭🇹","",,,,,,,,,,,,,,,,,,,,,,,,,,,,,,,,,,,,,,,,,,,,,,,,,,,,,,,,,,,,,,,,,,,,,,,,,,,,,,,,,,,,,,,,,,,,,,,,,,,,,,,,,,,,,,,,,,,,,"2024-11-12T00:37:34.000Z","12","25"
"1772864703","7614395879595773204",,,,,,,"6883","0","","un","8","nagtu ang sip-on",,,,,,,,,,,,,,,,,,,,,,,,,,,,,,,,,,,,,,,,,,,,,,,,,,,,,,,,,,,,,,,,,,,,,,,,,,,,,,,,,,,,,,,,,,,,,,,,,,,,,,,,,,,,,,,,,,,,,,,,,,,,,,,,,,,,,,,,,,,,,"2026-03-07T06:25:03.000Z","20","73"
"1772597927","7613250086440619294","CA, United States","","","","21568226269199431","San Diego Bay","596","0","Mom what are you doing to me!!!? #redtriaussie #mapleman #aussiepuppy ","en","4","maplemang ubo","","1623240847232549","redtriaussie","","","5364570","mapleman","","","63353269","aussiepuppy","",,,,,,,,,,,,,,,,,,,,,,,,,,,,,,,,,,,,,,,,,,,,,,,,,,,,,,,,,,,,,,,,,,,,,,,,,,,,,,,,,,,,,,,,,,,,,,,,,,,,,,,,,,,,,,,,,,,,,,,,,,,,,,,,,"2026-03-04T04:18:47.000Z","3","7"
"1755618658","7540324666594954526",,,,,,,"180","0","#noritheminiaussie and #mapleman ","en","0","maplemang ubo","","7206550855632289835","noritheminiaussie","","","5364570","mapleman","",,,,,,,,,,,,,,,,,,,,,,,,,,,,,,,,,,,,,,,,,,,,,,,,,,,,,,,,,,,,,,,,,,,,,,,,,,,,,,,,,,,,,,,,,,,,,,,,,,,,,,,,,,,,,,,,,,,,,,,,,,,,,,,,,,,,,"2025-08-19T15:50:58.000Z","3","0"
"1750391477","7517873979097435406","California, United States","","5336899","6252001","22535865204352012","San Diego","1248","0","Maple man isn’t playin around #aussie #aussiesdoingthings #aussiepuppy #mapleman ","en","4","maplemang ubo","","105984","aussie","","","1613153771753478","aussiesdoingthings","","","63353269","aussiepuppy","","","5364570","mapleman","",,,,,,,,,,,,,,,,,,,,,,,,,,,,,,,,,,,,,,,,,,,,,,,,,,,,,,,,,,,,,,,,,,,,,,,,,,,,,,,,,,,,,,,,,,,,,,,,,,,,,,,,,,,,,,,,,,,,,,,,,,,,,"2025-06-20T03:51:17.000Z","6","9"
"1771806551","7609851096533568782",,,,,,,"799","0","all luck no skill ","en","1","maplemang ubo",,,,,,,,,,,,,,,,,,,,,,,,,,,,,,,,,,,,,,,,,,,,,,,,,,,,,,,,,,,,,,,,,,,,,,,,,,,,,,,,,,,,,,,,,,,,,,,,,,,,,,,,,,,,,,,,,,,,,,,,,,,,,,,,,,,,,,,,,,,,,"2026-02-23T00:29:11.000Z","8","0"
"1744614131","7493060612306619656",,,,,,,"169","0","Maple men ","en","0","maplemang ubo",,,,,,,,,,,,,,,,,,,,,,,,,,,,,,,,,,,,,,,,,,,,,,,,,,,,,,,,,,,,,,,,,,,,,,,,,,,,,,,,,,,,,,,,,,,,,,,,,,,,,,,,,,,,,,,,,,,,,,,,,,,,,,,,,,,,,,,,,,,,,"2025-04-14T07:02:11.000Z","0","0"
"1767423309","7591025220295658782",,,,,,,"246","0","Maple man🍁, thank you for the incredible support in my LIVE! I will keep creating better LIVE content! @Maple man🍁 #tiktoklive #livehighlights #whalediving #Sam #livegift ","en","2","maplemang ubo",,,"",,"","1590819252244481","tiktoklive","TikTok LIVE is the place to be for real time fun, expression and creativity. For unexpected connections and endless possibilities. It’s the place to be for all Creators, because it’s the place to be you.","","1672793761073158","livehighlights","","","1640626104107014","whalediving","","","5858","sam","","","39842735","livegift","",,,,,,,,,,,,,,,,,,,,,,,,,,,,,,,,,,,,,,,,,,,,,,,,,,,,,,,,,,,,,,,,,,,,,,,,,,,,,,,,,,,,,,,,,,,,,,,,,,,,,,,,,,,,,,,,,,,,,"2026-01-03T06:55:09.000Z","5","1"
"1749171377","7512633836233182520",,,,,,,"1147","0","","un","0","maplemang ubo",,,,,,,,,,,,,,,,,,,,,,,,,,,,,,,,,,,,,,,,,,,,,,,,,,,,,,,,,,,,,,,,,,,,,,,,,,,,,,,,,,,,,,,,,,,,,,,,,,,,,,,,,,,,,,,,,,,,,,,,,,,,,,,,,,,,,,,,,,,,,"2025-06-06T00:56:17.000Z","1","1"
"1760776940","7562479353846582536",,,,,,,"1136","0","","un","0","maplemang ubo",,,,,,,,,,,,,,,,,,,,,,,,,,,,,,,,,,,,,,,,,,,,,,,,,,,,,,,,,,,,,,,,,,,,,,,,,,,,,,,,,,,,,,,,,,,,,,,,,,,,,,,,,,,,,,,,,,,,,,,,,,,,,,,,,,,,,,,,,,,,,"2025-10-18T08:42:20.000Z","7","0"
"1729543410","7428332302482099487",,,,,,,"3496","0","Introducing Highlands very own 2024 Maple Man!!! #mapleman #maplesyrup #funny #seniorsession #viral #prank #funnyvideo #fyp #laughter #highschool #photoshoot ","en","2","maplemang ubo","","5364570","mapleman","","","757677","maplesyrup","","","5424","funny","What's so #Funny?","","74019217","seniorsession","","https://p19-common-sign.tiktokcdn-us.com/musically-maliva-obj/8e4d8102460a60717c89acc2d6367a16.png~tplv-tiktokx-origin.image?dr=9627&x-expires=1773136800&x-signature=YQVyRU3mzIn0rilssjUVjJXOcGQ%3D&t=4d5b0474&ps=13740610&shp=81f88b70&shcp=9b759fb9&idc=useast8","20884","viral","¡descubre las canciones en tendencia! 🔥➡️ https://bit.ly/TendenciasTikTok_LATAM","","9122","prank","","","56948","funnyvideo","","","229207","fyp","","","38775","laughter","","","20079","highschool","","","8563","photoshoot","",,,,,,,,,,,,,,,,,,,,,,,,,,,,,,,,,,,,,,,,,,,,,,,,,,,,,,,,,,,,,,,,,,,,,,,,,,,,,,,,,,,,,,,,,,,,,,,,,"2024-10-21T20:43:30.000Z","3","0"
"1772134157","7611258211244559624",,,,,,,"1403","0","Enjoy this from Mark Anim, the legend ❤️","en","5","maplemang ubo",,,,,,,,,,,,,,,,,,,,,,,,,,,,,,,,,,,,,,,,,,,,,,,,,,,,,,,,,,,,,,,,,,,,,,,,,,,,,,,,,,,,,,,,,,,,,,,,,,,,,,,,,,,,,,,,,,,,,,,,,,,,,,,,,,,,,,,,,,,,,"2026-02-26T19:29:17.000Z","2","4"
"1745760394","7497983774374874374",,,,,,,"2240","0","Nyame y3 )d) ❤️❤️❤️❤️❤️🙌🏽🙌🏽🇨🇦🇨🇦","es","8","maplemang ubo",,,,,,,,,,,,,,,,,,,,,,,,,,,,,,,,,,,,,,,,,,,,,,,,,,,,,,,,,,,,,,,,,,,,,,,,,,,,,,,,,,,,,,,,,,,,,,,,,,,,,,,,,,,,,,,,,,,,,,,,,,,,,,,,,,,,,,,,,,,,,"2025-04-27T13:26:34.000Z","5","11"
"1739054568","7469182465341394181","Algoma, Ontario, Canada","","77400515","6251999","22535796482940185","Sault Ste. Marie","548","0","Who doesn’t love the maple man #hogans #maplesyrup #mapleman ","en","0","maplemang ubo","","34571866","hogans","","","757677","maplesyrup","","","5364570","mapleman","",,,,,,,,,,,,,,,,,,,,,,,,,,,,,,,,,,,,,,,,,,,,,,,,,,,,,,,,,,,,,,,,,,,,,,,,,,,,,,,,,,,,,,,,,,,,,,,,,,,,,,,,,,,,,,,,,,,,,,,,,,,,,,,,,"2025-02-08T22:42:48.000Z","0","0"
"1763456333","7573987259058326792",,,,,,,"82800","0","NO MORE and say goodbye sa mataas na lagnat 😉 
#tipoftheday #lifehacks #nomorelagnat ","tl","223","lagnat","","570974","tipoftheday","","https://p16-sign-va.tiktokcdn.com/musically-maliva-obj/d08ab589449aa36692eab793d0697eb4~tplv-tiktokx-origin.image?dr=14566&x-expires=1773136800&x-signature=Dmu1Mco0rSkwUmKHL22N%2FNDAg4A%3D&t=4d5b0474&ps=13740610&shp=81f88b70&shcp=9b759fb9&idc=my2","325405","lifehacks","Show us those tips and tricks that have changed your life.","","1657053878417410","nomorelagnat","",,,,,,,,,,,,,,,,,,,,,,,,,,,,,,,,,,,,,,,,,,,,,,,,,,,,,,,,,,,,,,,,,,,,,,,,,,,,,,,,,,,,,,,,,,,,,,,,,,,,,,,,,,,,,,,,,,,,,,,,,,,,,,,,,"2025-11-18T08:58:53.000Z","30","212"
"1768498243","7595642080693587220",,,,,,,"77300","0","#healthtips #benepisyo #fyppppppppppppppppppppppp #healthyliving #lagnat ","un","391","lagnat","https://p16-sign-va.tiktokcdn.com/musically-maliva-obj/18ce88aa768350f8576769e10349e446~tplv-tiktokx-origin.image?dr=14566&x-expires=1773136800&x-signature=KVCy1Q6ZNp4j%2BS2O6A71beVnlPU%3D&t=4d5b0474&ps=13740610&shp=81f88b70&shcp=9b759fb9&idc=my2","2262943","healthtips","What's your secret to staying fit? Share tips that have helped you stay healthy!","","1608967100536834","benepisyo","","","1649139584636934","fyppppppppppppppppppppppp","","https://p16-sign-sg.tiktokcdn.com/tiktok-obj/661c8cc4ffb1d9b7d800bd84897c286c.png~tplv-tiktokx-origin.image?dr=14566&x-expires=1773136800&x-signature=Emq4UGxlFiWbEDB3r9RjhVl2TEQ%3D&t=4d5b0474&ps=13740610&shp=81f88b70&shcp=9b759fb9&idc=my2","1430012","healthyliving","Whether it's workout routines or healthy habits, share your tips for #HealthyLiving.","","5149350","lagnat","",,,,,,,,,,,,,,,,,,,,,,,,,,,,,,,,,,,,,,,,,,,,,,,,,,,,,,,,,,,,,,,,,,,,,,,,,,,,,,,,,,,,,,,,,,,,,,,,,,,,,,,,,,,,,,,,,,,,,,,,,"2026-01-15T17:30:43.000Z","10","186"
"1766394278","7586605638206147861",,,,,,,"90600","0","May biglang lumalaki talaga e tapos hinahabol ka ng mga shapes😭 #fyp #foryoupage #tiktokph #trending #viralvideo #followerstiktok #followers➕","tl","311","lagnat","","229207","fyp","","","88764338","foryoupage","","","62652858","tiktokph","","","20105","trending","Discover the top viral trends, sounds and effects of the week! 🔥","","85133","viralvideo","","","1597335538501633","followerstiktok","","","1654164875561989","followers➕","",,,,,,,,,,,,,,,,,,,,,,,,,,,,,,,,,,,,,,,,,,,,,,,,,,,,,,,,,,,,,,,,,,,,,,,,,,,,,,,,,,,,,,,,,,,,,,,,,,,,,,,,,,,,,,,,,"2025-12-22T09:04:38.000Z","251","314"
"1706152723","7327870140152827142",,,,,,,"209500","0","I need my mom’s alaga🙈 Gusto ko na gumaling 😭 

#worada #christianmae22 #foryou #cmworada #tiktok #fyp ","tl","98","lagnat","","1634113313034262","worada","","","1681146612144130","christianmae22","","","42164","foryou","","","7236365049136578566","cmworada","","","23428","tiktok","","","229207","fyp","",,,,,,,,,,,,,,,,,,,,,,,,,,,,,,,,,,,,,,,,,,,,,,,,,,,,,,,,,,,,,,,,,,,,,,,,,,,,,,,,,,,,,,,,,,,,,,,,,,,,,,,,,,,,,,,,,,,,,"2024-01-25T03:18:43.000Z","229","400"
"1763291610","7573279777524665620",,,,,,,"574400","0","","un","2388","lagnat",,,,,,,,,,,,,,,,,,,,,,,,,,,,,,,,,,,,,,,,,,,,,,,,,,,,,,,,,,,,,,,,,,,,,,,,,,,,,,,,,,,,,,,,,,,,,,,,,,,,,,,,,,,,,,,,,,,,,,,,,,,,,,,,,,,,,,,,,,,,,"2025-11-16T11:13:30.000Z","84","1723"
"1642686860","7055286338941127962",,,,,,,"192400","0","Sulosyon sa mataas na lagnat!😃#sick #homeremedy","tl","215","lagnat","","14211","sick","","","30054149","homeremedy","",,,,,,,,,,,,,,,,,,,,,,,,,,,,,,,,,,,,,,,,,,,,,,,,,,,,,,,,,,,,,,,,,,,,,,,,,,,,,,,,,,,,,,,,,,,,,,,,,,,,,,,,,,,,,,,,,,,,,,,,,,,,,,,,,,,,,"2022-01-20T13:54:20.000Z","61","433"
"1764421970","7578134647750561031",,,,,,,"103300","0","","un","579","lagnat",,,,,,,,,,,,,,,,,,,,,,,,,,,,,,,,,,,,,,,,,,,,,,,,,,,,,,,,,,,,,,,,,,,,,,,,,,,,,,,,,,,,,,,,,,,,,,,,,,,,,,,,,,,,,,,,,,,,,,,,,,,,,,,,,,,,,,,,,,,,,"2025-11-29T13:12:50.000Z","18","244"
"1664593120","7149372976536833306",,,,,,,"2100000","0","POV series:Noong bata kapa #marsmoko ","tl","252","lagnat","","7089684578457092122","marsmoko","",,,,,,,,,,,,,,,,,,,,,,,,,,,,,,,,,,,,,,,,,,,,,,,,,,,,,,,,,,,,,,,,,,,,,,,,,,,,,,,,,,,,,,,,,,,,,,,,,,,,,,,,,,,,,,,,,,,,,,,,,,,,,,,,,,,,,,,,,"2022-10-01T02:58:40.000Z","149","6792"
"1730710909","7433346739173592327",,,,,,,"70700","0","May lagnat si bibi girl #teacherkrystyl #ldr #teacher ","tl","15","lagnat","","7214659880644182021","teacherkrystyl","","","47642","ldr","","","21713","teacher","",,,,,,,,,,,,,,,,,,,,,,,,,,,,,,,,,,,,,,,,,,,,,,,,,,,,,,,,,,,,,,,,,,,,,,,,,,,,,,,,,,,,,,,,,,,,,,,,,,,,,,,,,,,,,,,,,,,,,,,,,,,,,,,,,"2024-11-04T09:01:49.000Z","49","118"
"1700404636","7303182287888207110",,,,,,,"39700","0","Lechon para sa Lagnat #sergeybin #capinpinfamily #fyp","tl","46","lagnat","","1689371709883393","sergeybin","","","1697730698940418","capinpinfamily","","","229207","fyp","",,,,,,,,,,,,,,,,,,,,,,,,,,,,,,,,,,,,,,,,,,,,,,,,,,,,,,,,,,,,,,,,,,,,,,,,,,,,,,,,,,,,,,,,,,,,,,,,,,,,,,,,,,,,,,,,,,,,,,,,,,,,,,,,,"2023-11-19T14:37:16.000Z","36","110"
"1755157498","7538344033299565831",,,,,,,"1700000","0","#foryoupage ","un","53800","lagnat","","88764338","foryoupage","",,,,,,,,,,,,,,,,,,,,,,,,,,,,,,,,,,,,,,,,,,,,,,,,,,,,,,,,,,,,,,,,,,,,,,,,,,,,,,,,,,,,,,,,,,,,,,,,,,,,,,,,,,,,,,,,,,,,,,,,,,,,,,,,,,,,,,,,,"2025-08-14T07:44:58.000Z","459","15841"
"1766237126","7585930660766813448",,,,,,,"44200","0","","un","244","lagnat",,,,,,,,,,,,,,,,,,,,,,,,,,,,,,,,,,,,,,,,,,,,,,,,,,,,,,,,,,,,,,,,,,,,,,,,,,,,,,,,,,,,,,,,,,,,,,,,,,,,,,,,,,,,,,,,,,,,,,,,,,,,,,,,,,,,,,,,,,,,,"2025-12-20T13:25:26.000Z","1","85"
"1769994332","7602067732451839253",,,,,,,"865300","0","Nagluya si lang2x 😂#foryoupage ","hi","4881","nagluya","","88764338","foryoupage","",,,,,,,,,,,,,,,,,,,,,,,,,,,,,,,,,,,,,,,,,,,,,,,,,,,,,,,,,,,,,,,,,,,,,,,,,,,,,,,,,,,,,,,,,,,,,,,,,,,,,,,,,,,,,,,,,,,,,,,,,,,,,,,,,,,,,,,,,"2026-02-02T01:05:32.000Z","1202","2436"
"1773054767","7615212197060414740",,,,,,,"224","0","nagluya ett haha
#fyppppppppppppppppppppppp ","sv","1","nagluya","","1649139584636934","fyppppppppppppppppppppppp","",,,,,,,,,,,,,,,,,,,,,,,,,,,,,,,,,,,,,,,,,,,,,,,,,,,,,,,,,,,,,,,,,,,,,,,,,,,,,,,,,,,,,,,,,,,,,,,,,,,,,,,,,,,,,,,,,,,,,,,,,,,,,,,,,,,,,,,,,"2026-03-09T11:12:47.000Z","0","0"
"1772845088","7614311653735206151",,,,,,,"638","0","#fyppppppppppppppppppppppp nag luya","tl","1","nagluya","","1649139584636934","fyppppppppppppppppppppppp","",,,,,,,,,,,,,,,,,,,,,,,,,,,,,,,,,,,,,,,,,,,,,,,,,,,,,,,,,,,,,,,,,,,,,,,,,,,,,,,,,,,,,,,,,,,,,,,,,,,,,,,,,,,,,,,,,,,,,,,,,,,,,,,,,,,,,,,,,"2026-03-07T00:58:08.000Z","1","3"
"1772608089","7613293713405545748",,,,,,,"140","0","Nagluya pud ka? hahaha

#fyp #viral #lipsync ","hi","5","nagluya","","229207","fyp","","https://p16-common-sign.tiktokcdn-us.com/musically-maliva-obj/8e4d8102460a60717c89acc2d6367a16.png~tplv-tiktokx-origin.image?dr=9627&x-expires=1773136800&x-signature=xIwjlnYSARVs96JwqNAhHgV5b%2BQ%3D&t=4d5b0474&ps=13740610&shp=81f88b70&shcp=9b759fb9&idc=useast8","20884","viral","¡descubre las canciones en tendencia! 🔥➡️ https://bit.ly/TendenciasTikTok_LATAM","","7881","lipsync","",,,,,,,,,,,,,,,,,,,,,,,,,,,,,,,,,,,,,,,,,,,,,,,,,,,,,,,,,,,,,,,,,,,,,,,,,,,,,,,,,,,,,,,,,,,,,,,,,,,,,,,,,,,,,,,,,,,,,,,,,,,,,,,,,"2026-03-04T07:08:09.000Z","9","3"
"1772364983","7612249614758038802",,,,,,,"186","0","Nagluya si langlang 🤣🤣
@Sam Soon 🏳️‍🌈 
@dhivinesamson 

#fypシ゚viral🖤tiktok☆♡🦋myvideo 
#lesslover❤🌈🦋 ","hi","2","nagluya",,,"",,,,"",,"","1696215087345666","fypシ゚viral🖤tiktok☆♡🦋myvideo","","","7009922905635520513","lesslover❤🌈🦋","",,,,,,,,,,,,,,,,,,,,,,,,,,,,,,,,,,,,,,,,,,,,,,,,,,,,,,,,,,,,,,,,,,,,,,,,,,,,,,,,,,,,,,,,,,,,,,,,,,,,,,,,,,,,,,,,,,,,,,,,,,,,,"2026-03-01T11:36:23.000Z","6","1"
"1772959457","7614802866280074504",,,,,,,"177","0","nag luya😂","tl","0","nagluya",,,,,,,,,,,,,,,,,,,,,,,,,,,,,,,,,,,,,,,,,,,,,,,,,,,,,,,,,,,,,,,,,,,,,,,,,,,,,,,,,,,,,,,,,,,,,,,,,,,,,,,,,,,,,,,,,,,,,,,,,,,,,,,,,,,,,,,,,,,,,"2026-03-08T08:44:17.000Z","0","0"
"1772713143","7613744925322087700",,,,,,,"260","0","nagluya #fypシ #fyp ","hi","13","nagluya","","1637342470396934","fypシ","","","229207","fyp","",,,,,,,,,,,,,,,,,,,,,,,,,,,,,,,,,,,,,,,,,,,,,,,,,,,,,,,,,,,,,,,,,,,,,,,,,,,,,,,,,,,,,,,,,,,,,,,,,,,,,,,,,,,,,,,,,,,,,,,,,,,,,,,,,,,,,"2026-03-05T12:19:03.000Z","1","0"
"1772537987","7612992643663957268",,,,,,,"215","0","","un","0","nagluya",,,,,,,,,,,,,,,,,,,,,,,,,,,,,,,,,,,,,,,,,,,,,,,,,,,,,,,,,,,,,,,,,,,,,,,,,,,,,,,,,,,,,,,,,,,,,,,,,,,,,,,,,,,,,,,,,,,,,,,,,,,,,,,,,,,,,,,,,,,,,"2026-03-03T11:39:47.000Z","0","0"
"1772585035","7613194697887993108",,,,,,,"126","0","nagluya man hahah","hi","0","nagluya",,,,,,,,,,,,,,,,,,,,,,,,,,,,,,,,,,,,,,,,,,,,,,,,,,,,,,,,,,,,,,,,,,,,,,,,,,,,,,,,,,,,,,,,,,,,,,,,,,,,,,,,,,,,,,,,,,,,,,,,,,,,,,,,,,,,,,,,,,,,,"2026-03-04T00:43:55.000Z","2","0"
"1772977293","7614879473778838802","Zamboanga del Norte, Zamboanga Peninsula, Philippines","","1714674","1694008","22535865204010828","Dipolog City","4640","0","Replying to @ricky.alisob #fypシ #fyourpage💜 #trending #fe ","un","5","nagluya",,,"",,"","1637342470396934","fypシ","","","1669380190104582","fyourpage💜","","","20105","trending","Discover the top viral trends, sounds and effects of the week! 🔥","","5453","fe","",,,,,,,,,,,,,,,,,,,,,,,,,,,,,,,,,,,,,,,,,,,,,,,,,,,,,,,,,,,,,,,,,,,,,,,,,,,,,,,,,,,,,,,,,,,,,,,,,,,,,,,,,,,,,,,,,,,,,,,,,"2026-03-08T13:41:33.000Z","238","26"
"1768274443","7594680808657440020",,,,,,,"188800","0","Heartburn vs. Acid Reflux: Magkatulad o Magkaiba?#healthy #heartburn #acidreflux #health #reflux #insomnia #gerd","tl","423","mainit ang pakiramdam","","10429","healthy","New year, new you? Show us how you're staying healthy and keeping fit this new year!","","586091","heartburn","快來一起搖擺","","42297593","acidreflux","","","13566","health","","","1995274","reflux","","","15176","insomnia","","","4603785","gerd","",,,,,,,,,,,,,,,,,,,,,,,,,,,,,,,,,,,,,,,,,,,,,,,,,,,,,,,,,,,,,,,,,,,,,,,,,,,,,,,,,,,,,,,,,,,,,,,,,,,,,,,,,,,,,,,,,"2026-01-13T03:20:43.000Z","76","551"
"1743154136","7486789851451231504",,,,,,,"10100","0","Laging Mainit ang Pakiramdam? Baka May Problema sa Atay! #HealthyLiver #Detoxliver #HepaPro #beautyandhealth #TikTokPH","tl","31","mainit ang pakiramdam","","1607709404752917","healthyliver","","","1669404477929473","detoxliver","","","7084644617269805061","hepapro","","","1630632974752774","beautyandhealth","","","62652858","tiktokph","",,,,,,,,,,,,,,,,,,,,,,,,,,,,,,,,,,,,,,,,,,,,,,,,,,,,,,,,,,,,,,,,,,,,,,,,,,,,,,,,,,,,,,,,,,,,,,,,,,,,,,,,,,,,,,,,,,,,,,,,,"2025-03-28T09:28:56.000Z","10","23"
"1770935106","7606108336282406162",,,,,,,"2586","0","Bakit Mainit ang Pakiramdam ng BUNTIS?","tl","5","mainit ang pakiramdam",,,,,,,,,,,,,,,,,,,,,,,,,,,,,,,,,,,,,,,,,,,,,,,,,,,,,,,,,,,,,,,,,,,,,,,,,,,,,,,,,,,,,,,,,,,,,,,,,,,,,,,,,,,,,,,,,,,,,,,,,,,,,,,,,,,,,,,,,,,,,"2026-02-12T22:25:06.000Z","0","3"
"1773062704","7615246303299259666",,,,,,,"641","0","Akala mo simpleng init lang? Plot twist: may level pala ‘yan! 🔥🌡️

Ano nga ba ang heat index at bakit minsan mas mainit ang pakiramdam kaysa sa actual temperature? Watch the video—para alam mo kung init lang ba ‘yan… o warning na pala! 😅☀️

#RadyoMagasin 
#RadyoMagasin1278 ","tl","1","mainit ang pakiramdam","","7456669921133461521","radyomagasin","","","7456710042709032977","radyomagasin1278","",,,,,,,,,,,,,,,,,,,,,,,,,,,,,,,,,,,,,,,,,,,,,,,,,,,,,,,,,,,,,,,,,,,,,,,,,,,,,,,,,,,,,,,,,,,,,,,,,,,,,,,,,,,,,,,,,,,,,,,,,,,,,,,,,,,,,"2026-03-09T13:25:04.000Z","0","0"
"1747691292","7506276599872900369",,,,,,,"52500","0","Story time: Mainit pakiramdam ko, nagising ako kac pinag papawisa ako ng sobra. Tapos ayun nanga, binangungot ako. Tapos umulit, kaya hindi nako nakatulog ng maayos. After non nawala na ung init ng katawan ko. #fyp #bangungot ","tl","50","mainit ang pakiramdam","","229207","fyp","","","60455859","bangungot","",,,,,,,,,,,,,,,,,,,,,,,,,,,,,,,,,,,,,,,,,,,,,,,,,,,,,,,,,,,,,,,,,,,,,,,,,,,,,,,,,,,,,,,,,,,,,,,,,,,,,,,,,,,,,,,,,,,,,,,,,,,,,,,,,,,,,"2025-05-19T21:48:12.000Z","53","31"
"1658390655","7122733606392368411",,,,,,,"2800000","0","Mahina sa alak? Baka Alcohol Intolerant!","tl","8771","mainit ang pakiramdam",,,,,,,,,,,,,,,,,,,,,,,,,,,,,,,,,,,,,,,,,,,,,,,,,,,,,,,,,,,,,,,,,,,,,,,,,,,,,,,,,,,,,,,,,,,,,,,,,,,,,,,,,,,,,,,,,,,,,,,,,,,,,,,,,,,,,,,,,,,,,"2022-07-21T08:04:15.000Z","2792","10434"
"1764798287","7579750886747016455",,,,,,,"1088","0","“Acid reflux at heartburn tips 🫁 Para sa madalas may mainit na pakiramdam sa dibdib o sikmura. Simple, safe, at puwede gawin sa bahay! 🌿 #yourhealthbuddy 
#AcidRefluxTips 
#heartburnrelief 
#healthcare 
#healthtips ","tl","5","mainit ang pakiramdam","","7199930805689745434","yourhealthbuddy","","","1670957365135366","acidrefluxtips","","","1668852952411141","heartburnrelief","","","121356","healthcare","","https://p16-common-sign.tiktokcdn-eu.com/musically-maliva-obj/18ce88aa768350f8576769e10349e446~tplv-tiktokx-origin.image?dr=10386&x-expires=1773136800&x-signature=u2nTv175OS9XcCnfhCYvy1JiD4c%3D&t=4d5b0474&ps=13740610&shp=81f88b70&shcp=9b759fb9&idc=no1a","2262943","healthtips","What's your secret to staying fit? Share tips that have helped you stay healthy!",,,,,,,,,,,,,,,,,,,,,,,,,,,,,,,,,,,,,,,,,,,,,,,,,,,,,,,,,,,,,,,,,,,,,,,,,,,,,,,,,,,,,,,,,,,,,,,,,,,,,,,,,,,,,,,,,,,,,,,,,"2025-12-03T21:44:47.000Z","0","3"
"1754219831","7534316785881959698",,,,,,,"74600","0","Literal na HOT😆
#pregnancyjourney #pregnant #fyppppppppppppppppppppppp ","tl","45","mainit ang pakiramdam","","65135229","pregnancyjourney","","","46845","pregnant","","","1649139584636934","fyppppppppppppppppppppppp","",,,,,,,,,,,,,,,,,,,,,,,,,,,,,,,,,,,,,,,,,,,,,,,,,,,,,,,,,,,,,,,,,,,,,,,,,,,,,,,,,,,,,,,,,,,,,,,,,,,,,,,,,,,,,,,,,,,,,,,,,,,,,,,,,"2025-08-03T11:17:11.000Z","31","55"
"1751761481","7523758242179157255",,,,,,,"62700","0","TRANGKASO","ms","137","mainit ang pakiramdam",,,,,,,,,,,,,,,,,,,,,,,,,,,,,,,,,,,,,,,,,,,,,,,,,,,,,,,,,,,,,,,,,,,,,,,,,,,,,,,,,,,,,,,,,,,,,,,,,,,,,,,,,,,,,,,,,,,,,,,,,,,,,,,,,,,,,,,,,,,,,"2025-07-06T00:24:41.000Z","45","106"
"1768278730","7594699266426211605",,,,,,,"406","0","Acidity or acid reflux awareness❤️","en","1","mainit ang pakiramdam",,,,,,,,,,,,,,,,,,,,,,,,,,,,,,,,,,,,,,,,,,,,,,,,,,,,,,,,,,,,,,,,,,,,,,,,,,,,,,,,,,,,,,,,,,,,,,,,,,,,,,,,,,,,,,,,,,,,,,,,,,,,,,,,,,,,,,,,,,,,,"2026-01-13T04:32:10.000Z","1","4"
"1753110824","7529553642538503432",,,,,,,"13600","0","Replying to @jrmdg mas masakit pa sa break up ang breast cyst🥹","tl","14","mainit ang pakiramdam",,,"",,,,,,,,,,,,,,,,,,,,,,,,,,,,,,,,,,,,,,,,,,,,,,,,,,,,,,,,,,,,,,,,,,,,,,,,,,,,,,,,,,,,,,,,,,,,,,,,,,,,,,,,,,,,,,,,,,,,,,,,,,,,,,,,,,,,,,,,,,"2025-07-21T15:13:44.000Z","93","21"
"1764920800","7580277052050394388",,,,,,,"547100","0","🦵👍Paalam sa hirap ng tuhod! Mainit-init na feeling, ginhawa sa matigas na kasukasuan. ","tl","69","mainit ang pakiramdam",,,,,,,,,,,,,,,,,,,,,,,,,,,,,,,,,,,,,,,,,,,,,,,,,,,,,,,,,,,,,,,,,,,,,,,,,,,,,,,,,,,,,,,,,,,,,,,,,,,,,,,,,,,,,,,,,,,,,,,,,,,,,,,,,,,,,,,,,,,,,"2025-12-05T07:46:40.000Z","13","236"
"1759840012","7558455285115800839",,,,,,,"2400000","0","«Прошло три года? Куда ты лезешь?!» – да, я сама слышала этот голос в голове, когда решила снова выйти на сцену.
⠀
И вот результат — 🥉 третье место в Петербурге среди невероятных красоток. Для меня это больше, чем медаль. Это доказательство, что можно вернуться после долгого перерыва и всё равно показать достойную форму.
⠀
Каждый выход на подиум — это маленькая победа над сомнениями, усталостью и критикой. А самое ценное — это ваша поддержка, которая дала сил пройти этот путь до конца. Спасибо, что были рядом ❤️
⠀
_____
#соревнованияСПб #бодибилдингСПб #фитнесСПб #соревнованияпоБодибилдингу #спортСПб #фитнесбикиниСПб #бодифитнесСПб #фитнесмотивацияСПб #спортивнаяжизньСПб #gymspb #fitnesstagramspb #спортвпитере #соревнования2025 #чемпионатСПб","ru","7036","may sinat","","1696032761456705","соревнованияспб","","","1699318661050374","бодибилдингспб","","","1653026144953350","фитнесспб","","","1680339522879489","соревнованияпободибилдингу","","","1644990878941189","спортспб","","","1648208618947589","фитнесбикиниспб","","","7558455262353293313","бодифитнесспб","","","7215292775037108229","фитнесмотивацияспб","","","7558455193805783060","спортивнаяжизньспб","","","7188599454919917573","gymspb","","","7558455265306247188","fitnesstagramspb","","","1675537513360390","спортвпитере","","","7458580024762286086","соревнования2025","","","1592670426288133","чемпионатспб","",,,,,,,,,,,,,,,,,,,,,,,,,,,,,,,,,,,,,,,,,,,,,,,,,,,,,,,,,,,,,,,,,,,,,,,,,,,,,,,,,,,,,"2025-10-07T12:26:52.000Z","715","2446"
"1746228537","7499994341792845086",,,,,,,"140600","0","My predictions for the May SAT. #sat #maysat #ryanchoice #greenscreen #creatorsearchinsights ","en","1173","may sinat","","144398","sat","","","1661561537149954","maysat","","","1678497642905605","ryanchoice","","https://p19-common-sign.tiktokcdn-us.com/musically-maliva-obj/e69896f9fc0e263ce07146644fdb1ae4~tplv-tiktokx-origin.image?dr=9627&x-expires=1773136800&x-signature=GLHE7lcVi0nzKd%2Bn2rDRbrwGMAA%3D&t=4d5b0474&ps=13740610&shp=81f88b70&shcp=9b759fb9&idc=useast5","801886","greenscreen","Try out the #GreenScreen Creative Effect! Check out the latest trends using #greenscreen for some inspiration. Just pick an image from your camera roll, stand in front of a plain background, and make the next TikTok masterpiece.","","7340824418278440993","creatorsearchinsights","",,,,,,,,,,,,,,,,,,,,,,,,,,,,,,,,,,,,,,,,,,,,,,,,,,,,,,,,,,,,,,,,,,,,,,,,,,,,,,,,,,,,,,,,,,,,,,,,,,,,,,,,,,,,,,,,,,,,,,,,,"2025-05-02T23:28:57.000Z","320","814"
"1743696960","7489121399672474902",,,,,,,"547","0","How to find “Green Curry” Ingredient at Bangkok Shop @Bangkok Shop Kamppi #thaifinland #foyou #thaifood #greencurry #helsinki #finland ","un","3","may sinat",,,"",,,,"thaifinland",,,,"foyou",,,,"thaifood",,,,"greencurry",,,,"helsinki",,,,"finland",,,,,,,,,,,,,,,,,,,,,,,,,,,,,,,,,,,,,,,,,,,,,,,,,,,,,,,,,,,,,,,,,,,,,,,,,,,,,,,,,,,,,,,,,,,,,,,,,,,,,,,,,,,,,,,,,,"2025-04-03T16:16:00.000Z","2","1"
"1746370873","7500605579753458990",,,,,,,"57400","0","Guys am I failing or what #SAT #foryoupage #school ","en","46","may sinat","","144398","sat","","","88764338","foryoupage","","","3586","school","",,,,,,,,,,,,,,,,,,,,,,,,,,,,,,,,,,,,,,,,,,,,,,,,,,,,,,,,,,,,,,,,,,,,,,,,,,,,,,,,,,,,,,,,,,,,,,,,,,,,,,,,,,,,,,,,,,,,,,,,,,,,,,,,,"2025-05-04T15:01:13.000Z","42","87"
"1744758027","7493678558246718751",,,,,,,"3786","0","May Sinde - Val Ortiz 

lwk did it too fast but its ok #pinoy #filipino #maysinde #valortiz","en","10","may sinat","","24910","pinoy","","","69747","filipino","","","7434512662106472464","maysinde","","","1693217561916417","valortiz","",,,,,,,,,,,,,,,,,,,,,,,,,,,,,,,,,,,,,,,,,,,,,,,,,,,,,,,,,,,,,,,,,,,,,,,,,,,,,,,,,,,,,,,,,,,,,,,,,,,,,,,,,,,,,,,,,,,,,,,,,,,,,"2025-04-15T23:00:27.000Z","3","22"
"1733630143","7445884747571547400",,,,,,,"2310","0","#maysinsarpr 🖤","un","1","may sinat","","7443007505602445328","maysinsarpr","",,,,,,,,,,,,,,,,,,,,,,,,,,,,,,,,,,,,,,,,,,,,,,,,,,,,,,,,,,,,,,,,,,,,,,,,,,,,,,,,,,,,,,,,,,,,,,,,,,,,,,,,,,,,,,,,,,,,,,,,,,,,,,,,,,,,,,,,,"2024-12-08T03:55:43.000Z","5","1"
"1746145460","7499637502400302382",,,,,,,"112","0","Song of the hour fr #music #rap #indie #hiphop #soul #new #cute ","en","0","may sinat","","5636","music","","","5232","rap","This is #Rap, the central place to discover the best artists, culture, and content.","","17331","indie","","https://p19-common-sign.tiktokcdn-us.com/musically-maliva-obj/3776612212e09ea50a356b57aefcec3a.png~tplv-tiktokx-origin.image?dr=9627&x-expires=1773136800&x-signature=XXLQntT26DAVTEhOYUjIj10IwUE%3D&t=4d5b0474&ps=13740610&shp=81f88b70&shcp=9b759fb9&idc=useast5","5231","hiphop","Celebrating the icons, bars and beats that have made 50 years of #HipHop","","6233","soul","","","5655","new","","","5223","cute","",,,,,,,,,,,,,,,,,,,,,,,,,,,,,,,,,,,,,,,,,,,,,,,,,,,,,,,,,,,,,,,,,,,,,,,,,,,,,,,,,,,,,,,,,,,,,,,,,,,,,,,,,,,,,,,,,"2025-05-02T00:24:20.000Z","0","0"
"1591302084","6834590406362156293",,,,,,,"47100","0","how’d i do for my first try 🥴","en","214","may sinat",,,,,,,,,,,,,,,,,,,,,,,,,,,,,,,,,,,,,,,,,,,,,,,,,,,,,,,,,,,,,,,,,,,,,,,,,,,,,,,,,,,,,,,,,,,,,,,,,,,,,,,,,,,,,,,,,,,,,,,,,,,,,,,,,,,,,,,,,,,,,"2020-06-04T20:21:24.000Z","89","300"
"1671936597","7180912953829477678",,,,,,,"71300","0","2023 is my year. just wait and see 🤭","en","12","may sinat",,,,,,,,,,,,,,,,,,,,,,,,,,,,,,,,,,,,,,,,,,,,,,,,,,,,,,,,,,,,,,,,,,,,,,,,,,,,,,,,,,,,,,,,,,,,,,,,,,,,,,,,,,,,,,,,,,,,,,,,,,,,,,,,,,,,,,,,,,,,,"2022-12-25T02:49:57.000Z","37","140"
"1701854514","7309409452430609666",,,,,,,"238900","0","MAY4T WANITA DISIMEN?? #fyp #mayatdisimen ","ms","101","may sinat","","229207","fyp","","","7308699639157358610","mayatdisimen","",,,,,,,,,,,,,,,,,,,,,,,,,,,,,,,,,,,,,,,,,,,,,,,,,,,,,,,,,,,,,,,,,,,,,,,,,,,,,,,,,,,,,,,,,,,,,,,,,,,,,,,,,,,,,,,,,,,,,,,,,,,,,,,,,,,,,"2023-12-06T09:21:54.000Z","71","421"
"1773016284","7615046929424108807",,,,,,,"1631","0","","un","17","may sinat",,,,,,,,,,,,,,,,,,,,,,,,,,,,,,,,,,,,,,,,,,,,,,,,,,,,,,,,,,,,,,,,,,,,,,,,,,,,,,,,,,,,,,,,,,,,,,,,,,,,,,,,,,,,,,,,,,,,,,,,,,,,,,,,,,,,,,,,,,,,,"2026-03-09T00:31:24.000Z","16","8"
"1767442129","7591106100980681995",,,,,,,"71200","0","😂😂##عروج ##ايليني ##taşacakbudeniz ##هذا_البحر_سوف_يفيض #foryoupage ","un","113","may sinat","","1619457721290757","عروج","","","1696212632339458","ايليني","","","7543216822124806164","taşacakbudeniz","","","7515472609853571094","هذا_البحر_سوف_يفيض","","","88764338","foryoupage","",,,,,,,,,,,,,,,,,,,,,,,,,,,,,,,,,,,,,,,,,,,,,,,,,,,,,,,,,,,,,,,,,,,,,,,,,,,,,,,,,,,,,,,,,,,,,,,,,,,,,,,,,,,,,,,,,,,,,,,,,"2026-01-03T12:08:49.000Z","15","297"
"1632279865","7010588635258998043",,,,,,,"48300","0","Reply to @notyourhoneey_ good morning! #foryou #fyp #doctorsoftiktok","en","28","nahihirapan huminga",,,"",,"","42164","foryou","","","229207","fyp","","","1631166000149526","doctorsoftiktok","Here's to all the #DoctorsOfTikTok.",,,,,,,,,,,,,,,,,,,,,,,,,,,,,,,,,,,,,,,,,,,,,,,,,,,,,,,,,,,,,,,,,,,,,,,,,,,,,,,,,,,,,,,,,,,,,,,,,,,,,,,,,,,,,,,,,,,,,,,,,,,,,"2021-09-22T03:04:25.000Z","72","48"
"1750141343","7516799812931423506",,,,,,,"142700","0","Kung hirap ka nang huminga, huwag na mag-atubiling magpatingin. Baka warning sign na ito ng asthma, pneumonia, heart problem, o iba pang emergency na kailangan ng agarang gamutan. 

#fypchallenge #HirapHuminga #DifficultyBreathing #BreathMatters #RespiratoryHealth #BawatHingaMahalaga #HuwagBalewalain #KalusuganNgPaghinga #ActOnBreathlessness #krakenchallenge #hashtags #MagpakonsultaAgad #SeekMedicalHelpn #HuwagIsawalangBahala #PatinginPagHirapHuminga #CheckYourBreath #EarlyConsultationSavesLives #healthadvocacy #HealthAwareness #LigtasAngMayAlam #PublicHealth #DoctorAdvice #DTTBvlogger #FrontlinerCares","tl","192","nahihirapan huminga","","1634922086900741","fypchallenge","","","1601897695160322","hiraphuminga","","","1611973673619462","difficultybreathing","","","41734572","breathmatters","","","1662341104756754","respiratoryhealth","","","7516799801711984656","bawathingamahalaga","","","7418887267567501313","huwagbalewalain","","","7516799563525685264","kalusuganngpaghinga","","","7516799039703089168","actonbreathlessness","","","1665427478446085","krakenchallenge","","","32635","hashtags","","","7516799430897434640","magpakonsultaagad","","","7516799791473360897","seekmedicalhelpn","","","7516798797788217345","huwagisawalangbahala","","","7516799122083741713","patinginpaghiraphuminga","","","889203","checkyourbreath","","","7516799459519365137","earlyconsultationsaveslives","","","1650738730015765","healthadvocacy","","","1592991514200070","healthawareness","","","1659648803196930","ligtasangmayalam","","","14712854","publichealth","","","17045320","doctoradvice","","","7515032836940922898","dttbvlogger","","","1669195997814786","frontlinercares","",,,,,,,,,,,,,,,,,,,,,,,,,,,,,,,,,,,,,,,,,,,,,"2025-06-17T06:22:23.000Z","111","320"
"1718979112","7382959058489298182",,,,,,,"95400","0","mabilisang lunas kung naninikip Ang dibdib or nahihirapan huminga
#new #mabikisanglunas #tiktok 
#massage #masahe #fyp #relax 
#relaxation #relaxing #viral 
#viralvideo #everyone #viewers ","tl","558","nahihirapan huminga","","5655","new","","","7382958346146840582","mabikisanglunas","","","23428","tiktok","","","24637","massage","","","1626080001833985","masahe","","","229207","fyp","","","20550","relax","","","25995","relaxation","","","11548","relaxing","","https://p16-common-sign.tiktokcdn-us.com/musically-maliva-obj/8e4d8102460a60717c89acc2d6367a16.png~tplv-tiktokx-origin.image?dr=9627&x-expires=1773136800&x-signature=xIwjlnYSARVs96JwqNAhHgV5b%2BQ%3D&t=4d5b0474&ps=13740610&shp=81f88b70&shcp=9b759fb9&idc=useast8","20884","viral","¡descubre las canciones en tendencia! 🔥➡️ https://bit.ly/TendenciasTikTok_LATAM","","85133","viralvideo","","","25047","everyone","","","213610","viewers","",,,,,,,,,,,,,,,,,,,,,,,,,,,,,,,,,,,,,,,,,,,,,,,,,,,,,,,,,,,,,,,,,,,,,,,,,,,,,,,,,,,,,,,,,"2024-06-21T14:11:52.000Z","68","220"
"1676183897","7199153971439635713",,,,,,,"179300","0","Hirap Huminga: Alamin kung Baga, Puso o Nerbyos - By Doc Willie Ong (Internist and Cardiologist)","tl","416","nahihirapan huminga",,,,,,,,,,,,,,,,,,,,,,,,,,,,,,,,,,,,,,,,,,,,,,,,,,,,,,,,,,,,,,,,,,,,,,,,,,,,,,,,,,,,,,,,,,,,,,,,,,,,,,,,,,,,,,,,,,,,,,,,,,,,,,,,,,,,,,,,,,,,,"2023-02-12T06:38:17.000Z","156","601"
"1770177601","7602854886660656392",,,,,,,"6429","0","Kapag ikaw ay nahihirapang dumighay at pakiramdam mo ay hirap huminga, kadalasan itong dulot ng naipong hangin sa tiyan","tl","15","nahihirapan huminga",,,,,,,,,,,,,,,,,,,,,,,,,,,,,,,,,,,,,,,,,,,,,,,,,,,,,,,,,,,,,,,,,,,,,,,,,,,,,,,,,,,,,,,,,,,,,,,,,,,,,,,,,,,,,,,,,,,,,,,,,,,,,,,,,,,,,,,,,,,,,"2026-02-04T04:00:01.000Z","1","15"
"1758373582","7552157010674978055",,,,,,,"35100","0","hirap huminga, pananakit ng likod, nahihilo kapag tumayo, masakit ang puso, masakit yun ulo, UTI, ULCER 😭😭 #fypシ゚ ","tl","572","nahihirapan huminga","","1641236262278149","fypシ゚","",,,,,,,,,,,,,,,,,,,,,,,,,,,,,,,,,,,,,,,,,,,,,,,,,,,,,,,,,,,,,,,,,,,,,,,,,,,,,,,,,,,,,,,,,,,,,,,,,,,,,,,,,,,,,,,,,,,,,,,,,,,,,,,,,,,,,,,,,"2025-09-20T13:06:22.000Z","11","305"
"1743818856","7489644789915192592",,,,,,,"62900","0","hirap huminga eh","tl","1277","nahihirapan huminga",,,,,,,,,,,,,,,,,,,,,,,,,,,,,,,,,,,,,,,,,,,,,,,,,,,,,,,,,,,,,,,,,,,,,,,,,,,,,,,,,,,,,,,,,,,,,,,,,,,,,,,,,,,,,,,,,,,,,,,,,,,,,,,,,,,,,,,,,,,,,"2025-04-05T02:07:36.000Z","51","275"
"1760409314","7560900406885305608",,,,,,,"354700","0","update po: nahihirapan po sya huminga gawa din po ng plema may Pneumonia din pi sya pero nagagamot nadin ni doc. Sa tubig naman ng katawan nya pina catheter sya ni doc para malabas nya tubig sa katawan nya. #alvi#fyp #kidneydisease ","tl","3772","nahihirapan huminga","","2910400","alvi","","","229207","fyp","","","7490425","kidneydisease","",,,,,,,,,,,,,,,,,,,,,,,,,,,,,,,,,,,,,,,,,,,,,,,,,,,,,,,,,,,,,,,,,,,,,,,,,,,,,,,,,,,,,,,,,,,,,,,,,,,,,,,,,,,,,,,,,,,,,,,,,,,,,,,,,"2025-10-14T02:35:14.000Z","1084","1787"
"1736598586","7458634114690747656","8 K-10th, Quezon City, 1102 Metro Manila, Philippines","Quezon City","1692192","1694008","21568226265063571","Taragis Sa Sarap","277300","0","#fypp #fypage #viral #trending #trend #fyppppppppppppppppppppppp ","un","1410","nahihirapan huminga","","1616966643636229","fypp","","","1604302285252613","fypage","","https://p16-common-sign.tiktokcdn-us.com/musically-maliva-obj/8e4d8102460a60717c89acc2d6367a16.png~tplv-tiktokx-origin.image?dr=9627&x-expires=1773136800&x-signature=xIwjlnYSARVs96JwqNAhHgV5b%2BQ%3D&t=4d5b0474&ps=13740610&shp=81f88b70&shcp=9b759fb9&idc=useast8","20884","viral","¡descubre las canciones en tendencia! 🔥➡️ https://bit.ly/TendenciasTikTok_LATAM","","20105","trending","Discover the top viral trends, sounds and effects of the week! 🔥","","44895","trend","","","1649139584636934","fyppppppppppppppppppppppp","",,,,,,,,,,,,,,,,,,,,,,,,,,,,,,,,,,,,,,,,,,,,,,,,,,,,,,,,,,,,,,,,,,,,,,,,,,,,,,,,,,,,,,,,,,,,,,,,,,,,,,,,,,,,,,,,,,,,,"2025-01-11T12:29:46.000Z","158","2799"
"1745804592","7498173253228301569",,,,,,,"188500","0","Ganito lang gawin kapag nahihirapan huminga‼️","tl","811","nahihirapan huminga",,,,,,,,,,,,,,,,,,,,,,,,,,,,,,,,,,,,,,,,,,,,,,,,,,,,,,,,,,,,,,,,,,,,,,,,,,,,,,,,,,,,,,,,,,,,,,,,,,,,,,,,,,,,,,,,,,,,,,,,,,,,,,,,,,,,,,,,,,,,,"2025-04-28T01:43:12.000Z","98","582"
"1764229902","7577309695870831892",,,,,,,"47900","0","","un","66","nahihirapan huminga",,,,,,,,,,,,,,,,,,,,,,,,,,,,,,,,,,,,,,,,,,,,,,,,,,,,,,,,,,,,,,,,,,,,,,,,,,,,,,,,,,,,,,,,,,,,,,,,,,,,,,,,,,,,,,,,,,,,,,,,,,,,,,,,,,,,,,,,,,,,,"2025-11-27T07:51:42.000Z","23","30"
"1773098106","7615398338787167496",,,,,,,"75","0","","un","0","nahihirapan huminga",,,,,,,,,,,,,,,,,,,,,,,,,,,,,,,,,,,,,,,,,,,,,,,,,,,,,,,,,,,,,,,,,,,,,,,,,,,,,,,,,,,,,,,,,,,,,,,,,,,,,,,,,,,,,,,,,,,,,,,,,,,,,,,,,,,,,,,,,,,,,"2026-03-09T23:15:06.000Z","0","0"
"1766197680","7585761244800421138",,,,,,,"34200","0","“Masakit ang lalamunan parang nasusunog 🔥 Di makakain, di makapagsalita Ang cooling gel na ito, trending na sa buong Pilipinas! 🇵🇭🧊”#SoreThroat #painrelief #ThroatGel #SoreThroatSolution #VoiceCare #A03","tl","20","masakit ang lalamunan","","25674788","a03","",,,,,,,,,,,,,,,,,,,,,,,,,,,,,,,,,,,,,,,,,,,,,,,,,,,,,,,,,,,,,,,,,,,,,,,,,,,,,,,,,,,,,,,,,,,,,,,,,,,,,,,,,,,,,,,,,,,,,,,,,,,,,,,,,,,,,,,,,"2025-12-20T02:28:00.000Z","5","36"
"1769428691","7599638341662821639",,,,,,,"30300","0","Makati lalamunan","tl","40","masakit ang lalamunan",,,,,,,,,,,,,,,,,,,,,,,,,,,,,,,,,,,,,,,,,,,,,,,,,,,,,,,,,,,,,,,,,,,,,,,,,,,,,,,,,,,,,,,,,,,,,,,,,,,,,,,,,,,,,,,,,,,,,,,,,,,,,,,,,,,,,,,,,,,,,"2026-01-26T11:58:11.000Z","6","23"
"1767523476","7591455503973125397",,,,,,,"23000","0","Masakit ang lalamunan at tuloy-tuloy ang ubo? Direktangpinapakalma ng gel na ito-panoorin at mag-checkout! #LalamunanGel #PlantBasedGel#MabilisNaGinhawa #PampahupaNgUbo #MabilisNaGinhawa#AgadMayGinhawa #LigtasSaLalamunan #MakatingLalamunan#BanayadLang #HerbalFormula#MasakitAngLalamunan #AO7","tl","4","masakit ang lalamunan",,,,,,,,,,,,,,,,,,,,,,,,,,,,,,,,,,,,,,,,,,,,,,,,,,,,,,,,,,,,,,,,,,,,,,,,,,,,,,,,,,,,,,,,,,,,,,,,,,,,,,,,,,,,,,,,,,,,,,,,,,,,,,,,,,,,,,,,,,,,,"2026-01-04T10:44:36.000Z","2","16"
"1763198100","7572867814696963348",,,,,,,"38200","0","Madalas ka bang umubo? Masakit ba o makati ang lalamunan? Makakatulong sa’yo ang natural na herbal gel na ito#ubok #lalamunan #TIKTOK #A02","tl","14","masakit ang lalamunan","","10358654","ubok","","","35641736","lalamunan","","","23428","tiktok","","","15945038","a02","",,,,,,,,,,,,,,,,,,,,,,,,,,,,,,,,,,,,,,,,,,,,,,,,,,,,,,,,,,,,,,,,,,,,,,,,,,,,,,,,,,,,,,,,,,,,,,,,,,,,,,,,,,,,,,,,,,,,,,,,,,,,,"2025-11-15T09:15:00.000Z","1","34"
"1768375772","7595116070101716245",,,,,,,"815","0","👉 Mas madaling sundin ang routine kapag komportable gamitin.#BestSellerPH #MakatingLalamunan #UboSaGabi #LigtasSaLalamunan#PampahupaNgUbo #ParaSaPamilya#HerbalFormula #RealReviewPH #GinamitKo#A07","tl","0","masakit ang lalamunan",,,,,,,,,,,,,,,,,,,,,,,,,,,,,,,,,,,,,,,,,,,,,,,,,,,,,,,,,,,,,,,,,,,,,,,,,,,,,,,,,,,,,,,,,,,,,,,,,,,,,,,,,,,,,,,,,,,,,,,,,,,,,,,,,,,,,,,,,,,,,"2026-01-14T07:29:32.000Z","0","0"
"1773060691","7615237660642250002",,,,,,,"113","0","POV: Yung may anak kang to the rescue kapag masakit ang lalamunan mo kaka live 🫠🫠 thankyou lord

#livehighlights #live #fyp ","tl","0","masakit ang lalamunan","","1672793761073158","livehighlights","","","6417","live","","","229207","fyp","",,,,,,,,,,,,,,,,,,,,,,,,,,,,,,,,,,,,,,,,,,,,,,,,,,,,,,,,,,,,,,,,,,,,,,,,,,,,,,,,,,,,,,,,,,,,,,,,,,,,,,,,,,,,,,,,,,,,,,,,,,,,,,,,,"2026-03-09T12:51:31.000Z","2","0"
"1727836484","7421001169662774536",,,,,,,"230000","0","Ubo masakit na lalamunan#viral_video #homeremedy #tiktokviral #herbalmedicine ","tl","298","masakit ang lalamunan","","84715653","viral_video","","","30054149","homeremedy","","","86427221","tiktokviral","","","69477551","herbalmedicine","",,,,,,,,,,,,,,,,,,,,,,,,,,,,,,,,,,,,,,,,,,,,,,,,,,,,,,,,,,,,,,,,,,,,,,,,,,,,,,,,,,,,,,,,,,,,,,,,,,,,,,,,,,,,,,,,,,,,,,,,,,,,,"2024-10-02T02:34:44.000Z","52","225"
"1763862900","7575490856942095636",,,,,,,"5057","0","Laging tuyo ang lalamunan? Bigyan ng moisture agad!#ubok #lalamunan #A02 #TIKTOK","tl","1","masakit ang lalamunan","","10358654","ubok","","","35641736","lalamunan","","","15945038","a02","","","23428","tiktok","",,,,,,,,,,,,,,,,,,,,,,,,,,,,,,,,,,,,,,,,,,,,,,,,,,,,,,,,,,,,,,,,,,,,,,,,,,,,,,,,,,,,,,,,,,,,,,,,,,,,,,,,,,,,,,,,,,,,,,,,,,,,,"2025-11-23T01:55:00.000Z","3","1"
"1772431423","7612534957826723079",,,,,,,"576","0","na para bang sha ang special guest ni maki?!?!? HAAHAHAH ang saya first concert of the year for me! 🥹🫶

Finally OPM act naman! 🎸🤘 #kolorcoaster #maki #opm #concert #kolorcoasteronemoreride @Maki *ੈ✩‧₊˚ ","en","0","masakit ang lalamunan","","7480872829064314896","kolorcoaster","","","539071","maki","","","47314","opm","","","8934","concert","","","7579236918911729684","kolorcoasteronemoreride","",,,"",,,,,,,,,,,,,,,,,,,,,,,,,,,,,,,,,,,,,,,,,,,,,,,,,,,,,,,,,,,,,,,,,,,,,,,,,,,,,,,,,,,,,,,,,,,,,,,,,,,,,,,,,,,,,,,,,,,,,,"2026-03-02T06:03:43.000Z","2","5"
"1751618553","7523144389019913490","Dasmariñas, Cavite, Philippines","Dasmariñas","1715430","1694008","21568226289656381","Dasmariñas","86700","0","Hirap magkasakit pag buntis bawal
ka ng medication🥺
Kahapon pa ko sinisipon, masakit
ang lalamunan pati ulo para naman
ako ngayong lalagnatin🥺","tl","59","masakit ang lalamunan",,,,,,,,,,,,,,,,,,,,,,,,,,,,,,,,,,,,,,,,,,,,,,,,,,,,,,,,,,,,,,,,,,,,,,,,,,,,,,,,,,,,,,,,,,,,,,,,,,,,,,,,,,,,,,,,,,,,,,,,,,,,,,,,,,,,,,,,,,,,,"2025-07-04T08:42:33.000Z","74","87"
"1764845254","7579952636095368469",,,,,,,"8286","0","Isang pahid, tumitigil ang ubo! Para sa dry at makating lalamunan.#lalamunan #ubo #A03","tl","2","masakit ang lalamunan","","35641736","lalamunan","","","16699672","ubo","","","25674788","a03","",,,,,,,,,,,,,,,,,,,,,,,,,,,,,,,,,,,,,,,,,,,,,,,,,,,,,,,,,,,,,,,,,,,,,,,,,,,,,,,,,,,,,,,,,,,,,,,,,,,,,,,,,,,,,,,,,,,,,,,,,,,,,,,,,"2025-12-04T10:47:34.000Z","0","3"
"1772609399","7613299334226005266",,,,,,,"131","0","","un","0","masakit ang lalamunan",,,,,,,,,,,,,,,,,,,,,,,,,,,,,,,,,,,,,,,,,,,,,,,,,,,,,,,,,,,,,,,,,,,,,,,,,,,,,,,,,,,,,,,,,,,,,,,,,,,,,,,,,,,,,,,,,,,,,,,,,,,,,,,,,,,,,,,,,,,,,"2026-03-04T07:29:59.000Z","0","0"
"1769040555","7597970818655685904",,,,,,,"720900","0","May dry cough ka na naman ba? #HealthAwareness #coughremedy #highlights ","tl","7644","makating lalamunan","","1592991514200070","healthawareness","","","1648255764667393","coughremedy","","","92207","highlights","",,,,,,,,,,,,,,,,,,,,,,,,,,,,,,,,,,,,,,,,,,,,,,,,,,,,,,,,,,,,,,,,,,,,,,,,,,,,,,,,,,,,,,,,,,,,,,,,,,,,,,,,,,,,,,,,,,,,,,,,,,,,,,,,,"2026-01-22T00:09:15.000Z","325","5058"
"1750250045","7517266689927531783",,,,,,,"370300","0","Remedy sa maka_ting lalamunan at ubo ng ubo, simple lang!  #phlegm #cough ","tl","1897","makating lalamunan","","14898580","phlegm","","","111888","cough","",,,,,,,,,,,,,,,,,,,,,,,,,,,,,,,,,,,,,,,,,,,,,,,,,,,,,,,,,,,,,,,,,,,,,,,,,,,,,,,,,,,,,,,,,,,,,,,,,,,,,,,,,,,,,,,,,,,,,,,,,,,,,,,,,,,,,"2025-06-18T12:34:05.000Z","216","2400"
"1764848547","7579966775073262856",,,,,,,"56600","0","Solusyon sa makating lalamunan na parang may nakadikit na plem@.   #tips  #lifehacks  #foryou ","tl","48","makating lalamunan","","79189","tips","Show us your pro #Tips.","https://p77-sign-va.tiktokcdn.com/musically-maliva-obj/d08ab589449aa36692eab793d0697eb4~tplv-tiktokx-origin.image?dr=14566&x-expires=1773136800&x-signature=6d%2BtI%2BHK24vWL1jdKuBXP95irOM%3D&t=4d5b0474&ps=13740610&shp=81f88b70&shcp=9b759fb9&idc=my2","325405","lifehacks","Show us those tips and tricks that have changed your life.","","42164","foryou","",,,,,,,,,,,,,,,,,,,,,,,,,,,,,,,,,,,,,,,,,,,,,,,,,,,,,,,,,,,,,,,,,,,,,,,,,,,,,,,,,,,,,,,,,,,,,,,,,,,,,,,,,,,,,,,,,,,,,,,,,,,,,,,,,"2025-12-04T11:42:27.000Z","16","70"
"1765931600","7584618415990508811",,,,,,,"15400","0","Makati ang lalamunan? Maaaring dulot ito ng allergy, tuyong hangin, o iritasyon. Subukan ang simpleng tips para maibsan ang kati. General info lamang ito.

Hashtags:
#lalamunan 
#itchythroat 
#healthtips 
#healthcare 
#healthinfo ","tl","26","makating lalamunan","","35641736","lalamunan","","","652292","itchythroat","","https://p77-sign-va.tiktokcdn.com/musically-maliva-obj/18ce88aa768350f8576769e10349e446~tplv-tiktokx-origin.image?dr=14566&x-expires=1773136800&x-signature=7dSD5bdva9LAe7Qq2yVjECFcs44%3D&t=4d5b0474&ps=13740610&shp=81f88b70&shcp=9b759fb9&idc=my2","2262943","healthtips","What's your secret to staying fit? Share tips that have helped you stay healthy!","","121356","healthcare","","","1639842080647170","healthinfo","",,,,,,,,,,,,,,,,,,,,,,,,,,,,,,,,,,,,,,,,,,,,,,,,,,,,,,,,,,,,,,,,,,,,,,,,,,,,,,,,,,,,,,,,,,,,,,,,,,,,,,,,,,,,,,,,,,,,,,,,,"2025-12-17T00:33:20.000Z","7","24"
"1766933447","7588921346923580680",,,,,,,"92100","0","Ubo,dry cough at makating lalamunan. 
 #tips #lifehacks #foryou ","en","375","makating lalamunan","","79189","tips","Show us your pro #Tips.","https://p77-sign-va.tiktokcdn.com/musically-maliva-obj/d08ab589449aa36692eab793d0697eb4~tplv-tiktokx-origin.image?dr=14566&x-expires=1773136800&x-signature=6d%2BtI%2BHK24vWL1jdKuBXP95irOM%3D&t=4d5b0474&ps=13740610&shp=81f88b70&shcp=9b759fb9&idc=my2","325405","lifehacks","Show us those tips and tricks that have changed your life.","","42164","foryou","",,,,,,,,,,,,,,,,,,,,,,,,,,,,,,,,,,,,,,,,,,,,,,,,,,,,,,,,,,,,,,,,,,,,,,,,,,,,,,,,,,,,,,,,,,,,,,,,,,,,,,,,,,,,,,,,,,,,,,,,,,,,,,,,,"2025-12-28T14:50:47.000Z","17","312"
"1710759600","7347629713231318279",,,,,,,"1600000","0","May hindi mawala walang Ubo sa Gabi? #fyp  #foryou  #learnfromtiktok  #healthhacks  #sorethroat  #refluxsuggles  #acidreflufproblems  #silentrefluxlife  #naturalhealing  #selfcare","tl","4019","makating lalamunan","","229207","fyp","","","42164","foryou","","","1621744304220486","learnfromtiktok","","","1635943946870790","healthhacks","","","549674","sorethroat","","","7347629632470188034","refluxsuggles","","","7347629770026254338","acidreflufproblems","","","7347629477675859970","silentrefluxlife","","","6220007","naturalhealing","","https://p77-sign-va.tiktokcdn.com/musically-maliva-obj/e34556a67093e64251a17648ee071929.jpeg~tplv-tiktokx-origin.image?dr=14566&x-expires=1773136800&x-signature=3QIGle%2FcxHIfOmNLdRuEcEkieUo%3D&t=4d5b0474&ps=13740610&shp=81f88b70&shcp=9b759fb9&idc=my2","229214","selfcare","Put #SelfCare first and show us how you prioritize yourself.",,,,,,,,,,,,,,,,,,,,,,,,,,,,,,,,,,,,,,,,,,,,,,,,,,,,,,,,,,,,,,,,,,,,,,,,,,,,,,,,,,,,,,,,,,,,,,,,,,,,,"2024-03-18T11:00:00.000Z","573","6782"
"1772032210","7610820347474021652",,,,,,,"850800","0","#smokers #lungcleansing #lungsdetox #coughsyrup #naturalcoughmedicine","un","2578","makating lalamunan","","1663172548924421","lungcleansing","","","7034802185640607771","lungsdetox","","","228790","coughsyrup","","","7054232960467206150","naturalcoughmedicine","",,,,,,,,,,,,,,,,,,,,,,,,,,,,,,,,,,,,,,,,,,,,,,,,,,,,,,,,,,,,,,,,,,,,,,,,,,,,,,,,,,,,,,,,,,,,,,,,,,,,,,,,,,,,,,,,,,,,,,,,,,,,,"2026-02-25T15:10:10.000Z","117","2567"
"1773003600","7610254718643850517",,,,,,,"348900","0","Ubo nang Ubo? (Ang ""Thinner"" at ""Varnish"" ng Lalamunan!) 💧🌬️ #CoughRelief #Ubo #Plema #HoneyRemedy #SteamInhalation #HomeRemedies #DocMari #HealthTokPH #LungHealth #FluSeason #NaturalRemedies #PinoyMD #WellnessTips","tl","3182","makating lalamunan","","1638053749866501","coughrelief","","","50330115","plema","","","7026760468182073349","honeyremedy","","","1662264901148678","steaminhalation","","","10889308","homeremedies","","","1652440205073413","docmar","","","1689388028626945","healthtokph","Health tips right here on TikTok #healthtokph.","","1625126776132613","lunghealth","","","588073","fluseason","","","81795401","naturalremedies","","","1630166513183745","pinoymd","","https://p77-sign-va.tiktokcdn.com/musically-maliva-obj/7a28d06806225344cddbcf014a968fff~tplv-tiktokx-origin.image?dr=14566&x-expires=1773136800&x-signature=n5KK8PKyiVRQ7FqXoA9l9IATv1g%3D&t=4d5b0474&ps=13740610&shp=81f88b70&shcp=9b759fb9&idc=my2","1652673142225925","wellnesstips","Whether you're a yoga expert, planning the perfect meal or just starting to meditate, share your #WellnessTips.",,,,,,,,,,,,,,,,,,,,,,,,,,,,,,,,,,,,,,,,,,,,,,,,,,,,,,,,,,,,,,,,,,,,,,,,,,,,,,,,,,,,,,,,,,,,,"2026-03-08T21:00:00.000Z","195","1173"
"1751210280","7521390746742557983","1 Prince St, Alexandria, VA 22314, United States","Springfield","116023724","6252001","22535865258232413","Old Town Alexandria Waterfront","200000","0","Relieve your itchy throat instantly with acupressure.
 
If you wanna heal 60+ everyday health issues, get my Acupressure Guide in my  🔗 on top of my page!

#acupuncture #acupressure #acupuncturist #itchy #throat #cough How to relieve itchy throat instantly with acupressure point ","en","281","makating lalamunan","","958131","acupuncture","","","1613119162298373","acupressure","","","1632960689906693","acupuncturist","","","99376","itchy","","","25180","throat","","","111888","cough","",,,,,,,,,,,,,,,,,,,,,,,,,,,,,,,,,,,,,,,,,,,,,,,,,,,,,,,,,,,,,,,,,,,,,,,,,,,,,,,,,,,,,,,,,,,,,,,,,,,,,,,,,,,,,,,,,,,,,"2025-06-29T15:18:00.000Z","73","1009"
"1763038800","7572154805469154576",,,,,,,"386500","0","Lalamunan mo ba parang may cactus...masakit at mahapdi?😫
Chill lang dahil may natural remedies para dyan.👌✨
Hindi magic potion pero sure na may healing effect!☝️

#docatoie #tiktokph #healthforum #health #sorethroat #naturalremedies #remedies #lemon #water #honey #garlic #salt #bakingsoda","tl","1888","makating lalamunan","","1678434086832130","docatoie","","","62652858","tiktokph","","","1692092813084673","healthforum","","","13566","health","","","549674","sorethroat","","","81795401","naturalremedies","","","45575","remedies","","","19876","lemon","","","5426","water","","","9800","honey","","","2075904","garlic","","","40349","salt","","","8904","bakingsoda","",,,,,,,,,,,,,,,,,,,,,,,,,,,,,,,,,,,,,,,,,,,,,,,,,,,,,,,,,,,,,,,,,,,,,,,,,,,,,,,,,,,,,,,,,"2025-11-13T13:00:00.000Z","161","1945"
"1768746466","7596708193045122324",,,,,,,"21600","0","Sakit na ng likod ko kakaubo hayyssss","tl","9","makating lalamunan",,,,,,,,,,,,,,,,,,,,,,,,,,,,,,,,,,,,,,,,,,,,,,,,,,,,,,,,,,,,,,,,,,,,,,,,,,,,,,,,,,,,,,,,,,,,,,,,,,,,,,,,,,,,,,,,,,,,,,,,,,,,,,,,,,,,,,,,,,,,,"2026-01-18T14:27:46.000Z","105","18"
"1682823803","7227673180872166662",,,,,,,"431200","0","Konting kaalaman😊 #docatoie #healthtips #healthiswealth ","tl","7010","makating lalamunan","","1678434086832130","docatoie","","https://p77-sign-va.tiktokcdn.com/musically-maliva-obj/18ce88aa768350f8576769e10349e446~tplv-tiktokx-origin.image?dr=14566&x-expires=1773136800&x-signature=7dSD5bdva9LAe7Qq2yVjECFcs44%3D&t=4d5b0474&ps=13740610&shp=81f88b70&shcp=9b759fb9&idc=my2","2262943","healthtips","What's your secret to staying fit? Share tips that have helped you stay healthy!","","643022","healthiswealth","",,,,,,,,,,,,,,,,,,,,,,,,,,,,,,,,,,,,,,,,,,,,,,,,,,,,,,,,,,,,,,,,,,,,,,,,,,,,,,,,,,,,,,,,,,,,,,,,,,,,,,,,,,,,,,,,,,,,,,,,,,,,,,,,,"2023-04-30T03:03:23.000Z","233","1216"
"1773015677","7615044310752398600",,,,,,,"5788","0","","un","16","hinahabol ang paghinga",,,,,,,,,,,,,,,,,,,,,,,,,,,,,,,,,,,,,,,,,,,,,,,,,,,,,,,,,,,,,,,,,,,,,,,,,,,,,,,,,,,,,,,,,,,,,,,,,,,,,,,,,,,,,,,,,,,,,,,,,,,,,,,,,,,,,,,,,,,,,"2026-03-09T00:21:17.000Z","2","13"
"1744605530","7493023676988656903","Benguet, Cordillera, Philippines","","1728930","1694008","22535865203905754","Baguio","13300","0","#fyppppppppppppppppppppppp #fypシ゚ ","un","115","hinahabol ang paghinga","","1649139584636934","fyppppppppppppppppppppppp","","","1641236262278149","fypシ゚","",,,,,,,,,,,,,,,,,,,,,,,,,,,,,,,,,,,,,,,,,,,,,,,,,,,,,,,,,,,,,,,,,,,,,,,,,,,,,,,,,,,,,,,,,,,,,,,,,,,,,,,,,,,,,,,,,,,,,,,,,,,,,,,,,,,,,"2025-04-14T04:38:50.000Z","13","106"
"1771430169","7608234617082023189",,,,,,,"3587","0","Ako habang hinahabol ang hininga KO PRA Lang sabihin Kay JL na Mahal KO sya 😭🤣🤣 hahaha grabee Yung hingal KO 🥹😭😭🤣🤣🤣 

#ahof_jl #JlAirport #ahof_official #ahofforloveincebu #ahoffanmeet2026 ","tl","4","hinahabol ang paghinga","","7463532800105250833","ahof_jl","","","7608234629963153429","jlairport","","","7463498771771916296","ahof_official","","","7594810882308177941","ahofforloveincebu","","","7594799580084961297","ahoffanmeet2026","",,,,,,,,,,,,,,,,,,,,,,,,,,,,,,,,,,,,,,,,,,,,,,,,,,,,,,,,,,,,,,,,,,,,,,,,,,,,,,,,,,,,,,,,,,,,,,,,,,,,,,,,,,,,,,,,,,,,,,,,,"2026-02-18T15:56:09.000Z","28","30"
"1773000798","7614980360656604437",,,,,,,"511","0","He's a heart warrior & meron syang collapse na lungs,kaya ung paghinga hirap,mahal ung gamutan pero inilalaban pa din namen sya 🙏","tl","8","hinahabol ang paghinga",,,,,,,,,,,,,,,,,,,,,,,,,,,,,,,,,,,,,,,,,,,,,,,,,,,,,,,,,,,,,,,,,,,,,,,,,,,,,,,,,,,,,,,,,,,,,,,,,,,,,,,,,,,,,,,,,,,,,,,,,,,,,,,,,,,,,,,,,,,,,"2026-03-08T20:13:18.000Z","36","5"
"1773069082","7615273685242432788",,,,,,,"121","0","😭😭😭😭😭😭😭😭😭😭😭😭😭😭😭😭😭😭","un","0","hinahabol ang paghinga",,,,,,,,,,,,,,,,,,,,,,,,,,,,,,,,,,,,,,,,,,,,,,,,,,,,,,,,,,,,,,,,,,,,,,,,,,,,,,,,,,,,,,,,,,,,,,,,,,,,,,,,,,,,,,,,,,,,,,,,,,,,,,,,,,,,,,,,,,,,,"2026-03-09T15:11:22.000Z","0","0"
"1772941833","7614727120710962452",,,,,,,"3224","0","Maluwag dapat ang iyong paghinga kahit may iniisip ka. #psychologist #MentalHealth ","tl","8","hinahabol ang paghinga","","785810","psychologist","","","258907","mentalhealth","Thanks to all for participating in our #MentalHeath Post Contest. Check back here on July 8th to see all the winners: https://vt.tiktok.com/ZMSFHSXfP/",,,,,,,,,,,,,,,,,,,,,,,,,,,,,,,,,,,,,,,,,,,,,,,,,,,,,,,,,,,,,,,,,,,,,,,,,,,,,,,,,,,,,,,,,,,,,,,,,,,,,,,,,,,,,,,,,,,,,,,,,,,,,,,,,,,,,"2026-03-08T03:50:33.000Z","10","11"
"1732149000","7439434405711531280",,,,,,,"7100000","0","Hindi raw dapat binabalewala ang pagkakaroon ng amag o molds sa bahagi at mga gamit sa bahay. Puwede raw kasi itong magdulot ng hirap sa paghinga at iba pang problema sa kalusugan. #SONA #FitTrack","tl","92900","hinahabol ang paghinga","","98332","sona","","","1653105565000709","fittrack","",,,,,,,,,,,,,,,,,,,,,,,,,,,,,,,,,,,,,,,,,,,,,,,,,,,,,,,,,,,,,,,,,,,,,,,,,,,,,,,,,,,,,,,,,,,,,,,,,,,,,,,,,,,,,,,,,,,,,,,,,,,,,,,,,,,,,"2024-11-21T00:30:00.000Z","2232","33189"
"1641343566","7049516931560295706",,,,,,,"146700","0","my #coldtherapy","en","113","hinahabol ang paghinga","","1637352474265606","coldtherapy","",,,,,,,,,,,,,,,,,,,,,,,,,,,,,,,,,,,,,,,,,,,,,,,,,,,,,,,,,,,,,,,,,,,,,,,,,,,,,,,,,,,,,,,,,,,,,,,,,,,,,,,,,,,,,,,,,,,,,,,,,,,,,,,,,,,,,,,,,"2022-01-05T00:46:06.000Z","21","251"
"1773014203","7615037938606394644",,,,,,,"196","0","ramdam na ramdam mo ang sakit
#sb19","tl","1","hinahabol ang paghinga","","1604797651309569","sb19","",,,,,,,,,,,,,,,,,,,,,,,,,,,,,,,,,,,,,,,,,,,,,,,,,,,,,,,,,,,,,,,,,,,,,,,,,,,,,,,,,,,,,,,,,,,,,,,,,,,,,,,,,,,,,,,,,,,,,,,,,,,,,,,,,,,,,,,,,"2026-03-08T23:56:43.000Z","0","6"
"1773066316","7615261817266392338",,,,,,,"468","0","#duet with @PABLO pati buntong hininga maharmonizan pa HAHAHAHAHAHAHAHAHAHA #sb19 #pablo #harmonize #singing ","tl","0","hinahabol ang paghinga","https://p16-common-sign.tiktokcdn-us.com/musically-maliva-obj/dff7a84f4a6523e32f92b9a79b1e4d34~tplv-tiktokx-origin.image?dr=9627&x-expires=1773136800&x-signature=L8ABbzj5jIZfxY64eTfV8Gg%2FksA%3D&t=4d5b0474&ps=13740610&shp=81f88b70&shcp=9b759fb9&idc=useast5","30496","duet","Two is always better than one, so show us your perfect #Duet.",,,"",,"","1604797651309569","sb19","","","49805","pablo","","","418050","harmonize","","","8247","singing","From ballads to covers of your favorite artist, show us what you're #Singing.",,,,,,,,,,,,,,,,,,,,,,,,,,,,,,,,,,,,,,,,,,,,,,,,,,,,,,,,,,,,,,,,,,,,,,,,,,,,,,,,,,,,,,,,,,,,,,,,,,,,,,,,,,,,,,,,,,,,,"2026-03-09T14:25:16.000Z","5","4"
"1770623144","7604768463252376852",,,,,,,"8032","0","🩷😪","un","2","hinahabol ang paghinga",,,,,,,,,,,,,,,,,,,,,,,,,,,,,,,,,,,,,,,,,,,,,,,,,,,,,,,,,,,,,,,,,,,,,,,,,,,,,,,,,,,,,,,,,,,,,,,,,,,,,,,,,,,,,,,,,,,,,,,,,,,,,,,,,,,,,,,,,,,,,"2026-02-09T07:45:44.000Z","11","23"
"1712585900","7355500415359732998",,,,,,,"472500","0","Laging masakit ang katawan? ito ang dahilan at dapat mong gawin","tl","1302","masakit ang katawan",,,,,,,,,,,,,,,,,,,,,,,,,,,,,,,,,,,,,,,,,,,,,,,,,,,,,,,,,,,,,,,,,,,,,,,,,,,,,,,,,,,,,,,,,,,,,,,,,,,,,,,,,,,,,,,,,,,,,,,,,,,,,,,,,,,,,,,,,,,,,"2024-04-08T14:18:20.000Z","548","1719"
"1700559965","7303849413280058626","Philippines","","104814783","1694008","22535796481527265","Manila","828100","0","Laging masakit ang katawan? baka kulang sa lambing? ito ang dahilan! #flexyourform ","tl","166","masakit ang katawan","","7291589892511891457","flexyourform","",,,,,,,,,,,,,,,,,,,,,,,,,,,,,,,,,,,,,,,,,,,,,,,,,,,,,,,,,,,,,,,,,,,,,,,,,,,,,,,,,,,,,,,,,,,,,,,,,,,,,,,,,,,,,,,,,,,,,,,,,,,,,,,,,,,,,,,,,"2023-11-21T09:46:05.000Z","139","217"
"1769660916","7600635733501545746","7XHP+JMH, Lapu-Lapu, Cebu, Philippines","Lapu-Lapu","1707267","1694008","20319181056527272","アグスホテルセブ","14900","0","#philippines🇵🇭 #fyppppppppppppppppppppppp #foryoupage❤️❤️ ","un","141","masakit ang katawan","","1592171606324230","philippines🇵🇭","","","1649139584636934","fyppppppppppppppppppppppp","","","1634937149617158","foryoupage❤️❤️","",,,,,,,,,,,,,,,,,,,,,,,,,,,,,,,,,,,,,,,,,,,,,,,,,,,,,,,,,,,,,,,,,,,,,,,,,,,,,,,,,,,,,,,,,,,,,,,,,,,,,,,,,,,,,,,,,,,,,,,,,,,,,,,,,"2026-01-29T04:28:36.000Z","10","66"
"1772536535","7612986400614518036",,,,,,,"664","0","Masakit talaga sa katawan ehh @AUNT JOANNA ","tl","1","masakit ang katawan",,,"",,,,,,,,,,,,,,,,,,,,,,,,,,,,,,,,,,,,,,,,,,,,,,,,,,,,,,,,,,,,,,,,,,,,,,,,,,,,,,,,,,,,,,,,,,,,,,,,,,,,,,,,,,,,,,,,,,,,,,,,,,,,,,,,,,,,,,,,,,"2026-03-03T11:15:35.000Z","0","0"
"1772674201","7613577688053189906",,,,,,,"47900","0","Kung masakit ang katawan gawin itong mga natural na paraan para gumaan ang pakiramdam. #doctoonph #natural ","tl","862","masakit ang katawan","","7613577524286750741","doctoonph","","","10889","natural","",,,,,,,,,,,,,,,,,,,,,,,,,,,,,,,,,,,,,,,,,,,,,,,,,,,,,,,,,,,,,,,,,,,,,,,,,,,,,,,,,,,,,,,,,,,,,,,,,,,,,,,,,,,,,,,,,,,,,,,,,,,,,,,,,,,,,"2026-03-05T01:30:01.000Z","6","578"
"1705478400","7324913184236768519",,,,,,,"52700","0","Naranasan mo na bang gumising sa umaga na medyo masakit ang iyong katawan? Bakit nga ba? Alamin at panoorin ang video na ito kung ano ba talaga ang sanhi nito. #drrockywillis #clinicalaguna #fypシ#fypシ゚viral","tl","64","masakit ang katawan","","7308594108501753857","drrockywillis","","","7191843011264217115","clinicalaguna","","","1637342470396934","fypシ","","","1664119477821441","fypシ゚viral","",,,,,,,,,,,,,,,,,,,,,,,,,,,,,,,,,,,,,,,,,,,,,,,,,,,,,,,,,,,,,,,,,,,,,,,,,,,,,,,,,,,,,,,,,,,,,,,,,,,,,,,,,,,,,,,,,,,,,,,,,,,,,"2024-01-17T08:00:00.000Z","35","85"
"1773112879","7615461790985489672",,,,,,,"281","0","i really can’t tolerate the pain for real. magsasabay sabay na lahat once hindi ka nakapagtake ng prednisone talaga. sobrang inflammation sa buong katawan, sasakit na mata mo kahit nakamulat or nakapikit, sasakit na ulo na parang puputok, sasakit na ilong, minsan damay pati ngipin, parang maraming tumutusok na karayom sa tiyan, parang literal na nasusunog ang katawan, magmamanas ang paa, magkakaroon ng mga bukol sa iba’t ibang parte ng katawan na halos hindi ka na makalakad at halos may kasama pang pus sa loob, at halos gusto nalang mamatay sa sobrang sakit ng katawan from head to toe.","tl","0","masakit ang katawan",,,,,,,,,,,,,,,,,,,,,,,,,,,,,,,,,,,,,,,,,,,,,,,,,,,,,,,,,,,,,,,,,,,,,,,,,,,,,,,,,,,,,,,,,,,,,,,,,,,,,,,,,,,,,,,,,,,,,,,,,,,,,,,,,,,,,,,,,,,,,"2026-03-10T03:21:19.000Z","0","2"
"1744345019","7491904720605302036",,,,,,,"1300000","0","masakit na katawan, sigi pa rin sa sayaw","tl","8732","masakit ang katawan",,,,,,,,,,,,,,,,,,,,,,,,,,,,,,,,,,,,,,,,,,,,,,,,,,,,,,,,,,,,,,,,,,,,,,,,,,,,,,,,,,,,,,,,,,,,,,,,,,,,,,,,,,,,,,,,,,,,,,,,,,,,,,,,,,,,,,,,,,,,,"2025-04-11T04:16:59.000Z","348","14782"
"1763989882","7576278825005501716","Sitio maporac, Cabangan, Zambales, 2203 Central Luzon, Philippines","Cabangan","1721879","1694008","42203860761399310","Mt. Mariglem","150200","0","So when?? #relatable #mariglem #fyp #hiking #naturetrip ","en","2742","masakit ang katawan","","6888","relatable","Tell us about things you find #Relatable","","7318349950125867013","mariglem","","","229207","fyp","","","4779","hiking","Head to the great outdoors for all things #Hiking.","","6799908","naturetrip","",,,,,,,,,,,,,,,,,,,,,,,,,,,,,,,,,,,,,,,,,,,,,,,,,,,,,,,,,,,,,,,,,,,,,,,,,,,,,,,,,,,,,,,,,,,,,,,,,,,,,,,,,,,,,,,,,,,,,,,,,"2025-11-24T13:11:22.000Z","119","1037"
"1772486875","7612773116237909266",,,,,,,"549","0","Really hits different 😌#CapCut #ofwkuwait🇰🇼🇵🇭 #motivation #fyp #buhayofw ","en","0","masakit ang katawan","","1663935709411330","capcut","CapCut is a new, easy-to-use video editing tool designed for mobile platforms. CapCut provides users with a wide range of video editing functions, filters, audio &amp; visual effects, video templates, while keeping it free of charge and ads-free. Everyone can be a creator by using CapCut.  

Start creating your cool videos today: 
https://capcut.onelink.me/XKqI/228cad85","","1619566433650694","ofwkuwait🇰🇼🇵🇭","","","22835","motivation","Tell us what helps you to keep your #Motivation","","229207","fyp","","","5212537","buhayofw","",,,,,,,,,,,,,,,,,,,,,,,,,,,,,,,,,,,,,,,,,,,,,,,,,,,,,,,,,,,,,,,,,,,,,,,,,,,,,,,,,,,,,,,,,,,,,,,,,,,,,,,,,,,,,,,,,,,,,,,,,"2026-03-02T21:27:55.000Z","0","1"
"1771062583","7606655864086236423",,,,,,,"3100000","0","Mga sakit na pwede makuha pag laging puyat","tl","48300","masakit ang katawan",,,,,,,,,,,,,,,,,,,,,,,,,,,,,,,,,,,,,,,,,,,,,,,,,,,,,,,,,,,,,,,,,,,,,,,,,,,,,,,,,,,,,,,,,,,,,,,,,,,,,,,,,,,,,,,,,,,,,,,,,,,,,,,,,,,,,,,,,,,,,"2026-02-14T09:49:43.000Z","3191","18098"
"1772863335","7614389989819911445",,,,,,,"94","0","❌mag pahinga dahil  masakit ang katawan
✅ mag sayaw ng tiktok para  pag pawisan🤣 ","tl","0","masakit ang katawan",,,,,,,,,,,,,,,,,,,,,,,,,,,,,,,,,,,,,,,,,,,,,,,,,,,,,,,,,,,,,,,,,,,,,,,,,,,,,,,,,,,,,,,,,,,,,,,,,,,,,,,,,,,,,,,,,,,,,,,,,,,,,,,,,,,,,,,,,,,,,"2026-03-07T06:02:15.000Z","0","0"
"1772849361","7614329998736018706",,,,,,,"498700","0","Success na ang Mga KAYRAM HhhHhHh pinanindigan nanila guys 🥰🥰 my part2 po yan.. @ram @Kyla Cruz kasal naba ang nxt?","tl","2366","panghihina",,,"",,,,"",,,,,,,,,,,,,,,,,,,,,,,,,,,,,,,,,,,,,,,,,,,,,,,,,,,,,,,,,,,,,,,,,,,,,,,,,,,,,,,,,,,,,,,,,,,,,,,,,,,,,,,,,,,,,,,,,,,,,,,,,,,,,,,,,,,,,,"2026-03-07T02:09:21.000Z","292","2180"
"1772946030","7614745141060095252",,,,,,,"844700","0","Dhie @ram wag masyado ipahalata na nanghihina ka sa titig ni mhie @Kyla Cruz #viralvideo #fypage ","tl","6987","panghihina",,,"",,,,"",,"","85133","viralvideo","","","1604302285252613","fypage","",,,,,,,,,,,,,,,,,,,,,,,,,,,,,,,,,,,,,,,,,,,,,,,,,,,,,,,,,,,,,,,,,,,,,,,,,,,,,,,,,,,,,,,,,,,,,,,,,,,,,,,,,,,,,,,,,,,,,,,,,,,,,"2026-03-08T05:00:30.000Z","1008","4443"
"1773060478","7615236737819774229",,,,,,,"20600","0","Alam kung malakas ka Deia ngutin nanghihina kalang talaga sa Brilyante ni Gargan #encantadiachronicles #encantadiaedits #makitviral #fypシ゚ ","tl","19","panghihina","","7141775297750171653","encantadiachronicles","","","1683855330801665","encantadiaedits","","","1600050233366533","makitviral","","","1641236262278149","fypシ゚","",,,,,,,,,,,,,,,,,,,,,,,,,,,,,,,,,,,,,,,,,,,,,,,,,,,,,,,,,,,,,,,,,,,,,,,,,,,,,,,,,,,,,,,,,,,,,,,,,,,,,,,,,,,,,,,,,,,,,,,,,,,,,"2026-03-09T12:47:58.000Z","3","26"
"1772836147","7614273214369369365",,,,,,,"30400","0","Wekness #DGuy ","en","1416","panghihina","","25597669","dguy","",,,,,,,,,,,,,,,,,,,,,,,,,,,,,,,,,,,,,,,,,,,,,,,,,,,,,,,,,,,,,,,,,,,,,,,,,,,,,,,,,,,,,,,,,,,,,,,,,,,,,,,,,,,,,,,,,,,,,,,,,,,,,,,,,,,,,,,,,"2026-03-06T22:29:07.000Z","21","145"
"1772981273","7614896556952554772",,,,,,,"217","0","🫣🫣🫣🫣🫣🫣🫣🫣🫣🫣🫢🫢🫢🫢🫢🫢🫢🫢🫢🫢🫢🫢🫢🫢🫢🫢🫢🫢🫢🫢🫢 #ofwkuwait🇰🇼🇵🇭 #fyppppppppppppppppppppppp #fypageシ🤍🤍🤍 #fypageシ ","un","0","panghihina","","1619566433650694","ofwkuwait🇰🇼🇵🇭","","","1649139584636934","fyppppppppppppppppppppppp","","","7060330695612170267","fypageシ🤍🤍🤍","","","1639908894714881","fypageシ","",,,,,,,,,,,,,,,,,,,,,,,,,,,,,,,,,,,,,,,,,,,,,,,,,,,,,,,,,,,,,,,,,,,,,,,,,,,,,,,,,,,,,,,,,,,,,,,,,,,,,,,,,,,,,,,,,,,,,,,,,,,,,"2026-03-08T14:47:53.000Z","6","1"
"1773110981","7615453651166858514",,,,,,,"240","0","Arayyykooo🙁#fy #fyppppppppppppppppppppppp #fyp #rfi #raider ","en","0","panghihina","","153828","fy","","","1649139584636934","fyppppppppppppppppppppppp","","","229207","fyp","","","34585953","rfi","","","231642","raider","",,,,,,,,,,,,,,,,,,,,,,,,,,,,,,,,,,,,,,,,,,,,,,,,,,,,,,,,,,,,,,,,,,,,,,,,,,,,,,,,,,,,,,,,,,,,,,,,,,,,,,,,,,,,,,,,,,,,,,,,,"2026-03-10T02:49:41.000Z","0","0"
"1772970785","7614851520697257223",,,,,,,"303","0","Heheh #viral #fypシ゚ #like #nanghihina ","id","2","panghihina","https://p16-common-sign.tiktokcdn-us.com/musically-maliva-obj/8e4d8102460a60717c89acc2d6367a16.png~tplv-tiktokx-origin.image?dr=9627&x-expires=1773136800&x-signature=xIwjlnYSARVs96JwqNAhHgV5b%2BQ%3D&t=4d5b0474&ps=13740610&shp=81f88b70&shcp=9b759fb9&idc=useast5","20884","viral","¡descubre las canciones en tendencia! 🔥➡️ https://bit.ly/TendenciasTikTok_LATAM","","1641236262278149","fypシ゚","","","5222","like","","","1619601794510853","nanghihina","",,,,,,,,,,,,,,,,,,,,,,,,,,,,,,,,,,,,,,,,,,,,,,,,,,,,,,,,,,,,,,,,,,,,,,,,,,,,,,,,,,,,,,,,,,,,,,,,,,,,,,,,,,,,,,,,,,,,,,,,,,,,,"2026-03-08T11:53:05.000Z","2","2"
"1772935082","7614698160341962004",,,,,,,"2871","0","i did not expect too much sa mga taong nakapaligid sakin ok lang atleast aware ako","tl","0","panghihina",,,,,,,,,,,,,,,,,,,,,,,,,,,,,,,,,,,,,,,,,,,,,,,,,,,,,,,,,,,,,,,,,,,,,,,,,,,,,,,,,,,,,,,,,,,,,,,,,,,,,,,,,,,,,,,,,,,,,,,,,,,,,,,,,,,,,,,,,,,,,"2026-03-08T01:58:02.000Z","9","6"
"1772872388","7614428902945000711",,,,,,,"681","0","","un","3","panghihina",,,,,,,,,,,,,,,,,,,,,,,,,,,,,,,,,,,,,,,,,,,,,,,,,,,,,,,,,,,,,,,,,,,,,,,,,,,,,,,,,,,,,,,,,,,,,,,,,,,,,,,,,,,,,,,,,,,,,,,,,,,,,,,,,,,,,,,,,,,,,"2026-03-07T08:33:08.000Z","2","2"
"1773052980","7615204522981395732",,,,,,,"885","0","ayuu #fypシ゚ ","so","34","panghihina","","1641236262278149","fypシ゚","",,,,,,,,,,,,,,,,,,,,,,,,,,,,,,,,,,,,,,,,,,,,,,,,,,,,,,,,,,,,,,,,,,,,,,,,,,,,,,,,,,,,,,,,,,,,,,,,,,,,,,,,,,,,,,,,,,,,,,,,,,,,,,,,,,,,,,,,,"2026-03-09T10:43:00.000Z","8","3"
"1772511295","7612878003986566418",,,,,,,"689","0","#highlight #fyp #everyone #fyppppppppppppppppppppppp ##content ","un","1","panghihina","","87545","highlight","","","229207","fyp","","","25047","everyone","","","1649139584636934","fyppppppppppppppppppppppp","","","153587","content","",,,,,,,,,,,,,,,,,,,,,,,,,,,,,,,,,,,,,,,,,,,,,,,,,,,,,,,,,,,,,,,,,,,,,,,,,,,,,,,,,,,,,,,,,,,,,,,,,,,,,,,,,,,,,,,,,,,,,,,,,"2026-03-03T04:14:55.000Z","0","3"
"1773029538","7615103817155235073",,,,,,,"421","0","nanghihina sayo #missu #fypviralシ ","tl","0","panghihina","","34181","missu","","","1666593428398085","fypviralシ","",,,,,,,,,,,,,,,,,,,,,,,,,,,,,,,,,,,,,,,,,,,,,,,,,,,,,,,,,,,,,,,,,,,,,,,,,,,,,,,,,,,,,,,,,,,,,,,,,,,,,,,,,,,,,,,,,,,,,,,,,,,,,,,,,,,,,"2026-03-09T04:12:18.000Z","4","0"
"1738144700","7465274623458807058","Manila, Metro Manila, Philippines","","1684308","1694008","21568226259382201","Metro Manila","86200","0","NAKAKARANAS KA BA NG
PAGKAHAPO?

#fyp #learnontiktok #doctorsoftiktok #doctor #docROB #heartfailure #heartdisease #cardio #wellness #prevention ","tl","153","pagkahapo","","229207","fyp","","","1636483010861062","learnontiktok","Thanks to all who participated in the January #LearnOnTikTok Post Contest! Check out the winner showcase here: https://vt.tiktok.com/ZSm4t1yuT/. And don't forget to participate in the February Learn On TikTok Post Contest for a chance to win up to $3000! Click here to join: https://vt.tiktok.com/ZSm4tx4Ub/","","1631166000149526","doctorsoftiktok","Here's to all the #DoctorsOfTikTok.","","15551","doctor","","","1668343539348482","docrob","","","21614661","heartfailure","","","1487977","heartdisease","","","15570","cardio","","https://p16-sign-va.tiktokcdn.com/musically-maliva-obj/bcb2dbd5d75129e4e3b6f49693f44f3e~tplv-tiktokx-origin.image?dr=14566&x-expires=1773136800&x-signature=hJIl%2F0XdKgbCJ1CkjoQHhXUQunM%3D&t=4d5b0474&ps=13740610&shp=81f88b70&shcp=9b759fb9&idc=my2","259325","wellness","Prioritize wellness: This year, take some time for self-care and put wellness first.","","791557","prevention","",,,,,,,,,,,,,,,,,,,,,,,,,,,,,,,,,,,,,,,,,,,,,,,,,,,,,,,,,,,,,,,,,,,,,,,,,,,,,,,,,,,,,,,,,,,,,,,,,,,,,"2025-01-29T09:58:20.000Z","110","130"
"1702526233","7312294479208140037",,,,,,,"1300000","0","Exercise-induced anemia, paano maiiwasan? #HemarateFA #TheBloodVitamin #MostPrescribedIronSupplement #DocDex #obGUYn #LearnItOnTiktok","tl","298","pagkahapo","","1664923278832642","hemaratefa","","","1708346222773258","thebloodvitamin","","","7004256278448963610","mostprescribedironsupplement","","","1646399994507269","docdex","","","1668478801215489","obguyn","","https://p16-sign-sg.tiktokcdn.com/tiktok-obj/e49471a922cad1a5fe2c7042e83af7ca.png~tplv-tiktokx-origin.image?dr=14566&x-expires=1773136800&x-signature=C%2FpWguXHh5I0bllyf1qTzlQkDHk%3D&t=4d5b0474&ps=13740610&shp=81f88b70&shcp=9b759fb9&idc=my2","1661161827862533","learnitontiktok","Learn something new with every video that you play on #LearnItOnTikTok",,,,,,,,,,,,,,,,,,,,,,,,,,,,,,,,,,,,,,,,,,,,,,,,,,,,,,,,,,,,,,,,,,,,,,,,,,,,,,,,,,,,,,,,,,,,,,,,,,,,,,,,,,,,,,,,,,,,,"2023-12-14T03:57:13.000Z","133","434"
"1736587291","7458585605870554386","Philippines","","1683340","1694008","22535796481327306","Calabarzon","21800","0","PAGKAHAPO

#fyp #learnontiktok #doctor #doctorsoftiktok #hapo #fatigue #lowenergy #heartdisease #prevention #atherosclerosis #lung #respiratory #integrativemedicine #docROB ","tl","19","pagkahapo","","229207","fyp","","","1636483010861062","learnontiktok","Thanks to all who participated in the January #LearnOnTikTok Post Contest! Check out the winner showcase here: https://vt.tiktok.com/ZSm4t1yuT/. And don't forget to participate in the February Learn On TikTok Post Contest for a chance to win up to $3000! Click here to join: https://vt.tiktok.com/ZSm4tx4Ub/","","15551","doctor","","","1631166000149526","doctorsoftiktok","Here's to all the #DoctorsOfTikTok.","","1159892","hapo","","","357680","fatigue","","","14957149","lowenergy","","","1487977","heartdisease","","","791557","prevention","","","86482540","atherosclerosis","","","158816","lung","","","8334122","respiratory","","","1632974550468614","integrativemedicine","","","1668343539348482","docrob","",,,,,,,,,,,,,,,,,,,,,,,,,,,,,,,,,,,,,,,,,,,,,,,,,,,,,,,,,,,,,,,,,,,,,,,,,,,,,,,,,,,,,"2025-01-11T09:21:31.000Z","39","21"
"1662119802","7138750176113577243","Central Luzon, Philippines","","1729557","1694008","22535796481327577","Pampanga","22400","0","Replying to @Jhoven De Roxas Gonz madaling hingalin? #fyp #Asthma #heartdisease #anemia #doctoranswersquestions #pampangatiktokers #doctorsoftiktok","en","13","pagkahapo",,,"",,"","229207","fyp","","","70215","asthma","","","1487977","heartdisease","","","2848032","anemia","","","7086265145609388075","doctoranswersquestions","","","1621198863424513","pampangatiktokers","","","1631166000149526","doctorsoftiktok","Here's to all the #DoctorsOfTikTok.",,,,,,,,,,,,,,,,,,,,,,,,,,,,,,,,,,,,,,,,,,,,,,,,,,,,,,,,,,,,,,,,,,,,,,,,,,,,,,,,,,,,,,,,,,,,,,,,,,,,,,,,,,,,,"2022-09-02T11:56:42.000Z","14","12"
"1769214177","7598717009903308039",,,,,,,"4888","0","Hirap pag nataaman ng ubot lagnat 😩 hapo is real magdamag inuubo hirap huminga","tl","0","pagkahapo",,,,,,,,,,,,,,,,,,,,,,,,,,,,,,,,,,,,,,,,,,,,,,,,,,,,,,,,,,,,,,,,,,,,,,,,,,,,,,,,,,,,,,,,,,,,,,,,,,,,,,,,,,,,,,,,,,,,,,,,,,,,,,,,,,,,,,,,,,,,,"2026-01-24T00:22:57.000Z","9","2"
"1753975138","7533265840427371784",,,,,,,"44800","0","✅ Pagkahapo / Panghihina
✅ Madalas Magkasipon / Mahinang Immune System
✅ Constipation / Hindi Regular ang Pagdumi
✅ Kulang sa Dugo
✅ Pamamaga (Inflammation)
✅ Mataas na Blood Sugar
✅ Problema sa Memorya / Pagkakalimutin
✅ Mataas ang Cholesterol
✅ Pananakit ng Katawan (Muscle Pain / Joint Pain)
✅ High Blood Pressure
✅ Kakapusan ng Gatas sa Ina
✅ Hormonal Imbalance (PCOS / Irregular Menstruation)
✅ Pagkahilo #moringa #herbal #smile #masigla #fy #fyp ","tl","21","pagkahapo","","15279071","moringa","","","7849513","herbal","","https://p16-sign-va.tiktokcdn.com/musically-maliva-obj/61ffad72d36586932de0f627fa445c4a~tplv-tiktokx-origin.image?dr=14566&x-expires=1773136800&x-signature=0oH2vcxSHVE7DnIEBnTA8KDd0qQ%3D&t=4d5b0474&ps=13740610&shp=81f88b70&shcp=9b759fb9&idc=my2","6688","smile","Use the magical new template to put a smile on anybody's face 😊","","1613919075365890","masigla","","","153828","fy","","","229207","fyp","",,,,,,,,,,,,,,,,,,,,,,,,,,,,,,,,,,,,,,,,,,,,,,,,,,,,,,,,,,,,,,,,,,,,,,,,,,,,,,,,,,,,,,,,,,,,,,,,,,,,,,,,,,,,,,,,,,,,,"2025-07-31T15:18:58.000Z","12","37"
"1745516696","7496937060297723152",,,,,,,"4325","0","hinahapo at inu ubo at sa pamamagitan po Ng therapy Ng munting karunungang nakagagaling sa loob lamang po Ng ilang minuto Ng gamutan nawala po iyong hapo niya at ubo#karunungan #therapy ","tl","4","pagkahapo","","65723463","karunungan","","","12549","therapy","",,,,,,,,,,,,,,,,,,,,,,,,,,,,,,,,,,,,,,,,,,,,,,,,,,,,,,,,,,,,,,,,,,,,,,,,,,,,,,,,,,,,,,,,,,,,,,,,,,,,,,,,,,,,,,,,,,,,,,,,,,,,,,,,,,,,,"2025-04-24T17:44:56.000Z","3","3"
"1739870735","7472687879966280978",,,,,,,"2400000","0","#lyrics #lyricsvideo #trending #trendingvideo #viral ","un","2457","pagkahapo","","22047","lyrics","Here's your chance to sing along.🎵🎵","","731645","lyricsvideo","","","20105","trending","Discover the top viral trends, sounds and effects of the week! 🔥","","5464941","trendingvideo","","https://p16-sign-va.tiktokcdn.com/musically-maliva-obj/8e4d8102460a60717c89acc2d6367a16.png~tplv-tiktokx-origin.image?dr=14566&x-expires=1773136800&x-signature=w1%2F8yVlR4XEl3nrDGLO5vJVjUGk%3D&t=4d5b0474&ps=13740610&shp=81f88b70&shcp=9b759fb9&idc=my2","20884","viral","¡descubre las canciones en tendencia! 🔥➡️ https://bit.ly/TendenciasTikTok_LATAM",,,,,,,,,,,,,,,,,,,,,,,,,,,,,,,,,,,,,,,,,,,,,,,,,,,,,,,,,,,,,,,,,,,,,,,,,,,,,,,,,,,,,,,,,,,,,,,,,,,,,,,,,,,,,,,,,,,,,,,,,"2025-02-18T09:25:35.000Z","1444","11562"
"1763717924","7575110777418353940",,,,,,,"652","0","","un","0","pagkahapo",,,,,,,,,,,,,,,,,,,,,,,,,,,,,,,,,,,,,,,,,,,,,,,,,,,,,,,,,,,,,,,,,,,,,,,,,,,,,,,,,,,,,,,,,,,,,,,,,,,,,,,,,,,,,,,,,,,,,,,,,,,,,,,,,,,,,,,,,,,,,"2025-11-21T09:38:44.000Z","4","8"
"1733628505","7445877720128507144",,,,,,,"19100","0","NAKAKAPAGO NA LORD! NAKALIMUTAN KO NA YUNG FEELING MAGING MASAYA😔 ","tl","58","pagkahapo",,,,,,,,,,,,,,,,,,,,,,,,,,,,,,,,,,,,,,,,,,,,,,,,,,,,,,,,,,,,,,,,,,,,,,,,,,,,,,,,,,,,,,,,,,,,,,,,,,,,,,,,,,,,,,,,,,,,,,,,,,,,,,,,,,,,,,,,,,,,,"2024-12-08T03:28:25.000Z","0","72"
"1763473279","7574060047261502740",,,,,,,"126000","0","","un","3752","pagkahapo",,,,,,,,,,,,,,,,,,,,,,,,,,,,,,,,,,,,,,,,,,,,,,,,,,,,,,,,,,,,,,,,,,,,,,,,,,,,,,,,,,,,,,,,,,,,,,,,,,,,,,,,,,,,,,,,,,,,,,,,,,,,,,,,,,,,,,,,,,,,,"2025-11-18T13:41:19.000Z","45","1604"
"1750338995","7517648728518364424",,,,,,,"178700","0","hays..... #mangga #fyp @Kupalogs ","en","7635","pagkahapo","","6341739","mangga","","","229207","fyp","",,,"",,,,,,,,,,,,,,,,,,,,,,,,,,,,,,,,,,,,,,,,,,,,,,,,,,,,,,,,,,,,,,,,,,,,,,,,,,,,,,,,,,,,,,,,,,,,,,,,,,,,,,,,,,,,,,,,,,,,,,,,,,,,,,,,,,"2025-06-19T13:16:35.000Z","793","716"
"1750513834","7518399659371400466",,,,,,,"2000000","0","STRAW GOT ME FCKED UP!!!! Give me movie recos po na nagpatulo hindi lang po ng luha niyo pati na rin sipon opo! #STRAW ","tl","16300","tumutulo ang sipon","","138736","straw","",,,,,,,,,,,,,,,,,,,,,,,,,,,,,,,,,,,,,,,,,,,,,,,,,,,,,,,,,,,,,,,,,,,,,,,,,,,,,,,,,,,,,,,,,,,,,,,,,,,,,,,,,,,,,,,,,,,,,,,,,,,,,,,,,,,,,,,,,"2025-06-21T13:50:34.000Z","1707","16532"
"1768403052","7595233252663692551",,,,,,,"2032","0","","un","6","tumutulo ang sipon",,,,,,,,,,,,,,,,,,,,,,,,,,,,,,,,,,,,,,,,,,,,,,,,,,,,,,,,,,,,,,,,,,,,,,,,,,,,,,,,,,,,,,,,,,,,,,,,,,,,,,,,,,,,,,,,,,,,,,,,,,,,,,,,,,,,,,,,,,,,,"2026-01-14T15:04:12.000Z","1","2"
"1773078439","7615313871670136085",,,,,,,"505","0","yuks mga loyalistanga Yan pangulo nyo hahhaa ewwww . mga kaharap nyan taga NEW YORK PERO YUKS ANG SIPON NATULO HABANG NAG SPEECH 🤮🤮 KAKA DERE HAHAHAHAHAHA","tl","0","tumutulo ang sipon",,,,,,,,,,,,,,,,,,,,,,,,,,,,,,,,,,,,,,,,,,,,,,,,,,,,,,,,,,,,,,,,,,,,,,,,,,,,,,,,,,,,,,,,,,,,,,,,,,,,,,,,,,,,,,,,,,,,,,,,,,,,,,,,,,,,,,,,,,,,,"2026-03-09T17:47:19.000Z","0","0"
"1677149968","7203304239987166491",,,,,,,"73400","0","🌃🌃//#bel_lyrics #lord_bel #foryou #sad #sadmood #alightmotion #fypシ #fyp ","un","598","tumutulo ang sipon","","7162735392259571738","bel_lyrics","","","7172998090670997531","lord_bel","","","42164","foryou","","","5927","sad","","","255618","sadmood","","","1605315153183749","alightmotion","","","1637342470396934","fypシ","","","229207","fyp","",,,,,,,,,,,,,,,,,,,,,,,,,,,,,,,,,,,,,,,,,,,,,,,,,,,,,,,,,,,,,,,,,,,,,,,,,,,,,,,,,,,,,,,,,,,,,,,,,,,,,,,,,,,,,"2023-02-23T10:59:28.000Z","226","906"
"1773099759","7615405375659150612",,,,,,,"204","0","Fill in the blank 
Tumutulo ang Blank?
#Familyfeudph #familyfeud #everyone #funnyvideos ","en","0","tumutulo ang sipon","","1673761554925569","familyfeudph","","","749966","familyfeud","","","25047","everyone","","","107738","funnyvideos","",,,,,,,,,,,,,,,,,,,,,,,,,,,,,,,,,,,,,,,,,,,,,,,,,,,,,,,,,,,,,,,,,,,,,,,,,,,,,,,,,,,,,,,,,,,,,,,,,,,,,,,,,,,,,,,,,,,,,,,,,,,,,"2026-03-09T23:42:39.000Z","0","0"
"1750120490","7516710233712987399",,,,,,,"41300","0","Replying to @melo Gamot sa sipon na malabnaw, tumutulo at may kasamang pagbahing o sneezing.

1. Cetirizine 10 mg tab once at night
or
2. Loratadine 10 mg tab once at night","tl","44","tumutulo ang sipon",,,"",,,,,,,,,,,,,,,,,,,,,,,,,,,,,,,,,,,,,,,,,,,,,,,,,,,,,,,,,,,,,,,,,,,,,,,,,,,,,,,,,,,,,,,,,,,,,,,,,,,,,,,,,,,,,,,,,,,,,,,,,,,,,,,,,,,,,,,,,,"2025-06-17T00:34:50.000Z","25","120"
"1772844527","7614309231042366740","Chiba, Japan","","2112664","1861060","22535865201204016","Ichihara","173","0","If you are not happy, rest. Pray. Reflect. Change.
But don't use other people as an outlet for your anger and insecurities.

Heal in silence, grow in wisdom, and spread kindness even if you are going through something. #fyp #choosetobehappy #BlessedHeart #familycontent #positivevibes ","en","1","tumutulo ang sipon","","229207","fyp","","","3073314","choosetobehappy","","","33426762","blessedheart","","","1596748778343429","familycontent","","https://p16-common-sign.tiktokcdn-us.com/musically-maliva-obj/fe6dc18277c619afc5b3838e533dacea.jpeg~tplv-tiktokx-origin.image?dr=9627&x-expires=1773136800&x-signature=1AjhUjXKNvssq3rqAdRMrTna%2B7g%3D&t=4d5b0474&ps=13740610&shp=81f88b70&shcp=9b759fb9&idc=useast8","23138","positivevibes","Whether it's a sunset or just listening to a good song, show us those things that give you #PositiveVibes.",,,,,,,,,,,,,,,,,,,,,,,,,,,,,,,,,,,,,,,,,,,,,,,,,,,,,,,,,,,,,,,,,,,,,,,,,,,,,,,,,,,,,,,,,,,,,,,,,,,,,,,,,,,,,,,,,,,,,,,,,"2026-03-07T00:48:47.000Z","25","3"
"1772980557","7614893475473116437",,,,,,,"804","0","ano i2 tumutulo? ay sipon pala :')","tl","1","tumutulo ang sipon",,,,,,,,,,,,,,,,,,,,,,,,,,,,,,,,,,,,,,,,,,,,,,,,,,,,,,,,,,,,,,,,,,,,,,,,,,,,,,,,,,,,,,,,,,,,,,,,,,,,,,,,,,,,,,,,,,,,,,,,,,,,,,,,,,,,,,,,,,,,,"2026-03-08T14:35:57.000Z","1","7"
"1768384717","7595154476135107841",,,,,,,"5600000","0","May ubo, sipon, masakit lalamunan? Panuorin mo to","tl","106300","tumutulo ang sipon",,,,,,,,,,,,,,,,,,,,,,,,,,,,,,,,,,,,,,,,,,,,,,,,,,,,,,,,,,,,,,,,,,,,,,,,,,,,,,,,,,,,,,,,,,,,,,,,,,,,,,,,,,,,,,,,,,,,,,,,,,,,,,,,,,,,,,,,,,,,,"2026-01-14T09:58:37.000Z","3475","43243"
"1699597126","7299714061879495941",,,,,,,"209700","0","May sipon? Iwasan ang isda? ","tl","165","tumutulo ang sipon",,,,,,,,,,,,,,,,,,,,,,,,,,,,,,,,,,,,,,,,,,,,,,,,,,,,,,,,,,,,,,,,,,,,,,,,,,,,,,,,,,,,,,,,,,,,,,,,,,,,,,,,,,,,,,,,,,,,,,,,,,,,,,,,,,,,,,,,,,,,,"2023-11-10T06:18:46.000Z","207","460"
"1759598255","7557416931691613447",,,,,,,"14500","0","Disclaimer: Ang amoy ng sibuyas ay matapang at maaaring makaluwag sa ilong pansamantala dahil naiirita ang mucous membrane, kaya parang nakakahinga ka ng mas maluwag.
Mayroon ding compounds ang sibuyas tulad ng sulfur compounds na may mild antibacterial at anti-inflammatory effects, pero hindi sapat para gamutin ang viral na sipon.
Ibig sabihin, pwede siyang makatulong pampagaan ng baradong ilong sa ilang tao, pero hindi ito kapalit ng tamang gamot, pahinga, at pag-inom ng maraming tubig. #fyp #flu #sipon #kids ","tl","12","tumutulo ang sipon","","229207","fyp","","","103931","flu","","","3388792","sipon","","","5436","kids","",,,,,,,,,,,,,,,,,,,,,,,,,,,,,,,,,,,,,,,,,,,,,,,,,,,,,,,,,,,,,,,,,,,,,,,,,,,,,,,,,,,,,,,,,,,,,,,,,,,,,,,,,,,,,,,,,,,,,,,,,,,,,"2025-10-04T17:17:35.000Z","4","7"
"1772523124","7612928806428380434",,,,,,,"148","0","Parang di halatang nilalamig eh😂","tl","0","parang nilalamig",,,,,,,,,,,,,,,,,,,,,,,,,,,,,,,,,,,,,,,,,,,,,,,,,,,,,,,,,,,,,,,,,,,,,,,,,,,,,,,,,,,,,,,,,,,,,,,,,,,,,,,,,,,,,,,,,,,,,,,,,,,,,,,,,,,,,,,,,,,,,"2026-03-03T07:32:04.000Z","2","1"
"1765585990","7583133962814393613",,,,,,,"190","0","parang dii nilalamig 
kase wala na mang naglalambing hahahaha ","tl","0","parang nilalamig",,,,,,,,,,,,,,,,,,,,,,,,,,,,,,,,,,,,,,,,,,,,,,,,,,,,,,,,,,,,,,,,,,,,,,,,,,,,,,,,,,,,,,,,,,,,,,,,,,,,,,,,,,,,,,,,,,,,,,,,,,,,,,,,,,,,,,,,,,,,,"2025-12-13T00:33:10.000Z","4","0"
"1773001078","7614981588929023253",,,,,,,"481","0","","un","0","parang nilalamig",,,,,,,,,,,,,,,,,,,,,,,,,,,,,,,,,,,,,,,,,,,,,,,,,,,,,,,,,,,,,,,,,,,,,,,,,,,,,,,,,,,,,,,,,,,,,,,,,,,,,,,,,,,,,,,,,,,,,,,,,,,,,,,,,,,,,,,,,,,,,"2026-03-08T20:17:58.000Z","5","2"
"1772972263","7614857836551687444",,,,,,,"479","0","😭😷","un","0","parang nilalamig",,,,,,,,,,,,,,,,,,,,,,,,,,,,,,,,,,,,,,,,,,,,,,,,,,,,,,,,,,,,,,,,,,,,,,,,,,,,,,,,,,,,,,,,,,,,,,,,,,,,,,,,,,,,,,,,,,,,,,,,,,,,,,,,,,,,,,,,,,,,,"2026-03-08T12:17:43.000Z","16","4"
"1773042458","7615159350234991880",,,,,,,"174","0","sinlamig nya 🫢
#ofwtaiwan🇵🇭🇹🇼 #fyppppppppppppppppppppppp #CHAY #foryou #fyp ","sv","0","parang nilalamig","","1636702465778690","ofwtaiwan🇵🇭🇹🇼","","","1649139584636934","fyppppppppppppppppppppppp","","","25466","chay","","","42164","foryou","","","229207","fyp","",,,,,,,,,,,,,,,,,,,,,,,,,,,,,,,,,,,,,,,,,,,,,,,,,,,,,,,,,,,,,,,,,,,,,,,,,,,,,,,,,,,,,,,,,,,,,,,,,,,,,,,,,,,,,,,,,,,,,,,,,"2026-03-09T07:47:38.000Z","0","2"
"1759573741","7557311656766803208",,,,,,,"4733","0","parang di nilalamig ha?hahaha #fyp #japan ","tl","4","parang nilalamig","","229207","fyp","","","11972","japan","🇯🇵musical.ly japan🇯🇵
@musical.lyjapanをフォローし、最新ハッシュタグ情報をゲットしましょう。❤️

それと,日本muserは#japanを忘れないように！❤️",,,,,,,,,,,,,,,,,,,,,,,,,,,,,,,,,,,,,,,,,,,,,,,,,,,,,,,,,,,,,,,,,,,,,,,,,,,,,,,,,,,,,,,,,,,,,,,,,,,,,,,,,,,,,,,,,,,,,,,,,,,,,,,,,,,,,"2025-10-04T10:29:01.000Z","3","6"
"1772874182","7614436595441093909",,,,,,,"16700","0","","un","1641","parang nilalamig",,,,,,,,,,,,,,,,,,,,,,,,,,,,,,,,,,,,,,,,,,,,,,,,,,,,,,,,,,,,,,,,,,,,,,,,,,,,,,,,,,,,,,,,,,,,,,,,,,,,,,,,,,,,,,,,,,,,,,,,,,,,,,,,,,,,,,,,,,,,,"2026-03-07T09:03:02.000Z","21","63"
"1772976258","7614875001535122708",,,,,,,"1144","0","#fpy #fpyyyyyyyyyyyyy #viral ","un","5","parang nilalamig","","37644733","fpy","","","1658420999535621","fpyyyyyyyyyyyyy","","https://p16-common-sign.tiktokcdn-us.com/musically-maliva-obj/8e4d8102460a60717c89acc2d6367a16.png~tplv-tiktokx-origin.image?dr=9627&x-expires=1773136800&x-signature=xIwjlnYSARVs96JwqNAhHgV5b%2BQ%3D&t=4d5b0474&ps=13740610&shp=81f88b70&shcp=9b759fb9&idc=useast5","20884","viral","¡descubre las canciones en tendencia! 🔥➡️ https://bit.ly/TendenciasTikTok_LATAM",,,,,,,,,,,,,,,,,,,,,,,,,,,,,,,,,,,,,,,,,,,,,,,,,,,,,,,,,,,,,,,,,,,,,,,,,,,,,,,,,,,,,,,,,,,,,,,,,,,,,,,,,,,,,,,,,,,,,,,,,,,,,,,,,"2026-03-08T13:24:18.000Z","20","6"
"1772146261","7611310204386282773",,,,,,,"247","0","#foryou #fypage #fyp #fyppppppppppppppppppppppp ","un","1","parang nilalamig","","42164","foryou","","","1604302285252613","fypage","","","229207","fyp","","","1649139584636934","fyppppppppppppppppppppppp","",,,,,,,,,,,,,,,,,,,,,,,,,,,,,,,,,,,,,,,,,,,,,,,,,,,,,,,,,,,,,,,,,,,,,,,,,,,,,,,,,,,,,,,,,,,,,,,,,,,,,,,,,,,,,,,,,,,,,,,,,,,,,"2026-02-26T22:51:01.000Z","0","0"
"1734053682","7447703833612012843",,,,,,,"1100000","0","Stuffy Nose, Difficulty breathing and Nasal Drip? Try this one..#nasal  #stuffynose #sinusrelief #everyone #doityourself #viralvideo ","en","4600","baradong ilong","","5184900","nasal","","","487406","stuffynose","","","1597773068105733","sinusrelief","","","25047","everyone","","https://p16-common-sign.tiktokcdn-eu.com/musically-maliva-obj/1630761422360581.PNG~tplv-tiktokx-origin.image?dr=10386&x-expires=1773136800&x-signature=t0IClc8iFRXDeJqNeJJ6NIsnoIw%3D&t=4d5b0474&ps=13740610&shp=81f88b70&shcp=9b759fb9&idc=no1a","48344","doityourself","Are you a crafting champion? Do you knit in your sleep? Do you enjoy building things? Show us your latest and greatest handmade project with #DoItYourself!","","85133","viralvideo","",,,,,,,,,,,,,,,,,,,,,,,,,,,,,,,,,,,,,,,,,,,,,,,,,,,,,,,,,,,,,,,,,,,,,,,,,,,,,,,,,,,,,,,,,,,,,,,,,,,,,,,,,,,,,,,,,,,,,"2024-12-13T01:34:42.000Z","608","5609"
"1770785555","7605466020999875861",,,,,,,"6225","0","","un","14","baradong ilong",,,,,,,,,,,,,,,,,,,,,,,,,,,,,,,,,,,,,,,,,,,,,,,,,,,,,,,,,,,,,,,,,,,,,,,,,,,,,,,,,,,,,,,,,,,,,,,,,,,,,,,,,,,,,,,,,,,,,,,,,,,,,,,,,,,,,,,,,,,,,"2026-02-11T04:52:35.000Z","3","11"
"1741944966","7481596649446329618",,,,,,,"37500","0","Dahil uso ang sipon ngayon, kailangan mo nito.
Click the yellow basket ❤️

#nasalwashcleaner 
#nosecleaner 
#nasalwashsolution 
#nasalwash ","tl","61","baradong ilong","","7049287432365146138","nasalwashcleaner","","","5614750","nosecleaner","","","7266695883318624262","nasalwashsolution","","","1654778832348166","nasalwash","",,,,,,,,,,,,,,,,,,,,,,,,,,,,,,,,,,,,,,,,,,,,,,,,,,,,,,,,,,,,,,,,,,,,,,,,,,,,,,,,,,,,,,,,,,,,,,,,,,,,,,,,,,,,,,,,,,,,,,,,,,,,,"2025-03-14T09:36:06.000Z","18","30"
"1751270396","7521649061565369618",,,,,,,"169400","0","Pagod sa baradong ilong? 🤧 Ipakita ko sa'yo kung paano gamitin ang neti pot para mabisang malinis ang ilong. Instant ginhawa sa sipon, allergy, at sinus pressure! #PanghugasNgIlong #LinisIlong #SiponAtTrangkaso #HealthTipsPH #creatorsearchinsights ","tl","169","baradong ilong","","7521648926542266369","panghugasngilong","","","1618028804998146","linisilong","","","7521649067131306001","siponattrangkaso","","","1688940541980673","healthtipsph","","","7340824418278440993","creatorsearchinsights","",,,,,,,,,,,,,,,,,,,,,,,,,,,,,,,,,,,,,,,,,,,,,,,,,,,,,,,,,,,,,,,,,,,,,,,,,,,,,,,,,,,,,,,,,,,,,,,,,,,,,,,,,,,,,,,,,,,,,,,,,"2025-06-30T07:59:56.000Z","21","200"
"1768270622","7594664468051774738",,,,,,,"45800","0","Anong magandang gamot sa Baradong ilong #stuffynose #cloggednose #colds #steaminhalation #suob ","tl","215","baradong ilong","","487406","stuffynose","","","4276029","cloggednose","","","1846030","colds","","","1662264901148678","steaminhalation","","","1629871477551110","suob","",,,,,,,,,,,,,,,,,,,,,,,,,,,,,,,,,,,,,,,,,,,,,,,,,,,,,,,,,,,,,,,,,,,,,,,,,,,,,,,,,,,,,,,,,,,,,,,,,,,,,,,,,,,,,,,,,,,,,,,,,"2026-01-13T02:17:02.000Z","28","292"
"1767054624","7589441763044117778","Manila, Metro Manila, Philippines","","1692192","1694008","22535865203404389","Quezon City","144000","0","Two weeks ka nang may sipon? 🤧
Hindi na yan normal, pwedeng sinus infection
May headache, baradong ilong, hirap huminga?
Magpakonsulta agad para hindi lumala 🩺

#QuezonCity #AteDoc #SinusCare #SiponTips #HealthTips","tl","384","baradong ilong","","13186290","quezoncity","","","1666926267541506","atedoc","","","1620356721679366","sinuscare","","","7361638276928798726","sipontips","","https://p16-common-sign.tiktokcdn-eu.com/musically-maliva-obj/18ce88aa768350f8576769e10349e446~tplv-tiktokx-origin.image?dr=10386&x-expires=1773136800&x-signature=u2nTv175OS9XcCnfhCYvy1JiD4c%3D&t=4d5b0474&ps=13740610&shp=81f88b70&shcp=9b759fb9&idc=no1a","2262943","healthtips","What's your secret to staying fit? Share tips that have helped you stay healthy!",,,,,,,,,,,,,,,,,,,,,,,,,,,,,,,,,,,,,,,,,,,,,,,,,,,,,,,,,,,,,,,,,,,,,,,,,,,,,,,,,,,,,,,,,,,,,,,,,,,,,,,,,,,,,,,,,,,,,,,,,"2025-12-30T00:30:24.000Z","148","482"
"1674746531","7192981551343291675","Ilocos Norte, Ilocos, Philippines","Laoag City","1707404","1694008","21568226257558834","Mariano Marcos Memorial Hospital & Medical Center Hemodialysis Room","484000","0","Usapang Allergic Rhinitis #allergicrhinitis #pinoytiktok #kaalaman #pinoydoctor #doctorsoftiktok ","tl","1784","baradong ilong","","1635975675626497","allergicrhinitis","","","1595106193243138","pinoytiktok","","","1603860696797190","kaalaman","","","1666738147099649","pinoydoctor","","","1631166000149526","doctorsoftiktok","Here's to all the #DoctorsOfTikTok.",,,,,,,,,,,,,,,,,,,,,,,,,,,,,,,,,,,,,,,,,,,,,,,,,,,,,,,,,,,,,,,,,,,,,,,,,,,,,,,,,,,,,,,,,,,,,,,,,,,,,,,,,,,,,,,,,,,,,,,,,"2023-01-26T15:22:11.000Z","333","1408"
"1771843604","7610010255099022609",,,,,,,"1281","0","Very useful talaga tong nose sunction na to lalong lalo na sa baby ko 🥹 #momfinds #sunction #nasalaspirator #musthave #fyp ","tl","5","baradong ilong","","1617493146225669","momfinds","","","1675164410978306","sunction","","","1607046744787969","nasalaspirator","","","542108","musthave","","","229207","fyp","",,,,,,,,,,,,,,,,,,,,,,,,,,,,,,,,,,,,,,,,,,,,,,,,,,,,,,,,,,,,,,,,,,,,,,,,,,,,,,,,,,,,,,,,,,,,,,,,,,,,,,,,,,,,,,,,,,,,,,,,,"2026-02-23T10:46:44.000Z","2","2"
"1756401413","7543686597099801874",,,,,,,"55200","0","That moment when malamig = baradong ilong. 🤧👃#fyp #rhinitis #allergicrhinitis #fyppppppppppppppppppppppp ","en","207","baradong ilong","","229207","fyp","","","34215441","rhinitis","","","1635975675626497","allergicrhinitis","","","1649139584636934","fyppppppppppppppppppppppp","",,,,,,,,,,,,,,,,,,,,,,,,,,,,,,,,,,,,,,,,,,,,,,,,,,,,,,,,,,,,,,,,,,,,,,,,,,,,,,,,,,,,,,,,,,,,,,,,,,,,,,,,,,,,,,,,,,,,,,,,,,,,,"2025-08-28T17:16:53.000Z","37","265"
"1766928638","7588900690827693332",,,,,,,"1600000","0","may sipon🤣🤣","tl","386","sipon",,,,,,,,,,,,,,,,,,,,,,,,,,,,,,,,,,,,,,,,,,,,,,,,,,,,,,,,,,,,,,,,,,,,,,,,,,,,,,,,,,,,,,,,,,,,,,,,,,,,,,,,,,,,,,,,,,,,,,,,,,,,,,,,,,,,,,,,,,,,,"2025-12-28T13:30:38.000Z","66","332"
"1758835092","7554139153219341589",,,,,,,"40200","0","Lumabas yung sipon 🤣 #funnyvideo #sipon #champarado #fyp #fypツ ","tl","270","sipon","","56948","funnyvideo","","","3388792","sipon","","","1664101950710786","champarado","","","229207","fyp","","","1639699601016837","fypツ","",,,,,,,,,,,,,,,,,,,,,,,,,,,,,,,,,,,,,,,,,,,,,,,,,,,,,,,,,,,,,,,,,,,,,,,,,,,,,,,,,,,,,,,,,,,,,,,,,,,,,,,,,,,,,,,,,,,,,,,,,"2025-09-25T21:18:12.000Z","26","65"
"1772863268","7614389704695221525",,,,,,,"29500","0","grabe naman talagang sipon yan kuya @ram 🤣🤣
sipon o kiliggg yarn🤣","tl","55","sipon",,,"",,,,,,,,,,,,,,,,,,,,,,,,,,,,,,,,,,,,,,,,,,,,,,,,,,,,,,,,,,,,,,,,,,,,,,,,,,,,,,,,,,,,,,,,,,,,,,,,,,,,,,,,,,,,,,,,,,,,,,,,,,,,,,,,,,,,,,,,,,"2026-03-07T06:01:08.000Z","18","107"
"1773110125","7615449971814321416",,,,,,,"862","0","","un","1","sipon",,,,,,,,,,,,,,,,,,,,,,,,,,,,,,,,,,,,,,,,,,,,,,,,,,,,,,,,,,,,,,,,,,,,,,,,,,,,,,,,,,,,,,,,,,,,,,,,,,,,,,,,,,,,,,,,,,,,,,,,,,,,,,,,,,,,,,,,,,,,,"2026-03-10T02:35:25.000Z","4","3"
"1772955585","7614786217489534215",,,,,,,"296","0","effective ang dagat pampawala ng sipon ni bb😅 para samin lang din to heheh ","tl","0","sipon",,,,,,,,,,,,,,,,,,,,,,,,,,,,,,,,,,,,,,,,,,,,,,,,,,,,,,,,,,,,,,,,,,,,,,,,,,,,,,,,,,,,,,,,,,,,,,,,,,,,,,,,,,,,,,,,,,,,,,,,,,,,,,,,,,,,,,,,,,,,,"2026-03-08T07:39:45.000Z","0","0"
"1734573396","7449935967487610118",,,,,,,"16700","0","sipon","tl","5","sipon",,,,,,,,,,,,,,,,,,,,,,,,,,,,,,,,,,,,,,,,,,,,,,,,,,,,,,,,,,,,,,,,,,,,,,,,,,,,,,,,,,,,,,,,,,,,,,,,,,,,,,,,,,,,,,,,,,,,,,,,,,,,,,,,,,,,,,,,,,,,,"2024-12-19T01:56:36.000Z","33","15"
"1772632035","7613396576454642964",,,,,,,"14400","0","ana gyud na basta mag unag RD, laayon dayun HAHAHAHAH","tl","2","sipon",,,,,,,,,,,,,,,,,,,,,,,,,,,,,,,,,,,,,,,,,,,,,,,,,,,,,,,,,,,,,,,,,,,,,,,,,,,,,,,,,,,,,,,,,,,,,,,,,,,,,,,,,,,,,,,,,,,,,,,,,,,,,,,,,,,,,,,,,,,,,"2026-03-04T13:47:15.000Z","3","10"
"1772285392","7611907761785392405",,,,,,,"454","0","this outfit gave me sipon #fyp ","en","1","sipon","","229207","fyp","",,,,,,,,,,,,,,,,,,,,,,,,,,,,,,,,,,,,,,,,,,,,,,,,,,,,,,,,,,,,,,,,,,,,,,,,,,,,,,,,,,,,,,,,,,,,,,,,,,,,,,,,,,,,,,,,,,,,,,,,,,,,,,,,,,,,,,,,,"2026-02-28T13:29:52.000Z","4","0"
"1773041195","7615153902060752149",,,,,,,"203","0","tapos kahit sipon natin dati ang sarap🥹#deosodela ","tl","10","sipon","","7015822507366154266","deosodela","",,,,,,,,,,,,,,,,,,,,,,,,,,,,,,,,,,,,,,,,,,,,,,,,,,,,,,,,,,,,,,,,,,,,,,,,,,,,,,,,,,,,,,,,,,,,,,,,,,,,,,,,,,,,,,,,,,,,,,,,,,,,,,,,,,,,,,,,,"2026-03-09T07:26:35.000Z","3","0"
"1773105672","7615430842554289426",,,,,,,"1813","0","#tiktok #kuyabhin #solidduterte🇵🇭👊 #fyp #indaysaraduterte ","un","22","sipon","","23428","tiktok","","","7579285964159123464","kuyabhin","","","1702917750820866","solidduterte🇵🇭👊","","","229207","fyp","","","1669337839790082","indaysaraduterte","",,,,,,,,,,,,,,,,,,,,,,,,,,,,,,,,,,,,,,,,,,,,,,,,,,,,,,,,,,,,,,,,,,,,,,,,,,,,,,,,,,,,,,,,,,,,,,,,,,,,,,,,,,,,,,,,,,,,,,,,,"2026-03-10T01:21:12.000Z","25","7"
"1696501669","7286419170000932102",,,,,,,"60200","0","Replying to @Kristine Mae A. Delm SHARE FOR AWARENESS #pcos #pcosawareness #pcosweightloss #pcosproblems #pcosdiet #hyperthyroidism #hyperthyroidismawareness #thyroid #learnontiktok #learnitontiktokph #learnitontiktok #eduwow #tiktokskwela #eduwowph #tiktokquiz #medical #medicaltiktok #tiktokph #trend #trendingvideo #hypertension #diabetes #goiter #ofw #travel #traveltiktok #traveltok #cycling #cyclinglife #work #workout #motivation #awareness #mentalhealth ","en","77","panginginig ng katawan",,,"",,"","250771","pcos","","","46067262","pcosawareness","","","88743625","pcosweightloss","","","1625961968168965","pcosproblems","","","1629970007213061","pcosdiet","","","38635968","hyperthyroidism","","","1670806996653061","hyperthyroidismawareness","","","4685260","thyroid","","","1636483010861062","learnontiktok","Thanks to all who participated in the January #LearnOnTikTok Post Contest! Check out the winner showcase here: https://vt.tiktok.com/ZSm4t1yuT/. And don't forget to participate in the February Learn On TikTok Post Contest for a chance to win up to $3000! Click here to join: https://vt.tiktok.com/ZSm4tx4Ub/","","7154118232972984346","learnitontiktokph","","https://p16-sign-sg.tiktokcdn.com/tiktok-obj/e49471a922cad1a5fe2c7042e83af7ca.png~tplv-tiktokx-origin.image?dr=14566&x-expires=1773136800&x-signature=C%2FpWguXHh5I0bllyf1qTzlQkDHk%3D&t=4d5b0474&ps=13740610&shp=81f88b70&shcp=9b759fb9&idc=sg1","1661161827862533","learnitontiktok","Learn something new with every video that you play on #LearnItOnTikTok","","40538640","eduwow","Join us as we fight misinformation and close-mindedness to promote holistic and unbiased learning here on TikTok! Let's educate one TikTok video at a time, from Edi Wow to EduWow!","https://p16-sign-sg.tiktokcdn.com/tiktok-obj/709e8043cdb2798b617de56918e2c5d4~tplv-tiktokx-origin.image?dr=14566&x-expires=1773136800&x-signature=3upQ185B4iSjPqeUZrLA3VVdCfo%3D&t=4d5b0474&ps=13740610&shp=81f88b70&shcp=9b759fb9&idc=sg1","1683693729514497","tiktokskwela","Join #TikTokSkwela challenge to win exclusive TikTok merch! Learning is more fun on TikTok!","","7041157454633107483","eduwowph","","","1603225451022342","tiktokquiz","Let's celebrate International Day of Education by putting your knowledge to the test with #TikTokQuiz! 📝","","159890","medical","","","1623531135314950","medicaltiktok","","","62652858","tiktokph","","","44895","trend","","","5464941","trendingvideo","","","23881708","hypertension","","","87032","diabetes","","","20488989","goiter","","","4719045","ofw","","","7884","travel","🌟The world is a book and those who don't travel read only one page 🏄🌴Now recollect your best travel memories from your camera roll, 📷and share the stories behind!","https://p16-sign-sg.tiktokcdn.com/tiktok-obj/0cac98e126f72a55cc124a175c55178c.png~tplv-tiktokx-origin.image?dr=14566&x-expires=1773136800&x-signature=mJKqvHhWzEcJhr6u3%2Bfexure73w%3D&t=4d5b0474&ps=13740610&shp=81f88b70&shcp=9b759fb9&idc=sg1","1598183468378114","traveltiktok","Uncovering the world’s hidden gems. 🔍✈️","https://p16-sign-sg.tiktokcdn.com/tiktok-obj/957be43a36747f6223252d466e1d27e2.jpeg~tplv-tiktokx-origin.image?dr=14566&x-expires=1773136800&x-signature=v77rA0sjBI3d%2FWYJ4uv7ZvazpKc%3D&t=4d5b0474&ps=13740610&shp=81f88b70&shcp=9b759fb9&idc=sg1","1615277350759429","traveltok","Share your best tips and travel experiences with #TravelTok 🌍","","162774","cycling","","","63898617","cyclinglife","","","6122","work","","","5243","workout","What is your #Workout routine?","","22835","motivation","Tell us what helps you to keep your #Motivation","","312522","awareness","","","258907","mentalhealth","Thanks to all for participating in our #MentalHeath Post Contest. Check back here on July 8th to see all the winners: https://vt.tiktok.com/ZMSFHSXfP/","2023-10-05T10:27:49.000Z","40","79"
"1758446446","7552469959046139154",,,,,,,"5562","0","Naranasan nyo Den ba? Haha#fypシ #tiktok #fypシ゚viral ","tl","0","panginginig ng katawan","","1637342470396934","fypシ","","","23428","tiktok","","","1664119477821441","fypシ゚viral","",,,,,,,,,,,,,,,,,,,,,,,,,,,,,,,,,,,,,,,,,,,,,,,,,,,,,,,,,,,,,,,,,,,,,,,,,,,,,,,,,,,,,,,,,,,,,,,,,,,,,,,,,,,,,,,,,,,,,,,,,,,,,,,,,"2025-09-21T09:20:46.000Z","6","9"
"1730605241","7432892889786486023",,,,,,,"7783","0","Replying to @rizzee90 ","un","17","panginginig ng katawan",,,"",,,,,,,,,,,,,,,,,,,,,,,,,,,,,,,,,,,,,,,,,,,,,,,,,,,,,,,,,,,,,,,,,,,,,,,,,,,,,,,,,,,,,,,,,,,,,,,,,,,,,,,,,,,,,,,,,,,,,,,,,,,,,,,,,,,,,,,,,,"2024-11-03T03:40:41.000Z","28","22"
"1772171264","7611417584172403986",,,,,,,"485","0","#LIVEIncentiveProgram #LIVEStory #PaidPartnership 
#anxiety ","un","0","panginginig ng katawan","","7442584908695863342","liveincentiveprogram","","","108327","livestory","","","78598101","paidpartnership","","","39184","anxiety","",,,,,,,,,,,,,,,,,,,,,,,,,,,,,,,,,,,,,,,,,,,,,,,,,,,,,,,,,,,,,,,,,,,,,,,,,,,,,,,,,,,,,,,,,,,,,,,,,,,,,,,,,,,,,,,,,,,,,,,,,,,,,"2026-02-27T05:47:44.000Z","5","0"
"1764023419","7576422840715496725",,,,,,,"2050","0","#pagbangon #therapytools #StrokeRecovery #ExerciseForAll #tiktokviral ","un","1","panginginig ng katawan","","1653042255742977","pagbangon","","","1670385035745285","therapytools","","","71049456","strokerecovery","","","1663505763256325","exerciseforall","","","86427221","tiktokviral","",,,,,,,,,,,,,,,,,,,,,,,,,,,,,,,,,,,,,,,,,,,,,,,,,,,,,,,,,,,,,,,,,,,,,,,,,,,,,,,,,,,,,,,,,,,,,,,,,,,,,,,,,,,,,,,,,,,,,,,,,"2025-11-24T22:30:19.000Z","6","2"
"1763937391","7576053369249271048",,,,,,,"151100","0","","un","716","panginginig ng katawan",,,,,,,,,,,,,,,,,,,,,,,,,,,,,,,,,,,,,,,,,,,,,,,,,,,,,,,,,,,,,,,,,,,,,,,,,,,,,,,,,,,,,,,,,,,,,,,,,,,,,,,,,,,,,,,,,,,,,,,,,,,,,,,,,,,,,,,,,,,,,"2025-11-23T22:36:31.000Z","18","319"
"1764500803","7578473217518472469","Central Visayas, Philippines","","1717512","1694008","22535865201005085","Cebu City","3804","0","Orasyon sa Panginginig
#spirituality #oracion #manggagamot #prayer #spiritualtiktok ","tl","28","panginginig ng katawan","","4747249","spirituality","","","35044953","oracion","","","1608215888840705","manggagamot","","","8886","prayer","","","1619095395218433","spiritualtiktok","",,,,,,,,,,,,,,,,,,,,,,,,,,,,,,,,,,,,,,,,,,,,,,,,,,,,,,,,,,,,,,,,,,,,,,,,,,,,,,,,,,,,,,,,,,,,,,,,,,,,,,,,,,,,,,,,,,,,,,,,,"2025-11-30T11:06:43.000Z","7","25"
"1763260407","7573145763241299207",,,,,,,"1983","0","Kung Nararanasan Mo Din Ito Meron Kang Tamang Vitamina Katulad ng Spirulina Powder 💯🔥😱#healthylifestyle #fyp #foryoupage ","tl","9","panginginig ng katawan","","332422","healthylifestyle","Show us how you live a #HealthyLifestyle","","229207","fyp","","","88764338","foryoupage","",,,,,,,,,,,,,,,,,,,,,,,,,,,,,,,,,,,,,,,,,,,,,,,,,,,,,,,,,,,,,,,,,,,,,,,,,,,,,,,,,,,,,,,,,,,,,,,,,,,,,,,,,,,,,,,,,,,,,,,,,,,,,,,,,"2025-11-16T02:33:27.000Z","1","11"
"1692605035","7269683250547805446",,,,,,,"5500000","0","Namanhid ang left arm ko at nanginig ako kagabi. Side effect pala ng gamot na ininom ko. Akala ko inaatake na ako sa ❤️ #MommyDiariesPH ","tl","2969","panginginig ng katawan","","1706152342719497","mommydiariesph","",,,,,,,,,,,,,,,,,,,,,,,,,,,,,,,,,,,,,,,,,,,,,,,,,,,,,,,,,,,,,,,,,,,,,,,,,,,,,,,,,,,,,,,,,,,,,,,,,,,,,,,,,,,,,,,,,,,,,,,,,,,,,,,,,,,,,,,,,"2023-08-21T08:03:55.000Z","926","9467"
"1762619775","7570394271379885332",,,,,,,"181100","0","Replying to @Pedrow 34.1 ang temp ni Nanay, masyadong mababa sa normal na temp. Sobrang nginig ang katawan at tulala lang si Nanay. Yung kuya ko ay nurse, kaya binigyan agad namin ng first aid si Nanay para bumalik yung temp nya at hindi lamigin. Mahirap po talagang mag rescue agad2 lalo na marami rin pong mga na trap at hindi lang na videohan lahat buti nalang at malalakas loob din ang mga kapitbahay namin at partner ko para mag rescue. Yang nasa terrace malaki din ang sugat nyan buti nalang talaga at Nurse ang kuya ko. Maraming kapitbahay dito samin naka stay habang bumabaha. Please, be kind din po sa lahat ng comment nyo, kasi hindi nyo po alam kung gano ang trauma at hirap ang naramdaman namin dito.","tl","127","panginginig ng katawan",,,"",,,,,,,,,,,,,,,,,,,,,,,,,,,,,,,,,,,,,,,,,,,,,,,,,,,,,,,,,,,,,,,,,,,,,,,,,,,,,,,,,,,,,,,,,,,,,,,,,,,,,,,,,,,,,,,,,,,,,,,,,,,,,,,,,,,,,,,,,,"2025-11-08T16:36:15.000Z","253","290"
"1767579635","7591696691590417671",,,,,,,"2197","0","Biik na nanginginig ? Ano gamot neto?","tl","0","panginginig ng katawan",,,,,,,,,,,,,,,,,,,,,,,,,,,,,,,,,,,,,,,,,,,,,,,,,,,,,,,,,,,,,,,,,,,,,,,,,,,,,,,,,,,,,,,,,,,,,,,,,,,,,,,,,,,,,,,,,,,,,,,,,,,,,,,,,,,,,,,,,,,,,"2026-01-05T02:20:35.000Z","19","4"
"1762807103","7571198812019100946",,,,,,,"507500","0","nakakatakot nga ang pasma #pasma #health #healthylifestyle ","tl","1180","panginginig ng katawan","","33515324","pasma","","","13566","health","","","332422","healthylifestyle","Show us how you live a #HealthyLifestyle",,,,,,,,,,,,,,,,,,,,,,,,,,,,,,,,,,,,,,,,,,,,,,,,,,,,,,,,,,,,,,,,,,,,,,,,,,,,,,,,,,,,,,,,,,,,,,,,,,,,,,,,,,,,,,,,,,,,,,,,,,,,,,,,,"2025-11-10T20:38:23.000Z","86","917"
"1773041502","7615155242920840456",,,,,,,"318","0","SORRY is Nothing and Useless without CHANGES
#emotional #realtalk #tiktok #fyp #fyppppppppppppppppppppppp ","en","57","mabigat ang dibdib","","9360","emotional","","https://p16-common-sign.tiktokcdn-us.com/musically-maliva-obj/2282f204d4f3e88b2abc4a65ad62a206~tplv-tiktokx-origin.image?dr=9627&x-expires=1773136800&x-signature=hdr5793IX8uiGx02jndfN63X3kI%3D&t=4d5b0474&ps=13740610&shp=81f88b70&shcp=9b759fb9&idc=useast5","30793","realtalk","Don't sugarcoat your feelings; we want to hear #RealTalk.","","23428","tiktok","","","229207","fyp","","","1649139584636934","fyppppppppppppppppppppppp","",,,,,,,,,,,,,,,,,,,,,,,,,,,,,,,,,,,,,,,,,,,,,,,,,,,,,,,,,,,,,,,,,,,,,,,,,,,,,,,,,,,,,,,,,,,,,,,,,,,,,,,,,,,,,,,,,,,,,,,,,"2026-03-09T07:31:42.000Z","101","20"
"1773112323","7615459401125612807",,,,,,,"194","0","#CapCut patawad panginoon, 🍀🙏😇🙏😇🙏🍀🙏🔥🥲💔👏🍀","tl","16","mabigat ang dibdib","","1663935709411330","capcut","CapCut is a new, easy-to-use video editing tool designed for mobile platforms. CapCut provides users with a wide range of video editing functions, filters, audio &amp; visual effects, video templates, while keeping it free of charge and ads-free. Everyone can be a creator by using CapCut.  

Start creating your cool videos today: 
https://capcut.onelink.me/XKqI/228cad85",,,,,,,,,,,,,,,,,,,,,,,,,,,,,,,,,,,,,,,,,,,,,,,,,,,,,,,,,,,,,,,,,,,,,,,,,,,,,,,,,,,,,,,,,,,,,,,,,,,,,,,,,,,,,,,,,,,,,,,,,,,,,,,,,,,,,,,,,"2026-03-10T03:12:03.000Z","3","5"
"1736365400","7457632558092913928",,,,,,,"484500","0","iduuno na :(( #fyp #xcyzba #unsaidfeelings #fypシ #pain #foryou ","hr","3854","mabigat ang dibdib","","229207","fyp","","","1654021469168646","xcyzba","","","87298174","unsaidfeelings","","","1637342470396934","fypシ","","","8004","pain","","","42164","foryou","",,,,,,,,,,,,,,,,,,,,,,,,,,,,,,,,,,,,,,,,,,,,,,,,,,,,,,,,,,,,,,,,,,,,,,,,,,,,,,,,,,,,,,,,,,,,,,,,,,,,,,,,,,,,,,,,,,,,,"2025-01-08T19:43:20.000Z","293","9060"
"1769610216","7600417713437150480",,,,,,,"21800","0","Grabe ang bigat sa dibdib😭","tl","1014","mabigat ang dibdib",,,,,,,,,,,,,,,,,,,,,,,,,,,,,,,,,,,,,,,,,,,,,,,,,,,,,,,,,,,,,,,,,,,,,,,,,,,,,,,,,,,,,,,,,,,,,,,,,,,,,,,,,,,,,,,,,,,,,,,,,,,,,,,,,,,,,,,,,,,,,"2026-01-28T14:23:36.000Z","79","101"
"1773023037","7615075923817155861",,,,,,,"145","0","#CapCut #fyp #followme #foryoupage 😔","un","0","mabigat ang dibdib","","1663935709411330","capcut","CapCut is a new, easy-to-use video editing tool designed for mobile platforms. CapCut provides users with a wide range of video editing functions, filters, audio &amp; visual effects, video templates, while keeping it free of charge and ads-free. Everyone can be a creator by using CapCut.  

Start creating your cool videos today: 
https://capcut.onelink.me/XKqI/228cad85","","229207","fyp","","","6856","followme","","","88764338","foryoupage","",,,,,,,,,,,,,,,,,,,,,,,,,,,,,,,,,,,,,,,,,,,,,,,,,,,,,,,,,,,,,,,,,,,,,,,,,,,,,,,,,,,,,,,,,,,,,,,,,,,,,,,,,,,,,,,,,,,,,,,,,,,,,"2026-03-09T02:23:57.000Z","4","1"
"1773070988","7615281887178771719",,,,,,,"222","0","#CapCut #K👑👑👑P❤️❤️👑 #💔💔🖤🖤🖤🖤🥀🥀🥀🥀🥀🥀🥀 #🙏🙏🙏❤️❤️❤️👑👑👑👑 ","un","0","mabigat ang dibdib","","1663935709411330","capcut","CapCut is a new, easy-to-use video editing tool designed for mobile platforms. CapCut provides users with a wide range of video editing functions, filters, audio &amp; visual effects, video templates, while keeping it free of charge and ads-free. Everyone can be a creator by using CapCut.  

Start creating your cool videos today: 
https://capcut.onelink.me/XKqI/228cad85","","7442537306692517889","k👑👑👑p❤️❤️👑","","","7584347777161756690","💔💔🖤🖤🖤🖤🥀🥀🥀🥀🥀🥀🥀","","","7445579989774237717","🙏🙏🙏❤️❤️❤️👑👑👑👑","",,,,,,,,,,,,,,,,,,,,,,,,,,,,,,,,,,,,,,,,,,,,,,,,,,,,,,,,,,,,,,,,,,,,,,,,,,,,,,,,,,,,,,,,,,,,,,,,,,,,,,,,,,,,,,,,,,,,,,,,,,,,,"2026-03-09T15:43:08.000Z","2","6"
"1773035565","7615129742919863570","MacArthur Hwy, Manila, Metro Manila, Philippines","Valenzuela","104816060","1694008","21568226258861456","Valenzuela City People's Park","216","0","#CapCut ","un","0","mabigat ang dibdib","","1663935709411330","capcut","CapCut is a new, easy-to-use video editing tool designed for mobile platforms. CapCut provides users with a wide range of video editing functions, filters, audio &amp; visual effects, video templates, while keeping it free of charge and ads-free. Everyone can be a creator by using CapCut.  

Start creating your cool videos today: 
https://capcut.onelink.me/XKqI/228cad85",,,,,,,,,,,,,,,,,,,,,,,,,,,,,,,,,,,,,,,,,,,,,,,,,,,,,,,,,,,,,,,,,,,,,,,,,,,,,,,,,,,,,,,,,,,,,,,,,,,,,,,,,,,,,,,,,,,,,,,,,,,,,,,,,,,,,,,,,"2026-03-09T05:52:45.000Z","5","2"
"1773106691","7615435152331722004",,,,,,,"562","0","","un","0","mabigat ang dibdib",,,,,,,,,,,,,,,,,,,,,,,,,,,,,,,,,,,,,,,,,,,,,,,,,,,,,,,,,,,,,,,,,,,,,,,,,,,,,,,,,,,,,,,,,,,,,,,,,,,,,,,,,,,,,,,,,,,,,,,,,,,,,,,,,,,,,,,,,,,,,"2026-03-10T01:38:11.000Z","4","7"
"1773103852","7615423023226588423",,,,,,,"197","0","","un","0","mabigat ang dibdib",,,,,,,,,,,,,,,,,,,,,,,,,,,,,,,,,,,,,,,,,,,,,,,,,,,,,,,,,,,,,,,,,,,,,,,,,,,,,,,,,,,,,,,,,,,,,,,,,,,,,,,,,,,,,,,,,,,,,,,,,,,,,,,,,,,,,,,,,,,,,"2026-03-10T00:50:52.000Z","1","1"
"1772928783","7614671101544762631",,,,,,,"227","0","#CapCut ","un","0","mabigat ang dibdib","","1663935709411330","capcut","CapCut is a new, easy-to-use video editing tool designed for mobile platforms. CapCut provides users with a wide range of video editing functions, filters, audio &amp; visual effects, video templates, while keeping it free of charge and ads-free. Everyone can be a creator by using CapCut.  

Start creating your cool videos today: 
https://capcut.onelink.me/XKqI/228cad85",,,,,,,,,,,,,,,,,,,,,,,,,,,,,,,,,,,,,,,,,,,,,,,,,,,,,,,,,,,,,,,,,,,,,,,,,,,,,,,,,,,,,,,,,,,,,,,,,,,,,,,,,,,,,,,,,,,,,,,,,,,,,,,,,,,,,,,,,"2026-03-08T00:13:03.000Z","1","2"
"1769232492","7598795676205501703",,,,,,,"444900","0","#fyp #foryou #relateable #reality ","un","9014","mabigat ang dibdib","","229207","fyp","","","42164","foryou","","","109514","relateable","","","16722","reality","",,,,,,,,,,,,,,,,,,,,,,,,,,,,,,,,,,,,,,,,,,,,,,,,,,,,,,,,,,,,,,,,,,,,,,,,,,,,,,,,,,,,,,,,,,,,,,,,,,,,,,,,,,,,,,,,,,,,,,,,,,,,,"2026-01-24T05:28:12.000Z","15","4622"
"1702119568","7310547847869418753",,,,,,,"1000000","0","Bakit sumasakit ang Dibdib? Delikado ba? 

Para sa iba pang doctor-approved content, bisitahin ang TAYOTAYO.health website: tayotayo-health.com/doctor-approved-content

#chestpain  #chestpain  #hearthealth  #lunghealth  #heart  #lungs  #chestmusclepain  #chestmuscle #LearnItOnTiktok","tl","3035","masakit ang dibdib","","354400","chestpain","","","354400","chestpain","","","20325096","hearthealth","","","1625126776132613","lunghealth","","","7323","heart","","","422794","lungs","","","7152522697891643393","chestmusclepain","","","61936766","chestmuscle","","https://p19-common-sign.tiktokcdn-us.com/tiktok-obj/e49471a922cad1a5fe2c7042e83af7ca.png~tplv-tiktokx-origin.image?dr=9627&x-expires=1773136800&x-signature=AgobJdqwlTfwI0FgC%2B5sQBmTIRw%3D&t=4d5b0474&ps=13740610&shp=81f88b70&shcp=9b759fb9&idc=useast5","1661161827862533","learnitontiktok","Learn something new with every video that you play on #LearnItOnTikTok",,,,,,,,,,,,,,,,,,,,,,,,,,,,,,,,,,,,,,,,,,,,,,,,,,,,,,,,,,,,,,,,,,,,,,,,,,,,,,,,,,,,,,,,,,,,,,,,,,,,,,,,,"2023-12-09T10:59:28.000Z","583","3392"
"1771887600","7608947099157548308",,,,,,,"157800","0","Masakit ang Dibdib? (Baka ""Gasgas"" Na ang Balot ng Puso!) Pericarditis #Pericarditis #ChestPain #HeartHealth #Pericardium #DocMari #HealthTokPH #Cardiology #HeartFacts #Inflammation #MedicalEducation #PinoyMD","tl","622","masakit ang dibdib","","1657903708544006","pericarditis","","","354400","chestpain","","","20325096","hearthealth","","","1651288976312321","pericardium","","","7250296174182629418","docmari","","","1689388028626945","healthtokph","Health tips right here on TikTok #healthtokph.","","10709389","cardiology","","","1642805150768129","heartfacts","","","62778761","inflammation","","","1639496591230977","medicaleducation","","","1630166513183745","pinoymd","",,,,,,,,,,,,,,,,,,,,,,,,,,,,,,,,,,,,,,,,,,,,,,,,,,,,,,,,,,,,,,,,,,,,,,,,,,,,,,,,,,,,,,,,,,,,,,,,,"2026-02-23T23:00:00.000Z","84","449"
"1709340855","7341562994867850503",,,,,,,"4000000","0","Yung may naramdaman kang kakaiba","tl","6841","masakit ang dibdib",,,,,,,,,,,,,,,,,,,,,,,,,,,,,,,,,,,,,,,,,,,,,,,,,,,,,,,,,,,,,,,,,,,,,,,,,,,,,,,,,,,,,,,,,,,,,,,,,,,,,,,,,,,,,,,,,,,,,,,,,,,,,,,,,,,,,,,,,,,,,"2024-03-02T00:54:15.000Z","5883","11079"
"1769409578","7599555911320866049",,,,,,,"169800","0","Dighay ng dighay? #highlights  #gerdanxiety  #gerd  ","tl","734","masakit ang dibdib","","92207","highlights","","","1668721025185794","gerdanxiety","","","4603785","gerd","",,,,,,,,,,,,,,,,,,,,,,,,,,,,,,,,,,,,,,,,,,,,,,,,,,,,,,,,,,,,,,,,,,,,,,,,,,,,,,,,,,,,,,,,,,,,,,,,,,,,,,,,,,,,,,,,,,,,,,,,,,,,,,,,,"2026-01-26T06:39:38.000Z","149","779"
"1702638694","7312777501812641030",,,,,,,"1100000","0","sad song#sad #broken #sadstory #family #froblim ","en","3488","masakit ang dibdib","","5927","sad","","","7940","broken","","","170540","sadstory","","","5163","family","Here's to all the families on TikTok.","","7169251833641173018","froblim","",,,,,,,,,,,,,,,,,,,,,,,,,,,,,,,,,,,,,,,,,,,,,,,,,,,,,,,,,,,,,,,,,,,,,,,,,,,,,,,,,,,,,,,,,,,,,,,,,,,,,,,,,,,,,,,,,,,,,,,,,"2023-12-15T11:11:34.000Z","1284","5666"
"1767886088","7593012914076863752",,,,,,,"124700","0","بعضٌ من اسباب وجع الصدر!

🔄 شارك هذا الفيديو… التوعية مسؤولية الجميع!
#طب #توعية #لبنان #drjawadhamieh #وجع_الصدر   ","ar","142","masakit ang dibdib","","59220755","طب","","","1622165029199013","توعية","","","1628439","لبنان","","","7495797689251332113","drjawadhamieh","","","7098823500114165762","وجع_الصدر","",,,,,,,,,,,,,,,,,,,,,,,,,,,,,,,,,,,,,,,,,,,,,,,,,,,,,,,,,,,,,,,,,,,,,,,,,,,,,,,,,,,,,,,,,,,,,,,,,,,,,,,,,,,,,,,,,,,,,,,,,"2026-01-08T15:28:08.000Z","60","267"
"1768585129","7596015272432209159","Amai Pakpak Avenue, Lanao del Sur, 9700 BARMM, Philippines","Marawi City","1701053","1694008","22535865211342035","Amai Pakpak Medical Center","317","0","Masakit sa dibdib bilang magulang na makita ang sariling anak na nahihirapan. Yung gusto mong yakapin siya para saluhin lahat ng bigat, pero wala kang magawa kundi masaktan kasama niya. Nakikita mong nauubos siya sa init ng paligid, sa bigat ng sitwasyon, sa mga problemang hindi niya dapat pasan. Kung puwede lang kunin ang sakit, ginawa mo na. Dahil mas masakit para sa magulang ang makita ang anak na nasasaktan kaysa ikaw mismo ang magdusa.","tl","12","masakit ang dibdib",,,,,,,,,,,,,,,,,,,,,,,,,,,,,,,,,,,,,,,,,,,,,,,,,,,,,,,,,,,,,,,,,,,,,,,,,,,,,,,,,,,,,,,,,,,,,,,,,,,,,,,,,,,,,,,,,,,,,,,,,,,,,,,,,,,,,,,,,,,,,"2026-01-16T17:38:49.000Z","7","3"
"1772671586","7613566467962834184",,,,,,,"152","0","","un","4","masakit ang dibdib",,,,,,,,,,,,,,,,,,,,,,,,,,,,,,,,,,,,,,,,,,,,,,,,,,,,,,,,,,,,,,,,,,,,,,,,,,,,,,,,,,,,,,,,,,,,,,,,,,,,,,,,,,,,,,,,,,,,,,,,,,,,,,,,,,,,,,,,,,,,,"2026-03-05T00:46:26.000Z","13","2"
"1662288852","7139476235813506330",,,,,,,"240400","0","Sakit Sa Puso: Sintomas at Senyales nito na Hindi mo Dapat Ipagwalang Bahala. Ugaliin na Kumonsulta sa Inyong Doktor Para Ma Check ang Inyong Kalusugan. #health #healthtips #healthtipstiktok #wellnesstalk #wellness #heartproblem #heart #heartdisease #sakitsapuso #pagusapannatinyan #ninobautista #bfclab #bfclabsquad #fyp ","tl","444","masakit ang dibdib","","13566","health","","https://p16-common-sign.tiktokcdn-us.com/musically-maliva-obj/18ce88aa768350f8576769e10349e446~tplv-tiktokx-origin.image?dr=9627&x-expires=1773136800&x-signature=AgvRVSxK6niiOwc7LEKhUBvlOk0%3D&t=4d5b0474&ps=13740610&shp=81f88b70&shcp=9b759fb9&idc=useast5","2262943","healthtips","What's your secret to staying fit? Share tips that have helped you stay healthy!","","1688919399001094","healthtipstiktok","","","1665982077836294","wellnesstalk","","https://p16-common-sign.tiktokcdn-us.com/musically-maliva-obj/bcb2dbd5d75129e4e3b6f49693f44f3e~tplv-tiktokx-origin.image?dr=9627&x-expires=1773136800&x-signature=RZCIa4Wy5xSj5x%2BV4Ol2EdXq1v4%3D&t=4d5b0474&ps=13740610&shp=81f88b70&shcp=9b759fb9&idc=useast5","259325","wellness","Prioritize wellness: This year, take some time for self-care and put wellness first.","","487789","heartproblem","","","7323","heart","","","1487977","heartdisease","","","1600436122083329","sakitsapuso","","","1681992695457794","pagusapannatinyan","","","7094850414771716123","ninobautista","","","1694125797258242","bfclab","","","7130509718300295195","bfclabsquad","","","229207","fyp","",,,,,,,,,,,,,,,,,,,,,,,,,,,,,,,,,,,,,,,,,,,,,,,,,,,,,,,,,,,,,,,,,,,,,,,,,,,,,,,,,,,,,"2022-09-04T10:54:12.000Z","129","696"
"1641579200","7050528974874643718",,,,,,,"1400000","0","#stitch with @ziigy123 did you know about this? 🤔 Now you do! ✅ #university #medschool #medstudent #medicine #health #chestpain #learnontiktok #fyp","en","1121","masakit ang dibdib","https://p19-common-sign.tiktokcdn-us.com/musically-maliva-obj/a7edf3200385b1060776e3d8a6612840~tplv-tiktokx-origin.image?dr=9627&x-expires=1773136800&x-signature=GBCZBN5h%2FviOb6hCaQd0qKoxoKw%3D&t=4d5b0474&ps=13740610&shp=81f88b70&shcp=9b759fb9&idc=useast5","8288","stitch","Let your Fyp inspire your next TikTok by stitching your favorite &amp; most relatable videos. Just find a TikTok video you love, press share, and send it to Stitch. 😍",,,"",,"","21125","university","Feeling overwhelmed by which course and university to choose, or anxious about transitioning to university life? Let's hear from experienced seniors and professors to help you make your choice!","","1093063","medschool","","","161108","medstudent","","","25675","medicine","","","13566","health","","","354400","chestpain","","","1636483010861062","learnontiktok","Thanks to all who participated in the January #LearnOnTikTok Post Contest! Check out the winner showcase here: https://vt.tiktok.com/ZSm4t1yuT/. And don't forget to participate in the February Learn On TikTok Post Contest for a chance to win up to $3000! Click here to join: https://vt.tiktok.com/ZSm4tx4Ub/","","229207","fyp","",,,,,,,,,,,,,,,,,,,,,,,,,,,,,,,,,,,,,,,,,,,,,,,,,,,,,,,,,,,,,,,,,,,,,,,,,,,,,,,,,,,,,,,,,,,,,,,,,,,,,"2022-01-07T18:13:20.000Z","992","5353"
"1701087972","7306117188392455430",,,,,,,"2200000","0","Alam mo yung feeling na ganito :( #sad #sadvibes #sadvibes🥀 #hugot #hugotlinestiktok #capcut #capcuttemplate #quote #quotes #quotesaesthetic #broken #brokenheart #brokenheart💔 #life #lifelessons #sadlife #sadlife💔 #sadlife💔😥 ","tl","22600","masakit ang dibdib","","5927","sad","","","410236","sadvibes","","","1632686871209989","sadvibes🥀","","","92425","hugot","","","1663470205264897","hugotlinestiktok","","","1663935709411330","capcut","CapCut is a new, easy-to-use video editing tool designed for mobile platforms. CapCut provides users with a wide range of video editing functions, filters, audio &amp; visual effects, video templates, while keeping it free of charge and ads-free. Everyone can be a creator by using CapCut.  

Start creating your cool videos today: 
https://capcut.onelink.me/XKqI/228cad85","","1680153581054978","capcuttemplate","","","100219","quote","","","96472","quotes","","","1668172887877634","quotesaesthetic","","","7940","broken","","","35113","brokenheart","","","1592382222632965","brokenheart💔","","","5434","life","","https://p16-common-sign.tiktokcdn-us.com/musically-maliva-obj/65c549bfebc772dbc52d06ffca2a4f5e~tplv-tiktokx-origin.image?dr=9627&x-expires=1773136800&x-signature=iivsXB1lWOxmSgGthkXlj2InTYw%3D&t=4d5b0474&ps=13740610&shp=81f88b70&shcp=9b759fb9&idc=useast5","90268","lifelessons","Your best chance to make a positive difference in the life of your friends, family, or co-workers💫💫","","127536","sadlife","","","1615486066695173","sadlife💔","","","1633137795277830","sadlife💔😥","",,,,,,,,,,,,,,,,,,,,,,,,,,,,,,,,,,,,,,,,,,,,,,,,,,,,,,,,,,,,,,,,,,,,,"2023-11-27T12:26:12.000Z","885","6257"
"1760655616","7561958240972590367",,,,,,,"252900","0","I definitely won #fyp #couples #funny #wrestle #helpme","en","79","ko","","229207","fyp","","","14340","couples","","","5424","funny","What's so #Funny?","","15868","wrestle","","","21283","helpme","",,,,,,,,,,,,,,,,,,,,,,,,,,,,,,,,,,,,,,,,,,,,,,,,,,,,,,,,,,,,,,,,,,,,,,,,,,,,,,,,,,,,,,,,,,,,,,,,,,,,,,,,,,,,,,,,,,,,,,,,,"2025-10-16T23:00:16.000Z","17","144"
"1770478269","7604146246256905475",,,,,,,"164200","0","« Je tape les gens pour vivre » #francisngannou #ufc #mma #ko #sport ","fr","326","ko","","1625785444922374","francisngannou","","","13144","ufc","Jump in the Octagon for all things #UFC on TikTok.","","26379","mma","","","16435","ko","","https://p16-common-sign.tiktokcdn-eu.com/musically-maliva-obj/fffdcd2221918f55efe86e4c87944603.jpeg~tplv-tiktokx-origin.image?dr=10386&x-expires=1773136800&x-signature=Ov3hB4lbN1IwwJk2BYCB7NivOtg%3D&t=4d5b0474&ps=13740610&shp=81f88b70&shcp=9b759fb9&idc=no1a","7279","sport","",,,,,,,,,,,,,,,,,,,,,,,,,,,,,,,,,,,,,,,,,,,,,,,,,,,,,,,,,,,,,,,,,,,,,,,,,,,,,,,,,,,,,,,,,,,,,,,,,,,,,,,,,,,,,,,,,,,,,,,,,"2026-02-07T15:31:09.000Z","88","224"
"1769552443","7600169843236539670",,,,,,,"17300","0","rude #mma #ko #brutal #aura ","en","93","ko","","26379","mma","","","16435","ko","","","146479","brutal","","","43158","aura","",,,,,,,,,,,,,,,,,,,,,,,,,,,,,,,,,,,,,,,,,,,,,,,,,,,,,,,,,,,,,,,,,,,,,,,,,,,,,,,,,,,,,,,,,,,,,,,,,,,,,,,,,,,,,,,,,,,,,,,,,,,,,"2026-01-27T22:20:43.000Z","1","74"
"1772938210","7614711524350823694","The Park Vegas, 3780 S Las Vegas Blvd, Las Vegas, NV 89109, USA","Las Vegas","5506956","6252001","20442395496809963","T-Mobile ARENA","90500","0","ONE PUNCH KO FROM ROBOCOP 👊🤯 #UFC326 #ufc #mma #gregoryrodrigues #ko 

LIVE on @Paramount+ ","en","296","ko","","7038053639461535746","ufc326","","","13144","ufc","Jump in the Octagon for all things #UFC on TikTok.","","26379","mma","","","7022736752808820741","gregoryrodrigues","","","16435","ko","",,,"",,,,,,,,,,,,,,,,,,,,,,,,,,,,,,,,,,,,,,,,,,,,,,,,,,,,,,,,,,,,,,,,,,,,,,,,,,,,,,,,,,,,,,,,,,,,,,,,,,,,,,,,,,,,,,,,,,,,,,"2026-03-08T02:50:10.000Z","19","161"
"1763119228","7572539402161786134",,,,,,,"21400","0","The last ko ☠️💀

#testosterone #gym #thegodmindset ","en","134","ko","","3768000","testosterone","","","7882","gym","From exercises to gym motivation and memes, show us how you workout!","","7101928216520032262","thegodmindset","",,,,,,,,,,,,,,,,,,,,,,,,,,,,,,,,,,,,,,,,,,,,,,,,,,,,,,,,,,,,,,,,,,,,,,,,,,,,,,,,,,,,,,,,,,,,,,,,,,,,,,,,,,,,,,,,,,,,,,,,,,,,,,,,,"2025-11-14T11:20:28.000Z","6","228"
"1735906320","7455660852205784322",,,,,,,"65900","0","#mma #fyp #pourtoi #ko #brutal 
ko brutal en MMA 💪💪💪","es","107","ko","","26379","mma","","","229207","fyp","","","2852101","pourtoi","","","16435","ko","","","146479","brutal","",,,,,,,,,,,,,,,,,,,,,,,,,,,,,,,,,,,,,,,,,,,,,,,,,,,,,,,,,,,,,,,,,,,,,,,,,,,,,,,,,,,,,,,,,,,,,,,,,,,,,,,,,,,,,,,,,,,,,,,,,"2025-01-03T12:12:00.000Z","17","158"
"1754051243","7533592701699149078",,,,,,,"1900000","0","BEST KOs IN BOXING 🥊🔥 #fyp #boxing🥊 #boxraw #viralvideos #viralditiktok #edit #edits #ko #artist #tank #victory ","en","5889","ko","","229207","fyp","","","1592465292931077","boxing🥊","","","1635516585236485","boxraw","","","1549168","viralvideos","","https://p16-common-sign.tiktokcdn-eu.com/tiktok-obj/70e3779fedea1d3305976902e8e6ea6e~tplv-tiktokx-origin.image?dr=10386&x-expires=1773136800&x-signature=sUJHY2ru26vMn32MXdn5wNWk43Y%3D&t=4d5b0474&ps=13740610&shp=81f88b70&shcp=9b759fb9&idc=no1a","1659497263387650","viralditiktok","Challenge, Musik, dan Effect paling viral minggu ini di https://bit.ly/ViralDiTikTok","https://p16-common-sign.tiktokcdn-eu.com/musically-maliva-obj/cb514973addd54a58a6ef8bbfb815854~tplv-tiktokx-origin.image?dr=10386&x-expires=1773136800&x-signature=9CWfnu1I5w4P56wJMHvlAT%2BwfpM%3D&t=4d5b0474&ps=13740610&shp=81f88b70&shcp=9b759fb9&idc=no1a","1518","edit","Llevando tu contenido al siguiente nivel 🔥 todos los trucos y tips para aprender a editar tus videos en TikTok.","","15208","edits","","","16435","ko","","","5407","artist","","","3482","tank","","","30648","victory","",,,,,,,,,,,,,,,,,,,,,,,,,,,,,,,,,,,,,,,,,,,,,,,,,,,,,,,,,,,,,,,,,,,,,,,,,,,,,,,,,,,,,,,,,,,,,,,,,"2025-08-01T12:27:23.000Z","423","11963"
"1771933187","7610395044129885460",,,,,,,"392500","0","衝撃の失神KO💥
クラウディオ・イストラテvsババカールのリングサイド映像📸
#k1wgp #k1 #格闘技 #キックボクシング #ko ","ja","612","ko","","1642773800755202","k1wgp","","","139474","k1","","https://p16-common-sign.tiktokcdn-eu.com/tiktok-obj/1630341571772418.PNG~tplv-tiktokx-origin.image?dr=10386&x-expires=1773136800&x-signature=Kn%2BxJp4xOrxKu04ZclGwTrKsdvE%3D&t=4d5b0474&ps=13740610&shp=81f88b70&shcp=9b759fb9&idc=no1a","72221075","格闘技","キックボクシングや空手、柔術、ボクシングなど格闘技の技やトレーニングの瞬間を記録しよう！ 🤼‍♂️ヒント🤼‍♀️❶縦型全画面で投稿 ❷＃格闘技 のハッシュタグをつける！ ❸SNSにシェアして、@tiktok_japanをメンションしてね！","","72892712","キックボクシング","","","16435","ko","",,,,,,,,,,,,,,,,,,,,,,,,,,,,,,,,,,,,,,,,,,,,,,,,,,,,,,,,,,,,,,,,,,,,,,,,,,,,,,,,,,,,,,,,,,,,,,,,,,,,,,,,,,,,,,,,,,,,,,,,,"2026-02-24T11:39:47.000Z","226","627"
"1772637287","7613419143592758550","15 Rue Pierre Baratin, 69100 Villeurbanne, France","Lyon","2996944","3017382","20442395112048799","LES Z'HOMMES","3761","0","KO Les Plus Fou | Partie 1️⃣🥶🩸.                                                                                         #combat #mma #kots #ko #pourtoi ","fr","18","ko","","123201","combat","","","26379","mma","","","4167397","kots","","","16435","ko","","","2852101","pourtoi","",,,,,,,,,,,,,,,,,,,,,,,,,,,,,,,,,,,,,,,,,,,,,,,,,,,,,,,,,,,,,,,,,,,,,,,,,,,,,,,,,,,,,,,,,,,,,,,,,,,,,,,,,,,,,,,,,,,,,,,,,"2026-03-04T15:14:47.000Z","2","15"
"1772932691","7614687882048965910",,,,,,,"64700","0","Olutobi Kalejaiye besiegt Nicolaj Wagner im Heavyweight-Fight durch KO in Runde 2 bei 3:20. Ein harter Schlag beendet den Kampf sofort. 🥊💥

#mma #fyp #viral #octagon #ko ","de","153","ko","","26379","mma","","","229207","fyp","","https://p19-common-sign.tiktokcdn-eu.com/musically-maliva-obj/8e4d8102460a60717c89acc2d6367a16.png~tplv-tiktokx-origin.image?dr=10386&x-expires=1773136800&x-signature=8esL70vVHj7P84d%2F24hF9FP%2FjeA%3D&t=4d5b0474&ps=13740610&shp=81f88b70&shcp=9b759fb9&idc=no1a","20884","viral","¡descubre las canciones en tendencia! 🔥➡️ https://bit.ly/TendenciasTikTok_LATAM","","1035868","octagon","","","16435","ko","",,,,,,,,,,,,,,,,,,,,,,,,,,,,,,,,,,,,,,,,,,,,,,,,,,,,,,,,,,,,,,,,,,,,,,,,,,,,,,,,,,,,,,,,,,,,,,,,,,,,,,,,,,,,,,,,,,,,,,,,,"2026-03-08T01:18:11.000Z","13","79"
"1771191280","7607208600393501974",,,,,,,"17500","0","𝗕𝗘𝗔𝗨𝗧𝗜𝗙𝗨𝗟 𝗞𝗢 💥

One perfect shot. One unforgettable finish. Alex Cleberson scores a beautiful knockout over Addy Khan in spectacular fashion.","en","90","ko",,,,,,,,,,,,,,,,,,,,,,,,,,,,,,,,,,,,,,,,,,,,,,,,,,,,,,,,,,,,,,,,,,,,,,,,,,,,,,,,,,,,,,,,,,,,,,,,,,,,,,,,,,,,,,,,,,,,,,,,,,,,,,,,,,,,,,,,,,,,,"2026-02-15T21:34:40.000Z","8","27"
"1763712007","7575085358283525398",,,,,,,"1900000","0","Savage fights moments 🎧 #flow #mma #ko #sport #ufc ✨","en","13000","ko","","3728","flow","","","26379","mma","","","16435","ko","","https://p16-common-sign.tiktokcdn-eu.com/musically-maliva-obj/fffdcd2221918f55efe86e4c87944603.jpeg~tplv-tiktokx-origin.image?dr=10386&x-expires=1773136800&x-signature=Ov3hB4lbN1IwwJk2BYCB7NivOtg%3D&t=4d5b0474&ps=13740610&shp=81f88b70&shcp=9b759fb9&idc=no1a","7279","sport","","","13144","ufc","Jump in the Octagon for all things #UFC on TikTok.",,,,,,,,,,,,,,,,,,,,,,,,,,,,,,,,,,,,,,,,,,,,,,,,,,,,,,,,,,,,,,,,,,,,,,,,,,,,,,,,,,,,,,,,,,,,,,,,,,,,,,,,,,,,,,,,,,,,,,,,,"2025-11-21T08:00:07.000Z","269","16990"
"1759429866","7556693721643765000",,,,,,,"26500","0","HUBBAK (VOCALS ONLY) | Watch on YouTube!
اللَّهُمَّ إِنِّي أَسْأَلُكَ حُبَّكَ، وَحُبَّ مَنْ يُحِبُّكَ، وَالعَمَلَ الَّذِي يُبَلِّغُنِي حُبَّكَ

(O Allah, I ask You for Your love
And the love of those who love You
And the deeds that will lead me to Your love)

#nasheed #allah #dua #vocalsonly ","en","128","hubak","","824569","nasheed","","","202706","allah","","","149682","dua","","","4173814","vocalsonly","",,,,,,,,,,,,,,,,,,,,,,,,,,,,,,,,,,,,,,,,,,,,,,,,,,,,,,,,,,,,,,,,,,,,,,,,,,,,,,,,,,,,,,,,,,,,,,,,,,,,,,,,,,,,,,,,,,,,,,,,,,,,,"2025-10-02T18:31:06.000Z","46","283"
"1714414160","7363352732863974661",,,,,,,"19000","0","11/05 ∙ EM BREVE Hubik® & Brime #Hubik #Jersey #Brime ","pt","178","hubak","","51748527","hubik","","","25901","jersey","జెర్సీ సినిమా నుంచి ఏదైనా మంచి డైలాగ్ లేదా పాటకు టిక్ టాక్ చేసి మీ యాక్టింగ్ ప్రతిభను చూపించండి","","4256488","brime","",,,,,,,,,,,,,,,,,,,,,,,,,,,,,,,,,,,,,,,,,,,,,,,,,,,,,,,,,,,,,,,,,,,,,,,,,,,,,,,,,,,,,,,,,,,,,,,,,,,,,,,,,,,,,,,,,,,,,,,,,,,,,,,,,"2024-04-29T18:09:20.000Z","34","212"
"1772684662","7613622610156342536","2241 Taft Ave, Manila, 1000 Metro Manila, Philippines","Manila","104814783","1694008","21568226275850404","Green Residences","2517","0","G hubak bai 😂😂#fypシ゚viral #trending #trending #chubbygirl ","eu","0","hubak","","1664119477821441","fypシ゚viral","","","20105","trending","Discover the top viral trends, sounds and effects of the week! 🔥","","20105","trending","Discover the top viral trends, sounds and effects of the week! 🔥","","2126203","chubbygirl","",,,,,,,,,,,,,,,,,,,,,,,,,,,,,,,,,,,,,,,,,,,,,,,,,,,,,,,,,,,,,,,,,,,,,,,,,,,,,,,,,,,,,,,,,,,,,,,,,,,,,,,,,,,,,,,,,,,,,,,,,,,,,"2026-03-05T04:24:22.000Z","21","39"
"1764613847","7578958732453809426",,,,,,,"481300","0","","un","4698","hubak",,,,,,,,,,,,,,,,,,,,,,,,,,,,,,,,,,,,,,,,,,,,,,,,,,,,,,,,,,,,,,,,,,,,,,,,,,,,,,,,,,,,,,,,,,,,,,,,,,,,,,,,,,,,,,,,,,,,,,,,,,,,,,,,,,,,,,,,,,,,,"2025-12-01T18:30:47.000Z","703","4102"
"1644743953","7064121484805000450",,,,,,,"28600000","0","The Good King and the Beggar's Spicy Food #틱톡푸드 #먹방asmr #먹방 #spicy #asmr #noodles #egg #kilbasasausage #틱톡푸드투게더 #spicynoodles","en","3608","hubak","https://p16-common-sign.tiktokcdn-us.com/tiktok-obj/87de72b4e49d35a6b54b7c871eb8e185.png~tplv-tiktokx-origin.image?dr=9627&x-expires=1773136800&x-signature=1geVZ4Zo%2BVDn%2FPSnMvi4HVUFjwM%3D&t=4d5b0474&ps=13740610&shp=81f88b70&shcp=9b759fb9&idc=useast5","1628429332281346","틱톡푸드","#틱톡푸드 에서 여러분들의 데일리 푸드 영상을 공유 해보세요!~ 👨‍🍳🍳🍝🍱","","1595362582386689","먹방asmr","","","9751866","먹방","","","81156","spicy","","https://p16-common-sign.tiktokcdn-us.com/tiktok-obj/7e5cc4fe26be555df44a5e61ce538ed2.png~tplv-tiktokx-origin.image?dr=9627&x-expires=1773136800&x-signature=Xr0kt9SAW0zTTrDgJHHSjBJuyAc%3D&t=4d5b0474&ps=13740610&shp=81f88b70&shcp=9b759fb9&idc=useast5","1248236","asmr","All the soothing sounds you need to massage your brain.","https://p16-common-sign.tiktokcdn-us.com/tiktok-obj/d9f4e67b9e7fbe2ed7a08cc2d3bf3887~tplv-tiktokx-origin.image?dr=9627&x-expires=1773136800&x-signature=ucvNJMMi5BmT1JL%2FYN%2Bj8eyXmcg%3D&t=4d5b0474&ps=13740610&shp=81f88b70&shcp=9b759fb9&idc=useast5","11706","noodles","When we think noodles we think comfort food! Show us your best noodles recipe 🫕","","68029","egg","","","1647226472627206","kilbasasausage","","https://p16-common-sign.tiktokcdn-us.com/tiktok-obj/e97e77fc2ea501154f2a8bf168dfbebe.png~tplv-tiktokx-origin.image?dr=9627&x-expires=1773136800&x-signature=FZc4l3KsI8aw2j34eFuhE9eVzuQ%3D&t=4d5b0474&ps=13740610&shp=81f88b70&shcp=9b759fb9&idc=useast5","7056320783953592321","틱톡푸드투게더","👉 상금 이벤트 진행중: 2/7~2/27 

참여 방법: 콜라보 하고 싶은 푸드 크리에이터의 영상을 고르고#틱톡푸드투게더 해시태그와 함께 #듀엣 혹은 #이어찍기 해주세요!✨🔥 레시피 따라하기, 같이 먹방하기, 도전 참여하기, 리액션 까지 모두 모두 대환영! 😘❗ ✅

아래 링크를 통해 대표 크리에이터 프로필 혹은 #틱톡푸드투게더 해시태그 페이지에서 원하는 영상을 골라주세요! 

더 자세한 이벤트 설명은 여기 링크로 접속! 👉 https://activity.tiktok.com/magic/eco/runtime/release/61fb85b8255a23032b1edf19?appType=tiktok","","8357018","spicynoodles","",,,,,,,,,,,,,,,,,,,,,,,,,,,,,,,,,,,,,,,,,,,,,,,,,,,,,,,,,,,,,,,,,,,,,,,,,,,,,,,,,,,,,,,,,,,,,,,,,,,,,"2022-02-13T09:19:13.000Z","6461","25060"
"1646994352","7073786874313084162",,,,,,,"26500000","0","SPICY FIRE NOODLES SPAM MUKBANG EATING SOUNDS #틱톡푸드 #먹방asmr #먹방 #asmr #foryou #food #fyp #spicy #noodle #spam #mukbang #eating #eatingsounds","en","2443","hubak","https://p19-common-sign.tiktokcdn-us.com/tiktok-obj/87de72b4e49d35a6b54b7c871eb8e185.png~tplv-tiktokx-origin.image?dr=9627&x-expires=1773136800&x-signature=S%2BVigKSEIZDWpnVV%2BLq0Zp0Ksdw%3D&t=4d5b0474&ps=13740610&shp=81f88b70&shcp=9b759fb9&idc=useast5","1628429332281346","틱톡푸드","#틱톡푸드 에서 여러분들의 데일리 푸드 영상을 공유 해보세요!~ 👨‍🍳🍳🍝🍱","","1595362582386689","먹방asmr","","","9751866","먹방","","https://p16-common-sign.tiktokcdn-us.com/tiktok-obj/7e5cc4fe26be555df44a5e61ce538ed2.png~tplv-tiktokx-origin.image?dr=9627&x-expires=1773136800&x-signature=Xr0kt9SAW0zTTrDgJHHSjBJuyAc%3D&t=4d5b0474&ps=13740610&shp=81f88b70&shcp=9b759fb9&idc=useast5","1248236","asmr","All the soothing sounds you need to massage your brain.","","42164","foryou","","https://p16-common-sign.tiktokcdn-us.com/tiktok-obj/1616636707043489.JPEG~tplv-tiktokx-origin.image?dr=9627&x-expires=1773136800&x-signature=rx4AXWaLH%2FVVqnIYSBAp4gFPNsw%3D&t=4d5b0474&ps=13740610&shp=81f88b70&shcp=9b759fb9&idc=useast5","5718","food","","","229207","fyp","","","81156","spicy","","","56362","noodle","","","18500","spam","","","5600217","mukbang","나는 먹는다. 고로 존재한다
I eat, therefore I am","","10367","eating","","","25729691","eatingsounds","",,,,,,,,,,,,,,,,,,,,,,,,,,,,,,,,,,,,,,,,,,,,,,,,,,,,,,,,,,,,,,,,,,,,,,,,,,,,,,,,,,,,,,,,,"2022-03-11T10:25:52.000Z","8580","49013"
"1772544011","7613018530560331028",,,,,,,"5309","0","#habak
#undergroundmusic 
#metalfamily 
#enjoymusicmetal 
#everydaymusicmetal ","un","15","hubak","","77931999","habak","","","325757","undergroundmusic","","","8058455","metalfamily","","","7573662015840452615","enjoymusicmetal","","","7472231948673351688","everydaymusicmetal","",,,,,,,,,,,,,,,,,,,,,,,,,,,,,,,,,,,,,,,,,,,,,,,,,,,,,,,,,,,,,,,,,,,,,,,,,,,,,,,,,,,,,,,,,,,,,,,,,,,,,,,,,,,,,,,,,,,,,,,,,"2026-03-03T13:20:11.000Z","3","13"
"1749146523","7512527045507910958","California, United States","","116030066","6252001","22535796483428634","San Bernardino","2396","0","Small lil Habak show in San Bernardino, yall shoulda been there fr!
Shout out @Hand 2 Hand events 
#grindcore #mincecore #livemusic#punk #blackmetal #extrememusic #alternative #screamo #hardcorepunk #punkhardcore #crustpunk #deathmetal #viral #deathcore #supportlocalartists #fypシ #dsom #liveshows #noise
#distortion #fyp #localartists#brutalunderground #skramz #metalmusic ","en","9","hubak",,,"",,"","572256","grindcore","","","1656961038783493","mincecore","","","56901","livemusic","Whether you're performing on stage or heading to a festival, here's to all things #LiveMusic.","","31159","punk","","","1240613","blackmetal","","","2449127","extrememusic","","","6500","alternative","","","16033","screamo","","","1005897","hardcorepunk","","","27636214","punkhardcore","","","23185875","crustpunk","","","50331","deathmetal","","https://p16-common-sign.tiktokcdn-us.com/musically-maliva-obj/8e4d8102460a60717c89acc2d6367a16.png~tplv-tiktokx-origin.image?dr=9627&x-expires=1773136800&x-signature=xIwjlnYSARVs96JwqNAhHgV5b%2BQ%3D&t=4d5b0474&ps=13740610&shp=81f88b70&shcp=9b759fb9&idc=useast5","20884","viral","¡descubre las canciones en tendencia! 🔥➡️ https://bit.ly/TendenciasTikTok_LATAM","","96675","deathcore","","","1602312399467525","supportlocalartists","","","1637342470396934","fypシ","","","7787267","dsom","","","6141191","liveshows","","","88607","noise","","","2108657","distortion","","","229207","fyp","","","8531705","localartists","","","7275892023750557742","brutalunderground","","","1871910","skramz","","","639068","metalmusic","",,,,,,,,,,,,,,,,,,,,,,,,,,,,,,,,,,,,,"2025-06-05T18:02:03.000Z","4","19"
"1772962712","7614816835279654166","12840-1 Chikunikō, Otari, Kitaazumi District, Nagano 399-9422, Japan","Otari","1853629","1861060","21568295415860659","Tsugaike Kogen Ski Resort","667","0","Nil stresss. 🎿 #japan #habuka #skiing #dj #snow ","en","0","hubak","","11972","japan","🇯🇵musical.ly japan🇯🇵
@musical.lyjapanをフォローし、最新ハッシュタグ情報をゲットしましょう。❤️

それと,日本muserは#japanを忘れないように！❤️","","1659063915018241","habuka","","","9519","skiing","Show us your best #Skiing skills.","https://p16-common-sign.tiktokcdn-us.com/musically-maliva-obj/c4b9880a006a68ca388bb00d2eebf861.png~tplv-tiktokx-origin.image?dr=9627&x-expires=1773136800&x-signature=Ae55aB7ERNQ32%2FHzyIcjh2UC3%2Bg%3D&t=4d5b0474&ps=13740610&shp=81f88b70&shcp=9b759fb9&idc=useast5","3002","dj","Are you the one responsible for the music this summer? Get inspiration from DJs around the world here.","","6041","snow","When life gives you #Snow...",,,,,,,,,,,,,,,,,,,,,,,,,,,,,,,,,,,,,,,,,,,,,,,,,,,,,,,,,,,,,,,,,,,,,,,,,,,,,,,,,,,,,,,,,,,,,,,,,,,,,,,,,,,,,,,,,,,,,,,,,"2026-03-08T09:38:32.000Z","1","0"
"1769328929","7599209865675918599",,,,,,,"138600","0","@HUBA @VEK #khemey ","un","19","hubak",,,"",,,,"",,"","7056767850718953498","khemey","",,,,,,,,,,,,,,,,,,,,,,,,,,,,,,,,,,,,,,,,,,,,,,,,,,,,,,,,,,,,,,,,,,,,,,,,,,,,,,,,,,,,,,,,,,,,,,,,,,,,,,,,,,,,,,,,,,,,,,,,,,,,,,,,,"2026-01-25T08:15:29.000Z","28","122"
"1753537126","7531384593904094482",,,,,,,"950","0","Bersih Kan Habuk ","ms","0","hubak",,,,,,,,,,,,,,,,,,,,,,,,,,,,,,,,,,,,,,,,,,,,,,,,,,,,,,,,,,,,,,,,,,,,,,,,,,,,,,,,,,,,,,,,,,,,,,,,,,,,,,,,,,,,,,,,,,,,,,,,,,,,,,,,,,,,,,,,,,,,,"2025-07-26T13:38:46.000Z","3","1"
"1771606804","7608993254343740680",,,,,,,"1408","0","#tuff #nichetok #epstein #hukabob #coagulotuffoextremamenteguloso ","un","5","hubak","","62804","tuff","","","1672707986745349","nichetok","","","10112568","epstein","","","7605339945070395414","hukabob","","","7608991136774815751","coagulotuffoextremamenteguloso","",,,,,,,,,,,,,,,,,,,,,,,,,,,,,,,,,,,,,,,,,,,,,,,,,,,,,,,,,,,,,,,,,,,,,,,,,,,,,,,,,,,,,,,,,,,,,,,,,,,,,,,,,,,,,,,,,,,,,,,,,"2026-02-20T17:00:04.000Z","10","6"
"1768475947","7595546339157511431","8XGJ+9F7, Garcia St, Iba, 2201 Zambales, Philippines","Iba","1711447","1694008","21568226288679749","Zambales Provincial Capitol","42400","0","uso ngayun ubo at sipon
ito bagay dun #staystrong #staystrong #goodhealth #healthtips ","tl","352","huyang nga ubo","","11393","staystrong","","","11393","staystrong","","","508117","goodhealth","","https://p16-common-sign.tiktokcdn-us.com/musically-maliva-obj/18ce88aa768350f8576769e10349e446~tplv-tiktokx-origin.image?dr=9627&x-expires=1773136800&x-signature=AgvRVSxK6niiOwc7LEKhUBvlOk0%3D&t=4d5b0474&ps=13740610&shp=81f88b70&shcp=9b759fb9&idc=useast5","2262943","healthtips","What's your secret to staying fit? Share tips that have helped you stay healthy!",,,,,,,,,,,,,,,,,,,,,,,,,,,,,,,,,,,,,,,,,,,,,,,,,,,,,,,,,,,,,,,,,,,,,,,,,,,,,,,,,,,,,,,,,,,,,,,,,,,,,,,,,,,,,,,,,,,,,,,,,,,,,"2026-01-15T11:19:07.000Z","16","94"
"1758474806","7552591757884558610",,,,,,,"2556","0","Ganito lng ginagawa ko kapag hindi makatulog sa ubo #coughremedy ","tl","5","huyang nga ubo","","1648255764667393","coughremedy","",,,,,,,,,,,,,,,,,,,,,,,,,,,,,,,,,,,,,,,,,,,,,,,,,,,,,,,,,,,,,,,,,,,,,,,,,,,,,,,,,,,,,,,,,,,,,,,,,,,,,,,,,,,,,,,,,,,,,,,,,,,,,,,,,,,,,,,,,"2025-09-21T17:13:26.000Z","1","2"
"1772998297","7614969614686047508",,,,,,,"6739","0","Grabe 3:30am na dilat pa din ako due to #cough #Tiktok do your magic ngaaaa, baka meron kayo mareco na pulmo* or mareach to ng #tiktokmed pa help 😭 ang weird ng ubo ko almost 1 month na kasi yung #cramps ko din ganun. Dko lang naisali per naresetahan na din ako amoxiclav at difflam.  Nganga pa din baka may better reco 😭😢 ","tl","5","huyang nga ubo","","111888","cough","","","23428","tiktok","","","1588209693398017","tiktokmed","","","137390","cramps","",,,,,,,,,,,,,,,,,,,,,,,,,,,,,,,,,,,,,,,,,,,,,,,,,,,,,,,,,,,,,,,,,,,,,,,,,,,,,,,,,,,,,,,,,,,,,,,,,,,,,,,,,,,,,,,,,,,,,,,,,,,,,"2026-03-08T19:31:37.000Z","130","7"
"1770106524","7602549344054676737",,,,,,,"5200","0","","un","3","huyang nga ubo",,,,,,,,,,,,,,,,,,,,,,,,,,,,,,,,,,,,,,,,,,,,,,,,,,,,,,,,,,,,,,,,,,,,,,,,,,,,,,,,,,,,,,,,,,,,,,,,,,,,,,,,,,,,,,,,,,,,,,,,,,,,,,,,,,,,,,,,,,,,,"2026-02-03T08:15:24.000Z","4","8"
"1756124717","7542498088099859728",,,,,,,"27500","0","Aray kooooo #blowthisup #4u #fypviralシ #makethisgoviral #ctto ","tl","798","huyang nga ubo","","2464977","blowthisup","","","43268","4u","","","1666593428398085","fypviralシ","","","552043","makethisgoviral","","","4466458","ctto","",,,,,,,,,,,,,,,,,,,,,,,,,,,,,,,,,,,,,,,,,,,,,,,,,,,,,,,,,,,,,,,,,,,,,,,,,,,,,,,,,,,,,,,,,,,,,,,,,,,,,,,,,,,,,,,,,,,,,,,,,"2025-08-25T12:25:17.000Z","5","189"
"1760214656","7560064365844729111",,,,,,,"5005","0","#huangbo #actorchinese #shortschinos #minidramachina #dramachina ","un","16","huyang nga ubo","","1670334790770694","huangbo","","","1666701343836161","actorchinese","","","7193101989715476485","shortschinos","","","7046129500022636545","minidramachina","","","1619791363409921","dramachina","",,,,,,,,,,,,,,,,,,,,,,,,,,,,,,,,,,,,,,,,,,,,,,,,,,,,,,,,,,,,,,,,,,,,,,,,,,,,,,,,,,,,,,,,,,,,,,,,,,,,,,,,,,,,,,,,,,,,,,,,,"2025-10-11T20:30:56.000Z","18","31"
"1729254388","7427091026612915464",,,,,,,"310700","0","สะบัดเเรงไปหน่อย55555
#หยางหานป๋อ#杨涵博
#yanghanbo#yanghanbo_杨涵博#tf家族 #tf家族四代 #tf家族三代 #tffamily #tffamily🇨🇳💫#f4tfgiatoc #tfgiatộc  #fyp #tffamily_4th_generation #foryou 
#ไอดอลจีน #feedfeed ","th","1449","huyang nga ubo","","7152357345228996635","หยางหานป๋อ","","","7152077823980208154","杨涵博","","","7152075406357561371","yanghanbo","","","7229302884583047174","yanghanbo_杨涵博","","","9056912","tf家族","","","1665652069137425","tf家族四代","","","1663051243920385","tf家族三代","","","54691368","tffamily","","","1673977263357953","tffamily🇨🇳💫","","","1691043696598018","f4tfgiatoc","","","1606494942652418","tfgiatộc","","","229207","fyp","","","7104926952632516634","tffamily_4th_generation","","","42164","foryou","","","1666023544902657","ไอดอลจีน","","","70400038","feedfeed","",,,,,,,,,,,,,,,,,,,,,,,,,,,,,,,,,,,,,,,,,,,,,,,,,,,,,,,,,,,,,,,,,,,,,,,,,,,,,"2024-10-18T12:26:28.000Z","291","6620"
"1737691434","7463327711424023838","3362 Refugee Rd, Columbus, OH 43232, USA","Columbus","4509177","6252001","22535796492127932","United Skates of America","27900","0","1989年民运录像#1989#8964#胡耀邦 #中国 #学生#自由 #民主 ","zh-Hans","10","huyang nga ubo","","1592201653788677","1989","","","1638568459420677","8964","","","1701630608507906","胡耀邦","","","4707174","中国","","","824465","学生","","","25536992","自由","","","60619216","民主","",,,,,,,,,,,,,,,,,,,,,,,,,,,,,,,,,,,,,,,,,,,,,,,,,,,,,,,,,,,,,,,,,,,,,,,,,,,,,,,,,,,,,,,,,,,,,,,,,,,,,,,,,,,,,,,,,"2025-01-24T04:03:54.000Z","11","58"
"1732796826","7442305680159132946",,,,,,,"23100","0","STAR FOR ALL UBO! #lagundex #ubo 😆#susanafrica #fypphilippines #tiktokphilippines🇵🇭 #philippines ","en","224","huyang nga ubo","","7422901149143040016","lagundex","","","16699672","ubo","","","1665198668530689","susanafrica","","","1641216916535297","fypphilippines","","","1615023515909121","tiktokphilippines🇵🇭","","","86497","philippines","",,,,,,,,,,,,,,,,,,,,,,,,,,,,,,,,,,,,,,,,,,,,,,,,,,,,,,,,,,,,,,,,,,,,,,,,,,,,,,,,,,,,,,,,,,,,,,,,,,,,,,,,,,,,,,,,,,,,,"2024-11-28T12:27:06.000Z","68","43"
"1693409343","7273137723420986657",,,,,,,"327000","0","Huyang! 
#starwars #starwarsedit #huyang #huyanglin #huyangstarwars #ahsoka #theclonewars #starwarstheclonewars #theclonewarsedit #starwarsedit #edit #jedi #jediorder 
🎶 - Music: Flare by Hensonn (slowed)
🎥 - Scenepack: @filoniversepacks 
Huyang is a droid teacher of the jedi order. He taught jedi younglings for more than a millennia to build their lightsaber, and sided with Ahsoka Tano in the TV serie Star Wars: Ahsoka","en","1292","huyang nga ubo","","6609","starwars","Who's excited for The Force Awakens? Get your Star Wars on!","","12464318","starwarsedit","","","9581971","huyang","","","7087654552903614506","huyanglin","","","7271909108402356225","huyangstarwars","","","7374453","ahsoka","","","12322508","theclonewars","","","6897187","starwarstheclonewars","","","1666418515656710","theclonewarsedit","","","12464318","starwarsedit","","https://p16-common-sign.tiktokcdn-us.com/musically-maliva-obj/cb514973addd54a58a6ef8bbfb815854~tplv-tiktokx-origin.image?dr=9627&x-expires=1773136800&x-signature=eW2cbMtqNdCscpGSbeltcNe2Xzw%3D&t=4d5b0474&ps=13740610&shp=81f88b70&shcp=9b759fb9&idc=useast5","1518","edit","Llevando tu contenido al siguiente nivel 🔥 todos los trucos y tips para aprender a editar tus videos en TikTok.","","29521","jedi","","","15185528","jediorder","",,,"",,,,,,,,,,,,,,,,,,,,,,,,,,,,,,,,,,,,,,,,,,,,,,,,,,,,,,,,,,,,,,,,,,,,,,,,,,,,,,,,,,,,,,"2023-08-30T15:29:03.000Z","197","8754"
"1766329365","7586326829804358932",,,,,,,"17900","0","adik Kaka bertemu kembali...jgn bilang mereka satu lokasi syuting...kemaren sama chensi sekarang sama huangbo...
#huangbo #maxiaoyu #dramachina #fyp #dracin ","id","15","huyang nga ubo","","1670334790770694","huangbo","","","7108275615274369051","maxiaoyu","","","1619791363409921","dramachina","","","229207","fyp","","","1629660979984390","dracin","",,,,,,,,,,,,,,,,,,,,,,,,,,,,,,,,,,,,,,,,,,,,,,,,,,,,,,,,,,,,,,,,,,,,,,,,,,,,,,,,,,,,,,,,,,,,,,,,,,,,,,,,,,,,,,,,,,,,,,,,,"2025-12-21T15:02:45.000Z","10","102"
"1770881857","7605879623204850951",,,,,,,"6862","0","Terlalu Cute, 🤍🤍🤍 #黄文博 #HuangWenbo #AktorChina #DramaChina #Fyp ","id","19","huyang nga ubo","","7325276122826932231","黄文博","","","7343588010539253762","huangwenbo","","","1652804085002242","aktorchina","","","1619791363409921","dramachina","","","229207","fyp","",,,,,,,,,,,,,,,,,,,,,,,,,,,,,,,,,,,,,,,,,,,,,,,,,,,,,,,,,,,,,,,,,,,,,,,,,,,,,,,,,,,,,,,,,,,,,,,,,,,,,,,,,,,,,,,,,,,,,,,,,"2026-02-12T07:37:37.000Z","36","57"
"1772415718","7612467510322941192",,,,,,,"100","0","#Gikan sa gawas gisugo
kapoy init Ang pamati🥺","tl","0","init ang pamati","","25329828","gikan","",,,,,,,,,,,,,,,,,,,,,,,,,,,,,,,,,,,,,,,,,,,,,,,,,,,,,,,,,,,,,,,,,,,,,,,,,,,,,,,,,,,,,,,,,,,,,,,,,,,,,,,,,,,,,,,,,,,,,,,,,,,,,,,,,,,,,,,,,"2026-03-02T01:41:58.000Z","0","0"
"1771483217","7608462448206580999",,,,,,,"103","0","","un","0","init ang pamati",,,,,,,,,,,,,,,,,,,,,,,,,,,,,,,,,,,,,,,,,,,,,,,,,,,,,,,,,,,,,,,,,,,,,,,,,,,,,,,,,,,,,,,,,,,,,,,,,,,,,,,,,,,,,,,,,,,,,,,,,,,,,,,,,,,,,,,,,,,,,"2026-02-19T06:40:17.000Z","2","0"
"1609578868","6913088586296462593",,,,,,,"3077","0","PAMMATI- Part 1 #ikit #ilocano #ilocanotiktoker #fyp #foryou #goodvibes #tiktok #tiktokphilippines","en","3","init ang pamati","","424807","ikit","","","6449546","ilocano","","","1614851500434434","ilocanotiktoker","","","229207","fyp","","","42164","foryou","","","13497","goodvibes","Thumbs up to feel those #GoodVibes 👍👍👍","","23428","tiktok","","","89436630","tiktokphilippines","",,,,,,,,,,,,,,,,,,,,,,,,,,,,,,,,,,,,,,,,,,,,,,,,,,,,,,,,,,,,,,,,,,,,,,,,,,,,,,,,,,,,,,,,,,,,,,,,,,,,,,,,,,,,,"2021-01-02T09:14:28.000Z","19","1"
"1772788526","7614068723577556232","Lamut, Ifugao, Cordillera, Philippines","","1707712","1694008","22535865203370719","Lamut","240","0","ang init kea tas nangangamatis pa ilong🥵🤓","tl","0","init ang pamati",,,,,,,,,,,,,,,,,,,,,,,,,,,,,,,,,,,,,,,,,,,,,,,,,,,,,,,,,,,,,,,,,,,,,,,,,,,,,,,,,,,,,,,,,,,,,,,,,,,,,,,,,,,,,,,,,,,,,,,,,,,,,,,,,,,,,,,,,,,,,"2026-03-06T09:15:26.000Z","2","0"
"1654229348","7104860948980141338",,,,,,,"31700","0","Sa dile pa uso ang cellphone😊😊😊#KiniAngAkongSuliran #DYHP#bisayanibai #fypシツ♡","tl","46","init ang pamati","","1664143730833410","kiniangakongsuliran","","","85256615","dyhp","","","9155719","bisayanibai","","","1664053106852869","fypシツ♡","",,,,,,,,,,,,,,,,,,,,,,,,,,,,,,,,,,,,,,,,,,,,,,,,,,,,,,,,,,,,,,,,,,,,,,,,,,,,,,,,,,,,,,,,,,,,,,,,,,,,,,,,,,,,,,,,,,,,,,,,,,,,,"2022-06-03T04:09:08.000Z","319","45"
"1773039658","7615147273105739024",,,,,,,"521","0","3mo.old naminaw sa mensahe sa Diyos☺☺

#Christianalife 
#Christianngamanubo 
#inahanlife 
#christiantiktok ","tl","0","init ang pamati","","1659787393533957","christianalife","","","7598347721786785793","christianngamanubo","","","1690769697142785","inahanlife","","","1600067154349057","christiantiktok","",,,,,,,,,,,,,,,,,,,,,,,,,,,,,,,,,,,,,,,,,,,,,,,,,,,,,,,,,,,,,,,,,,,,,,,,,,,,,,,,,,,,,,,,,,,,,,,,,,,,,,,,,,,,,,,,,,,,,,,,,,,,,"2026-03-09T07:00:58.000Z","2","1"
"1772971813","7614855943804685575",,,,,,,"204","0","d na pwd magsigeg day 1 dapat permihon na jud😊#foryoupage #trending #highlight #viralvideo #momlife ","tl","0","init ang pamati","","88764338","foryoupage","","","20105","trending","Discover the top viral trends, sounds and effects of the week! 🔥","","87545","highlight","","","85133","viralvideo","","https://p16-common-sign.tiktokcdn-us.com/tiktok-obj/510c17055db10d2201fd8a0bddd41c7b.png~tplv-tiktokx-origin.image?dr=9627&x-expires=1773136800&x-signature=fFBzOcBdoGMmMHzBJCKh%2BsizLvE%3D&t=4d5b0474&ps=13740610&shp=81f88b70&shcp=9b759fb9&idc=useast5","130189","momlife","",,,,,,,,,,,,,,,,,,,,,,,,,,,,,,,,,,,,,,,,,,,,,,,,,,,,,,,,,,,,,,,,,,,,,,,,,,,,,,,,,,,,,,,,,,,,,,,,,,,,,,,,,,,,,,,,,,,,,,,,,"2026-03-08T12:10:13.000Z","0","0"
"1773059927","7615226439658491156",,,,,,,"84","0","Pwede gyud ninpang summer","tl","0","init ang pamati",,,,,,,,,,,,,,,,,,,,,,,,,,,,,,,,,,,,,,,,,,,,,,,,,,,,,,,,,,,,,,,,,,,,,,,,,,,,,,,,,,,,,,,,,,,,,,,,,,,,,,,,,,,,,,,,,,,,,,,,,,,,,,,,,,,,,,,,,,,,,"2026-03-09T12:38:47.000Z","0","0"
"1771072199","7606697166983220498",,,,,,,"867900","0","Yong sila kinilig sa flowers, ako kinilig sa P30 pesos per kilo ng kamatis, kaya mag kinamatisang pork tayo. 🍅

#kinamatisangbaboy #valentinesday #recipe #foodietokph #byaherangkusinera ","tl","4340","init ang pamati","","1669390319927297","kinamatisangbaboy","","https://p16-common-sign.tiktokcdn-us.com/musically-maliva-obj/517be5a399cc5e55ab41e4c6aa103146.png~tplv-tiktokx-origin.image?dr=9627&x-expires=1773136800&x-signature=wTZXkbVpNgGjdQGmtlikelFwNas%3D&t=4d5b0474&ps=13740610&shp=81f88b70&shcp=9b759fb9&idc=useast5","10313","valentinesday","Post E-commerce Short Videos with #valentinesday during the Campaign Period and top ranked creators by total accumulated Short Video GMV will be eligible to receive up to $100 voucher rewards issued by TikTok Platform between 10th-14th February 2025.","","58891","recipe","Show us your perfect #Recipe.","","1689036679204866","foodietokph","The search for the next food trend is on! Got an idea? We can’t wait to see it, and try it out ourselves!","","7132686616128127002","byaherangkusinera","",,,,,,,,,,,,,,,,,,,,,,,,,,,,,,,,,,,,,,,,,,,,,,,,,,,,,,,,,,,,,,,,,,,,,,,,,,,,,,,,,,,,,,,,,,,,,,,,,,,,,,,,,,,,,,,,,,,,,,,,,"2026-02-14T12:29:59.000Z","198","8110"
"1722223750","7396894646950989057",,,,,,,"79700","0","this song hits dif 🫡

#walangnatira #gloc9 #fyppppppppppppppppppppppp #4u #fypシ #fypage #foryou #fyp #foryoupage #song #music #playlist #tugtugan #trends ","en","74","init ang pamati","","10050276","walangnatira","","","4843","gloc9","","","1649139584636934","fyppppppppppppppppppppppp","","","43268","4u","","","1637342470396934","fypシ","","","1604302285252613","fypage","","","42164","foryou","","","229207","fyp","","","88764338","foryoupage","","","5994","song","","","5636","music","","","49210","playlist","Share your perfect #Playlist.","","1602405832655878","tugtugan","","","72381","trends","",,,,,,,,,,,,,,,,,,,,,,,,,,,,,,,,,,,,,,,,,,,,,,,,,,,,,,,,,,,,,,,,,,,,,,,,,,,,,,,,,,,,,"2024-07-29T03:29:10.000Z","10","407"
"1759891638","7558677011082775826","G84G+6M, Pamplona, Cagayan, Philippines","Pamplona","1695836","1694008","42203860820628889","Omsim","142900","0","MASARAP ANG PAMINTA PROMISE LALO NA SA ADOBO 

#paminta #fyp #viral #HAHA #forentertainmentpurposesonly ","tl","904","init ang pamati","","29547971","paminta","","","229207","fyp","","https://p16-common-sign.tiktokcdn-us.com/musically-maliva-obj/8e4d8102460a60717c89acc2d6367a16.png~tplv-tiktokx-origin.image?dr=9627&x-expires=1773136800&x-signature=xIwjlnYSARVs96JwqNAhHgV5b%2BQ%3D&t=4d5b0474&ps=13740610&shp=81f88b70&shcp=9b759fb9&idc=useast5","20884","viral","¡descubre las canciones en tendencia! 🔥➡️ https://bit.ly/TendenciasTikTok_LATAM","","3952","haha","¡Utiliza el audio oficial y muestra tu mejor maquillaje o cosplay! 👀","","10012249","forentertainmentpurposesonly","",,,,,,,,,,,,,,,,,,,,,,,,,,,,,,,,,,,,,,,,,,,,,,,,,,,,,,,,,,,,,,,,,,,,,,,,,,,,,,,,,,,,,,,,,,,,,,,,,,,,,,,,,,,,,,,,,,,,,,,,,"2025-10-08T02:47:18.000Z","169","445"
"1772436706","7612557634176339220",,,,,,,"135","0","#Nindota sa pamati diri fresh kaayo sirado lang ang zoo ","tl","0","init ang pamati","","1652439046085633","nindota","",,,,,,,,,,,,,,,,,,,,,,,,,,,,,,,,,,,,,,,,,,,,,,,,,,,,,,,,,,,,,,,,,,,,,,,,,,,,,,,,,,,,,,,,,,,,,,,,,,,,,,,,,,,,,,,,,,,,,,,,,,,,,,,,,,,,,,,,,"2026-03-02T07:31:46.000Z","7","0"
"1773096347","7615390743481290005","Zone 2 Tanke, Talisay City, Cebu, Central Visayas, Philippines","Talisay","104807645","1694008","21568226252361777","Kay Ngitngit Man! Librohan","71","0","babyface rata pero daghan nag sakit² sa kalawasan🤦🤦🤦 #nagparaya💔 #fyp #singlemomsoftiktok ","tl","0","sakit ang kalawasan","","1665537871583234","nagparaya💔","","","229207","fyp","","","1631837062466565","singlemomsoftiktok","",,,,,,,,,,,,,,,,,,,,,,,,,,,,,,,,,,,,,,,,,,,,,,,,,,,,,,,,,,,,,,,,,,,,,,,,,,,,,,,,,,,,,,,,,,,,,,,,,,,,,,,,,,,,,,,,,,,,,,,,,,,,,,,,,"2026-03-09T22:45:47.000Z","0","1"
"1773044354","7615167487067376903",,,,,,,"212","0","madamiii bayan!!!#4u #fy #makeitviral #fypage #messenger ","tr","0","sakit ang kalawasan","","43268","4u","","","153828","fy","","","186970","makeitviral","","","1604302285252613","fypage","","","342287","messenger","",,,,,,,,,,,,,,,,,,,,,,,,,,,,,,,,,,,,,,,,,,,,,,,,,,,,,,,,,,,,,,,,,,,,,,,,,,,,,,,,,,,,,,,,,,,,,,,,,,,,,,,,,,,,,,,,,,,,,,,,,"2026-03-09T08:19:14.000Z","0","1"
"1773034993","7615127263121558805",,,,,,,"103","0","No rice diet para mawala ang sakit sa kalawasan. No rice diet para makuha ang gustong timbang. #geraldinecorsaiz #lowcarbfoodsalutongbahay #Dujosoocoffee ","tl","2","sakit ang kalawasan","","7614798585153978389","geraldinecorsaiz","","","7615127239886045205","lowcarbfoodsalutongbahay","",,,"Dujosoocoffee",,,,,,,,,,,,,,,,,,,,,,,,,,,,,,,,,,,,,,,,,,,,,,,,,,,,,,,,,,,,,,,,,,,,,,,,,,,,,,,,,,,,,,,,,,,,,,,,,,,,,,,,,,,,,,,,,,,,,,,,,,,,,,,,,,"2026-03-09T05:43:13.000Z","0","0"
"1773061645","7615241740789878037","Wadi Abu Khashabah, Uhud, Riyadh 14732, Saudi Arabia","Riyadh","108410","102358","42203860800005682","Riyadh City","208","0","Ipadala na ug apil ang pamaol ug mga sakit sa kalawasan 😆 
gisulod nag apil sa box😆😁#ofwriyadhtiktokers🇸🇦💕philippines #ofwlife #fypシ゚viral #oncallcleaner #balikbayanbox ","tl","0","sakit ang kalawasan","","1664080688186373","ofwriyadhtiktokers🇸🇦💕philippines","","","5218422","ofwlife","","","1664119477821441","fypシ゚viral","","","1636966344511494","oncallcleaner","","","24377113","balikbayanbox","",,,,,,,,,,,,,,,,,,,,,,,,,,,,,,,,,,,,,,,,,,,,,,,,,,,,,,,,,,,,,,,,,,,,,,,,,,,,,,,,,,,,,,,,,,,,,,,,,,,,,,,,,,,,,,,,,,,,,,,,,"2026-03-09T13:07:25.000Z","2","1"
"1772982567","7614902121783217426",,,,,,,"267","0","","un","0","sakit ang kalawasan",,,,,,,,,,,,,,,,,,,,,,,,,,,,,,,,,,,,,,,,,,,,,,,,,,,,,,,,,,,,,,,,,,,,,,,,,,,,,,,,,,,,,,,,,,,,,,,,,,,,,,,,,,,,,,,,,,,,,,,,,,,,,,,,,,,,,,,,,,,,,"2026-03-08T15:09:27.000Z","1","0"
"1772234473","7611689013837155614",,,,,,,"4579","0","#fyp #minivlog ","un","0","sakit ang kalawasan","","229207","fyp","","https://p16-common-sign.tiktokcdn-us.com/musically-maliva-obj/69bbbba3950721c5cca319532f5ce1f6~tplv-tiktokx-origin.image?dr=9627&x-expires=1773136800&x-signature=FLCyNExE4acdEXZPqLqsY6kh51I%3D&t=4d5b0474&ps=13740610&shp=81f88b70&shcp=9b759fb9&idc=useast5","4803904","minivlog","Who said vlogs need to be long? Show us what you're up to with a #MiniVlog.",,,,,,,,,,,,,,,,,,,,,,,,,,,,,,,,,,,,,,,,,,,,,,,,,,,,,,,,,,,,,,,,,,,,,,,,,,,,,,,,,,,,,,,,,,,,,,,,,,,,,,,,,,,,,,,,,,,,,,,,,,,,,,,,,,,,,"2026-02-27T23:21:13.000Z","2","8"
"1731721614","7437687671989751048",,,,,,,"45400","0","SAKIT sa part ko na Yung Taong mahal na mahal ko nawalan na ng paki alam sakin","tl","449","sakit ang kalawasan",,,,,,,,,,,,,,,,,,,,,,,,,,,,,,,,,,,,,,,,,,,,,,,,,,,,,,,,,,,,,,,,,,,,,,,,,,,,,,,,,,,,,,,,,,,,,,,,,,,,,,,,,,,,,,,,,,,,,,,,,,,,,,,,,,,,,,,,,,,,,"2024-11-16T01:46:54.000Z","51","319"
"1723197831","7401078299742555409","Asia","","1852083","1861060","22535865202403874","Japan","29200","0","Cerita anak rantau#fypシ゚viral #tiktokviral #trending #sadstory ","ms","11","sakit ang kalawasan","","1664119477821441","fypシ゚viral","","","86427221","tiktokviral","","","20105","trending","Discover the top viral trends, sounds and effects of the week! 🔥","","170540","sadstory","",,,,,,,,,,,,,,,,,,,,,,,,,,,,,,,,,,,,,,,,,,,,,,,,,,,,,,,,,,,,,,,,,,,,,,,,,,,,,,,,,,,,,,,,,,,,,,,,,,,,,,,,,,,,,,,,,,,,,,,,,,,,,"2024-08-09T10:03:51.000Z","81","20"
"1771970400","7610460370636950804",,,,,,,"1038","0","Ang sakit sakit sakit na!

#Jesus #pain #joy #christiantiktok #fyp ","tl","13","sakit ang kalawasan","","15866","jesus","","","8004","pain","","","7749","joy","","","1600067154349057","christiantiktok","","","229207","fyp","",,,,,,,,,,,,,,,,,,,,,,,,,,,,,,,,,,,,,,,,,,,,,,,,,,,,,,,,,,,,,,,,,,,,,,,,,,,,,,,,,,,,,,,,,,,,,,,,,,,,,,,,,,,,,,,,,,,,,,,,,"2026-02-24T22:00:00.000Z","21","14"
"1742120724","7482351491659943175",,,,,,,"16300","0","Ya allah jangan kau coba Aku, 
melebihi batas mampu dan sanggup ku😔😔🥀🥀
Sakit mana yg blm aku rasakan 
Kehilangan orang yg ku syg
Dihina habis habis san
Kesusahan, kekurangan 
Sakit hati,semua sudah ku rasakan yah allah 😭😭😭

#liriklagu #yaallah 
#waliband #laguviral 
#yglgiviral #menyentuhhati 
#lewatberanda #tiktokviral 
#inem #fyp 
#masyaallahtabarakkallah ","id","110","sakit ang kalawasan","","29452615","liriklagu","","","10529053","yaallah","","","5079175","waliband","","","74376423","laguviral","","","1632854278259713","yglgiviral","","","1600112245353473","menyentuhhati","","","1637009166627842","lewatberanda","","","86427221","tiktokviral","","","5152700","inem","","","229207","fyp","","","1625111559773186","masyaallahtabarakkallah","",,,,,,,,,,,,,,,,,,,,,,,,,,,,,,,,,,,,,,,,,,,,,,,,,,,,,,,,,,,,,,,,,,,,,,,,,,,,,,,,,,,,,,,,,,,,,,,,,"2025-03-16T10:25:24.000Z","37","47"
"1707827114","7335061587599871237",,,,,,,"1300000","0","","un","4571","sakit ang kalawasan",,,,,,,,,,,,,,,,,,,,,,,,,,,,,,,,,,,,,,,,,,,,,,,,,,,,,,,,,,,,,,,,,,,,,,,,,,,,,,,,,,,,,,,,,,,,,,,,,,,,,,,,,,,,,,,,,,,,,,,,,,,,,,,,,,,,,,,,,,,,,"2024-02-13T12:25:14.000Z","201","11740"
"1767949712","7593286164489014546",,,,,,,"207000","0","laban lang tay, ganun talaga ang buhay
ctto : @Angele

#fyp #lyrics #cover #music #chamcelwrv7 ","tl","634","sakit ang kalawasan",,,"",,"","229207","fyp","","","22047","lyrics","Here's your chance to sing along.🎵🎵","https://p19-common-sign.tiktokcdn-us.com/musically-maliva-obj/1632d26ee31d854f5e0f8f475cd3d87a.jpeg~tplv-tiktokx-origin.image?dr=9627&x-expires=1773136800&x-signature=QqLLXIxO6U%2Fvv8Wf1KjP%2FWpUrNc%3D&t=4d5b0474&ps=13740610&shp=81f88b70&shcp=9b759fb9&idc=useast5","18146","cover","Share your #cover of your favorite songs","","5636","music","","","7584900772119347221","chamcelwrv7","",,,,,,,,,,,,,,,,,,,,,,,,,,,,,,,,,,,,,,,,,,,,,,,,,,,,,,,,,,,,,,,,,,,,,,,,,,,,,,,,,,,,,,,,,,,,,,,,,,,,,,,,,,,,,,,,,,,,,"2026-01-09T09:08:32.000Z","35","1211"
"1753685807","7532023166739254546",,,,,,,"2796","0","sederhana tapi Langka","id","2","pangapoy",,,,,,,,,,,,,,,,,,,,,,,,,,,,,,,,,,,,,,,,,,,,,,,,,,,,,,,,,,,,,,,,,,,,,,,,,,,,,,,,,,,,,,,,,,,,,,,,,,,,,,,,,,,,,,,,,,,,,,,,,,,,,,,,,,,,,,,,,,,,,"2025-07-28T06:56:47.000Z","2","11"
"1763289653","7573271381626965266",,,,,,,"46","0","Tabang Ang laki na ng apoy#viralvideo #balita #viral #newsupdate #tiktok ","tl","3","pangapoy","","85133","viralvideo","","","5538845","balita","","https://p16-common-sign.tiktokcdn-us.com/musically-maliva-obj/8e4d8102460a60717c89acc2d6367a16.png~tplv-tiktokx-origin.image?dr=9627&x-expires=1773136800&x-signature=xIwjlnYSARVs96JwqNAhHgV5b%2BQ%3D&t=4d5b0474&ps=13740610&shp=81f88b70&shcp=9b759fb9&idc=useast5","20884","viral","¡descubre las canciones en tendencia! 🔥➡️ https://bit.ly/TendenciasTikTok_LATAM","","22236630","newsupdate","","","23428","tiktok","",,,,,,,,,,,,,,,,,,,,,,,,,,,,,,,,,,,,,,,,,,,,,,,,,,,,,,,,,,,,,,,,,,,,,,,,,,,,,,,,,,,,,,,,,,,,,,,,,,,,,,,,,,,,,,,,,,,,,,,,,"2025-11-16T10:40:53.000Z","0","3"
"1770464776","7604088292140780818",,,,,,,"32800","0","APOY!
#hiphop #shantidope #foryou #fyp ","tl","70","pangapoy","https://p16-common-sign.tiktokcdn-us.com/musically-maliva-obj/3776612212e09ea50a356b57aefcec3a.png~tplv-tiktokx-origin.image?dr=9627&x-expires=1773136800&x-signature=vyYeA0ZykQkZu7jz1h7eRtaQ218%3D&t=4d5b0474&ps=13740610&shp=81f88b70&shcp=9b759fb9&idc=useast5","5231","hiphop","Celebrating the icons, bars and beats that have made 50 years of #HipHop","","1592695736586246","shantidope","","","42164","foryou","","","229207","fyp","",,,,,,,,,,,,,,,,,,,,,,,,,,,,,,,,,,,,,,,,,,,,,,,,,,,,,,,,,,,,,,,,,,,,,,,,,,,,,,,,,,,,,,,,,,,,,,,,,,,,,,,,,,,,,,,,,,,,,,,,,,,,,"2026-02-07T11:46:16.000Z","5","310"
"1754890740","7537198313116847378",,,,,,,"2279","0","","un","0","pangapoy",,,,,,,,,,,,,,,,,,,,,,,,,,,,,,,,,,,,,,,,,,,,,,,,,,,,,,,,,,,,,,,,,,,,,,,,,,,,,,,,,,,,,,,,,,,,,,,,,,,,,,,,,,,,,,,,,,,,,,,,,,,,,,,,,,,,,,,,,,,,,"2025-08-11T05:39:00.000Z","4","5"
"1761118786","7563947570893049108",,,,,,,"316","0","","un","0","pangapoy",,,,,,,,,,,,,,,,,,,,,,,,,,,,,,,,,,,,,,,,,,,,,,,,,,,,,,,,,,,,,,,,,,,,,,,,,,,,,,,,,,,,,,,,,,,,,,,,,,,,,,,,,,,,,,,,,,,,,,,,,,,,,,,,,,,,,,,,,,,,,"2025-10-22T07:39:46.000Z","0","2"
"1761470583","7565458528375147784",,,,,,,"547","0","#tiktoklive #livehighlights","un","0","pangapoy",,,"#tiktoklive",,,,"#livehighlights",,,,,,,,,,,,,,,,,,,,,,,,,,,,,,,,,,,,,,,,,,,,,,,,,,,,,,,,,,,,,,,,,,,,,,,,,,,,,,,,,,,,,,,,,,,,,,,,,,,,,,,,,,,,,,,,,,,,,,,,,,,,,,,,,,,,,,"2025-10-26T09:23:03.000Z","4","3"
"1754883919","7537169016117529864",,,,,,,"935","0","dua hati","ms","0","pangapoy",,,,,,,,,,,,,,,,,,,,,,,,,,,,,,,,,,,,,,,,,,,,,,,,,,,,,,,,,,,,,,,,,,,,,,,,,,,,,,,,,,,,,,,,,,,,,,,,,,,,,,,,,,,,,,,,,,,,,,,,,,,,,,,,,,,,,,,,,,,,,"2025-08-11T03:45:19.000Z","1","3"
"1772964210","7614823262333291784",,,,,,,"141","0","","un","0","nagkalisud ug hinga",,,,,,,,,,,,,,,,,,,,,,,,,,,,,,,,,,,,,,,,,,,,,,,,,,,,,,,,,,,,,,,,,,,,,,,,,,,,,,,,,,,,,,,,,,,,,,,,,,,,,,,,,,,,,,,,,,,,,,,,,,,,,,,,,,,,,,,,,,,,,"2026-03-08T10:03:30.000Z","1","1"
"1769159712","7598483049638022421",,,,,,,"1400000","0","Buksan Mo (bisaya) - Jerron","tl","2441","nagkalisud ug hinga",,,,,,,,,,,,,,,,,,,,,,,,,,,,,,,,,,,,,,,,,,,,,,,,,,,,,,,,,,,,,,,,,,,,,,,,,,,,,,,,,,,,,,,,,,,,,,,,,,,,,,,,,,,,,,,,,,,,,,,,,,,,,,,,,,,,,,,,,,,,,"2026-01-23T09:15:12.000Z","793","9636"
"1769396894","7599501743701003541",,,,,,,"14400","0","❤️🙂 ","un","21","nagkalisud ug hinga",,,,,,,,,,,,,,,,,,,,,,,,,,,,,,,,,,,,,,,,,,,,,,,,,,,,,,,,,,,,,,,,,,,,,,,,,,,,,,,,,,,,,,,,,,,,,,,,,,,,,,,,,,,,,,,,,,,,,,,,,,,,,,,,,,,,,,,,,,,,,"2026-01-26T03:08:14.000Z","98","144"
"1735859868","7455461294150307090",,,,,,,"35700","0","maong mag lisud jud ta
#angkol #editz #goodvibes #bisdakngtitay #followformorevideos♡🌹 ","tl","143","nagkalisud ug hinga","","1601423875171330","angkol","","","470099","editz","","","13497","goodvibes","Thumbs up to feel those #GoodVibes 👍👍👍","","7421319295814074369","bisdakngtitay","",,,,,,,,,,,,,,,,,,,,,,,,,,,,,,,,,,,,,,,,,,,,,,,,,,,,,,,,,,,,,,,,,,,,,,,,,,,,,,,,,,,,,,,,,,,,,,,,,,,,,,,,,,,,,,,,,,,,,,,,,,,,,"2025-01-02T23:17:48.000Z","64","196"
"1769198136","7598648100332260616",,,,,,,"593600","0","#82banch ","un","1795","nagkalisud ug hinga","","1700577767348226","82banch","",,,,,,,,,,,,,,,,,,,,,,,,,,,,,,,,,,,,,,,,,,,,,,,,,,,,,,,,,,,,,,,,,,,,,,,,,,,,,,,,,,,,,,,,,,,,,,,,,,,,,,,,,,,,,,,,,,,,,,,,,,,,,,,,,,,,,,,,,"2026-01-23T19:55:36.000Z","145","5114"
"1772286762","7611913651900960021",,,,,,,"206","0","","un","0","nagkalisud ug hinga",,,,,,,,,,,,,,,,,,,,,,,,,,,,,,,,,,,,,,,,,,,,,,,,,,,,,,,,,,,,,,,,,,,,,,,,,,,,,,,,,,,,,,,,,,,,,,,,,,,,,,,,,,,,,,,,,,,,,,,,,,,,,,,,,,,,,,,,,,,,,"2026-02-28T13:52:42.000Z","0","0"
"1769177318","7598558686939712788",,,,,,,"58500","0","#CapCut ","un","109","nagkalisud ug hinga","","1663935709411330","capcut","CapCut is a new, easy-to-use video editing tool designed for mobile platforms. CapCut provides users with a wide range of video editing functions, filters, audio &amp; visual effects, video templates, while keeping it free of charge and ads-free. Everyone can be a creator by using CapCut.  

Start creating your cool videos today: 
https://capcut.onelink.me/XKqI/228cad85",,,,,,,,,,,,,,,,,,,,,,,,,,,,,,,,,,,,,,,,,,,,,,,,,,,,,,,,,,,,,,,,,,,,,,,,,,,,,,,,,,,,,,,,,,,,,,,,,,,,,,,,,,,,,,,,,,,,,,,,,,,,,,,,,,,,,,,,,"2026-01-23T14:08:38.000Z","123","224"
"1769318176","7599163644206648596",,,,,,,"4869","0","#makeitviral #CapCut ","un","16","nagkalisud ug hinga","","186970","makeitviral","","","1663935709411330","capcut","CapCut is a new, easy-to-use video editing tool designed for mobile platforms. CapCut provides users with a wide range of video editing functions, filters, audio &amp; visual effects, video templates, while keeping it free of charge and ads-free. Everyone can be a creator by using CapCut.  

Start creating your cool videos today: 
https://capcut.onelink.me/XKqI/228cad85",,,,,,,,,,,,,,,,,,,,,,,,,,,,,,,,,,,,,,,,,,,,,,,,,,,,,,,,,,,,,,,,,,,,,,,,,,,,,,,,,,,,,,,,,,,,,,,,,,,,,,,,,,,,,,,,,,,,,,,,,,,,,,,,,,,,,"2026-01-25T05:16:16.000Z","29","54"
"1769476198","7599842377024408839",,,,,,,"312","0","good night Asawa quh I love you so much Asawa quh 🥰🥰😘#TAKEN23🥰🏳️‍🌈 #PROUDBISAYA🇵🇭#PROUDWARAYNON🇵🇭#PROUDLGBT🏳️‍🌈🏳️‍🌈#ASAWAQUH🇵🇭🇸🇦 ","en","0","nagkalisud ug hinga","","7599841467162918930","taken23🥰🏳️‍🌈","","","1640496520476677","proudbisaya🇵🇭","","","1672635325140993","proudwaraynon🇵🇭","","","1641748673838081","proudlgbt🏳️‍🌈🏳️‍🌈","","","7599842072098832392","asawaquh🇵🇭🇸🇦","",,,,,,,,,,,,,,,,,,,,,,,,,,,,,,,,,,,,,,,,,,,,,,,,,,,,,,,,,,,,,,,,,,,,,,,,,,,,,,,,,,,,,,,,,,,,,,,,,,,,,,,,,,,,,,,,,,,,,,,,,"2026-01-27T01:09:58.000Z","1","1"
"1773068281","7615270264120626450",,,,,,,"99","0","","un","0","nagkalisud ug hinga",,,,,,,,,,,,,,,,,,,,,,,,,,,,,,,,,,,,,,,,,,,,,,,,,,,,,,,,,,,,,,,,,,,,,,,,,,,,,,,,,,,,,,,,,,,,,,,,,,,,,,,,,,,,,,,,,,,,,,,,,,,,,,,,,,,,,,,,,,,,,"2026-03-09T14:58:01.000Z","15","3"
"1772896128","7614530863983774996",,,,,,,"142","0","dutlan ug hilanat nang bb HAHAHAHA ","tl","0","hilanat",,,,,,,,,,,,,,,,,,,,,,,,,,,,,,,,,,,,,,,,,,,,,,,,,,,,,,,,,,,,,,,,,,,,,,,,,,,,,,,,,,,,,,,,,,,,,,,,,,,,,,,,,,,,,,,,,,,,,,,,,,,,,,,,,,,,,,,,,,,,,"2026-03-07T15:08:48.000Z","4","0"
"1763015563","7572094158056295687",,,,,,,"335","0","SAMUTAN HILANAT SA BALIG WANMILYON KA TAKE 🤣🤣🤣🤣😝😝😝","tl","0","hilanat",,,,,,,,,,,,,,,,,,,,,,,,,,,,,,,,,,,,,,,,,,,,,,,,,,,,,,,,,,,,,,,,,,,,,,,,,,,,,,,,,,,,,,,,,,,,,,,,,,,,,,,,,,,,,,,,,,,,,,,,,,,,,,,,,,,,,,,,,,,,,"2025-11-13T06:32:43.000Z","6","1"
"1766248047","7585977571154644242",,,,,,,"313500","0","SONG❤️‍🩹🍂!!#foryou #foryoupage #viral #itx_broken_hishoo #itx_sahil @ֆǟحɨʟ ʀǟشɨɖ🤍🌸 @⚡غنم رنگ خٹک⚡ @𝐀𝐓𝐓𝐈𝐓𝐔𝐃𝐄 𝐆𝐈𝐑𝐋 ","en","1180","pamaol sa kalawasan","","42164","foryou","","","88764338","foryoupage","","https://p16-common-sign.tiktokcdn-us.com/musically-maliva-obj/8e4d8102460a60717c89acc2d6367a16.png~tplv-tiktokx-origin.image?dr=9627&x-expires=1773136800&x-signature=xIwjlnYSARVs96JwqNAhHgV5b%2BQ%3D&t=4d5b0474&ps=13740610&shp=81f88b70&shcp=9b759fb9&idc=useast5","20884","viral","¡descubre las canciones en tendencia! 🔥➡️ https://bit.ly/TendenciasTikTok_LATAM","","7203323127407837211","itx_broken_hishoo","","","1634929262542854","itx_sahil","",,,"",,,,"",,,,"",,,,,,,,,,,,,,,,,,,,,,,,,,,,,,,,,,,,,,,,,,,,,,,,,,,,,,,,,,,,,,,,,,,,,,,,,,,,,,,,,,,,,,,,,,,,,,,,,,,,,,,,,,,,,,"2025-12-20T16:27:27.000Z","378","1843"
"1770014505","7602154385740729618",,,,,,,"3200000","0","PAGSUKO | JIREH LIM | SOULFUL BLUES #MADZTUNEES  ---
FULL VERSION IS OUT NOW ON MY YOUTUBE CHANNEL AND FOLLOW FOR MORE COVERS #JIREHLIM #DAHAN #SOULBLUES ","en","11400","pamaol sa kalawasan",,,"MADZTUNEES",,,,"JIREHLIM",,,,"DAHAN",,,,"SOULBLUES",,,,,,,,,,,,,,,,,,,,,,,,,,,,,,,,,,,,,,,,,,,,,,,,,,,,,,,,,,,,,,,,,,,,,,,,,,,,,,,,,,,,,,,,,,,,,,,,,,,,,,,,,,,,,,,,,,,,,,,,,,,,,,"2026-02-02T06:41:45.000Z","876","33028"
"1760785671","7562516843743759623",,,,,,,"129700","0","","un","919","pamaol sa kalawasan",,,,,,,,,,,,,,,,,,,,,,,,,,,,,,,,,,,,,,,,,,,,,,,,,,,,,,,,,,,,,,,,,,,,,,,,,,,,,,,,,,,,,,,,,,,,,,,,,,,,,,,,,,,,,,,,,,,,,,,,,,,,,,,,,,,,,,,,,,,,,"2025-10-18T11:07:51.000Z","31","474"
"1772731427","7613823229920120080",,,,,,,"82000","0","𝑷𝒂 𝑵𝒆𝒆𝒎𝒂 𝑺𝒉𝒂𝒑𝒂 𝑻𝒂𝒑𝒂 𝑹𝒂𝑶 𝑲𝒂𝒓𝒂 ❤️‍🩹🥂
.. 
.. 
.. 
.. 
.. 
.. 
.. 
.. 
.. 
.. 
.. 
.. 
.. 
.. 
.. 
.. 
.. 
.. 
.. 
.. 
.. 
.. 
.. 
.. 
.. 
.. 
#fyp #trending #❤️‍🩹🥂#foryoupage #viral ","un","514","pamaol sa kalawasan","","229207","fyp","","","20105","trending","Discover the top viral trends, sounds and effects of the week! 🔥","","1639303299671045","❤️‍","","","88764338","foryoupage","","https://p16-common-sign.tiktokcdn-us.com/musically-maliva-obj/8e4d8102460a60717c89acc2d6367a16.png~tplv-tiktokx-origin.image?dr=9627&x-expires=1773136800&x-signature=xIwjlnYSARVs96JwqNAhHgV5b%2BQ%3D&t=4d5b0474&ps=13740610&shp=81f88b70&shcp=9b759fb9&idc=useast5","20884","viral","¡descubre las canciones en tendencia! 🔥➡️ https://bit.ly/TendenciasTikTok_LATAM",,,,,,,,,,,,,,,,,,,,,,,,,,,,,,,,,,,,,,,,,,,,,,,,,,,,,,,,,,,,,,,,,,,,,,,,,,,,,,,,,,,,,,,,,,,,,,,,,,,,,,,,,,,,,,,,,,,,,,,,,"2026-03-05T17:23:47.000Z","61","651"
"1703593270","7316877365815020806",,,,,,,"58200","0","Merry Christmas and Happy New Year everyone 🥰🤗❤️🎅 Pasulbot at Kalamay nga pala ng Quezon Province #Dessert #Foodporn #Foryoupage #fyp #NinongYsh #FoodiePH #eatschristmas #Recipe ","en","85","pamaol sa kalawasan","https://p16-common-sign.tiktokcdn-us.com/tiktok-obj/dbe1fcafa7fc60f5dbf5e85a06fa72ea~tplv-tiktokx-origin.image?dr=9627&x-expires=1773136800&x-signature=BQbN4gLo1sGE3SfN6fo1U%2F19QIc%3D&t=4d5b0474&ps=13740610&shp=81f88b70&shcp=9b759fb9&idc=useast5","8314","dessert","All the #dessert inspo you need!","https://p19-common-sign.tiktokcdn-us.com/musically-maliva-obj/57ac5e49dd5bc7f940e1cd3a709b9eb4~tplv-tiktokx-origin.image?dr=9627&x-expires=1773136800&x-signature=KOkb7IGcINUOV9x2oHDfOlSoSCA%3D&t=4d5b0474&ps=13740610&shp=81f88b70&shcp=9b759fb9&idc=useast5","15782","foodporn","¿Me vas a decir que no estabas soñando con tu próxima comida?  🥞🍔🧁 Aquí tenemos la mejor inspiración de tu comida favorita","","88764338","foryoupage","","","229207","fyp","","","1707395419207689","ninongysh","","https://p16-common-sign.tiktokcdn-us.com/tiktok-obj/51d0327495f7915fea31f1146d5e719f.png~tplv-tiktokx-origin.image?dr=9627&x-expires=1773136800&x-signature=zb4OdhctyIzRTPTjPeDxxxN3ZdI%3D&t=4d5b0474&ps=13740610&shp=81f88b70&shcp=9b759fb9&idc=useast5","73511420","foodieph","The official hashtag for local food and drink content. Check out their videos and join the #FOODIEPH community","https://p19-common-sign.tiktokcdn-us.com/tiktok-obj/ad7e7935bfe14d93cead4c6030a1165b.png~tplv-tiktokx-origin.image?dr=9627&x-expires=1773136800&x-signature=ob4T3ZW3bRyasLL8p5Or4MMeojw%3D&t=4d5b0474&ps=13740610&shp=81f88b70&shcp=9b759fb9&idc=useast5","7030672196242505755","eatschristmas","Get ready to savor the magic of Christmas, one dish at a time. Join us in making #EatsChristmas a memorable and flavorful tribute to the Filipino Christmas tradition! 🎄 Click here to know more https://activity.tiktok.com/magic/eco/runtime/release/6555c09f0f6a1e058298307a?appType=tiktok&amp;magic_page_no=1&amp;use_spark=1","","58891","recipe","Show us your perfect #Recipe.",,,,,,,,,,,,,,,,,,,,,,,,,,,,,,,,,,,,,,,,,,,,,,,,,,,,,,,,,,,,,,,,,,,,,,,,,,,,,,,,,,,,,,,,,,,,,,,,,,,,,,,,,,,,,"2023-12-26T12:21:10.000Z","21","117"
"1773051871","7615199774291086610",,,,,,,"20800","0","SHOWTIME si Chog Moral! Napakalayong Tres!, Iwan ang Kalaban! Mawawasak ang Ring kay Akowe!
#fyp #fyppppppppppppppppppppppp #teamphilippines🇵🇭 #viral ","tl","7","pamaol sa kalawasan","","229207","fyp","","","1649139584636934","fyppppppppppppppppppppppp","","","1614810457946114","teamphilippines🇵🇭","","https://p16-common-sign.tiktokcdn-us.com/musically-maliva-obj/8e4d8102460a60717c89acc2d6367a16.png~tplv-tiktokx-origin.image?dr=9627&x-expires=1773136800&x-signature=xIwjlnYSARVs96JwqNAhHgV5b%2BQ%3D&t=4d5b0474&ps=13740610&shp=81f88b70&shcp=9b759fb9&idc=useast5","20884","viral","¡descubre las canciones en tendencia! 🔥➡️ https://bit.ly/TendenciasTikTok_LATAM",,,,,,,,,,,,,,,,,,,,,,,,,,,,,,,,,,,,,,,,,,,,,,,,,,,,,,,,,,,,,,,,,,,,,,,,,,,,,,,,,,,,,,,,,,,,,,,,,,,,,,,,,,,,,,,,,,,,,,,,,,,,,"2026-03-09T10:24:31.000Z","6","56"
"1660137766","7130237398994242842",,,,,,,"8800000","0","Here’s my version of Beer by Itchyworms🍻 tara shat😭🥹 #beer #opm","en","14100","pamaol sa kalawasan","","20076","beer","","","47314","opm","",,,,,,,,,,,,,,,,,,,,,,,,,,,,,,,,,,,,,,,,,,,,,,,,,,,,,,,,,,,,,,,,,,,,,,,,,,,,,,,,,,,,,,,,,,,,,,,,,,,,,,,,,,,,,,,,,,,,,,,,,,,,,,,,,,,,,"2022-08-10T13:22:46.000Z","4518","166522"
"1769763533","7601076470357708052",,,,,,,"3000000","0","poide po pasali 🤓😍 #bawaltumawidnakamamataymakeup #bawaltumawidnakamamatay #fyang ","gl","184400","pamaol sa kalawasan","","7601075970069495829","bawaltumawidnakamamataymakeup","","","1660146247261185","bawaltumawidnakamamatay","","","1658868333869061","fyang","",,,,,,,,,,,,,,,,,,,,,,,,,,,,,,,,,,,,,,,,,,,,,,,,,,,,,,,,,,,,,,,,,,,,,,,,,,,,,,,,,,,,,,,,,,,,,,,,,,,,,,,,,,,,,,,,,,,,,,,,,,,,,,,,,"2026-01-30T08:58:53.000Z","2906","16259"
"1761452248","7565379773220850951",,,,,,,"31300","0","MALAS Ang mga bagay nato‼️

#pamahiin #kasabihan #malas ","tl","239","pamaol sa kalawasan","","1618551651368962","pamahiin","","","11506713","kasabihan","","","915837","malas","",,,,,,,,,,,,,,,,,,,,,,,,,,,,,,,,,,,,,,,,,,,,,,,,,,,,,,,,,,,,,,,,,,,,,,,,,,,,,,,,,,,,,,,,,,,,,,,,,,,,,,,,,,,,,,,,,,,,,,,,,,,,,,,,,"2025-10-26T04:17:28.000Z","11","56"
"1771051651","7606608900460186898",,,,,,,"56600","0","BINALEWALA | MICHAEL DUTCHI LIBRANDA | SOULFUL BLUES #MADZTUNEES ---
FULL VERSION IS OUT NOW ON MY YOUTUBE CHANNEL AND FOLLOW FOR MORE COVERS 🔥#SOULBLUES #SOUL #JAZZ ","en","388","pamaol sa kalawasan","","7562734232217813010","madztunees","","","1662791302481925","soulblues","","","6233","soul","","https://p16-common-sign.tiktokcdn-us.com/musically-maliva-obj/70747c46515eb513d687023785dfb463.png~tplv-tiktokx-origin.image?dr=9627&x-expires=1773136800&x-signature=7hj3IZJe56q9XPDH633jVLm79pM%3D&t=4d5b0474&ps=13740610&shp=81f88b70&shcp=9b759fb9&idc=useast5","9040","jazz","Sing or share your fav, Jazz songs.🎵",,,,,,,,,,,,,,,,,,,,,,,,,,,,,,,,,,,,,,,,,,,,,,,,,,,,,,,,,,,,,,,,,,,,,,,,,,,,,,,,,,,,,,,,,,,,,,,,,,,,,,,,,,,,,,,,,,,,,,,,,,,,,"2026-02-14T06:47:31.000Z","36","736"
"1770274199","7603269749497154838",,,,,,,"33300","0","Palusot sa barkada - Bisaya Vines00","tl","19","pamaol sa kalawasan",,,,,,,,,,,,,,,,,,,,,,,,,,,,,,,,,,,,,,,,,,,,,,,,,,,,,,,,,,,,,,,,,,,,,,,,,,,,,,,,,,,,,,,,,,,,,,,,,,,,,,,,,,,,,,,,,,,,,,,,,,,,,,,,,,,,,,,,,,,,,"2026-02-05T06:49:59.000Z","21","55"
"1720166844","7388060293621976337",,,,,,,"1200000","0","Tadhana cb: @Sheena Catacutan ikaw ang sumagip sa'kin ate shee #BINI #biniph #binisheena #fyp #foryou ","tl","2844","pamaol sa kalawasan",,,"",,"","1251799","bini","","","1682611550558210","biniph","","","1684213274421250","binisheena","","","229207","fyp","","","42164","foryou","",,,,,,,,,,,,,,,,,,,,,,,,,,,,,,,,,,,,,,,,,,,,,,,,,,,,,,,,,,,,,,,,,,,,,,,,,,,,,,,,,,,,,,,,,,,,,,,,,,,,,,,,,,,,,,,,,,,,,"2024-07-05T08:07:24.000Z","494","24373"
"1655110789","7108646706840898843",,,,,,,"582300","0","DI KO KAYA #teenhearts #ctto #lyricsvideo #song #foryou #foryoupage #fyp #music #lyrics","tl","1671","halos dili ko ka","","1434492","teenhearts","","","4466458","ctto","","","731645","lyricsvideo","","","5994","song","","","42164","foryou","","","88764338","foryoupage","","","229207","fyp","","","5636","music","","","22047","lyrics","Here's your chance to sing along.🎵🎵",,,,,,,,,,,,,,,,,,,,,,,,,,,,,,,,,,,,,,,,,,,,,,,,,,,,,,,,,,,,,,,,,,,,,,,,,,,,,,,,,,,,,,,,,,,,,,,,,,,,,,,,,"2022-06-13T08:59:49.000Z","294","1719"
"1772963671","7614820902592859413",,,,,,,"81","0","Dili na ko kaya na mawala ka 🫶#love🫶💓🌺 🫶@🇵🇭👑🚭 PART KEN🔱🎨 ","tl","1","halos dili ko ka","","7196764758777790466","love🫶💓🌺","",,,"",,,,,,,,,,,,,,,,,,,,,,,,,,,,,,,,,,,,,,,,,,,,,,,,,,,,,,,,,,,,,,,,,,,,,,,,,,,,,,,,,,,,,,,,,,,,,,,,,,,,,,,,,,,,,,,,,,,,,,,,,,,,,,,,,,,,,,"2026-03-08T09:54:31.000Z","3","3"
"1684158825","7233407053601983745",,,,,,,"703900","0","mahal kita pero hindi ko kayang ipaglaban ka sa taong mahal mo. #hugot #pain 
#fypシ ","tl","11500","halos dili ko ka","","92425","hugot","","","8004","pain","","","1637342470396934","fypシ","",,,,,,,,,,,,,,,,,,,,,,,,,,,,,,,,,,,,,,,,,,,,,,,,,,,,,,,,,,,,,,,,,,,,,,,,,,,,,,,,,,,,,,,,,,,,,,,,,,,,,,,,,,,,,,,,,,,,,,,,,,,,,,,,,"2023-05-15T13:53:45.000Z","1339","4903"
"1724346573","7406012123375013127",,,,,,,"527200","0","julie pakipot lyrics - Hev Abi #juliepakipot #lyrics #hevabi #fypシ #fyp #huliolyrics ","en","894","halos dili ko ka","","7406009668625465345","juliepakipot","","","22047","lyrics","Here's your chance to sing along.🎵🎵","","7165831268242817050","hevabi","","","1637342470396934","fypシ","","","229207","fyp","","","7323898710012739589","huliolyrics","",,,,,,,,,,,,,,,,,,,,,,,,,,,,,,,,,,,,,,,,,,,,,,,,,,,,,,,,,,,,,,,,,,,,,,,,,,,,,,,,,,,,,,,,,,,,,,,,,,,,,,,,,,,,,,,,,,,,,"2024-08-22T17:09:33.000Z","40","6374"
"1772847185","7614320640341986580",,,,,,,"17100","0","","un","250","halos dili ko ka",,,,,,,,,,,,,,,,,,,,,,,,,,,,,,,,,,,,,,,,,,,,,,,,,,,,,,,,,,,,,,,,,,,,,,,,,,,,,,,,,,,,,,,,,,,,,,,,,,,,,,,,,,,,,,,,,,,,,,,,,,,,,,,,,,,,,,,,,,,,,"2026-03-07T01:33:05.000Z","5","98"
"1772770865","7613992851428560149","West Sumatra, Indonesia","","1633419","1643084","22535796481327581","Padang","314500","0","𝐇𝐀𝐑𝐈 𝐑𝐀𝐘𝐎 𝐏𝐈𝐓𝐈𝐇 𝐒𝐀𝐑𝐈𝐊 𝐁𝐀𝐀 𝐀𝐊𝐀𝐀 𝐋𝐀𝐘 𝐊𝐎 𝐌𝐀𝐊 😭

#trendingvideo #xyzbca #viraltiktok #fypage #masukberanda ","un","2030","halos dili ko ka","","5464941","trendingvideo","","https://p16-common-sign.tiktokcdn-us.com/tiktok-obj/14395673ac767c75a2f846113229ea95.png~tplv-tiktokx-origin.image?dr=9627&x-expires=1773136800&x-signature=653JcsDPLIpPmaSznX5v%2FZOkbMQ%3D&t=4d5b0474&ps=13740610&shp=81f88b70&shcp=9b759fb9&idc=useast8","1652484531221509","xyzbca","Asla bir sonraki hamleni bilmelerine izin verme! 👀","","1592528792523778","viraltiktok","","","1604302285252613","fypage","","","1636588482244610","masukberanda","",,,,,,,,,,,,,,,,,,,,,,,,,,,,,,,,,,,,,,,,,,,,,,,,,,,,,,,,,,,,,,,,,,,,,,,,,,,,,,,,,,,,,,,,,,,,,,,,,,,,,,,,,,,,,,,,,,,,,,,,,"2026-03-06T04:21:05.000Z","67","573"
"1772139892","7611212595500027156",,,,,,,"2400000","0","Konten ""Halo Kaka Spill Skincare"" cukup familiar di TikTok. 

Meski begitu, konten-konten dari Quezely tersebut kini diguncang dengan isu konten settinga.

Hal itu setelah Tasya Farasya mengunggah tulisan di threads yang menyindir program konten tersebut.

Ia menyebutkan sempat ditawari untuk dibayar namun dia menolaknya.

Imbasnya, muncul perdebatan mengenai konten-konten ""spill skincare"" itu.

Apalagi, kontennya kerap melibatkan sejumlah artis yang tampak tak sengaja bertemu di suatu tempat.

Imbas kegaduhan itu, host dari Quezely Bunga Sartika @bungasartikaa memutuskan mundur sebagai host. ","id","2115","halos dili ko ka",,,"",,,,,,,,,,,,,,,,,,,,,,,,,,,,,,,,,,,,,,,,,,,,,,,,,,,,,,,,,,,,,,,,,,,,,,,,,,,,,,,,,,,,,,,,,,,,,,,,,,,,,,,,,,,,,,,,,,,,,,,,,,,,,,,,,,,,,,,,,,"2026-02-26T21:04:52.000Z","1580","4363"
"1764354133","7577843260463254802",,,,,,,"1184","0","","un","0","danggason/gi danggas",,,,,,,,,,,,,,,,,,,,,,,,,,,,,,,,,,,,,,,,,,,,,,,,,,,,,,,,,,,,,,,,,,,,,,,,,,,,,,,,,,,,,,,,,,,,,,,,,,,,,,,,,,,,,,,,,,,,,,,,,,,,,,,,,,,,,,,,,,,,,"2025-11-28T18:22:13.000Z","5","1"
"1770875423","7605851985375546645",,,,,,,"2863","0","#CapCut dangak""#digasdangak""
projects suprax125#kphnyell","en","70","danggason/gi danggas","","1663935709411330","capcut","CapCut is a new, easy-to-use video editing tool designed for mobile platforms. CapCut provides users with a wide range of video editing functions, filters, audio &amp; visual effects, video templates, while keeping it free of charge and ads-free. Everyone can be a creator by using CapCut.  

Start creating your cool videos today: 
https://capcut.onelink.me/XKqI/228cad85","","7416171269814484997","digasdangak","","","7242578921857187846","kphnyell","",,,,,,,,,,,,,,,,,,,,,,,,,,,,,,,,,,,,,,,,,,,,,,,,,,,,,,,,,,,,,,,,,,,,,,,,,,,,,,,,,,,,,,,,,,,,,,,,,,,,,,,,,,,,,,,,,,,,,,,,,,,,,,,,,"2026-02-12T05:50:23.000Z","5","16"
"1756229281","7542947284913343749",,,,,,,"136300","0","Iguanas Parque Cervantes
#panama #chiriqui #iguana ","es","718","danggason/gi danggas","","3985","panama","Join #Panama hosted by @i_am_kiran！


","","5396016","chiriqui","","","159973","iguana","",,,,,,,,,,,,,,,,,,,,,,,,,,,,,,,,,,,,,,,,,,,,,,,,,,,,,,,,,,,,,,,,,,,,,,,,,,,,,,,,,,,,,,,,,,,,,,,,,,,,,,,,,,,,,,,,,,,,,,,,,,,,,,,,,"2025-08-26T17:28:01.000Z","113","117"
"1759965469","7558994040583228703",,,,,,,"5170","0","","un","6","danggason/gi danggas",,,,,,,,,,,,,,,,,,,,,,,,,,,,,,,,,,,,,,,,,,,,,,,,,,,,,,,,,,,,,,,,,,,,,,,,,,,,,,,,,,,,,,,,,,,,,,,,,,,,,,,,,,,,,,,,,,,,,,,,,,,,,,,,,,,,,,,,,,,,,"2025-10-08T23:17:49.000Z","8","4"
"1768041158","7593678873557028116",,,,,,,"788","0","Dangas no more🥰😅 ","en","2","danggason/gi danggas",,,,,,,,,,,,,,,,,,,,,,,,,,,,,,,,,,,,,,,,,,,,,,,,,,,,,,,,,,,,,,,,,,,,,,,,,,,,,,,,,,,,,,,,,,,,,,,,,,,,,,,,,,,,,,,,,,,,,,,,,,,,,,,,,,,,,,,,,,,,,"2026-01-10T10:32:38.000Z","11","3"
"1736669200","7458937377562561798",,,,,,,"5075","0","الرد على @youssufbaragidi8 #تصميم_فيديوهات🎶🎤🎬 ","un","11","danggason/gi danggas",,,"",,"","1636506984048646","تصميم_فيديوهات🎶🎤🎬","",,,,,,,,,,,,,,,,,,,,,,,,,,,,,,,,,,,,,,,,,,,,,,,,,,,,,,,,,,,,,,,,,,,,,,,,,,,,,,,,,,,,,,,,,,,,,,,,,,,,,,,,,,,,,,,,,,,,,,,,,,,,,,,,,,,,,"2025-01-12T08:06:40.000Z","50","35"
"1749496500","7513967353915280645",,,,,,,"440800","0","¿𝐓𝐢𝐞𝐧𝐞𝐬 𝐮𝐧𝐚 𝐦𝐨𝐭𝐨 𝐧𝐮𝐞𝐯𝐚? 𝐀𝐪𝐮𝐢́ 𝐭𝐞 𝐝𝐞𝐣𝐚𝐦𝐨𝐬 𝐚𝐥𝐠𝐮𝐧𝐨𝐬 𝐜𝐨𝐧𝐬𝐞𝐣𝐨𝐬 𝐩𝐚𝐫𝐚 𝐦𝐚𝐧𝐭𝐞𝐧𝐞𝐫𝐥𝐚 𝐞𝐧 𝐬𝐮 𝐦𝐞𝐣𝐨𝐫 𝐞𝐬𝐭𝐚𝐝𝐨 🏍 👨‍🔧

Con Freedom soy libre, soberano e independiente. 🏍️🔥

#LibresSoberanosIndependientes #FreedomGuate #MotosFreedom #LibertadSobreRuedas #MuéveteLibre #tendenciaa #viral #parati #fyp #gt #humor","es","716","danggason/gi danggas","","7512227704087937030","libressoberanosindependientes","","","7325832748727205894","freedomguate","","","1650654927687685","motosfreedom","","","1632086816935942","libertadsobreruedas","","","1687619608580097","muévetelibre","","","55206690","tendenciaa","","https://p16-sign-va.tiktokcdn.com/musically-maliva-obj/8e4d8102460a60717c89acc2d6367a16.png~tplv-tiktokx-origin.image?dr=14566&x-expires=1773136800&x-signature=w1%2F8yVlR4XEl3nrDGLO5vJVjUGk%3D&t=4d5b0474&ps=13740610&shp=81f88b70&shcp=9b759fb9&idc=my","20884","viral","¡descubre las canciones en tendencia! 🔥➡️ https://bit.ly/TendenciasTikTok_LATAM","","65243","parati","","","229207","fyp","","","117364","gt","","","19336","humor","¡Es hora de reírte como nunca! Los videos más divertidos están aquí en TikTok. 😂😂😂",,,,,,,,,,,,,,,,,,,,,,,,,,,,,,,,,,,,,,,,,,,,,,,,,,,,,,,,,,,,,,,,,,,,,,,,,,,,,,,,,,,,,,,,,,,,,,,,,"2025-06-09T19:15:00.000Z","34","2210"
"1765047742","7580822303206837511",,,,,,,"1056","0","","un","0","danggason/gi danggas",,,,,,,,,,,,,,,,,,,,,,,,,,,,,,,,,,,,,,,,,,,,,,,,,,,,,,,,,,,,,,,,,,,,,,,,,,,,,,,,,,,,,,,,,,,,,,,,,,,,,,,,,,,,,,,,,,,,,,,,,,,,,,,,,,,,,,,,,,,,,"2025-12-06T19:02:22.000Z","4","6"
"1763604910","7574625334750973240",,,,,,,"305200","0","#mecanica #mototaxis tamos activos de noche 🔥","es","358","danggason/gi danggas","","86058769","mecanica","","","1647389304648709","mototaxis","",,,,,,,,,,,,,,,,,,,,,,,,,,,,,,,,,,,,,,,,,,,,,,,,,,,,,,,,,,,,,,,,,,,,,,,,,,,,,,,,,,,,,,,,,,,,,,,,,,,,,,,,,,,,,,,,,,,,,,,,,,,,,,,,,,,,,"2025-11-20T02:15:10.000Z","93","456"
"1772429343","7612526023854329095",,,,,,,"1580","0","","un","0","danggason/gi danggas",,,,,,,,,,,,,,,,,,,,,,,,,,,,,,,,,,,,,,,,,,,,,,,,,,,,,,,,,,,,,,,,,,,,,,,,,,,,,,,,,,,,,,,,,,,,,,,,,,,,,,,,,,,,,,,,,,,,,,,,,,,,,,,,,,,,,,,,,,,,,"2026-03-02T05:29:03.000Z","1","3"
"1764802749","7579770057522203912",,,,,,,"1191","0","info gas gas an leekkk #tiktok #fypシ゚viral #kediri24jam #zulfaisaudiokedirihoreg #zulfaisaudio ","en","0","danggason/gi danggas","","23428","tiktok","","","1664119477821441","fypシ゚viral","","","1699457362761729","kediri24jam","","","7132791730780241947","zulfaisaudiokedirihoreg","","","7011915127876386842","zulfaisaudio","",,,,,,,,,,,,,,,,,,,,,,,,,,,,,,,,,,,,,,,,,,,,,,,,,,,,,,,,,,,,,,,,,,,,,,,,,,,,,,,,,,,,,,,,,,,,,,,,,,,,,,,,,,,,,,,,,,,,,,,,,"2025-12-03T22:59:09.000Z","11","1"
"1772277639","7611874463776279826",,,,,,,"119400","0","ganito ata pag sanay na kilos ng kilos ang katawan😮‍💨🫶 #SaHirapAtGinhawa","tl","59","ginhawa","","1638207180929025","sahirapatginhawa","",,,,,,,,,,,,,,,,,,,,,,,,,,,,,,,,,,,,,,,,,,,,,,,,,,,,,,,,,,,,,,,,,,,,,,,,,,,,,,,,,,,,,,,,,,,,,,,,,,,,,,,,,,,,,,,,,,,,,,,,,,,,,,,,,,,,,,,,,"2026-02-28T11:20:39.000Z","43","204"
"1772201330","7611546730764455176",,,,,,,"171400","0","#gheinwa #Gee #fan_gheinwa #فانز_غنوه #اكسبلور ","un","234","ginhawa","","1673368719376390","gheinwa","","","16287","gee","","","7531176022071640071","fan_gheinwa","","","7496841979607646225","فانز_غنوه","","","41104849","اكسبلور","",,,,,,,,,,,,,,,,,,,,,,,,,,,,,,,,,,,,,,,,,,,,,,,,,,,,,,,,,,,,,,,,,,,,,,,,,,,,,,,,,,,,,,,,,,,,,,,,,,,,,,,,,,,,,,,,,,,,,,,,,"2026-02-27T14:08:50.000Z","27","464"
"1772547234","7613032359054691602",,,,,,,"220200","0","#gheinwa #Gee #fan_gheinwa #فانز_غنوه #اكسبلور ","un","206","ginhawa","","1673368719376390","gheinwa","","","16287","gee","","","7531176022071640071","fan_gheinwa","","","7496841979607646225","فانز_غنوه","","","41104849","اكسبلور","",,,,,,,,,,,,,,,,,,,,,,,,,,,,,,,,,,,,,,,,,,,,,,,,,,,,,,,,,,,,,,,,,,,,,,,,,,,,,,,,,,,,,,,,,,,,,,,,,,,,,,,,,,,,,,,,,,,,,,,,,"2026-03-03T14:13:54.000Z","17","632"
"1772287764","7611917966967459079",,,,,,,"67800","0","#gheinwa #Gee #fan_gheinwa #فانز_غنوه #اكسبلور ","un","45","ginhawa","","1673368719376390","gheinwa","","","16287","gee","","","7531176022071640071","fan_gheinwa","","","7496841979607646225","فانز_غنوه","","","41104849","اكسبلور","",,,,,,,,,,,,,,,,,,,,,,,,,,,,,,,,,,,,,,,,,,,,,,,,,,,,,,,,,,,,,,,,,,,,,,,,,,,,,,,,,,,,,,,,,,,,,,,,,,,,,,,,,,,,,,,,,,,,,,,,,"2026-02-28T14:09:24.000Z","22","195"
"1767737794","7592375989867384082",,,,,,,"59400","0","@Ɠee 🕊 #gheinwa #Gee #fan_gheinwa #فانز_غنوه #اكسبلور ","un","33","ginhawa",,,"",,"","1673368719376390","gheinwa","","","16287","gee","","","7531176022071640071","fan_gheinwa","","","7496841979607646225","فانز_غنوه","","","41104849","اكسبلور","",,,,,,,,,,,,,,,,,,,,,,,,,,,,,,,,,,,,,,,,,,,,,,,,,,,,,,,,,,,,,,,,,,,,,,,,,,,,,,,,,,,,,,,,,,,,,,,,,,,,,,,,,,,,,,,,,,,,,"2026-01-06T22:16:34.000Z","8","234"
"1749652446","7514700021502053639","Davao, Philippines","Davao City","1715348","1694008","22535865204333529","Matina Crossing","2955","0","#translating #bisaya #tutunlan #lalamunan #sorethroat","un","0","sakit ang tutunlan","","5507922","translating","","","858273","bisaya","","","1688967281206274","tutunlan","","","35641736","lalamunan","","","549674","sorethroat","",,,,,,,,,,,,,,,,,,,,,,,,,,,,,,,,,,,,,,,,,,,,,,,,,,,,,,,,,,,,,,,,,,,,,,,,,,,,,,,,,,,,,,,,,,,,,,,,,,,,,,,,,,,,,,,,,,,,,,,,,"2025-06-11T14:34:06.000Z","0","0"
"1759429635","7556692701849160978",,,,,,,"129","0","Sign nga Lain ng lawas magsakit ang tunlan! Berocca is the key 🤭 #mukbang ","tl","0","sakit ang tutunlan","","5600217","mukbang","나는 먹는다. 고로 존재한다
I eat, therefore I am",,,,,,,,,,,,,,,,,,,,,,,,,,,,,,,,,,,,,,,,,,,,,,,,,,,,,,,,,,,,,,,,,,,,,,,,,,,,,,,,,,,,,,,,,,,,,,,,,,,,,,,,,,,,,,,,,,,,,,,,,,,,,,,,,,,,,,,,,"2025-10-02T18:27:15.000Z","0","0"
"1718808142","7382224742335384837",,,,,,,"20400","0","ma'am marjorie versoza adunay sakit sa tutunlan ga burot ug gakatol perme.
ni inum lang sa miracle oil naulian ug ni arang² ang paminaw sa pipila lang ka minuto.
#foryoupage #viral #fyp #foryoupage ","tl","8","sakit ang tutunlan","","88764338","foryoupage","","https://p16-sign-va.tiktokcdn.com/musically-maliva-obj/8e4d8102460a60717c89acc2d6367a16.png~tplv-tiktokx-origin.image?dr=14566&x-expires=1773136800&x-signature=w1%2F8yVlR4XEl3nrDGLO5vJVjUGk%3D&t=4d5b0474&ps=13740610&shp=81f88b70&shcp=9b759fb9&idc=my","20884","viral","¡descubre las canciones en tendencia! 🔥➡️ https://bit.ly/TendenciasTikTok_LATAM","","229207","fyp","","","88764338","foryoupage","",,,,,,,,,,,,,,,,,,,,,,,,,,,,,,,,,,,,,,,,,,,,,,,,,,,,,,,,,,,,,,,,,,,,,,,,,,,,,,,,,,,,,,,,,,,,,,,,,,,,,,,,,,,,,,,,,,,,,,,,,,,,,"2024-06-19T14:42:22.000Z","13","12"
"1759377834","7556470236153646354",,,,,,,"1605","0","diko expect ganto kasakit at katagal mawala ang ngalay,kirot at bigat ng turok sa tetanus 😭
#pregnancyjourney #pregnant ","tl","0","sakit ang tutunlan","","65135229","pregnancyjourney","","","46845","pregnant","",,,,,,,,,,,,,,,,,,,,,,,,,,,,,,,,,,,,,,,,,,,,,,,,,,,,,,,,,,,,,,,,,,,,,,,,,,,,,,,,,,,,,,,,,,,,,,,,,,,,,,,,,,,,,,,,,,,,,,,,,,,,,,,,,,,,,"2025-10-02T04:03:54.000Z","0","0"
"1761331820","7564862549208861975","Kentucky, United States","","116021597","6252001","22535865220503611","Canada","6600000","0","Hirschsprung Disease (3D Animation)
#hirschsprungdisease #rectaldisease #hirschsprung #medicalanimation #healthcare ","en","12000","sakit ang tutunlan","","1665537093123077","hirschsprungdisease","","","7200118729487679493","rectaldisease","","","40769295","hirschsprung","","","1655575474142214","medicalanimation","","","121356","healthcare","",,,,,,,,,,,,,,,,,,,,,,,,,,,,,,,,,,,,,,,,,,,,,,,,,,,,,,,,,,,,,,,,,,,,,,,,,,,,,,,,,,,,,,,,,,,,,,,,,,,,,,,,,,,,,,,,,,,,,,,,,"2025-10-24T18:50:20.000Z","1504","3229"
"1772962560","7606969711422754068",,,,,,,"405","0","Katrol Pull Down Portabel Set /
Roda Katrol Gym Portabel
#alatolahraga #pulldown #katrolgym #katrolpulldown ","id","0","katol ang tutunlan","","1657678642794498","alatolahraga","","","475270","pulldown","","","7358772502183477254","katrolgym","","","7462318535218462725","katrolpulldown","",,,,,,,,,,,,,,,,,,,,,,,,,,,,,,,,,,,,,,,,,,,,,,,,,,,,,,,,,,,,,,,,,,,,,,,,,,,,,,,,,,,,,,,,,,,,,,,,,,,,,,,,,,,,,,,,,,,,,,,,,,,,,"2026-03-08T09:36:00.000Z","0","0"
"1735206110","7452653453190368518",,,,,,,"190400","0","Membalas @ourdaily PAKAI ALAT INI BIKIN DAPUR BISA JADI MEWAH! #cantolangorden #cantolantianggordeng #cantolantempel #cantolandinding #tianggorden #gordendapur #wibgajian ","id","260","katol ang tutunlan",,,"",,"","7031484673721106459","cantolangorden","","","7411724446106550277","cantolantianggordeng","","","7070858392155193371","cantolantempel","","","7115382149452627995","cantolandinding","","","1675613389588482","tianggorden","","","1670793168657409","gordendapur","","https://p16-common-sign.tiktokcdn-eu.com/tiktok-obj/0dbaa7fe978e8a6b69d7601081190104.png~tplv-tiktokx-origin.image?dr=10386&x-expires=1773136800&x-signature=iiDie%2FnCkvtY0dCyZO1StxXziT8%3D&t=4d5b0474&ps=13740610&shp=81f88b70&shcp=9b759fb9&idc=no1a","7358155964949626886","wibgajian","🔥Hadiah Besar Menanti di Kompetisi Peringkat Video Pendek #WIBGAJIAN!🔥
 Panggilan untuk semua penjual dan kreator! Kompetisi Peringkat Video Pendek #WIBGAJIAN adalah tiketmu untuk penghasilan besar!  Buatlah video yang menampilkan keranjang kuning dan tandai dengan #WIBGAJIAN. Setiap entri berpotensi memenangkan Rp90 juta! 
Cara Berpartisipasi:
- Buatlah video pendek dengan menggunakan #WIBGAJIAN
- Pastikan bahwa produk sudah dimasukkan pada video yang dibuat.
Persyaratan:
- Pastikan akunmu terbuka untuk publik.
- Pastikan akunmu bukan akun palsu atau akun yang digunakan untuk giveaway.
Periode Kampanye:
18 Des - 24 Des
Seluruh hak interpretasi milik TikTok dan Tokopedia

Link: https://activity.tiktok.com/magic/eco/runtime/release/675ab4ce1608c002b8d95f28?appType=tiktok&amp;magic_page_no=1&amp;magic_source=push&amp;lang=id-ID&amp;region=ID&amp;use_spark=1",,,,,,,,,,,,,,,,,,,,,,,,,,,,,,,,,,,,,,,,,,,,,,,,,,,,,,,,,,,,,,,,,,,,,,,,,,,,,,,,,,,,,,,,,,,,,,,,,,,,,,,,,,,,,"2024-12-26T09:41:50.000Z","56","883"
"1764834913","7579908008365280533",,,,,,,"28600","0","KUTON TI TALTALON (ROCK VERSION)

LISTEN TO THE BEST ROCK VERSION OF YOUR FAVOURITE ALTERNATIVE SONGS !!! PLEASE LIKE ,SHARE AND SUBSCRIBE OUR TIKTOK ACCOUNT FOR MORE LIVELY MUSIC . THANK YOU'.

#musicislife #viralsound #opmrock #VIRALROCK #bandangpinoy #rockband #viralrock #opmhits2025 #opmhits #rock2025 #rockcover #rockislife #tiktokrock #pinoyrock #ilocanosoundtrip #ilocanomusic #bestrockcover #opm2025 #ilocanorock #tiktokmusic  #proudilocanotiktokers","en","54","katol ang tutunlan","","32299","musicislife","","","59710689","viralsound","","","11212314","opmrock","","","1631756360366085","viralrock","","","1602998655872005","bandangpinoy","","","192805","rockband","","","1631756360366085","viralrock","","","7528578160149921799","opmhits2025","","","4922795","opmhits","","","7243022411685134337","rock2025","","","2933012","rockcover","","","97476","rockislife","","","1595289711995906","tiktokrock","","","2194560","pinoyrock","","","7568742887064600596","ilocanosoundtrip","","","1675658843711494","ilocanomusic","","","7056770837977759770","bestrockcover","","","7428483466913972231","opm2025","","","7575614680065179668","ilocanorock","","https://p16-common-sign.tiktokcdn-eu.com/tiktok-obj/7f44609c7461ac6d27b1a53a2b339d92.png~tplv-tiktokx-origin.image?dr=10386&x-expires=1773136800&x-signature=8sIIOVIAcLidNSIin9dC22roLJI%3D&t=4d5b0474&ps=13740610&shp=81f88b70&shcp=9b759fb9&idc=no1a","55996927","tiktokmusic","Looking for great music? Check #TikTokMusic 🎵👀
https://rb.gy/djl5ih","","1658251833641986","proudilocanotiktokers","",,,,,,,,,,,,,,,,,,,,,,,,,,,,,,,,,,,,,,,,,,,,,,,,,,,,,,,,,"2025-12-04T07:55:13.000Z","28","99"
"1716124706","7370699448231480608",,,,,,,"30100","0","Pinch me moment😍🐋

Spotted this cute Dougon in 
📍Coron, Philippines

#coron #philippines #dougon #dougontour ","en","177","katol ang tutunlan","","792530","coron","","","86497","philippines","","","14129789","dougon","","","7074406632452521986","dougontour","",,,,,,,,,,,,,,,,,,,,,,,,,,,,,,,,,,,,,,,,,,,,,,,,,,,,,,,,,,,,,,,,,,,,,,,,,,,,,,,,,,,,,,,,,,,,,,,,,,,,,,,,,,,,,,,,,,,,,,,,,,,,,"2024-05-19T13:18:26.000Z","13","110"
"1772847266","7614320978428202261",,,,,,,"359","0","#ELITEINDO 1 TON Chain Block Katrol#fyppppppppppppppppppppppppppp ","en","0","katol ang tutunlan","","1675134896580610","eliteindo","","","1649832527987718","fyppppppppppppppppppppppppppp","",,,,,,,,,,,,,,,,,,,,,,,,,,,,,,,,,,,,,,,,,,,,,,,,,,,,,,,,,,,,,,,,,,,,,,,,,,,,,,,,,,,,,,,,,,,,,,,,,,,,,,,,,,,,,,,,,,,,,,,,,,,,,,,,,,,,,"2026-03-07T01:34:26.000Z","0","0"
"1772150400","7611196683564715285",,,,,,,"7482","0","Kaagi baya jud ko ana madi, stang kakatulaaaa! Arang arangan na ronnn. 🫶🏻 #bmrs #bmrsbeautyessentials✨ #bmrsempressfemininewash #femininewash #bmrsfemininewash ","tl","14","katol ang tutunlan","","46411017","bmrs","","","7138055579788673050","bmrsbeautyessentials✨","","","7322734206365532166","bmrsempressfemininewash","","","374476","femininewash","","","7318582774148218885","bmrsfemininewash","",,,,,,,,,,,,,,,,,,,,,,,,,,,,,,,,,,,,,,,,,,,,,,,,,,,,,,,,,,,,,,,,,,,,,,,,,,,,,,,,,,,,,,,,,,,,,,,,,,,,,,,,,,,,,,,,,,,,,,,,,"2026-02-27T00:00:00.000Z","2","9"
"1770676551","7604997850723847431",,,,,,,"261","0","#Meme #MemeCut ","un","0","katol ang tutunlan","https://p16-common-sign.tiktokcdn-eu.com/musically-maliva-obj/c9361f827e1dcb19d2e54e58654c9f55.jpeg~tplv-tiktokx-origin.image?dr=10386&x-expires=1773136800&x-signature=7G1oBMFlnRsNto7CjellgnsMZNk%3D&t=4d5b0474&ps=13740610&shp=81f88b70&shcp=9b759fb9&idc=no1a","23864","meme","","","1692944856806405","memecut","",,,,,,,,,,,,,,,,,,,,,,,,,,,,,,,,,,,,,,,,,,,,,,,,,,,,,,,,,,,,,,,,,,,,,,,,,,,,,,,,,,,,,,,,,,,,,,,,,,,,,,,,,,,,,,,,,,,,,,,,,,,,,,,,,,,,,"2026-02-09T22:35:51.000Z","7","2"
"1760864274","7562854446359760146",,,,,,,"48200","0","HAHAHA#bisaya #fyp ","en","466","katol ang tutunlan","","858273","bisaya","","","229207","fyp","",,,,,,,,,,,,,,,,,,,,,,,,,,,,,,,,,,,,,,,,,,,,,,,,,,,,,,,,,,,,,,,,,,,,,,,,,,,,,,,,,,,,,,,,,,,,,,,,,,,,,,,,,,,,,,,,,,,,,,,,,,,,,,,,,,,,,"2025-10-19T08:57:54.000Z","17","58"
"1759342327","7556317712067202311",,,,,,,"93300","0","KANTUNAN NA NAMAN NG MALUPET?#f #fyp #fyppppppppppppppppppppppp #fyp ","tl","306","katol ang tutunlan","","11797","f","","","229207","fyp","","","1649139584636934","fyppppppppppppppppppppppp","","","229207","fyp","",,,,,,,,,,,,,,,,,,,,,,,,,,,,,,,,,,,,,,,,,,,,,,,,,,,,,,,,,,,,,,,,,,,,,,,,,,,,,,,,,,,,,,,,,,,,,,,,,,,,,,,,,,,,,,,,,,,,,,,,,,,,,"2025-10-01T18:12:07.000Z","47","145"
"1748693550","7510581591576481042",,,,,,,"10300000","0","Barış Alper Yılmaz, 23 Mayıs 2000 tarihinde Rize, Türkiye'de doğmuş olan profesyonel bir futbolcudur.  1,86 m boyundaki oyuncu, sağ ayağını kullanmakta olup, genellikle sol kanat pozisyonunda görev yapmaktadır.  Ayrıca sağ kanat ve santrfor mevkilerinde de oynayabilmektedir.  

Kulüp Kariyeri

Futbol kariyerine 2011 yılında Rize İl Özel İdarespor altyapısında başlayan Yılmaz, 2017 yılında 3. Lig ekiplerinden Ankara Demirspor'a transfer oldu.  Burada profesyonel kariyerine adım atan oyuncu, 2020 yılında Ankara Keçiörengücü'ne geçerek 1. Lig'de düzenli forma şansı buldu.  

9 Temmuz 2021'de Galatasaray'a transfer olan Yılmaz, sarı-kırmızılı formayla ilk maçına 28 Temmuz 2021'de UEFA Şampiyonlar Ligi play-off turunda PSV Eindhoven karşısında çıktı.  Süper Lig'deki ilk maçına ise 23 Ağustos 2021'de Hatayspor karşısında çıktı.  

Galatasaray ile 2022-23, 2023-24 ve 2024-25 sezonlarında Süper Lig şampiyonluğu yaşayan Yılmaz, 2024-25 sezonunda Türkiye Kupası'nı ve 2023 yılında Türkiye Süper Kupası'nı kazandı.  

Milli Takım Kariyeri

Türkiye U21 milli takımında 3 maçta 1 gol atan Yılmaz, A milli takım debutunu 13 Kasım 2021'de 2022 FIFA Dünya Kupası elemelerinde Gibraltar'a karşı oynanan ve 6-0 kazanılan maçta yaptı.  

12 Ekim 2023'te UEFA Euro 2024 elemelerinde Hırvatistan'a karşı oynanan maçta Türkiye'nin tek golünü atarak milli takım formasıyla ilk golünü kaydetti.  2024 yılında Türkiye'nin 26 kişilik Euro 2024 kadrosuna dahil edildi.  

İstatistikler

Kulüp Kariyeri:

Ankara Demirspor (2017–2020): 44 maç, 1 gol

Ankara Keçiörengücü (2020–2021): 36 maç, 8 gol

Galatasaray (2021–2025): 155 maç, 25 gol  

Milli Takım:

Türkiye U21: 3 maç, 1 gol

Türkiye A Milli Takımı: 26 maç, 2 gol  

Güncel Durum

Barış Alper Yılmaz, Galatasaray ile olan sözleşmesini 4 Mayıs 2023 tarihinde uzatarak 30 Haziran 2027'ye kadar kulüpte kalmayı taahhüt etti.   2025 itibarıyla Transfermarkt verilerine göre piyasa değeri 20 milyon Euro olarak belirlenmiştir.  

Sosyal Medya

Yılmaz, Instagram'da aktif bir kullanıcıdır ve 2,3 milyondan fazla takipçisi bulunmaktadır.  Hesabında genellikle futbol kariyerine dair içerikler ve kişisel fotoğraflar paylaşmaktadır.  

Barış Alper Yılmaz, çok yönlü oyun tarzı, hızı ve çalışkanlığıyla hem kulüp hem de milli takım düzeyinde dikkat çeken bir futbolcudur.  Galatasaray ve Türkiye milli takımı için önemli bir oyuncu olmaya devam etmektedir. 
#galatasaray #turkey #superlig #barişalperyilmaz #music #song #dance #edit #football #viral #foryou #foryoupage #fyp ","tr","33100","katol ang tutunlan","","156787","galatasaray","","","10858","turkey","","","39163389","superlig","","","1709232157367297","barişalperyilmaz","","","5636","music","","","5994","song","","","5054","dance","","https://p19-common-sign.tiktokcdn-eu.com/musically-maliva-obj/cb514973addd54a58a6ef8bbfb815854~tplv-tiktokx-origin.image?dr=10386&x-expires=1773136800&x-signature=2bTukv0i5edH7fJ5DRc0wLDO2Lk%3D&t=4d5b0474&ps=13740610&shp=81f88b70&shcp=9b759fb9&idc=no1a","1518","edit","Llevando tu contenido al siguiente nivel 🔥 todos los trucos y tips para aprender a editar tus videos en TikTok.","","5282","football","From goals to celebrations, join in and watch the best moments! Your football fandom starts on TikTok.","https://p16-common-sign.tiktokcdn-eu.com/musically-maliva-obj/8e4d8102460a60717c89acc2d6367a16.png~tplv-tiktokx-origin.image?dr=10386&x-expires=1773136800&x-signature=czDOjmDfbCGrhnwqJmgN%2BZCph%2FY%3D&t=4d5b0474&ps=13740610&shp=81f88b70&shcp=9b759fb9&idc=no1a","20884","viral","¡descubre las canciones en tendencia! 🔥➡️ https://bit.ly/TendenciasTikTok_LATAM","","42164","foryou","","","88764338","foryoupage","","","229207","fyp","",,,,,,,,,,,,,,,,,,,,,,,,,,,,,,,,,,,,,,,,,,,,,,,,,,,,,,,,,,,,,,,,,,,,,,,,,,,,,,,,,,,,,,,,,"2025-05-31T12:12:30.000Z","3063","54794"
"1770203039","7602964148795772178",,,,,,,"2241","0","ELITEINDO 2 TON Katrol Takel #katrolmanual #katrol2ton #katrolbaja #katrol ","nl","1","katol ang tutunlan","","7188899835679817754","katrolmanual","","","7385571476946894853","katrol2ton","","","7378771431275888656","katrolbaja","","","82077044","katrol","",,,,,,,,,,,,,,,,,,,,,,,,,,,,,,,,,,,,,,,,,,,,,,,,,,,,,,,,,,,,,,,,,,,,,,,,,,,,,,,,,,,,,,,,,,,,,,,,,,,,,,,,,,,,,,,,,,,,,,,,,,,,,"2026-02-04T11:03:59.000Z","0","1"
"1704315428","7319978993023716613",,,,,,,"3000000","0","#katulakatula  
ne oldu Sana ne oldi böyle 🤣
Sayfamı Takıp etmeyi unutmayınız..","tr","3733","katol ang tutunlan","","3908129","katulakatula","",,,,,,,,,,,,,,,,,,,,,,,,,,,,,,,,,,,,,,,,,,,,,,,,,,,,,,,,,,,,,,,,,,,,,,,,,,,,,,,,,,,,,,,,,,,,,,,,,,,,,,,,,,,,,,,,,,,,,,,,,,,,,,,,,,,,,,,,,"2024-01-03T20:57:08.000Z","998","4636"
"1772720630","7613777107977637127",,,,,,,"13000","0","""bakit ka umiiyak cartoon lang na man Yan 
Yung cartoon:😞
#larvastory #kalapastangan  #mayfly #cartoon #sad ","tl","74","bug at ang kalawasan","","1696470354182146","larvastory","","","7238747500608225286","kalapastangan","","","66061397","mayfly","","","5230","cartoon","Get ready to be transported to a world of imagination and wonder with #cartoon! From classic animations to modern masterpieces, this is a treasure trove of captivating content that will leave you feeling nostalgic and inspired.","","5927","sad","",,,,,,,,,,,,,,,,,,,,,,,,,,,,,,,,,,,,,,,,,,,,,,,,,,,,,,,,,,,,,,,,,,,,,,,,,,,,,,,,,,,,,,,,,,,,,,,,,,,,,,,,,,,,,,,,,,,,,,,,,"2026-03-05T14:23:50.000Z","20","59"
"1738614541","7467292351782800682",,,,,,,"3200000","0","After 27 years, it was announced that the permanent closure of A Bugs Life, 'It's Tough to be a Bug' will be on March 17 at Disney's Animal Kingdom. Come experience our final show on March 16 and get ready for 'Zootopia: Better Zoogether!' debuting winter 2025. 🦊🦓#disneyimagineering #waltdisneyworld 
#disneyrides #wdw ","en","99500","bug at ang kalawasan","","81248927","disneyimagineering","","","13820","waltdisneyworld","","","15669536","disneyrides","","","622329","wdw","",,,,,,,,,,,,,,,,,,,,,,,,,,,,,,,,,,,,,,,,,,,,,,,,,,,,,,,,,,,,,,,,,,,,,,,,,,,,,,,,,,,,,,,,,,,,,,,,,,,,,,,,,,,,,,,,,,,,,,,,,,,,,"2025-02-03T20:29:01.000Z","5775","26039"
"1772588150","7613208104703905054",,,,,,,"5017","0","#[Cocomelon - Nursery Rhymes] The Ant and the Grasshopper + More Nursery Rhymes & Kids Songs - CoComelon (N9M__xdy8Mo)-14","en","0","bug at ang kalawasan",,,,,,,,,,,,,,,,,,,,,,,,,,,,,,,,,,,,,,,,,,,,,,,,,,,,,,,,,,,,,,,,,,,,,,,,,,,,,,,,,,,,,,,,,,,,,,,,,,,,,,,,,,,,,,,,,,,,,,,,,,,,,,,,,,,,,,,,,,,,,"2026-03-04T01:35:50.000Z","1","5"
"1733395289","7444876051043421448",,,,,,,"108200","0","#bugaking👑 #everyone ","un","52","bug at ang","","7318601662942150662","bugaking👑","","","25047","everyone","",,,,,,,,,,,,,,,,,,,,,,,,,,,,,,,,,,,,,,,,,,,,,,,,,,,,,,,,,,,,,,,,,,,,,,,,,,,,,,,,,,,,,,,,,,,,,,,,,,,,,,,,,,,,,,,,,,,,,,,,,,,,,,,,,,,,,"2024-12-05T10:41:29.000Z","56","207"
"1768388560","7595171014481284360",,,,,,,"63800","0","W elbows #baboontagx #anklebreak #fyp #juke #roblox ","pl","55","bug at ang","","7576810916797382672","baboontagx","","","151998","anklebreak","","","229207","fyp","","","47859","juke","","","159721","roblox","Explore and find your own favourite way to play with #Roblox!",,,,,,,,,,,,,,,,,,,,,,,,,,,,,,,,,,,,,,,,,,,,,,,,,,,,,,,,,,,,,,,,,,,,,,,,,,,,,,,,,,,,,,,,,,,,,,,,,,,,,,,,,,,,,,,,,,,,,,,,,"2026-01-14T11:02:40.000Z","128","216"
"1769117832","7598303214580157699",,,,,,,"778800","0","#Autos","un","8238","bug at ang","https://p16-sign-sg.tiktokcdn.com/tiktok-obj/65d008aac3eb1ac25f7a30511834bd7f~tplv-tiktokx-origin.image?dr=14566&x-expires=1773136800&x-signature=7GS9q6EF10kiT1UD1fIWetlYaTM%3D&t=4d5b0474&ps=13740610&shp=81f88b70&shcp=9b759fb9&idc=my","75687","autos","Conozcamos sus #Autos y qué es lo que los hace diferentes de otros. Tus tips mecánicos, o tu auto de ensueño",,,,,,,,,,,,,,,,,,,,,,,,,,,,,,,,,,,,,,,,,,,,,,,,,,,,,,,,,,,,,,,,,,,,,,,,,,,,,,,,,,,,,,,,,,,,,,,,,,,,,,,,,,,,,,,,,,,,,,,,,,,,,,,,,,,,,,,,,"2026-01-22T21:37:12.000Z","410","7871"
"1766760929","7588180383817125127",,,,,,,"18300","0","👑#recommendations #dance #bigbang #рекомендации #dance ","un","10","bug at ang","","783626","recommendations","","","5054","dance","","","4698","bigbang","","","49711363","рекомендации","","","5054","dance","",,,,,,,,,,,,,,,,,,,,,,,,,,,,,,,,,,,,,,,,,,,,,,,,,,,,,,,,,,,,,,,,,,,,,,,,,,,,,,,,,,,,,,,,,,,,,,,,,,,,,,,,,,,,,,,,,,,,,,,,,"2025-12-26T14:55:29.000Z","5","22"
"1682814024","7227631150339067178","California, United States","","116023605","6252001","22535865201017784","Downtown Los Angeles","438600","0","For those asking.
Bad Bunny’s Bugatti engine start and acelleration.

Thanks to @jimichxnga for the last part of the video.

#BadBunny #Bugatti #Chiron #trending #viral #LA ","en","755","bug at ang",,,"",,"","1533200","badbunny","","","39406","bugatti","","","10121386","chiron","","","20105","trending","Discover the top viral trends, sounds and effects of the week! 🔥","https://p16-sign-va.tiktokcdn.com/musically-maliva-obj/8e4d8102460a60717c89acc2d6367a16.png~tplv-tiktokx-origin.image?dr=14566&x-expires=1773136800&x-signature=w1%2F8yVlR4XEl3nrDGLO5vJVjUGk%3D&t=4d5b0474&ps=13740610&shp=81f88b70&shcp=9b759fb9&idc=my","20884","viral","¡descubre las canciones en tendencia! 🔥➡️ https://bit.ly/TendenciasTikTok_LATAM","","8126","la","",,,,,,,,,,,,,,,,,,,,,,,,,,,,,,,,,,,,,,,,,,,,,,,,,,,,,,,,,,,,,,,,,,,,,,,,,,,,,,,,,,,,,,,,,,,,,,,,,,,,,,,,,,,,,,,,,"2023-04-30T00:20:24.000Z","20","2596"
"1741295514","7478807239877332241",,,,,,,"331800","0","internette sayiklandimm | #swacrell #killoki13 #abugat ","tr","2562","bug at ang","","7276425441448394758","swacrell","","","7217421336120033286","killoki13","","","7130619722986422273","abugat","",,,,,,,,,,,,,,,,,,,,,,,,,,,,,,,,,,,,,,,,,,,,,,,,,,,,,,,,,,,,,,,,,,,,,,,,,,,,,,,,,,,,,,,,,,,,,,,,,,,,,,,,,,,,,,,,,,,,,,,,,,,,,,,,,"2025-03-06T21:11:54.000Z","144","2119"
"1730411336","7432060078280461614","Magallanes Street, Tuguegarao City, Cagayan, Cagayan Valley, Philippines","Tuguegarao City","1680932","1694008","34955879830717827","The Batcave","1363","0","My little batty🧡#littlebatty#boothang @chomper ","en","5","bug at ang","","5312903","littlebatty","","","12805","boothang","",,,"",,,,,,,,,,,,,,,,,,,,,,,,,,,,,,,,,,,,,,,,,,,,,,,,,,,,,,,,,,,,,,,,,,,,,,,,,,,,,,,,,,,,,,,,,,,,,,,,,,,,,,,,,,,,,,,,,,,,,,,,,,,,,,,,,,"2024-10-31T21:48:56.000Z","1","3"
"1771482836","7608460807638109447",,,,,,,"276","0","bug’at #tiktokdance #foryou #fyp #bigguy #trend ","en","0","bug at ang","","3452912","tiktokdance","","","42164","foryou","","","229207","fyp","","","283647","bigguy","","","44895","trend","",,,,,,,,,,,,,,,,,,,,,,,,,,,,,,,,,,,,,,,,,,,,,,,,,,,,,,,,,,,,,,,,,,,,,,,,,,,,,,,,,,,,,,,,,,,,,,,,,,,,,,,,,,,,,,,,,,,,,,,,,"2026-02-19T06:33:56.000Z","0","3"
"1738096244","7465066320015412511",,,,,,,"733500","0","The future is now.

• • •

Bugatti Bolide

(IG 📸 @bugattibeverlyhills)

#luxury #speed #luxuryspeed #bugatti #bolide #widebody #turbo #pull #review #best #coolest #fastest #exhaust #revving #car #auto #fyp ","en","10600","bug at ang","","15461","luxury","","","13149","speed","","","1658991972917254","luxuryspeed","","","39406","bugatti","","","8238780","bolide","","","198510","widebody","","","50636","turbo","","","28419","pull","","","777347","review","","","5214","best","","","83332","coolest","","","510061","fastest","","","4018008","exhaust","","","522622","revving","","","5256","car","","","86458","auto","","","229207","fyp","",,,,,,,,,,,,,,,,,,,,,,,,,,,,,,,,,,,,,,,,,,,,,,,,,,,,,,,,,,,,,,,,,,,,,,,,,"2025-01-28T20:30:44.000Z","552","15371"
"1758403841","7552286952020626695",,,,,,,"370600","0","Cockroach from Hell 🪳👹 The Giant Water Bug aka THE TOE BITER! ","en","4428","bug at ang",,,,,,,,,,,,,,,,,,,,,,,,,,,,,,,,,,,,,,,,,,,,,,,,,,,,,,,,,,,,,,,,,,,,,,,,,,,,,,,,,,,,,,,,,,,,,,,,,,,,,,,,,,,,,,,,,,,,,,,,,,,,,,,,,,,,,,,,,,,,,"2025-09-20T21:30:41.000Z","529","2186"
"1770446861","7604011322333793557",,,,,,,"907400","0","ito po ang panawagan ng inang namatayan dahil sa aksidente na nangyari sa Iligan City😔
#hinagpisngisangnanay
#nakakadurogngpuso😭😭😭 
#trendingngayon
#aksidentesaIligan","tl","843","na ngurog ang","","7604011063356588052","hinagpisngisangnanay","","","1683190609829890","nakakadurogngpuso😭😭😭","","","1629620388791297","trendingngayon","","","7604010613152743444","aksidentesailigan","",,,,,,,,,,,,,,,,,,,,,,,,,,,,,,,,,,,,,,,,,,,,,,,,,,,,,,,,,,,,,,,,,,,,,,,,,,,,,,,,,,,,,,,,,,,,,,,,,,,,,,,,,,,,,,,,,,,,,,,,,,,,,"2026-02-07T06:47:41.000Z","658","1629"
"1754553382","7535749317215276319",,,,,,,"455","0","#viral?videotiktok😇😇 #hahaha😂😂😂 @Nyan Americateen✌🏽 @atongmachol0 ","un","2","na ngurog ang","","1672506072527877","viral?videotiktok😇😇","","","1592305596559366","hahaha😂😂😂","",,,"",,,,"",,,,,,,,,,,,,,,,,,,,,,,,,,,,,,,,,,,,,,,,,,,,,,,,,,,,,,,,,,,,,,,,,,,,,,,,,,,,,,,,,,,,,,,,,,,,,,,,,,,,,,,,,,,,,,,,,,,,,,,,,,,,,,"2025-08-07T07:56:22.000Z","18","3"
"1758721077","7553649495448227090",,,,,,,"31900","0","POV: You thought moving on meant healing—until you saw him again. (PART 6).

At sa sandaling iyon, nadurog ako—dahil yung taong mahal ko, nasa harap ko, nakaluhod at nagmamakaawa. ""Gusto kitang yakapin, gusto kong sabihin na kaya pa… pero kung gagawin ko ‘yon, parang pumayag akong masaktan ulit.” Dahan-dahan kong tinanggal yung kamay niya na mahigpit na nakahawak sa akin.

Ilang segundo lang, dumating sina Tito Geo, nagulat na makita kami sa gano’ng sitwasyon. Bago pa man siya makapagsalita, may mabilis na yabag na sumingit.

Si Jadon, nakasilip, hawak ang laruan niyang kotse, kunot ang noo. “Keke, bakit ka umiiyak?” inosenteng tanong niya, diretsong tumama sa tensyon.

Agad na ngumiti si Jeo, pilit. Pinahid ang gilid ng mata, hinaplos ang ulo ng kapatid. “Wala ‘to, Jadon. Napuwing lang si keke,” sabay ng pilit na tawa.

Nagkatinginan kami ni Tito Geo. Walang salita, pero sapat na yung tingin para magkaintindihan: walang dapat itanong, walang dapat pilitin. Ilang sandali, nagsimula na silang mag-ayos ng gamit, nagbibiro, nagkakasiyahan—parang walang nangyari. Ako? Tahimik lang. Nakikisama pero ramdam kong naiwan pa rin ako sa bigat ng sandaling iyon.

Habang palabas na ako ng cottage, tinawag ako ni Tita Janice. “Yn, pwede ba kitang makausap saglit?”

Sumunod ako sa kanya sa gilid, malayo sa iba. Huminto siya, huminga nang malalim. “Alam kong wala akong karapatang manghimasok sa inyo ni Jeo. Pero anak… nasasaktan akong makita siya sa gano’ng kalagayan. Kanina, nung nadatnan ko siya… para siyang ibang tao. Basag. At bilang ina, masakit makita na ganun yung anak ko.”

Napatigil ako. Gusto kong sagutin, gusto kong ipaliwanag lahat ng sama ng loob ko, pero wala akong lumabas na salita.

“Hindi ko alam lahat ng detalye,” tuloy niya, seryoso ang tingin. “Pero sana, bigyan mo si Jeo kahit isang pagkakataon lang. Hindi para sa akin, hindi para sa amin—para sa kanya. Hayaan mong magpaliwanag siya. Kasi kung hindi, baka habang buhay niyang dalhin yung bigat na hindi siya nakapagsalita.”

Ramdam ko yung kirot sa dibdib. Parang bumalik lahat ng sugat na iniwan niya. Bago pa man ako makasagot, dinugtungan pa ni Tita—mas malumanay, mas matalim.

Kung tungkol kay Fey ang dahilan ng lahat ng sakit mo… nagkakamali ka, Yn. Hindi mo alam ang lahat. Hindi mo alam kung gaano ka kaimportante kay Jeo. At kahit hindi ko dapat sabihin ‘to, anak… mas kilala ko ang anak ko. Alam kong ikaw yung hindi niya kayang pakawalan, kahit anong pilit niyang ipakita na matibay siya.”

Napasinghap ako. Parang biglang may kumurot sa puso ko. Gusto kong kontrahin, gusto kong sabihing mali siya. Pero hindi ko magawa—kasi sa loob-loob ko, alam kong may parte sa akin na naniniwala.

""Subukan mo lang, Yn,” pakiusap niya, halos nagmamakaawa. “Kahit isang pagkakataon lang. Bigyan mo siya ng chance na magpaliwanag. Hindi para bumalik ka agad, kundi para lang mabigyan ng linaw yung puso niyo. Isa lang.”

Napalunok ako, nanginginig ang kamay habang hawak ang bag. “Tita… sinubukan ko na eh. Ilang beses. Paulit-ulit. Pero sa huli, ako yung laging naiiwan.”

Lumapit siya, hinawakan ang balikat ko. “Alam ko, anak. Pero minsan, hindi sapat yung nakita natin para husgahan ang buo. Isa lang, Yn. Kung pagkatapos nun, desidido ka pa rin na tapusin kayo… tatanggapin ko. Pero subukan mo muna.”

Doon ako napapikit. Kahit anong tibay ng loob, bumabalik yung imahe ni Jeo kanina—yung mga mata niyang puno ng luha, yung mga kamay niyang nanginginig habang inaabot ako, yung boses niyang basag, nagmamakaawa.

At doon ko na-realize… mahal na mahal ko pa rin siya. Kahit anong pagtatago, kahit ilang ulit kong sabihing tapos na—hindi nakikinig yung puso ko. Kasi kanina, hindi ko nakita yung Jeo na iniwasan ko. Nakita ko yung Jeo na minahal ko—basag, sugatan, pero totoo.

Napatingin ako kay Tita Janice, halos pabulong, nanginginig ang boses: “Sige, Tita. Susubukan kong kausapin siya. Kahit isa lang. Kahit sa huling pagkakataon.”

At habang binibitawan ko yung mga salitang iyon, hindi ko alam kung tama ba ang desisyon ko.

#ongfam #JEO ","tl","230","na ngurog ang","","82626295","ongfam","","","4544872","jeo","",,,,,,,,,,,,,,,,,,,,,,,,,,,,,,,,,,,,,,,,,,,,,,,,,,,,,,,,,,,,,,,,,,,,,,,,,,,,,,,,,,,,,,,,,,,,,,,,,,,,,,,,,,,,,,,,,,,,,,,,,,,,,,,,,,,,,"2025-09-24T13:37:57.000Z","160","902"
"1751953257","7524581905086319878",,,,,,,"174300","0","WARUNG MAKAN PALING VIRAL DI NAROGONG!! #fyp #foryoupage #viral #kulinerbekasi ","id","2287","na ngurog ang","","229207","fyp","","","88764338","foryoupage","","https://p16-common-sign.tiktokcdn-us.com/musically-maliva-obj/8e4d8102460a60717c89acc2d6367a16.png~tplv-tiktokx-origin.image?dr=9627&x-expires=1773136800&x-signature=xIwjlnYSARVs96JwqNAhHgV5b%2BQ%3D&t=4d5b0474&ps=13740610&shp=81f88b70&shcp=9b759fb9&idc=useast5","20884","viral","¡descubre las canciones en tendencia! 🔥➡️ https://bit.ly/TendenciasTikTok_LATAM","","70512053","kulinerbekasi","",,,,,,,,,,,,,,,,,,,,,,,,,,,,,,,,,,,,,,,,,,,,,,,,,,,,,,,,,,,,,,,,,,,,,,,,,,,,,,,,,,,,,,,,,,,,,,,,,,,,,,,,,,,,,,,,,,,,,,,,,,,,,"2025-07-08T05:40:57.000Z","102","1057"
"1772524655","7612935386179882247","Sindh, Pakistan","","1174872","1168579","22535865204964599","Karachi","11200","0","Na rog lega majubria hain ##😭😭😭🙏🙏😭😭😭🎧🥺🥺#saraikilove #saraikisong #trending #trend                ","hi","15","na ngurog ang","","7434187198460592158","😭😭😭🙏🙏😭😭😭🎧🥺🥺","","","1617011734737925","saraikilove","","","1600723595167749","saraikisong","","","20105","trending","Discover the top viral trends, sounds and effects of the week! 🔥","","44895","trend","",,,,,,,,,,,,,,,,,,,,,,,,,,,,,,,,,,,,,,,,,,,,,,,,,,,,,,,,,,,,,,,,,,,,,,,,,,,,,,,,,,,,,,,,,,,,,,,,,,,,,,,,,,,,,,,,,,,,,,,,,"2026-03-03T07:57:35.000Z","29","32"
"1752925752","7528758756109290757",,,,,,,"349900","0","","un","2225","na ngurog ang",,,,,,,,,,,,,,,,,,,,,,,,,,,,,,,,,,,,,,,,,,,,,,,,,,,,,,,,,,,,,,,,,,,,,,,,,,,,,,,,,,,,,,,,,,,,,,,,,,,,,,,,,,,,,,,,,,,,,,,,,,,,,,,,,,,,,,,,,,,,,"2025-07-19T11:49:12.000Z","167","1861"
"1771411251","7608153360180563208","Manila, Metro Manila, Philippines","","1703417","1694008","22535865203904096","Makati City","105600","0","ginugulat mo naman ako ","tl","3277","na ngurog ang",,,,,,,,,,,,,,,,,,,,,,,,,,,,,,,,,,,,,,,,,,,,,,,,,,,,,,,,,,,,,,,,,,,,,,,,,,,,,,,,,,,,,,,,,,,,,,,,,,,,,,,,,,,,,,,,,,,,,,,,,,,,,,,,,,,,,,,,,,,,,"2026-02-18T10:40:51.000Z","88","1872"
"1772452492","7612625450627632404",,,,,,,"915","0","Our Nanay cried so much today. After many months, she visited tatay's place again, and the grief returned. She also shared that Tatay visited her in the house and called her by her name. My Nanay even wanted to go with Tatay, but tatay refused and say, “Dira ka lang.”
I became teary eyed because their love for each other is still so strong, even now that Tatay is in another life. My heart is fluttering because I witnessed this kind of love.🥹❤️‍🩹#fyp ","en","0","na ngurog ang","","229207","fyp","",,,,,,,,,,,,,,,,,,,,,,,,,,,,,,,,,,,,,,,,,,,,,,,,,,,,,,,,,,,,,,,,,,,,,,,,,,,,,,,,,,,,,,,,,,,,,,,,,,,,,,,,,,,,,,,,,,,,,,,,,,,,,,,,,,,,,,,,,"2026-03-02T11:54:52.000Z","4","4"
"1731766403","7437880050130750727",,,,,,,"2400000","0","Dalawa kaming api 
Vernie Gonzales 
#tanyaalob ","tl","12500","na ngurog ang","","7128045077674819611","tanyaalob","",,,,,,,,,,,,,,,,,,,,,,,,,,,,,,,,,,,,,,,,,,,,,,,,,,,,,,,,,,,,,,,,,,,,,,,,,,,,,,,,,,,,,,,,,,,,,,,,,,,,,,,,,,,,,,,,,,,,,,,,,,,,,,,,,,,,,,,,,"2024-11-16T14:13:23.000Z","6336","10561"
"1772794746","7614095432163118344",,,,,,,"315","0","#CapCut ","un","1","kalawasan/bug at ang","","1663935709411330","capcut","CapCut is a new, easy-to-use video editing tool designed for mobile platforms. CapCut provides users with a wide range of video editing functions, filters, audio &amp; visual effects, video templates, while keeping it free of charge and ads-free. Everyone can be a creator by using CapCut.  

Start creating your cool videos today: 
https://capcut.onelink.me/XKqI/228cad85",,,,,,,,,,,,,,,,,,,,,,,,,,,,,,,,,,,,,,,,,,,,,,,,,,,,,,,,,,,,,,,,,,,,,,,,,,,,,,,,,,,,,,,,,,,,,,,,,,,,,,,,,,,,,,,,,,,,,,,,,,,,,,,,,,,,,,,,,"2026-03-06T10:59:06.000Z","1","3"
"1772383316","7612328343060401426",,,,,,,"1763","0","Kahit may boses pa na magsabing 'la kang kwenta
Alam kong may pag-asa liwanag ma'y wala pa
Paulit-ulit man ang pasakit akong gagawa ng himala

#kumunoybypablo #pablo #opm ","tl","3","kalawasan/bug at ang","","7261541257007235077","kumunoybypablo","","","49805","pablo","","","47314","opm","",,,,,,,,,,,,,,,,,,,,,,,,,,,,,,,,,,,,,,,,,,,,,,,,,,,,,,,,,,,,,,,,,,,,,,,,,,,,,,,,,,,,,,,,,,,,,,,,,,,,,,,,,,,,,,,,,,,,,,,,,,,,,,,,,"2026-03-01T16:41:56.000Z","6","15"
"1773021964","7615071265942031636",,,,,,,"147","0","","un","0","kalawasan/bug at ang",,,,,,,,,,,,,,,,,,,,,,,,,,,,,,,,,,,,,,,,,,,,,,,,,,,,,,,,,,,,,,,,,,,,,,,,,,,,,,,,,,,,,,,,,,,,,,,,,,,,,,,,,,,,,,,,,,,,,,,,,,,,,,,,,,,,,,,,,,,,,"2026-03-09T02:06:04.000Z","0","1"
"1772332764","7612111214298156295",,,,,,,"184","0","#CapCut #sb19 #pablo ","un","1","kalawasan/bug at ang",,,"CapCut",,"","1604797651309569","sb19","","","49805","pablo","",,,,,,,,,,,,,,,,,,,,,,,,,,,,,,,,,,,,,,,,,,,,,,,,,,,,,,,,,,,,,,,,,,,,,,,,,,,,,,,,,,,,,,,,,,,,,,,,,,,,,,,,,,,,,,,,,,,,,,,,,,,,,,,,,"2026-03-01T02:39:24.000Z","0","1"
"1772823424","7614218603059023111",,,,,,,"215","0","#life ","un","0","kalawasan/bug at ang","","5434","life","",,,,,,,,,,,,,,,,,,,,,,,,,,,,,,,,,,,,,,,,,,,,,,,,,,,,,,,,,,,,,,,,,,,,,,,,,,,,,,,,,,,,,,,,,,,,,,,,,,,,,,,,,,,,,,,,,,,,,,,,,,,,,,,,,,,,,,,,,"2026-03-06T18:57:04.000Z","0","0"
"1772359645","7612226673164995861",,,,,,,"182","0","","un","0","kalawasan/bug at ang",,,,,,,,,,,,,,,,,,,,,,,,,,,,,,,,,,,,,,,,,,,,,,,,,,,,,,,,,,,,,,,,,,,,,,,,,,,,,,,,,,,,,,,,,,,,,,,,,,,,,,,,,,,,,,,,,,,,,,,,,,,,,,,,,,,,,,,,,,,,,"2026-03-01T10:07:25.000Z","0","1"
"1773000198","7614977780379421973","Lot 3, Villa Libertad, El Nido, 5313 Palawan, Philippines","El Nido","1713917","1694008","21568226289082346","Villa Libertad Lio El Nido Palawan","234","0","kumunoy #ctto #highlights #fyy #lineman ","tl","0","kalawasan/bug at ang","","4466458","ctto","","","92207","highlights","","","4245511","fyy","","","385428","lineman","",,,,,,,,,,,,,,,,,,,,,,,,,,,,,,,,,,,,,,,,,,,,,,,,,,,,,,,,,,,,,,,,,,,,,,,,,,,,,,,,,,,,,,,,,,,,,,,,,,,,,,,,,,,,,,,,,,,,,,,,,,,,,"2026-03-08T20:03:18.000Z","0","1"
"1647599918","7076387761946643739",,,,,,,"717400","0","Gotong Caluan or Gotong Bulalong Kalabaw sa Calauan, Laguna #fyp #pinoyfood","tl","1360","kalawasan/bug at ang","","229207","fyp","","","7784601","pinoyfood","",,,,,,,,,,,,,,,,,,,,,,,,,,,,,,,,,,,,,,,,,,,,,,,,,,,,,,,,,,,,,,,,,,,,,,,,,,,,,,,,,,,,,,,,,,,,,,,,,,,,,,,,,,,,,,,,,,,,,,,,,,,,,,,,,,,,,"2022-03-18T10:38:38.000Z","320","314"
"1714883203","7365367258157174022",,,,,,,"762500","0","#foryou #mchummerandbb #mchummer #mc #fypシ #tonigonzaga ","un","1957","kalawasan/bug at ang","","42164","foryou","","","7274598061677608966","mchummerandbb","","","1802038","mchummer","","","6181","mc","","","1637342470396934","fypシ","","","32461","tonigonzaga","",,,,,,,,,,,,,,,,,,,,,,,,,,,,,,,,,,,,,,,,,,,,,,,,,,,,,,,,,,,,,,,,,,,,,,,,,,,,,,,,,,,,,,,,,,,,,,,,,,,,,,,,,,,,,,,,,,,,,"2024-05-05T04:26:43.000Z","85","3179"
"1772446153","7612598229871381767",,,,,,,"224","0","#sb19_stell #kumunoy ","un","3","kalawasan/bug at ang","","1644306466624517","sb19_stell","","","1661512188450821","kumunoy","",,,,,,,,,,,,,,,,,,,,,,,,,,,,,,,,,,,,,,,,,,,,,,,,,,,,,,,,,,,,,,,,,,,,,,,,,,,,,,,,,,,,,,,,,,,,,,,,,,,,,,,,,,,,,,,,,,,,,,,,,,,,,,,,,,,,,"2026-03-02T10:09:13.000Z","0","0"
"1772458853","7612652788065029383",,,,,,,"250","0","#CapCut 
#kumonoy #alishan #2025 ","un","0","kalawasan/bug at ang","","1663935709411330","capcut","CapCut is a new, easy-to-use video editing tool designed for mobile platforms. CapCut provides users with a wide range of video editing functions, filters, audio &amp; visual effects, video templates, while keeping it free of charge and ads-free. Everyone can be a creator by using CapCut.  

Start creating your cool videos today: 
https://capcut.onelink.me/XKqI/228cad85","","1661335458886658","kumonoy","","","5728080","alishan","","","38767842","2025","",,,,,,,,,,,,,,,,,,,,,,,,,,,,,,,,,,,,,,,,,,,,,,,,,,,,,,,,,,,,,,,,,,,,,,,,,,,,,,,,,,,,,,,,,,,,,,,,,,,,,,,,,,,,,,,,,,,,,,,,,,,,,"2026-03-02T13:40:53.000Z","0","1"
"1759236641","7555863812457385223",,,,,,,"1992","0","📍@The Kennari Shan Tearoom #kalawvisit #kalaweats #kalawtrip","un","1","kalawasan",,,"",,"","7199294304542523419","kalawvisit","","","7483677386304094224","kalaweats","","","1613226690120705","kalawtrip","",,,,,,,,,,,,,,,,,,,,,,,,,,,,,,,,,,,,,,,,,,,,,,,,,,,,,,,,,,,,,,,,,,,,,,,,,,,,,,,,,,,,,,,,,,,,,,,,,,,,,,,,,,,,,,,,,,,,,,,,,,,,,"2025-09-30T12:50:41.000Z","0","4"
"1696514760","7286475400560020741",,,,,,,"453900","0","kaliwa sa kanan! kaliwa sa right! sir! yes sir!! #philippines #fypdongggggggg #fypシ゚viral ","tl","13200","kalawasan","","86497","philippines","","","1674893053234177","fypdongggggggg","","","1664119477821441","fypシ゚viral","",,,,,,,,,,,,,,,,,,,,,,,,,,,,,,,,,,,,,,,,,,,,,,,,,,,,,,,,,,,,,,,,,,,,,,,,,,,,,,,,,,,,,,,,,,,,,,,,,,,,,,,,,,,,,,,,,,,,,,,,,,,,,,,,,"2023-10-05T14:06:00.000Z","198","3524"
"1771059834","7606644052238339346",,,,,,,"150","0","","un","0","kalawasan",,,,,,,,,,,,,,,,,,,,,,,,,,,,,,,,,,,,,,,,,,,,,,,,,,,,,,,,,,,,,,,,,,,,,,,,,,,,,,,,,,,,,,,,,,,,,,,,,,,,,,,,,,,,,,,,,,,,,,,,,,,,,,,,,,,,,,,,,,,,,"2026-02-14T09:03:54.000Z","0","0"
"1762794877","7571146304793988373","Kalteng sungai buntok, Buntok Kota, South Dusun, South Barito Regency, Central Kalimantan, Indonesia","Katingan Regency","1640948","1643084","21568226293502324","Kalimantan tengah","3245","0","Kalawa #palangkaraya #fyp #foryoupage #kolamrenang #fyppppppppppppppppppppppp ","tl","31","kalawasan","","10015735","palangkaraya","","","229207","fyp","","","88764338","foryoupage","","","3334925","kolamrenang","","","1649139584636934","fyppppppppppppppppppppppp","",,,,,,,,,,,,,,,,,,,,,,,,,,,,,,,,,,,,,,,,,,,,,,,,,,,,,,,,,,,,,,,,,,,,,,,,,,,,,,,,,,,,,,,,,,,,,,,,,,,,,,,,,,,,,,,,,,,,,,,,,"2025-11-10T17:14:37.000Z","0","15"
"1747040020","7503479703190228230","8R52+9F3, Siwalan, Sawahan, Nganjuk Regency, East Java 64475, Indonesia","Nganjuk","1634131","1643084","21568226306421167","Kalenan Cafe and Resto Sawahan","73700","0","masyaAllah 😍 nganjuk punya tempat indahh view yg masyaallah banget🥹😍 #kalenansawahan #sawahannganjuk #sawahan24jam #nganjuk24jam ","id","675","kalawasan","","7266704864922009605","kalenansawahan","","","1629793818411009","sawahannganjuk","","","7221406687101878298","sawahan24jam","","","1704638983217162","nganjuk24jam","",,,,,,,,,,,,,,,,,,,,,,,,,,,,,,,,,,,,,,,,,,,,,,,,,,,,,,,,,,,,,,,,,,,,,,,,,,,,,,,,,,,,,,,,,,,,,,,,,,,,,,,,,,,,,,,,,,,,,,,,,,,,,"2025-05-12T08:53:40.000Z","29","287"
"1765010049","7580660424392166663",,,,,,,"641","0","😜","un","1","pamati",,,,,,,,,,,,,,,,,,,,,,,,,,,,,,,,,,,,,,,,,,,,,,,,,,,,,,,,,,,,,,,,,,,,,,,,,,,,,,,,,,,,,,,,,,,,,,,,,,,,,,,,,,,,,,,,,,,,,,,,,,,,,,,,,,,,,,,,,,,,,"2025-12-06T08:34:09.000Z","5","4"
"1746234501","7500020028033584391",,,,,,,"2292","0","♥️ #ฟีดดด ","un","4","pamati","","1665110231714818","ฟีดดด","",,,,,,,,,,,,,,,,,,,,,,,,,,,,,,,,,,,,,,,,,,,,,,,,,,,,,,,,,,,,,,,,,,,,,,,,,,,,,,,,,,,,,,,,,,,,,,,,,,,,,,,,,,,,,,,,,,,,,,,,,,,,,,,,,,,,,,,,,"2025-05-03T01:08:21.000Z","11","4"
"1765275266","7581799517096365320",,,,,,,"635","0","","un","0","pamati",,,,,,,,,,,,,,,,,,,,,,,,,,,,,,,,,,,,,,,,,,,,,,,,,,,,,,,,,,,,,,,,,,,,,,,,,,,,,,,,,,,,,,,,,,,,,,,,,,,,,,,,,,,,,,,,,,,,,,,,,,,,,,,,,,,,,,,,,,,,,"2025-12-09T10:14:26.000Z","2","4"
"1733298859","7444461885824470328",,,,,,,"425","0","#🥰🥰 #fyp #kenyasinqatar🇶🇦🇶🇦🇰🇪🇰🇪fyyp ","un","0","pamati","","1615537690101766","🥰🥰","","","229207","fyp","","","1686895150291969","kenyasinqatar🇶🇦🇶🇦🇰🇪🇰🇪fyyp","",,,,,,,,,,,,,,,,,,,,,,,,,,,,,,,,,,,,,,,,,,,,,,,,,,,,,,,,,,,,,,,,,,,,,,,,,,,,,,,,,,,,,,,,,,,,,,,,,,,,,,,,,,,,,,,,,,,,,,,,,,,,,,,,,"2024-12-04T07:54:19.000Z","13","1"
"1766974369","7589097093982063879",,,,,,,"568","0","ิิ","th","0","pamati",,,,,,,,,,,,,,,,,,,,,,,,,,,,,,,,,,,,,,,,,,,,,,,,,,,,,,,,,,,,,,,,,,,,,,,,,,,,,,,,,,,,,,,,,,,,,,,,,,,,,,,,,,,,,,,,,,,,,,,,,,,,,,,,,,,,,,,,,,,,,"2025-12-29T02:12:49.000Z","2","1"
"1739183234","7469735084774427911",,,,,,,"2177","0","รักที่เธอพูด#ฟีด #ของดีบอกต่อ ","th","10","pamati","","1661933508638721","ฟีด","","","1590225557604353","ของดีบอกต่อ","",,,,,,,,,,,,,,,,,,,,,,,,,,,,,,,,,,,,,,,,,,,,,,,,,,,,,,,,,,,,,,,,,,,,,,,,,,,,,,,,,,,,,,,,,,,,,,,,,,,,,,,,,,,,,,,,,,,,,,,,,,,,,,,,,,,,,"2025-02-10T10:27:14.000Z","3","7"
"1601308097","6877565900971724034",,,,,,,"233400","0","Reply to @quil_me paano tumangos ang ilong mong nangangamatis char 😂 sanaol matangos #contourtutorial #makeuphacks #tiktokph #fyp #foryou","en","182","nag puot na ilong",,,"",,"","16874628","contourtutorial","","https://p16-common-sign.tiktokcdn-us.com/tiktok-obj/c156ad83a539ca9a248161d9b161997a.png~tplv-tiktokx-origin.image?dr=9627&x-expires=1773136800&x-signature=MG1S0ZpukG9sPvRCzXBHB5CEQe0%3D&t=4d5b0474&ps=13740610&shp=81f88b70&shcp=9b759fb9&idc=useast8","11703821","makeuphacks","Makeup is an art 💁🏼show us your art using #makeuphacks 💅💄","","62652858","tiktokph","","","229207","fyp","","","42164","foryou","",,,,,,,,,,,,,,,,,,,,,,,,,,,,,,,,,,,,,,,,,,,,,,,,,,,,,,,,,,,,,,,,,,,,,,,,,,,,,,,,,,,,,,,,,,,,,,,,,,,,,,,,,,,,,,,,,,,,,"2020-09-28T15:48:17.000Z","62","939"
"1763202070","7572895202336197896",,,,,,,"63000","0","Replying to @_donie here’s part 1 of my rhinoplasty journey 👃🏻✨ — a  rundown of everything: before, during, and after surgery. 
.
.
.
.
.
#rhinoplasty #tipplasty #alarplasty #healingjourney #dredwindelrosario ","en","268","nag puot na ilong",,,"",,"","19836034","rhinoplasty","","","1668562663616514","tipplasty","","","1644284056737794","alarplasty","","","1643245202813958","healingjourney","Here's to everyone on a #HealingJourney.","","7498357486001324033","dredwindelrosario","",,,,,,,,,,,,,,,,,,,,,,,,,,,,,,,,,,,,,,,,,,,,,,,,,,,,,,,,,,,,,,,,,,,,,,,,,,,,,,,,,,,,,,,,,,,,,,,,,,,,,,,,,,,,,,,,,,,,,"2025-11-15T10:21:10.000Z","72","1151"
"1674730209","7192911449201724699",,,,,,,"2400000","0","3 weeks post op, maga pa sya bec I'm thick skin. but I'm loving it naaa!!  Deff worth it! Thank you so much Dr. Joyce kahit lagi kita kinukulit hahaha #merakiangels #drjoyceregalado #rhinoplasty #nosejobcheck #goviral (first edit more to come hahaah)","en","2684","nag puot na ilong","","7192909711941828634","merakiangels","","","7105607400232583195","drjoyceregalado","","","19836034","rhinoplasty","","","1640271569207302","nosejobcheck","","","151602","goviral","",,,,,,,,,,,,,,,,,,,,,,,,,,,,,,,,,,,,,,,,,,,,,,,,,,,,,,,,,,,,,,,,,,,,,,,,,,,,,,,,,,,,,,,,,,,,,,,,,,,,,,,,,,,,,,,,,,,,,,,,,"2023-01-26T10:50:09.000Z","802","1294"
"1747542086","7505636089026153746","Pioneer Street, Pasig, Manila, 1550 Metro Manila, Philippines","Pasig","7290466","1694008","21568226261830858","Pioneer St","73400","0","2 weeks post Rhinoplasty conversation #rhinoplastyphilippines ","en","178","nag puot na ilong","","1670402246418453","rhinoplastyphilippines","",,,,,,,,,,,,,,,,,,,,,,,,,,,,,,,,,,,,,,,,,,,,,,,,,,,,,,,,,,,,,,,,,,,,,,,,,,,,,,,,,,,,,,,,,,,,,,,,,,,,,,,,,,,,,,,,,,,,,,,,,,,,,,,,,,,,,,,,,"2025-05-18T04:21:26.000Z","62","202"
"1711238571","7349713683322244358",,,,,,,"279400","0","😔[]🥀 #sadstory #liriklagu #xyzbca #coversong #dahonnalaya #fyp #foryou #adhyjulyan #sad #sadboy #fypシ #fypdongggggggg ","un","107","sakit ang dughan/nagsakit ang dughan","","170540","sadstory","","","29452615","liriklagu","","https://p16-common-sign.tiktokcdn-us.com/tiktok-obj/14395673ac767c75a2f846113229ea95.png~tplv-tiktokx-origin.image?dr=9627&x-expires=1773136800&x-signature=653JcsDPLIpPmaSznX5v%2FZOkbMQ%3D&t=4d5b0474&ps=13740610&shp=81f88b70&shcp=9b759fb9&idc=useast8","1652484531221509","xyzbca","Asla bir sonraki hamleni bilmelerine izin verme! 👀","","443516","coversong","","","7104845599408652314","dahonnalaya","","","229207","fyp","","","42164","foryou","","","7107601717268578330","adhyjulyan","","","5927","sad","","","36090","sadboy","","","1637342470396934","fypシ","","","1674893053234177","fypdongggggggg","",,,,,,,,,,,,,,,,,,,,,,,,,,,,,,,,,,,,,,,,,,,,,,,,,,,,,,,,,,,,,,,,,,,,,,,,,,,,,,,,,,,,,,,,,,,,,"2024-03-24T00:02:51.000Z","87","706"
"1731237651","7435609072142961928",,,,,,,"1317","0","Replying to @wintinocodm HERBAL NA UTAN by halamana Short Cover 💚💛❤️ 

#music #fyp #fypシ #reggae #miguelmayol #cover #herbalnautan #goodvibes ","en","0","sakit ang dughan/nagsakit ang dughan",,,"",,"","5636","music","","","229207","fyp","","","1637342470396934","fypシ","","","9393","reggae","","","7348436812211322885","miguelmayol","","https://p19-common-sign.tiktokcdn-us.com/musically-maliva-obj/1632d26ee31d854f5e0f8f475cd3d87a.jpeg~tplv-tiktokx-origin.image?dr=9627&x-expires=1773136800&x-signature=QqLLXIxO6U%2Fvv8Wf1KjP%2FWpUrNc%3D&t=4d5b0474&ps=13740610&shp=81f88b70&shcp=9b759fb9&idc=useast8","18146","cover","Share your #cover of your favorite songs","","7117560838651084801","herbalnautan","","","13497","goodvibes","Thumbs up to feel those #GoodVibes 👍👍👍",,,,,,,,,,,,,,,,,,,,,,,,,,,,,,,,,,,,,,,,,,,,,,,,,,,,,,,,,,,,,,,,,,,,,,,,,,,,,,,,,,,,,,,,,,,,,,,,,,,,,,,,,"2024-11-10T11:20:51.000Z","8","7"
"1763672783","7574916874576694558",,,,,,,"294","0","","un","2","sakit ang dughan/nagsakit ang dughan",,,,,,,,,,,,,,,,,,,,,,,,,,,,,,,,,,,,,,,,,,,,,,,,,,,,,,,,,,,,,,,,,,,,,,,,,,,,,,,,,,,,,,,,,,,,,,,,,,,,,,,,,,,,,,,,,,,,,,,,,,,,,,,,,,,,,,,,,,,,,"2025-11-20T21:06:23.000Z","2","3"
"1655043670","7108358435590147354",,,,,,,"53100","0","#CapCut","un","40","sakit ang dughan/nagsakit ang dughan","","1663935709411330","capcut","CapCut is a new, easy-to-use video editing tool designed for mobile platforms. CapCut provides users with a wide range of video editing functions, filters, audio &amp; visual effects, video templates, while keeping it free of charge and ads-free. Everyone can be a creator by using CapCut.  

Start creating your cool videos today: 
https://capcut.onelink.me/XKqI/228cad85",,,,,,,,,,,,,,,,,,,,,,,,,,,,,,,,,,,,,,,,,,,,,,,,,,,,,,,,,,,,,,,,,,,,,,,,,,,,,,,,,,,,,,,,,,,,,,,,,,,,,,,,,,,,,,,,,,,,,,,,,,,,,,,,,,,,,,,,,"2022-06-12T14:21:10.000Z","20","86"
"1765930088","7584611929889656095",,,,,,,"143","0","","un","3","sakit ang dughan/nagsakit ang dughan",,,,,,,,,,,,,,,,,,,,,,,,,,,,,,,,,,,,,,,,,,,,,,,,,,,,,,,,,,,,,,,,,,,,,,,,,,,,,,,,,,,,,,,,,,,,,,,,,,,,,,,,,,,,,,,,,,,,,,,,,,,,,,,,,,,,,,,,,,,,,"2025-12-17T00:08:08.000Z","2","0"
"1745327652","7496125166938852626",,,,,,,"5885","0","LAMI ANG SUD AN , PERO SAKIT SA DUGHAN.
#hugot #relapse #fyp #trending #foodtiktok ","tl","23","sakit ang dughan/nagsakit ang dughan","","92425","hugot","","","62011","relapse","","","229207","fyp","","","20105","trending","Discover the top viral trends, sounds and effects of the week! 🔥","","1599163184670722","foodtiktok","Your one-stop shop for perfect recipes, delicious desserts, and food inspiration.",,,,,,,,,,,,,,,,,,,,,,,,,,,,,,,,,,,,,,,,,,,,,,,,,,,,,,,,,,,,,,,,,,,,,,,,,,,,,,,,,,,,,,,,,,,,,,,,,,,,,,,,,,,,,,,,,,,,,,,,,"2025-04-22T13:14:12.000Z","1","13"
"1772349950","7612185049068227847",,,,,,,"193","0","@Dwi Madasari #taiwan #taiwan🇹🇼 #ldrstory #blitar #tulungagung ","un","2","sakit ang dughan/nagsakit ang dughan",,,"",,"","112462","taiwan","","","1615390251160594","taiwan🇹🇼","","","22279140","ldrstory","","","2000901","blitar","","","17508730","tulungagung","",,,,,,,,,,,,,,,,,,,,,,,,,,,,,,,,,,,,,,,,,,,,,,,,,,,,,,,,,,,,,,,,,,,,,,,,,,,,,,,,,,,,,,,,,,,,,,,,,,,,,,,,,,,,,,,,,,,,,"2026-03-01T07:25:50.000Z","4","1"
"1716778386","7373507006038019333",,,,,,,"246000","0","Pahiyum #pejayedts #lyrics #cabantian #fyp ","tl","498","sakit ang dughan/nagsakit ang dughan","","7008497391175204891","pejayedts","","","22047","lyrics","Here's your chance to sing along.🎵🎵","","1654228316496897","cabantian","","","229207","fyp","",,,,,,,,,,,,,,,,,,,,,,,,,,,,,,,,,,,,,,,,,,,,,,,,,,,,,,,,,,,,,,,,,,,,,,,,,,,,,,,,,,,,,,,,,,,,,,,,,,,,,,,,,,,,,,,,,,,,,,,,,,,,,"2024-05-27T02:53:06.000Z","50","1753"
"1756993262","7546228573821062456",,,,,,,"1600000","0","#fypppp  sakit ngk enak badan☹️","id","37100","sakit ang dughan/nagsakit ang dughan","","1620485025788934","fypppp","",,,,,,,,,,,,,,,,,,,,,,,,,,,,,,,,,,,,,,,,,,,,,,,,,,,,,,,,,,,,,,,,,,,,,,,,,,,,,,,,,,,,,,,,,,,,,,,,,,,,,,,,,,,,,,,,,,,,,,,,,,,,,,,,,,,,,,,,,"2025-09-04T13:41:02.000Z","855","11789"
"1766061667","7585177083870006535",,,,,,,"19100","0","ga mau lagi sakit pinggang, jangan di paksa 
#fyppppppppppppppppppppppp ","id","5","sakit ang dughan/nagsakit ang dughan","","1649139584636934","fyppppppppppppppppppppppp","",,,,,,,,,,,,,,,,,,,,,,,,,,,,,,,,,,,,,,,,,,,,,,,,,,,,,,,,,,,,,,,,,,,,,,,,,,,,,,,,,,,,,,,,,,,,,,,,,,,,,,,,,,,,,,,,,,,,,,,,,,,,,,,,,,,,,,,,,"2025-12-18T12:41:07.000Z","3","3"
"1700977868","7305644298534472965",,,,,,,"231000","0","#PMS #mager #sakitpinggang #fypシ #tiktok #katakatapms #katakatasakit #storywa #storyig #capcut #fyp #vidiovirale #vidiolucubikingakak #vidiolucutiktok #vidiocute #storycute ","un","889","sakit ang dughan/nagsakit ang dughan","","443218","pms","","","1473839","mager","","","36901887","sakitpinggang","","","1637342470396934","fypシ","","","23428","tiktok","","","7176276850782502938","katakatapms","","","1629613583000578","katakatasakit","","","76931101","storywa","","","31193501","storyig","","","1663935709411330","capcut","CapCut is a new, easy-to-use video editing tool designed for mobile platforms. CapCut provides users with a wide range of video editing functions, filters, audio &amp; visual effects, video templates, while keeping it free of charge and ads-free. Everyone can be a creator by using CapCut.  

Start creating your cool videos today: 
https://capcut.onelink.me/XKqI/228cad85","","229207","fyp","","","1652710550330374","vidiovirale","","","1640733180754945","vidiolucubikingakak","","","1663265792495617","vidiolucutiktok","","","1648095645498369","vidiocute","","","20620111","storycute","",,,,,,,,,,,,,,,,,,,,,,,,,,,,,,,,,,,,,,,,,,,,,,,,,,,,,,,,,,,,,,,,,,,,,,,,,,,,,"2023-11-26T05:51:08.000Z","24","184"
"1703040808","7314504560796503301",,,,,,,"2000000","0","Sakit banget 🥹😭","id","43000","sakit ang dughan/nagsakit ang dughan",,,,,,,,,,,,,,,,,,,,,,,,,,,,,,,,,,,,,,,,,,,,,,,,,,,,,,,,,,,,,,,,,,,,,,,,,,,,,,,,,,,,,,,,,,,,,,,,,,,,,,,,,,,,,,,,,,,,,,,,,,,,,,,,,,,,,,,,,,,,,"2023-12-20T02:53:28.000Z","283","7253"
"1770342898","7603564805621861652","Central Visayas, Philippines","","1719051","1694008","22535865204026780","Canlaon City","144200","0","#fypシ #foryoupage #bisaya #foryou ","un","15300","murag gi tugnaw","","1637342470396934","fypシ","","","88764338","foryoupage","","","858273","bisaya","","","42164","foryou","",,,,,,,,,,,,,,,,,,,,,,,,,,,,,,,,,,,,,,,,,,,,,,,,,,,,,,,,,,,,,,,,,,,,,,,,,,,,,,,,,,,,,,,,,,,,,,,,,,,,,,,,,,,,,,,,,,,,,,,,,,,,,"2026-02-06T01:54:58.000Z","53","867"
"1771721631","7609486420113198343",,,,,,,"213","0","#fyppppppppppppppppppppppp #foryoupage #weatherupdate #malongaypandisal ","un","2","murag gi tugnaw","","1649139584636934","fyppppppppppppppppppppppp","","","88764338","foryoupage","","","12239238","weatherupdate","","","7476011000601247761","malongaypandisal","",,,,,,,,,,,,,,,,,,,,,,,,,,,,,,,,,,,,,,,,,,,,,,,,,,,,,,,,,,,,,,,,,,,,,,,,,,,,,,,,,,,,,,,,,,,,,,,,,,,,,,,,,,,,,,,,,,,,,,,,,,,,,"2026-02-22T00:53:51.000Z","0","1"
"1765289127","7581859044810591511",,,,,,,"98400","0","if you can’t find me tell the dj to play BIRI MARUNGGG🙋🏾✋🏾 #fyp #blowthisupforme #foryoupagethis #amapiano #birimarung ","en","1495","murag gi tugnaw","","229207","fyp","","","71210306","blowthisupforme","","","1604276726661125","foryoupagethis","","","1607307715476486","amapiano","Share your favorite Amapiano!! A re yeng🎶🙌🏾","","7416239105731723270","birimarung","",,,,,,,,,,,,,,,,,,,,,,,,,,,,,,,,,,,,,,,,,,,,,,,,,,,,,,,,,,,,,,,,,,,,,,,,,,,,,,,,,,,,,,,,,,,,,,,,,,,,,,,,,,,,,,,,,,,,,,,,,"2025-12-09T14:05:27.000Z","137","959"
"1771566097","7608818417239428373",,,,,,,"701","0","Ganda ☺️ #hiking #nature #outdoors #mointain ","id","4","murag gi tugnaw","","4779","hiking","Head to the great outdoors for all things #Hiking.","","5399","nature","Here's to the great outdoors.","","8176","outdoors","Whether it's a hike, a swim, or a vacation across the country, touch grass and head #Outdoors.","","10757113","mointain","",,,,,,,,,,,,,,,,,,,,,,,,,,,,,,,,,,,,,,,,,,,,,,,,,,,,,,,,,,,,,,,,,,,,,,,,,,,,,,,,,,,,,,,,,,,,,,,,,,,,,,,,,,,,,,,,,,,,,,,,,,,,,"2026-02-20T05:41:37.000Z","5","6"
"1763958275","7576143078210161938",,,,,,,"4956","0","#fyp #bisaya ","un","168","murag gi tugnaw","","229207","fyp","","","858273","bisaya","",,,,,,,,,,,,,,,,,,,,,,,,,,,,,,,,,,,,,,,,,,,,,,,,,,,,,,,,,,,,,,,,,,,,,,,,,,,,,,,,,,,,,,,,,,,,,,,,,,,,,,,,,,,,,,,,,,,,,,,,,,,,,,,,,,,,,"2025-11-24T04:24:35.000Z","1","20"
"1772263537","7611813875842944277",,,,,,,"123","0","#wherewindsmeet #HonkcuponTiktok ","un","0","murag gi tugnaw","","7135226785494466566","wherewindsmeet","","","7603598471681015830","honkcupontiktok","",,,,,,,,,,,,,,,,,,,,,,,,,,,,,,,,,,,,,,,,,,,,,,,,,,,,,,,,,,,,,,,,,,,,,,,,,,,,,,,,,,,,,,,,,,,,,,,,,,,,,,,,,,,,,,,,,,,,,,,,,,,,,,,,,,,,,"2026-02-28T07:25:37.000Z","6","0"
"1772342185","7612151572830752013",,,,,,,"105","0","","un","0","murag gi tugnaw",,,,,,,,,,,,,,,,,,,,,,,,,,,,,,,,,,,,,,,,,,,,,,,,,,,,,,,,,,,,,,,,,,,,,,,,,,,,,,,,,,,,,,,,,,,,,,,,,,,,,,,,,,,,,,,,,,,,,,,,,,,,,,,,,,,,,,,,,,,,,"2026-03-01T05:16:25.000Z","0","0"
"1769524005","7600047707708902659",,,,,,,"1427","0","#foryou #romanegila #viral #fypシ゚viral🖤tiktok #fardee ","un","3","murag gi tugnaw","","42164","foryou","","","7798078","romanegila","","https://p19-common-sign.tiktokcdn-eu.com/musically-maliva-obj/8e4d8102460a60717c89acc2d6367a16.png~tplv-tiktokx-origin.image?dr=10386&x-expires=1773136800&x-signature=8esL70vVHj7P84d%2F24hF9FP%2FjeA%3D&t=4d5b0474&ps=13740610&shp=81f88b70&shcp=9b759fb9&idc=no1a","20884","viral","¡descubre las canciones en tendencia! 🔥➡️ https://bit.ly/TendenciasTikTok_LATAM","","1685694592866306","fypシ゚viral🖤tiktok","","","1608796486969349","fardee","",,,,,,,,,,,,,,,,,,,,,,,,,,,,,,,,,,,,,,,,,,,,,,,,,,,,,,,,,,,,,,,,,,,,,,,,,,,,,,,,,,,,,,,,,,,,,,,,,,,,,,,,,,,,,,,,,,,,,,,,,"2026-01-27T14:26:45.000Z","0","4"
"1768842304","7597119734781463838",,,,,,,"13500","0","it's so much going wrong in this 15 second clip😭 todays train Chronicles coming from court😂💯 #fypシ゚viral #alotgoingon #trendingvideo #fypシ゚viral #fyp ","en","22","murag gi tugnaw","","1664119477821441","fypシ゚viral","","","1069096","alotgoingon","","","5464941","trendingvideo","","","1664119477821441","fypシ゚viral","","","229207","fyp","",,,,,,,,,,,,,,,,,,,,,,,,,,,,,,,,,,,,,,,,,,,,,,,,,,,,,,,,,,,,,,,,,,,,,,,,,,,,,,,,,,,,,,,,,,,,,,,,,,,,,,,,,,,,,,,,,,,,,,,,,"2026-01-19T17:05:04.000Z","9","11"
"1728731571","7424845548902993160",,,,,,,"1500000","0","dikapamigay #ruelyrics #ytmusic #fyp #foryou #foryourpage #4u ","lo","3363","murag gi tugnaw","","7256622761123151877","ruelyrics","","","11916412","ytmusic","","","229207","fyp","","","42164","foryou","","","1598498371111942","foryourpage","","","43268","4u","",,,,,,,,,,,,,,,,,,,,,,,,,,,,,,,,,,,,,,,,,,,,,,,,,,,,,,,,,,,,,,,,,,,,,,,,,,,,,,,,,,,,,,,,,,,,,,,,,,,,,,,,,,,,,,,,,,,,,"2024-10-12T11:12:51.000Z","1094","8204"
"1772962607","7614816326636358932",,,,,,,"345","0","Kasur mooswood anti tungau rekomendasi kasur ala hotel #kasurhotel #rekomendasikasurhotel #kasurmooswood #promokasur #kasurviral ","id","0","murag gi tugnaw","","1675080522552321","kasurhotel","","","7537917841924866054","rekomendasikasurhotel","","","7545111614073077768","kasurmooswood","","","1692196687820801","promokasur","","","1669303653744641","kasurviral","",,,,,,,,,,,,,,,,,,,,,,,,,,,,,,,,,,,,,,,,,,,,,,,,,,,,,,,,,,,,,,,,,,,,,,,,,,,,,,,,,,,,,,,,,,,,,,,,,,,,,,,,,,,,,,,,,,,,,,,,,"2026-03-08T09:36:47.000Z","0","2"
"1772974329","7614866741662878984",,,,,,,"101","0","#CapCut ","un","0","murag gi tugnaw","","1663935709411330","capcut","CapCut is a new, easy-to-use video editing tool designed for mobile platforms. CapCut provides users with a wide range of video editing functions, filters, audio &amp; visual effects, video templates, while keeping it free of charge and ads-free. Everyone can be a creator by using CapCut.  

Start creating your cool videos today: 
https://capcut.onelink.me/XKqI/228cad85",,,,,,,,,,,,,,,,,,,,,,,,,,,,,,,,,,,,,,,,,,,,,,,,,,,,,,,,,,,,,,,,,,,,,,,,,,,,,,,,,,,,,,,,,,,,,,,,,,,,,,,,,,,,,,,,,,,,,,,,,,,,,,,,,,,,,,,,,"2026-03-08T12:52:09.000Z","0","0"
"1772849555","7614330842944376071",,,,,,,"241","0","Payakap ang my ubo 🥹
#fyp ","tl","0","ubo","","229207","fyp","",,,,,,,,,,,,,,,,,,,,,,,,,,,,,,,,,,,,,,,,,,,,,,,,,,,,,,,,,,,,,,,,,,,,,,,,,,,,,,,,,,,,,,,,,,,,,,,,,,,,,,,,,,,,,,,,,,,,,,,,,,,,,,,,,,,,,,,,,"2026-03-07T02:12:35.000Z","3","1"
"1773026445","7615090517109411102",,,,,,,"937","0","RUNNIN - Ubo #edm #newmusic #housemusic ","en","1","ubo","https://p19-common-sign.tiktokcdn-us.com/tiktok-obj/1631603290110977.PNG~tplv-tiktokx-origin.image?dr=9627&x-expires=1773136800&x-signature=InkibzGnYmiqur8GDCEwYwRF1yQ%3D&t=4d5b0474&ps=13740610&shp=81f88b70&shcp=9b759fb9&idc=useast5","10556","edm","EGM？EDM？💄鏡に描いて、テンポが変わった瞬間変身！🕺🏻エフェクトと音源を選んで、＃edmをつけて投稿 してみよう！","https://p16-common-sign.tiktokcdn-us.com/musically-maliva-obj/4ce5508a8a28a5116186ab5baefa61d4.png~tplv-tiktokx-origin.image?dr=9627&x-expires=1773136800&x-signature=BAS3%2BWR7dYAGYsYDQ6EM7sz03OI%3D&t=4d5b0474&ps=13740610&shp=81f88b70&shcp=9b759fb9&idc=useast5","31075","newmusic","Discover #NewMusic from your favorite artists!","","40653","housemusic","House is a Nation!!",,,,,,,,,,,,,,,,,,,,,,,,,,,,,,,,,,,,,,,,,,,,,,,,,,,,,,,,,,,,,,,,,,,,,,,,,,,,,,,,,,,,,,,,,,,,,,,,,,,,,,,,,,,,,,,,,,,,,,,,,,,,,,,,,"2026-03-09T03:20:45.000Z","0","15"
"1768020976","7593592251717029128",,,,,,,"67700","0","natural recipe for UBO","en","2304","ubo",,,,,,,,,,,,,,,,,,,,,,,,,,,,,,,,,,,,,,,,,,,,,,,,,,,,,,,,,,,,,,,,,,,,,,,,,,,,,,,,,,,,,,,,,,,,,,,,,,,,,,,,,,,,,,,,,,,,,,,,,,,,,,,,,,,,,,,,,,,,,"2026-01-10T04:56:16.000Z","61","477"
"1770009848","7602134308836396318",,,,,,,"5538","0","RUNNIN - Ubo #electronicmusic #housemusic #newmusic ","en","13","ubo","https://p16-common-sign.tiktokcdn-us.com/tiktok-obj/056317e2854fb8592f49dabb8fcff872.jpeg~tplv-tiktokx-origin.image?dr=9627&x-expires=1773136800&x-signature=unPilin50boRzbFyPEh%2FDMfIPKA%3D&t=4d5b0474&ps=13740610&shp=81f88b70&shcp=9b759fb9&idc=useast5","217145","electronicmusic","The home of Dance &amp; Electronic.","","40653","housemusic","House is a Nation!!","https://p16-common-sign.tiktokcdn-us.com/musically-maliva-obj/4ce5508a8a28a5116186ab5baefa61d4.png~tplv-tiktokx-origin.image?dr=9627&x-expires=1773136800&x-signature=BAS3%2BWR7dYAGYsYDQ6EM7sz03OI%3D&t=4d5b0474&ps=13740610&shp=81f88b70&shcp=9b759fb9&idc=useast5","31075","newmusic","Discover #NewMusic from your favorite artists!",,,,,,,,,,,,,,,,,,,,,,,,,,,,,,,,,,,,,,,,,,,,,,,,,,,,,,,,,,,,,,,,,,,,,,,,,,,,,,,,,,,,,,,,,,,,,,,,,,,,,,,,,,,,,,,,,,,,,,,,,,,,,,,,,"2026-02-02T05:24:08.000Z","51","63"
"1773026139","7615089246394731783","North Maluku, Indonesia","Ternate","1624041","1643084","23661696392340918","Ternate","8883","0","Membalas @Salsabila17 Sal #fypシ゚ #ratmishopternate #fypage #uboubo","un","66","ubo",,,"",,"","1641236262278149","fypシ゚","","","7294660152325013509","ratmishopternate","","","1604302285252613","fypage","","","1601220535426050","uboubo","",,,,,,,,,,,,,,,,,,,,,,,,,,,,,,,,,,,,,,,,,,,,,,,,,,,,,,,,,,,,,,,,,,,,,,,,,,,,,,,,,,,,,,,,,,,,,,,,,,,,,,,,,,,,,,,,,,,,,,,,,"2026-03-09T03:15:39.000Z","13","40"
"1770716897","7605171149219073287",,,,,,,"161100","0","Ubo ng ubo for weeks? Huwag basta balewalain. 🚨

Kapag ang ubo ay lampas 2–3 linggo, hindi na ito itinuturing na simpleng sipon lang.
Isa sa importanteng differential diagnosis, lalo na sa Pilipinas, ay pulmonary tuberculosis (TB) dahil endemic ito sa bansa natin.

⚠️ Red flags na dapat magpacheck ka agad:
• ubo na tumatagal
• night sweats
• paminsang lagnat
• panghihina o pagpayat
• dugo sa plema

👉 Good news: Ang TB ay treatable at curable kung maagapan at masimulan agad ang tamang gamutan.

Like, follow, at i-share mo ‘to sa kaibigan o kapamilyang laging inuubo — baka kailangan na niyang magpatingin. #fitness #gym #gymlife #healthylifestyle ","tl","1129","ubo","","9261","fitness","Whether you're working on a new circuit, or just getting some fresh air, we're here for all things #Fitness.","","7882","gym","From exercises to gym motivation and memes, show us how you workout!","","11993","gymlife","Whether you're a newbie, a gym rat or somewhere in between, show us how you live that #GymLife.","","332422","healthylifestyle","Show us how you live a #HealthyLifestyle",,,,,,,,,,,,,,,,,,,,,,,,,,,,,,,,,,,,,,,,,,,,,,,,,,,,,,,,,,,,,,,,,,,,,,,,,,,,,,,,,,,,,,,,,,,,,,,,,,,,,,,,,,,,,,,,,,,,,,,,,,,,,"2026-02-10T09:48:17.000Z","110","643"
"1773013648","7615035541104397588",,,,,,,"119300","0","","un","964","ubo",,,,,,,,,,,,,,,,,,,,,,,,,,,,,,,,,,,,,,,,,,,,,,,,,,,,,,,,,,,,,,,,,,,,,,,,,,,,,,,,,,,,,,,,,,,,,,,,,,,,,,,,,,,,,,,,,,,,,,,,,,,,,,,,,,,,,,,,,,,,,"2026-03-08T23:47:28.000Z","18","306"
"1761011755","7563487843864055071",,,,,,,"2752","0","Lying - Ubo #electronicmusic #fyp #independentartist ","en","3","ubo","https://p16-common-sign.tiktokcdn-us.com/tiktok-obj/056317e2854fb8592f49dabb8fcff872.jpeg~tplv-tiktokx-origin.image?dr=9627&x-expires=1773136800&x-signature=unPilin50boRzbFyPEh%2FDMfIPKA%3D&t=4d5b0474&ps=13740610&shp=81f88b70&shcp=9b759fb9&idc=useast5","217145","electronicmusic","The home of Dance &amp; Electronic.","","229207","fyp","","","37634","independentartist","",,,,,,,,,,,,,,,,,,,,,,,,,,,,,,,,,,,,,,,,,,,,,,,,,,,,,,,,,,,,,,,,,,,,,,,,,,,,,,,,,,,,,,,,,,,,,,,,,,,,,,,,,,,,,,,,,,,,,,,,,,,,,,,,,"2025-10-21T01:55:55.000Z","7","30"
"1770781841","7605450058225470751",,,,,,,"1292","0","Tidal Heart - Ubo","en","2","ubo",,,,,,,,,,,,,,,,,,,,,,,,,,,,,,,,,,,,,,,,,,,,,,,,,,,,,,,,,,,,,,,,,,,,,,,,,,,,,,,,,,,,,,,,,,,,,,,,,,,,,,,,,,,,,,,,,,,,,,,,,,,,,,,,,,,,,,,,,,,,,"2026-02-11T03:50:41.000Z","3","14"
"1768777241","7596840361574534411",,,,,,,"11700","0","Ubo conexión 🤩😍#fyp #@Adrian L Santos ","es","64","ubo","","229207","fyp","",,,"",,,,,,,,,,,,,,,,,,,,,,,,,,,,,,,,,,,,,,,,,,,,,,,,,,,,,,,,,,,,,,,,,,,,,,,,,,,,,,,,,,,,,,,,,,,,,,,,,,,,,,,,,,,,,,,,,,,,,,,,,,,,,,,,,,,,,,"2026-01-18T23:00:41.000Z","6","6"
"1770034158","7602238803868192007",,,,,,,"1300000","0","UBO. #seer ","tl","10000","ubo","","1162122","seer","",,,,,,,,,,,,,,,,,,,,,,,,,,,,,,,,,,,,,,,,,,,,,,,,,,,,,,,,,,,,,,,,,,,,,,,,,,,,,,,,,,,,,,,,,,,,,,,,,,,,,,,,,,,,,,,,,,,,,,,,,,,,,,,,,,,,,,,,,"2026-02-02T12:09:18.000Z","202","7500"
"1772756542","7613931319722118407",,,,,,,"170900","0","try nyo po
#follower #plsshare #fyp #highlight #followformore❤️❤️❤️ ","tl","798","ubo","","47520","follower","","","2046925","plsshare","","","229207","fyp","","","87545","highlight","","","1645215197365250","followformore❤️❤️❤️","",,,,,,,,,,,,,,,,,,,,,,,,,,,,,,,,,,,,,,,,,,,,,,,,,,,,,,,,,,,,,,,,,,,,,,,,,,,,,,,,,,,,,,,,,,,,,,,,,,,,,,,,,,,,,,,,,,,,,,,,,"2026-03-06T00:22:22.000Z","25","280"
"1767993492","7593474125444713749",,,,,,,"1122","0","sip on #fyp #cover #fyppppppppppppppppppppppp ","en","1","nagtu ang sip-on","","229207","fyp","","https://p16-common-sign.tiktokcdn-us.com/musically-maliva-obj/1632d26ee31d854f5e0f8f475cd3d87a.jpeg~tplv-tiktokx-origin.image?dr=9627&x-expires=1773136800&x-signature=VhfgFeFqA4eAe%2BG4fdgFC1R9MPY%3D&t=4d5b0474&ps=13740610&shp=81f88b70&shcp=9b759fb9&idc=useast8","18146","cover","Share your #cover of your favorite songs","","1649139584636934","fyppppppppppppppppppppppp","",,,,,,,,,,,,,,,,,,,,,,,,,,,,,,,,,,,,,,,,,,,,,,,,,,,,,,,,,,,,,,,,,,,,,,,,,,,,,,,,,,,,,,,,,,,,,,,,,,,,,,,,,,,,,,,,,,,,,,,,,,,,,,,,,"2026-01-09T21:18:12.000Z","14","8"
"1769072049","7598106579371642130",,,,,,,"20400","0","Sumisipsip kadin ba ng susu ?sipsipin mo tong susu ko malaman to,masarap to lagyan ng natong or laing tapos madaming sili hays mapapadami kanin talaga#lifeinprovince#fyp","tl","13","nagtu ang sip-on","","4903857","lifeinprovince","","","229207","fyp","",,,,,,,,,,,,,,,,,,,,,,,,,,,,,,,,,,,,,,,,,,,,,,,,,,,,,,,,,,,,,,,,,,,,,,,,,,,,,,,,,,,,,,,,,,,,,,,,,,,,,,,,,,,,,,,,,,,,,,,,,,,,,,,,,,,,,"2026-01-22T08:54:09.000Z","40","60"
"1771974778","7610573668099411207",,,,,,,"24600","0","mabisa magsipsip ng nana sa sugat ","tl","141","nagtu ang sip-on",,,,,,,,,,,,,,,,,,,,,,,,,,,,,,,,,,,,,,,,,,,,,,,,,,,,,,,,,,,,,,,,,,,,,,,,,,,,,,,,,,,,,,,,,,,,,,,,,,,,,,,,,,,,,,,,,,,,,,,,,,,,,,,,,,,,,,,,,,,,,"2026-02-24T23:12:58.000Z","4","68"
"1772836554","7614274981362421000",,,,,,,"435600","0","i miss you...
id: koe_chan6
#voiceacting","en","9791","nagtu ang sip-on","","842104","voiceacting","",,,,,,,,,,,,,,,,,,,,,,,,,,,,,,,,,,,,,,,,,,,,,,,,,,,,,,,,,,,,,,,,,,,,,,,,,,,,,,,,,,,,,,,,,,,,,,,,,,,,,,,,,,,,,,,,,,,,,,,,,,,,,,,,,,,,,,,,,"2026-03-06T22:35:54.000Z","303","6620"
"1768472876","7595533144149871879",,,,,,,"756600","0","Mga bata pag may softdrinks:","tl","11300","nagtu ang sip-on",,,,,,,,,,,,,,,,,,,,,,,,,,,,,,,,,,,,,,,,,,,,,,,,,,,,,,,,,,,,,,,,,,,,,,,,,,,,,,,,,,,,,,,,,,,,,,,,,,,,,,,,,,,,,,,,,,,,,,,,,,,,,,,,,,,,,,,,,,,,,"2026-01-15T10:27:56.000Z","1464","3292"
"1763276626","7573215412020595976",,,,,,,"1230","0","So kapag tinawag kang sipsip?
Ngumiti ka lang.
Kasi hindi ikaw ang may problema—
kundi yung hindi makadigest ng success mo.","tl","7","nagtu ang sip-on",,,,,,,,,,,,,,,,,,,,,,,,,,,,,,,,,,,,,,,,,,,,,,,,,,,,,,,,,,,,,,,,,,,,,,,,,,,,,,,,,,,,,,,,,,,,,,,,,,,,,,,,,,,,,,,,,,,,,,,,,,,,,,,,,,,,,,,,,,,,,"2025-11-16T07:03:46.000Z","1","2"
"1739599680","7471523531910647083",,,,,,,"14300","0","","un","5","sip-on",,,,,,,,,,,,,,,,,,,,,,,,,,,,,,,,,,,,,,,,,,,,,,,,,,,,,,,,,,,,,,,,,,,,,,,,,,,,,,,,,,,,,,,,,,,,,,,,,,,,,,,,,,,,,,,,,,,,,,,,,,,,,,,,,,,,,,,,,,,,,"2025-02-15T06:08:00.000Z","9","31"
"1772268105","7611833202566515981",,,,,,,"852","0","sips on sips on sips 🧋","en","5","sip-on",,,,,,,,,,,,,,,,,,,,,,,,,,,,,,,,,,,,,,,,,,,,,,,,,,,,,,,,,,,,,,,,,,,,,,,,,,,,,,,,,,,,,,,,,,,,,,,,,,,,,,,,,,,,,,,,,,,,,,,,,,,,,,,,,,,,,,,,,,,,,"2026-02-28T08:41:45.000Z","0","1"
"1740511742","7475440783043185951",,,,,,,"297000","0","Night night ","en","182","sip-on",,,,,,,,,,,,,,,,,,,,,,,,,,,,,,,,,,,,,,,,,,,,,,,,,,,,,,,,,,,,,,,,,,,,,,,,,,,,,,,,,,,,,,,,,,,,,,,,,,,,,,,,,,,,,,,,,,,,,,,,,,,,,,,,,,,,,,,,,,,,,"2025-02-25T19:29:02.000Z","609","321"
"1768369793","7595090364055162126","1700 Held Dr, Modesto, CA 95355, United States","","5373900","6252001","20336841959035278","Modesto","5180","0","@siponthis 10/10 everything was so delicious ☕️💕","en","27","sip-on",,,"",,,,,,,,,,,,,,,,,,,,,,,,,,,,,,,,,,,,,,,,,,,,,,,,,,,,,,,,,,,,,,,,,,,,,,,,,,,,,,,,,,,,,,,,,,,,,,,,,,,,,,,,,,,,,,,,,,,,,,,,,,,,,,,,,,,,,,,,,,"2026-01-14T05:49:53.000Z","3","17"
"1773029594","7615104085833862421",,,,,,,"337","0","Mainit na ang panahon madame pa nagiinit sa akin!#heat ","tl","0","mainit ang pakiramdam","","29658","heat","",,,,,,,,,,,,,,,,,,,,,,,,,,,,,,,,,,,,,,,,,,,,,,,,,,,,,,,,,,,,,,,,,,,,,,,,,,,,,,,,,,,,,,,,,,,,,,,,,,,,,,,,,,,,,,,,,,,,,,,,,,,,,,,,,,,,,,,,,"2026-03-09T04:13:14.000Z","0","0"
"1773088183","7615355729662201095",,,,,,,"372","0","Mainit na pagtanggap ni VP Sara Duterte sa mga konsehal ng Davao City! Nakipag-usap at nakipag-kamustahan sa mga opisyal ng lungsod.

𝑴𝒂𝒉𝒂𝒍𝒊𝒏 𝑵𝒂𝒕𝒊𝒏 𝑨𝒏𝒈 𝑷𝒊𝒍𝒊𝒑𝒊𝒏𝒂𝒔.✨🇵🇭
—para sa Diyos, sa Bayan, at sa bawat Pamilyang Pilipino.

#VPSara
#PANAGHIUSA
#TatakDuterte","tl","2","mainit ang pakiramdam","","7016984036887232538","vpsara","","","1692391074767874","panaghiusa","","","1618225858319362","tatakduterte","",,,,,,,,,,,,,,,,,,,,,,,,,,,,,,,,,,,,,,,,,,,,,,,,,,,,,,,,,,,,,,,,,,,,,,,,,,,,,,,,,,,,,,,,,,,,,,,,,,,,,,,,,,,,,,,,,,,,,,,,,,,,,,,,,"2026-03-09T20:29:43.000Z","8","9"
"1751992121","7524748845717146898",,,,,,,"27600","0","Minsan yung tawa, hindi galing sa tuwa—galing sa takot, lungkot, o awkward na feelings.
It’s a way our brain protects us when emotions feel too much.
Okay lang matawa, pero tanungin mo rin: “Anong totoo kong nararamdaman?”
Hindi mo kailangang magpanggap na okay palagi.

#MentalHealth #EmotionalAwareness #LaughterAndPain #Anxiety #TraumaResponse #MentalHealthAwareness #YouAreNotAlone #Psychology #Psychreavilla","tl","225","mainit ang pakiramdam","","258907","mentalhealth","Thanks to all for participating in our #MentalHeath Post Contest. Check back here on July 8th to see all the winners: https://vt.tiktok.com/ZMSFHSXfP/","","1648175255066626","emotionalawareness","","","1624820780448774","laughterandpain","","","39184","anxiety","","","1656669304427526","traumaresponse","","https://p16-common-sign.tiktokcdn-us.com/musically-maliva-obj/d681bd277a03e42b89559d5ceb2086cf.png~tplv-tiktokx-origin.image?dr=9627&x-expires=1773136800&x-signature=HXtGyyQXVSq5lByiRIotwM4dAN4%3D&t=4d5b0474&ps=13740610&shp=81f88b70&shcp=9b759fb9&idc=useast5","3256198","mentalhealthawareness","Here at TikTok, we understand that everyone has a unique well-being story. We want to build a supportive environment for community members to share their experiences, tips and recovery journeys.
But well-being is not straightforward – there are ups and downs, new milestones and setbacks. We encourage you to connect with others meaningfully and remember, it’s not a competition. Check out our well-being guide: https://www.tiktok.com/safety/en/well-being-guide/","","71130","youarenotalone","","","706970","psychology","","","7380005649687511056","psychreavilla","",,,,,,,,,,,,,,,,,,,,,,,,,,,,,,,,,,,,,,,,,,,,,,,,,,,,,,,,,,,,,,,,,,,,,,,,,,,,,,,,,,,,,,,,,,,,,,,,,,,,,,,,,"2025-07-08T16:28:41.000Z","44","181"
"1773087850","7615354272858852626",,,,,,,"717","0","Mainit na pagtanggap ni VP Sara Duterte sa mga konsehal ng Davao City! Nakipag-usap at nakipag-kamustahan sa mga opisyal ng lungsod.

𝑴𝒂𝒉𝒂𝒍𝒊𝒏 𝑵𝒂𝒕𝒊𝒏 𝑨𝒏𝒈 𝑷𝒊𝒍𝒊𝒑𝒊𝒏𝒂𝒔.✨🇵🇭
—para sa Diyos, sa Bayan, at sa bawat Pamilyang Pilipino.

#VPSara
#PANAGHIUSA
#TatakDuterte","tl","2","mainit ang pakiramdam","","7016984036887232538","vpsara","","","1692391074767874","panaghiusa","","","1618225858319362","tatakduterte","",,,,,,,,,,,,,,,,,,,,,,,,,,,,,,,,,,,,,,,,,,,,,,,,,,,,,,,,,,,,,,,,,,,,,,,,,,,,,,,,,,,,,,,,,,,,,,,,,,,,,,,,,,,,,,,,,,,,,,,,,,,,,,,,,"2026-03-09T20:24:10.000Z","11","8"
"1773052327","7615201737393130760",,,,,,,"5259","0","💔 #haha #ewankosayo ","un","120","mainit ang pakiramdam","","3952","haha","¡Utiliza el audio oficial y muestra tu mejor maquillaje o cosplay! 👀","","9470609","ewankosayo","",,,,,,,,,,,,,,,,,,,,,,,,,,,,,,,,,,,,,,,,,,,,,,,,,,,,,,,,,,,,,,,,,,,,,,,,,,,,,,,,,,,,,,,,,,,,,,,,,,,,,,,,,,,,,,,,,,,,,,,,,,,,,,,,,,,,,"2026-03-09T10:32:07.000Z","7","29"
"1755163261","7538368751301840142",,,,,,,"148","0","Replying to @marifebutas Ang ganda naman po ng routine ninyo! 🌿 Paalala lang po, mas mabuti pong inumin ang cloves nang katamtaman lang—mga 2–3 beses sa isang linggo—para maiwasan ang posibleng side effects.","tl","0","mainit ang pakiramdam",,,"",,,,,,,,,,,,,,,,,,,,,,,,,,,,,,,,,,,,,,,,,,,,,,,,,,,,,,,,,,,,,,,,,,,,,,,,,,,,,,,,,,,,,,,,,,,,,,,,,,,,,,,,,,,,,,,,,,,,,,,,,,,,,,,,,,,,,,,,,,"2025-08-14T09:21:01.000Z","0","0"
"1766850453","7588564892542635272",,,,,,,"6523","0","#trending#unsaidthoughts#unsaidfeelings #fypシ゚viral#fyppppppppppppppppppppppp ","un","103","mainit ang pakiramdam","","20105","trending","Discover the top viral trends, sounds and effects of the week! 🔥","","28852901","unsaidthoughts","","","87298174","unsaidfeelings","","","1664119477821441","fypシ゚viral","","","1649139584636934","fyppppppppppppppppppppppp","",,,,,,,,,,,,,,,,,,,,,,,,,,,,,,,,,,,,,,,,,,,,,,,,,,,,,,,,,,,,,,,,,,,,,,,,,,,,,,,,,,,,,,,,,,,,,,,,,,,,,,,,,,,,,,,,,,,,,,,,,"2025-12-27T15:47:33.000Z","0","45"
"1773027340","7615094252841766161","Calabarzon, Philippines","","104803739","1694008","22535865203910491","San Pablo City","314","0","magandang tanghali po mga idol🥰
ingat po ang lahat🥰🥰🙏
#sankyuluzonliner🎌🇵🇭🇵🇭 
#truckdriverphilippines 
#fypシ゚viral 
#foryou ","tl","0","mainit ang pakiramdam","","7379390139314274309","sankyuluzonliner🎌🇵🇭🇵🇭","","","1664099382732802","truckdriverphilippines","","","1664119477821441","fypシ゚viral","","","42164","foryou","",,,,,,,,,,,,,,,,,,,,,,,,,,,,,,,,,,,,,,,,,,,,,,,,,,,,,,,,,,,,,,,,,,,,,,,,,,,,,,,,,,,,,,,,,,,,,,,,,,,,,,,,,,,,,,,,,,,,,,,,,,,,,"2026-03-09T03:35:40.000Z","7","6"
"1765303223","7581919519556324628",,,,,,,"676","0","Part 74 | ayaw ko pulihi ba #fyp ","tl","0","mainit ang pakiramdam","","229207","fyp","",,,,,,,,,,,,,,,,,,,,,,,,,,,,,,,,,,,,,,,,,,,,,,,,,,,,,,,,,,,,,,,,,,,,,,,,,,,,,,,,,,,,,,,,,,,,,,,,,,,,,,,,,,,,,,,,,,,,,,,,,,,,,,,,,,,,,,,,,"2025-12-09T18:00:23.000Z","20","5"
"1773064410","7615253623311797524",,,,,,,"310","0","Gawa ako pov tommorow guys! Abangan Nyo ang pinakamainit na pagbabalike ni kuya carlk😏❤️‍🔥","tl","2","mainit ang pakiramdam",,,,,,,,,,,,,,,,,,,,,,,,,,,,,,,,,,,,,,,,,,,,,,,,,,,,,,,,,,,,,,,,,,,,,,,,,,,,,,,,,,,,,,,,,,,,,,,,,,,,,,,,,,,,,,,,,,,,,,,,,,,,,,,,,,,,,,,,,,,,,"2026-03-09T13:53:30.000Z","0","0"
"1769586605","7600316563807505685",,,,,,,"12000","0","Toa na","sm","87","nagluya",,,,,,,,,,,,,,,,,,,,,,,,,,,,,,,,,,,,,,,,,,,,,,,,,,,,,,,,,,,,,,,,,,,,,,,,,,,,,,,,,,,,,,,,,,,,,,,,,,,,,,,,,,,,,,,,,,,,,,,,,,,,,,,,,,,,,,,,,,,,,"2026-01-28T07:50:05.000Z","10","48"
"1772604409","7613277917786787092",,,,,,,"415","0","😁nag luya","tl","0","nagluya",,,,,,,,,,,,,,,,,,,,,,,,,,,,,,,,,,,,,,,,,,,,,,,,,,,,,,,,,,,,,,,,,,,,,,,,,,,,,,,,,,,,,,,,,,,,,,,,,,,,,,,,,,,,,,,,,,,,,,,,,,,,,,,,,,,,,,,,,,,,,"2026-03-04T06:06:49.000Z","12","5"
"1772447206","7612602740002393351",,,,,,,"228","0","I might delete it later, kay nagluya HAHAHAHAH😝#fypage #tiktoktrend #fypシ゚viral #fyppppppppppppppppppppppp ","en","1","nagluya","","1604302285252613","fypage","","","1583323102363661","tiktoktrend","","","1664119477821441","fypシ゚viral","","","1649139584636934","fyppppppppppppppppppppppp","",,,,,,,,,,,,,,,,,,,,,,,,,,,,,,,,,,,,,,,,,,,,,,,,,,,,,,,,,,,,,,,,,,,,,,,,,,,,,,,,,,,,,,,,,,,,,,,,,,,,,,,,,,,,,,,,,,,,,,,,,,,,,"2026-03-02T10:26:46.000Z","0","0"
"1772665665","7613540993752763669",,,,,,,"97","0","nagluya rang mataHAHAHAH","hi","0","nagluya",,,,,,,,,,,,,,,,,,,,,,,,,,,,,,,,,,,,,,,,,,,,,,,,,,,,,,,,,,,,,,,,,,,,,,,,,,,,,,,,,,,,,,,,,,,,,,,,,,,,,,,,,,,,,,,,,,,,,,,,,,,,,,,,,,,,,,,,,,,,,"2026-03-04T23:07:45.000Z","0","0"
"1772947775","7614752692182732040",,,,,,,"129","0","nagluya man akong partner oy! nakauyab naman cguro ni. 
#motherandso","tl","0","nagluya","","1599403419987974","motherandso","",,,,,,,,,,,,,,,,,,,,,,,,,,,,,,,,,,,,,,,,,,,,,,,,,,,,,,,,,,,,,,,,,,,,,,,,,,,,,,,,,,,,,,,,,,,,,,,,,,,,,,,,,,,,,,,,,,,,,,,,,,,,,,,,,,,,,,,,,"2026-03-08T05:29:35.000Z","0","0"
"1745825121","7498261769597586706",,,,,,,"256","0","nag luya ko sa init😫","tl","1","nagluya",,,,,,,,,,,,,,,,,,,,,,,,,,,,,,,,,,,,,,,,,,,,,,,,,,,,,,,,,,,,,,,,,,,,,,,,,,,,,,,,,,,,,,,,,,,,,,,,,,,,,,,,,,,,,,,,,,,,,,,,,,,,,,,,,,,,,,,,,,,,,"2025-04-28T07:25:21.000Z","0","1"
"1772834907","7614267861229456660",,,,,,,"134","0","hinay panagat😂Mao nagluya😂#accomodations #lifeofofw #lgbtcouples ","hi","0","nagluya","","1641255871254534","accomodations","","","82686116","lifeofofw","","","30123069","lgbtcouples","",,,,,,,,,,,,,,,,,,,,,,,,,,,,,,,,,,,,,,,,,,,,,,,,,,,,,,,,,,,,,,,,,,,,,,,,,,,,,,,,,,,,,,,,,,,,,,,,,,,,,,,,,,,,,,,,,,,,,,,,,,,,,,,,,"2026-03-06T22:08:27.000Z","0","1"
"1773056727","7615220638160063751",,,,,,,"220","0","","un","0","gikapoy ug maayo",,,,,,,,,,,,,,,,,,,,,,,,,,,,,,,,,,,,,,,,,,,,,,,,,,,,,,,,,,,,,,,,,,,,,,,,,,,,,,,,,,,,,,,,,,,,,,,,,,,,,,,,,,,,,,,,,,,,,,,,,,,,,,,,,,,,,,,,,,,,,"2026-03-09T11:45:27.000Z","0","0"
"1752844211","7528408542689103122",,,,,,,"14900","0","#MakeAFace 
#Gihugugmagyudtika
gikapoy nako","mr","7","gikapoy ug maayo","https://p16-common-sign.tiktokcdn-us.com/musically-maliva-obj/0c15cca477d8179df99229784e6967d4~tplv-tiktokx-origin.image?dr=9627&x-expires=1773136800&x-signature=0rjn5dpARbCJgUZ3dF%2BdOd3WB2M%3D&t=4d5b0474&ps=13740610&shp=81f88b70&shcp=9b759fb9&idc=useast8","1509283","makeaface","Be Silly 😋 Be Goofy 🤪 Be Creative 😉
Put your facial expressions on anything with #MakeAFace and see it come to life! Try it out today","","7362068889980633096","gihugugmagyudtika","",,,,,,,,,,,,,,,,,,,,,,,,,,,,,,,,,,,,,,,,,,,,,,,,,,,,,,,,,,,,,,,,,,,,,,,,,,,,,,,,,,,,,,,,,,,,,,,,,,,,,,,,,,,,,,,,,,,,,,,,,,,,,,,,,,,,,"2025-07-18T13:10:11.000Z","5","67"
"1772925394","7614656546231815431",,,,,,,"2136","0","","un","0","gikapoy ug maayo",,,,,,,,,,,,,,,,,,,,,,,,,,,,,,,,,,,,,,,,,,,,,,,,,,,,,,,,,,,,,,,,,,,,,,,,,,,,,,,,,,,,,,,,,,,,,,,,,,,,,,,,,,,,,,,,,,,,,,,,,,,,,,,,,,,,,,,,,,,,,"2026-03-07T23:16:34.000Z","2","2"
"1773027324","7615094279387598100",,,,,,,"1699","0","","un","1","gikapoy ug maayo",,,,,,,,,,,,,,,,,,,,,,,,,,,,,,,,,,,,,,,,,,,,,,,,,,,,,,,,,,,,,,,,,,,,,,,,,,,,,,,,,,,,,,,,,,,,,,,,,,,,,,,,,,,,,,,,,,,,,,,,,,,,,,,,,,,,,,,,,,,,,"2026-03-09T03:35:24.000Z","10","26"
"1762748529","7570947259089653000",,,,,,,"194","0","Gikapoy nako ug Sayaw Ani bahalag di Mao i post na ni","tl","0","gikapoy ug maayo",,,,,,,,,,,,,,,,,,,,,,,,,,,,,,,,,,,,,,,,,,,,,,,,,,,,,,,,,,,,,,,,,,,,,,,,,,,,,,,,,,,,,,,,,,,,,,,,,,,,,,,,,,,,,,,,,,,,,,,,,,,,,,,,,,,,,,,,,,,,,"2025-11-10T04:22:09.000Z","0","0"
"1772520674","7612918045471673601",,,,,,,"188100","0","gikapoy yarn 😂🤦🏿 #modeling #trending #fypageシ #fypagetiktok  ","en","22","gikapoy ug maayo","","15289","modeling","","","20105","trending","Discover the top viral trends, sounds and effects of the week! 🔥","","1639908894714881","fypageシ","","","1649117219857414","fypagetiktok","",,,,,,,,,,,,,,,,,,,,,,,,,,,,,,,,,,,,,,,,,,,,,,,,,,,,,,,,,,,,,,,,,,,,,,,,,,,,,,,,,,,,,,,,,,,,,,,,,,,,,,,,,,,,,,,,,,,,,,,,,,,,,"2026-03-03T06:51:14.000Z","18","84"
"1724463700","7406515153266625808","United States","","116026373","6252001","22535865201606051","California","438","0","Gikapoy nako! #bisayaphraseoftheday #fyp ","mr","0","gikapoy ug maayo","","7403482179780476945","bisayaphraseoftheday","","","229207","fyp","",,,,,,,,,,,,,,,,,,,,,,,,,,,,,,,,,,,,,,,,,,,,,,,,,,,,,,,,,,,,,,,,,,,,,,,,,,,,,,,,,,,,,,,,,,,,,,,,,,,,,,,,,,,,,,,,,,,,,,,,,,,,,,,,,,,,,"2024-08-24T01:41:40.000Z","0","1"
"1744572592","7492882212124232982",,,,,,,"1108","0","#crybaby #popmart #popmartglobal #popmartunboxing #fyp #foyou #helsinki @MikuMiku ","un","1","may sinat","","14800","crybaby","","https://p16-common-sign.tiktokcdn-us.com/tiktok-obj/760239315c9e7e8997e21d19d1270c35.jpeg~tplv-tiktokx-origin.image?dr=9627&x-expires=1773136800&x-signature=kz7W342o6EQ%2Be4nFqdnxUnhsyzs%3D&t=4d5b0474&ps=13740610&shp=81f88b70&shcp=9b759fb9&idc=useast5","1570779650481154","popmart","Terms：POPMART 14th Anniversary -- LIVE with You
Challenge Period : Nov 7, 2024—Nov 18, 2024
Terms： 
1. You may choose to mimic the dance moves from the dance video of ZIMOMO (independent video or duet) and post your own version, or go outdoors and take a photo or video with your POP MART toy. Make sure your video is at least 20 seconds long.
2. Include the hashtags #dancewithzimomo and #popmart14thannivesary in your caption so we can find your entry.
3. Follow and tag 
TH @popmart.th.shop; 
SG @popmartseashop; 
PH/MY @popmartseashop02 on TikTok to stay up-to-date with the campaign and any announcements.
Prizes: We will pick the best 30 entries (TH/MY/SG/PH) to give away a limited &quot;LABUBU Plush Crossbody Bag&quot;, and we will randomly pick 30 participants to give away a &quot;SKULLPANDA Christmas Series-Magnetic Message Board&quot;.","","1663777342229506","popmartglobal","","","1689824743719938","popmartunboxing","","","229207","fyp","","","1122730","foyou","","","375115","helsinki","",,,"",,,,,,,,,,,,,,,,,,,,,,,,,,,,,,,,,,,,,,,,,,,,,,,,,,,,,,,,,,,,,,,,,,,,,,,,,,,,,,,,,,,,,,,,,,,,,,,,,,,,,,,,,,,,,,"2025-04-13T19:29:52.000Z","1","0"
"1648608354","7080718960051866926",,,,,,,"11400","0","wyd if u wake up to this","en","5","may sinat",,,,,,,,,,,,,,,,,,,,,,,,,,,,,,,,,,,,,,,,,,,,,,,,,,,,,,,,,,,,,,,,,,,,,,,,,,,,,,,,,,,,,,,,,,,,,,,,,,,,,,,,,,,,,,,,,,,,,,,,,,,,,,,,,,,,,,,,,,,,,"2022-03-30T02:45:54.000Z","9","7"
"1746705626","7502043476264078638",,,,,,,"1077","0","💓🥹","un","2","may sinat",,,,,,,,,,,,,,,,,,,,,,,,,,,,,,,,,,,,,,,,,,,,,,,,,,,,,,,,,,,,,,,,,,,,,,,,,,,,,,,,,,,,,,,,,,,,,,,,,,,,,,,,,,,,,,,,,,,,,,,,,,,,,,,,,,,,,,,,,,,,,"2025-05-08T12:00:26.000Z","10","0"
"1597253220","6860150319960149254",,,,,,,"15000","0","hot girl summer😩❤️","en","14","may sinat",,,,,,,,,,,,,,,,,,,,,,,,,,,,,,,,,,,,,,,,,,,,,,,,,,,,,,,,,,,,,,,,,,,,,,,,,,,,,,,,,,,,,,,,,,,,,,,,,,,,,,,,,,,,,,,,,,,,,,,,,,,,,,,,,,,,,,,,,,,,,"2020-08-12T17:27:00.000Z","21","68"
"1720700686","7390353151120952597",,,,,,,"1400000","0","Máy cuối chắc không ngờ 😣 #compactcamera #mayanhgiare #mayanhcu #checkinsongao #mayanhdigital #sandocu #mayanhhssv #mayanhkts #maykithuatso ","vi","4296","may sinat","","1648734335706114","compactcamera","","","1690391495151633","mayanhgiare","","","1669769857641473","mayanhcu","","","1671563542615041","checkinsongao","","","7142105883466530843","mayanhdigital","","","7239662681379209221","sandocu","","","7204059666307874842","mayanhhssv","","","1682851450711041","mayanhkts","","","1700803383080961","maykithuatso","",,,,,,,,,,,,,,,,,,,,,,,,,,,,,,,,,,,,,,,,,,,,,,,,,,,,,,,,,,,,,,,,,,,,,,,,,,,,,,,,,,,,,,,,,,,,,,,,,,,,,,,,,"2024-07-11T12:24:46.000Z","460","16076"
"1771688250","7609343074489371922",,,,,,,"476700","0","#ckdstage5 #hemodialysis #dialysis #dialysispatient #ckd ","un","2660","nahihirapan huminga","","1661051839554562","ckdstage5","","","10231445","hemodialysis","","","3194356","dialysis","","","44729253","dialysispatient","","","7058597","ckd","",,,,,,,,,,,,,,,,,,,,,,,,,,,,,,,,,,,,,,,,,,,,,,,,,,,,,,,,,,,,,,,,,,,,,,,,,,,,,,,,,,,,,,,,,,,,,,,,,,,,,,,,,,,,,,,,,,,,,,,,,"2026-02-21T15:37:30.000Z","218","643"
"1705704808","7325946246575721771",,,,,,,"20100000","0","Follow and learn about why you would have air hunger in the next video #AirHunger #AnxietySymptoms #Neurology #Stress #pots #dysautonomia #dysautonomiaawareness ","en","18800","nahihirapan huminga","","86740051","airhunger","","","1664772014691333","anxietysymptoms","","","23153318","neurology","","","18604","stress","April is #Stress Awareness Month, so let's talk about Stress. Share your stress management tips and show us how you de-stress 🧘‍♀️","","570387","pots","","","31626557","dysautonomia","","","31630224","dysautonomiaawareness","",,,,,,,,,,,,,,,,,,,,,,,,,,,,,,,,,,,,,,,,,,,,,,,,,,,,,,,,,,,,,,,,,,,,,,,,,,,,,,,,,,,,,,,,,,,,,,,,,,,,,,,,,,,,,,,,,"2024-01-19T22:53:28.000Z","7660","153099"
"1772370046","7612271358591978759",,,,,,,"288","0","Acupressure point sa nahihirapan sa nahihinga","tl","3","nahihirapan huminga",,,,,,,,,,,,,,,,,,,,,,,,,,,,,,,,,,,,,,,,,,,,,,,,,,,,,,,,,,,,,,,,,,,,,,,,,,,,,,,,,,,,,,,,,,,,,,,,,,,,,,,,,,,,,,,,,,,,,,,,,,,,,,,,,,,,,,,,,,,,,"2026-03-01T13:00:46.000Z","0","1"
"1772009056","7610720919492807943",,,,,,,"262300","0","Akala Mo Acid Reflux? Baka Anxiety ang Dahilan!

#AcidReflux#Anxiety#DigestiveHealth#BodySignals#HealthTips","tl","2609","nahihirapan huminga","","42297593","acidreflux","","","39184","anxiety","","","1648833110606854","digestivehealth","","","1668356816671749","bodysignals","","https://p16-sign-va.tiktokcdn.com/musically-maliva-obj/18ce88aa768350f8576769e10349e446~tplv-tiktokx-origin.image?dr=14566&x-expires=1773136800&x-signature=KVCy1Q6ZNp4j%2BS2O6A71beVnlPU%3D&t=4d5b0474&ps=13740610&shp=81f88b70&shcp=9b759fb9&idc=my2","2262943","healthtips","What's your secret to staying fit? Share tips that have helped you stay healthy!",,,,,,,,,,,,,,,,,,,,,,,,,,,,,,,,,,,,,,,,,,,,,,,,,,,,,,,,,,,,,,,,,,,,,,,,,,,,,,,,,,,,,,,,,,,,,,,,,,,,,,,,,,,,,,,,,,,,,,,,,"2026-02-25T08:44:16.000Z","242","1577"
"1762765731","7571021117297642774",,,,,,,"81600","0","Feeling breathless even at rest? 😮‍💨
Discover this natural drink, simple breathing trick, and home air tips that can help your lungs recover faster. 🍯🌿 

#copd #lunghealth #doctor ","en","179","nahihirapan huminga","","10143353","copd","","","1625126776132613","lunghealth","","","15551","doctor","",,,,,,,,,,,,,,,,,,,,,,,,,,,,,,,,,,,,,,,,,,,,,,,,,,,,,,,,,,,,,,,,,,,,,,,,,,,,,,,,,,,,,,,,,,,,,,,,,,,,,,,,,,,,,,,,,,,,,,,,,,,,,,,,,"2025-11-10T09:08:51.000Z","56","427"
"1663184073","7143321064016235803",,,,,,,"60100","0","Phelp nman if normal lang ba to..!🥺 #firsttimemom #pregnantlife ","tl","4","nahihirapan huminga","","2304520","firsttimemom","","","215912","pregnantlife","",,,,,,,,,,,,,,,,,,,,,,,,,,,,,,,,,,,,,,,,,,,,,,,,,,,,,,,,,,,,,,,,,,,,,,,,,,,,,,,,,,,,,,,,,,,,,,,,,,,,,,,,,,,,,,,,,,,,,,,,,,,,,,,,,,,,,"2022-09-14T19:34:33.000Z","37","26"
"1754789670","7536764219740409095",,,,,,,"119000","0","#fyppppppppppppppppppppppp #foryoupage #fypviralシ #epwaypi ","un","2151","nahihirapan huminga","","1649139584636934","fyppppppppppppppppppppppp","","","88764338","foryoupage","","","1666593428398085","fypviralシ","","","1642178777795586","epwaypi","",,,,,,,,,,,,,,,,,,,,,,,,,,,,,,,,,,,,,,,,,,,,,,,,,,,,,,,,,,,,,,,,,,,,,,,,,,,,,,,,,,,,,,,,,,,,,,,,,,,,,,,,,,,,,,,,,,,,,,,,,,,,,"2025-08-10T01:34:30.000Z","98","1479"
"1764165471","7577032980640648456",,,,,,,"143600","0","Inuubo at hirap huminga sa gabi? Gawin ang hand pressure na ito para sa mabilis na ginhawa.   #tips #lifehacks #foryoupage ","tl","619","nahihirapan huminga","","79189","tips","Show us your pro #Tips.","https://p16-sign-va.tiktokcdn.com/musically-maliva-obj/d08ab589449aa36692eab793d0697eb4~tplv-tiktokx-origin.image?dr=14566&x-expires=1773136800&x-signature=Dmu1Mco0rSkwUmKHL22N%2FNDAg4A%3D&t=4d5b0474&ps=13740610&shp=81f88b70&shcp=9b759fb9&idc=my2","325405","lifehacks","Show us those tips and tricks that have changed your life.","","88764338","foryoupage","",,,,,,,,,,,,,,,,,,,,,,,,,,,,,,,,,,,,,,,,,,,,,,,,,,,,,,,,,,,,,,,,,,,,,,,,,,,,,,,,,,,,,,,,,,,,,,,,,,,,,,,,,,,,,,,,,,,,,,,,,,,,,,,,,"2025-11-26T13:57:51.000Z","36","627"
"1627050805","6988129971399085339",,,,,,,"87100","0","Sino ganito din mga mamsh? #preggyproblems  #31weekspregnant #thirdtrimester #momsoftiktok #pregnant #fyp","tl","29","nahihirapan huminga","","1641123970252802","preggyproblems","","","11631319","31weekspregnant","","","67672533","thirdtrimester","","https://p16-sign-va.tiktokcdn.com/musically-maliva-obj/bba213aef00ac0fa13330f01234a6862.png~tplv-tiktokx-origin.image?dr=14566&x-expires=1773136800&x-signature=0l8g%2BHCTIKzowHywMMbfBjfUJ4g%3D&t=4d5b0474&ps=13740610&shp=81f88b70&shcp=9b759fb9&idc=my2","1609640694706182","momsoftiktok","This Mothers Day we are celebrating #MomsofTikTok 
Share how you pamper yourself as a mom and all the beautiful things that make being a mom amazing!!","","46845","pregnant","","","229207","fyp","",,,,,,,,,,,,,,,,,,,,,,,,,,,,,,,,,,,,,,,,,,,,,,,,,,,,,,,,,,,,,,,,,,,,,,,,,,,,,,,,,,,,,,,,,,,,,,,,,,,,,,,,,,,,,,,,,,,,,"2021-07-23T14:33:25.000Z","76","53"
"1769607892","7600407866905742608",,,,,,,"8162","0","""MAHIRAP HUMINGA NG ""MAAYUS😓

""Kala mo naman malala yung sakit, e pneumonia lang naman""

to those people saying pneumonia is not that serious, having PNEUMONIA is NOT that EASY, dealing with cough that has blood, that feeling like someone is squeezing your chest tightly and it ends * up feeling like you can't breathe properly, your heart hurting when you cough. That feeling like when your trying so hard not to cough because you feel like your gonna run out of breath anytime. THAT CHEST PAIN HURTS SO MUCH. No words can explain the feeling of having pneumonia, so please, don't say such words if you haven't experienced it yet..

#fyp #pheumonia #awareness #pain ","en","41","nahihirapan huminga","","229207","fyp","","","1633557580616710","pheumonia","","","312522","awareness","","","8004","pain","",,,,,,,,,,,,,,,,,,,,,,,,,,,,,,,,,,,,,,,,,,,,,,,,,,,,,,,,,,,,,,,,,,,,,,,,,,,,,,,,,,,,,,,,,,,,,,,,,,,,,,,,,,,,,,,,,,,,,,,,,,,,,"2026-01-28T13:44:52.000Z","7","27"
"1741009370","7477578287355579666",,,,,,,"520800","0","#asthma ","un","5879","nahihirapan huminga","","70215","asthma","",,,,,,,,,,,,,,,,,,,,,,,,,,,,,,,,,,,,,,,,,,,,,,,,,,,,,,,,,,,,,,,,,,,,,,,,,,,,,,,,,,,,,,,,,,,,,,,,,,,,,,,,,,,,,,,,,,,,,,,,,,,,,,,,,,,,,,,,,"2025-03-03T13:42:50.000Z","451","5493"
"1723795263","7403644264548273415",,,,,,,"44700","0","Ang hirap pag may sakit Kang ganto nahihirapan ka huminga at nanghihina😭🤧","tl","39","nahihirapan huminga",,,,,,,,,,,,,,,,,,,,,,,,,,,,,,,,,,,,,,,,,,,,,,,,,,,,,,,,,,,,,,,,,,,,,,,,,,,,,,,,,,,,,,,,,,,,,,,,,,,,,,,,,,,,,,,,,,,,,,,,,,,,,,,,,,,,,,,,,,,,,"2024-08-16T08:01:03.000Z","196","182"
"1700550622","7303809286143020293",,,,,,,"402600","0","#creditstotheowner #ctto #fypシ #ayradhudz #notoshadowbanned #followformore #likeandshare #healthyliving #health ","un","662","makating lalamunan","","4711025","creditstotheowner","","","4466458","ctto","","","1637342470396934","fypシ","","","1636205869364226","ayradhudz","","","1659952040924162","notoshadowbanned","","","209720","likeandshare","","https://p19-common-sign.tiktokcdn-us.com/tiktok-obj/661c8cc4ffb1d9b7d800bd84897c286c.png~tplv-tiktokx-origin.image?dr=9627&x-expires=1773136800&x-signature=v1vAXxiGaSjVFV4qBlzYLA8yUD8%3D&t=4d5b0474&ps=13740610&shp=81f88b70&shcp=9b759fb9&idc=useast5","1430012","healthyliving","Whether it's workout routines or healthy habits, share your tips for #HealthyLiving.","","13566","health","",,,,,,,,,,,,,,,,,,,,,,,,,,,,,,,,,,,,,,,,,,,,,,,,,,,,,,,,,,,,,,,,,,,,,,,,,,,,,,,,,,,,,,,,,,,,,,,,,,,,,,,,,,,,,"2023-11-21T07:10:22.000Z","118","1202"
"1752501608","7526937077791984914",,,,,,,"24900","0","Kapag lumulon ka ng buhay na isda, pumipiglas ito habang bumababa sa iyong lalamunan kaya mas mahirap itong lunukin. Mas lalong delikado kung ang isda ay may matutulis na tinik dahil maaaring magasgasan ang iyong lalamunan. Kung sakaling malunok mo ito, mapupunta ito sa iyong tiyan—pero hindi ito magtatagal nang buhay doon. Ang asido sa tiyan ay sobrang tapang at mabilis nitong matutunaw ang isda. Gayunpaman, ang mga buhay na isda ay maaaring may dalang mga parasite tulad ng tapeworm na kayang mabuhay sa kabila ng asido sa tiyan at maaaring manirahan sa iyong digestive system. #fyp #tiktok ","tl","17","makating lalamunan","","229207","fyp","","","23428","tiktok","",,,,,,,,,,,,,,,,,,,,,,,,,,,,,,,,,,,,,,,,,,,,,,,,,,,,,,,,,,,,,,,,,,,,,,,,,,,,,,,,,,,,,,,,,,,,,,,,,,,,,,,,,,,,,,,,,,,,,,,,,,,,,,,,,,,,,"2025-07-14T14:00:08.000Z","11","32"
"1635338001","7023723231093738778",,,,,,,"77800","0","So far effective naman to sakin.  #fyp","en","23","makating lalamunan","","229207","fyp","",,,,,,,,,,,,,,,,,,,,,,,,,,,,,,,,,,,,,,,,,,,,,,,,,,,,,,,,,,,,,,,,,,,,,,,,,,,,,,,,,,,,,,,,,,,,,,,,,,,,,,,,,,,,,,,,,,,,,,,,,,,,,,,,,,,,,,,,,"2021-10-27T12:33:21.000Z","24","59"
"1688103551","7250349529394859270",,,,,,,"256500","0","#CapCut #fbvideos #insperational #fypシ゚viral #satisfyingvideo #tiktok #trending #fyp #tips #trending Gusto nyo ba mawala ang kati ng lalamunan panoorin nyo ng buo.","tl","800","makating lalamunan","","1663935709411330","capcut","CapCut is a new, easy-to-use video editing tool designed for mobile platforms. CapCut provides users with a wide range of video editing functions, filters, audio &amp; visual effects, video templates, while keeping it free of charge and ads-free. Everyone can be a creator by using CapCut.  

Start creating your cool videos today: 
https://capcut.onelink.me/XKqI/228cad85","","1649821852751873","fbvideos","","","183793","insperational","","","1664119477821441","fypシ゚viral","","","23899928","satisfyingvideo","","","23428","tiktok","","","20105","trending","Discover the top viral trends, sounds and effects of the week! 🔥","","229207","fyp","","","79189","tips","Show us your pro #Tips.","","20105","trending","Discover the top viral trends, sounds and effects of the week! 🔥",,,,,,,,,,,,,,,,,,,,,,,,,,,,,,,,,,,,,,,,,,,,,,,,,,,,,,,,,,,,,,,,,,,,,,,,,,,,,,,,,,,,,,,,,,,,,,,,,,,,,"2023-06-30T05:39:11.000Z","127","405"
"1761979442","7567644035221966101",,,,,,,"198500","0","Plema may Dugo? Ayos ang Sugat sa Lalamunan!#lalamunan #ubo","tl","36","makating lalamunan","","35641736","lalamunan","","","16699672","ubo","",,,,,,,,,,,,,,,,,,,,,,,,,,,,,,,,,,,,,,,,,,,,,,,,,,,,,,,,,,,,,,,,,,,,,,,,,,,,,,,,,,,,,,,,,,,,,,,,,,,,,,,,,,,,,,,,,,,,,,,,,,,,,,,,,,,,,"2025-11-01T06:44:02.000Z","15","114"
"1767868031","7592935350465498388",,,,,,,"250900","0","Nakalunok ng Tinik ng Isda: Saging o Doktor? #tinik #tiniksalalamunan #lalamunan #natinik #natinikako","tl","1162","makating lalamunan","","41269723","tinik","","","1675479852432385","tiniksalalamunan","","","35641736","lalamunan","","","1604154001213442","natinik","","","1604320726673410","natinikako","",,,,,,,,,,,,,,,,,,,,,,,,,,,,,,,,,,,,,,,,,,,,,,,,,,,,,,,,,,,,,,,,,,,,,,,,,,,,,,,,,,,,,,,,,,,,,,,,,,,,,,,,,,,,,,,,,,,,,,,,,"2026-01-08T10:27:11.000Z","516","626"
"1622548800","6968788655305395458",,,,,,,"9600000","0","Too embarrassing 😂 #iqiyi #fyp #myroomateisagumiho #张基龙 #장기용 #JangKiYong #李惠利 #이혜리 #LeeHye-ri #girl'sday #kdrama","en","316","makating lalamunan","","1602405428734982","iqiyi","","","229207","fyp","","","1695188516554753","myroomateisagumiho","","","1664851896480769","张基龙","","","1628336617909250","장기용","","","1601981369187330","jangkiyong","","","1634333789586434","李惠利","","","1628496674027521","이혜리","",,,"leehye-ri",,,,"girl'sday",,"","8705","kdrama","Addicted to Korean TV Shows &amp; Dramas like us? Share your recommendations for the best #KDrama to binge-watch! 🍿️ 🎬",,,,,,,,,,,,,,,,,,,,,,,,,,,,,,,,,,,,,,,,,,,,,,,,,,,,,,,,,,,,,,,,,,,,,,,,,,,,,,,,,,,,,,,,,,,,,,,,,"2021-06-01T12:00:00.000Z","1120","3845"
"1648956196","7082212931420556571",,,,,,,"90800","0","Reply to @ivanopiderpalen","en","65","makating lalamunan",,,"",,,,,,,,,,,,,,,,,,,,,,,,,,,,,,,,,,,,,,,,,,,,,,,,,,,,,,,,,,,,,,,,,,,,,,,,,,,,,,,,,,,,,,,,,,,,,,,,,,,,,,,,,,,,,,,,,,,,,,,,,,,,,,,,,,,,,,,,,,"2022-04-03T03:23:16.000Z","90","114"
"1771927929","7610372474487852306",,,,,,,"256","0","kalmahan lang daw, pero hinahabol ko hininga ko dito! HAHAHA 🤣
ito lang entry, di ko pala kaya ang dance trend nila. 😭
#VISA #PABLO #SB19 ","tl","1","hinahabol ang paghinga","","75598","visa","","","49805","pablo","","","1604797651309569","sb19","",,,,,,,,,,,,,,,,,,,,,,,,,,,,,,,,,,,,,,,,,,,,,,,,,,,,,,,,,,,,,,,,,,,,,,,,,,,,,,,,,,,,,,,,,,,,,,,,,,,,,,,,,,,,,,,,,,,,,,,,,,,,,,,,,"2026-02-24T10:12:09.000Z","1","1"
"1773070208","7615278530901085458",,,,,,,"367","0","Please help me raise funds for my baby Yuna :( A few days ago napansin ko na hirap siya huminga and umuubo siya.Never pa siya nagkaganun before and base sa research ko ay may cat asthma siya.Since student palang po ako and wala pang stable na income except sa part time job ko sa isang maliit na pizza place sa town namin ay di ko talaga siya kaya madala sa vet since mahal at madaming kailangang procedures o gamit na bilhin.Tonight napansin ko na mas lumala yung paghinga niya and di na siya makakain at makainom ng tubig.Nag try siya uminom ng water pero nasuka siya meaning may naka block sa airways niya and need na need na ng urgent care sa vet.Please please please please help me po,I’ve had him for almost 3 years na this June.Nakita ko siya sa tabi ng kalsada as a small kitten and ever since ay ako na nag alaga at nagpalaki sa kanya.Mabait siya and super lambing na pusa and di ko po kaya na mawala siya so kahit ano po willing ako gawin para lang mapagamot siya.Please send help po or help me by finishing this video and sharing the link ☹️ if ever na may extra po kayo kahit piso is malaking tulong na po sa pagpapagamot ng cat ko thank you so much po and God bless  #cat #sickcat #fyp #helpme #catsoftiktok ","tl","13","hinahabol ang paghinga","","7551","cat","","","7880957","sickcat","","","229207","fyp","","","21283","helpme","","","1601336200518658","catsoftiktok","Meow.",,,,,,,,,,,,,,,,,,,,,,,,,,,,,,,,,,,,,,,,,,,,,,,,,,,,,,,,,,,,,,,,,,,,,,,,,,,,,,,,,,,,,,,,,,,,,,,,,,,,,,,,,,,,,,,,,,,,,,,,,"2026-03-09T15:30:08.000Z","11","3"
"1773070535","7615279945283128594",,,,,,,"2695","0","Nakakainis yang pahawak-hawak na yan,nakaka-sikip ng paghinga 😩

•••
#biniph #binicolet #binistacey #colcey #fyp ","tl","6","hinahabol ang paghinga","","1682611550558210","biniph","","","1686229763676162","binicolet","","","1689585698790402","binistacey","","","7061047479063707674","colcey","","","229207","fyp","",,,,,,,,,,,,,,,,,,,,,,,,,,,,,,,,,,,,,,,,,,,,,,,,,,,,,,,,,,,,,,,,,,,,,,,,,,,,,,,,,,,,,,,,,,,,,,,,,,,,,,,,,,,,,,,,,,,,,,,,,"2026-03-09T15:35:35.000Z","0","33"
"1772998578","7614970890974924040",,,,,,,"1145","0","Mga Sanhi ng Madalas Pagkapagod kahit Kumpleto ang Tulog
Marami ang nagtataka — kumpleto naman sa tulog, pero pagod pa rin pagkagising. 🤔
Narito ang mga posibleng dahilan kung bakit nangyayari ito, at paano mo ito maiiwasan:

⸻

1️⃣ Mababa ang Iron o May Anemia

Kapag kulang sa iron, hindi sapat ang oxygen na nadadala sa mga cells kaya nakakaramdam ng panghihina.
🩸 Solusyon: Kumain ng pagkaing mayaman sa iron tulad ng malunggay, spinach, at atay.

⸻

2️⃣ Kulang sa Physical Activity

Ang sobrang sedentary lifestyle ay nagpapabagal ng metabolismo at energy flow sa katawan.
🏃‍♀️ Solusyon: Maglakad o mag-ehersisyo kahit 15–30 minuto kada araw.

⸻

3️⃣ Labis ang Stress o Anxiety

Ang sobrang pag-iisip ay nakakaubos ng mental energy kahit natutulog ka ng maayos.
🧠 Solusyon: Mag-practice ng deep breathing o meditation bago matulog.

⸻

4️⃣ Dehydration

Ang kakulangan sa tubig ay nagdudulot ng sluggish feeling at fatigue sa umaga.
💧 Solusyon: Uminom ng 8–10 basong tubig araw-araw at isang baso pagkagising.

⸻

5️⃣ Mababang Blood Sugar

Kapag matagal kang hindi kumain, bumababa ang glucose level at nagiging dahilan ng panghihina.
🍽️ Solusyon: Huwag laging nilalampasan ang breakfast at iwasan ang sobrang matamis.

⸻

6️⃣ Hormonal Imbalance

Maaaring may problema sa thyroid o adrenal glands na nakakaapekto sa energy regulation.
🧬 Solusyon: Magpatingin sa doktor para sa tamang pagsusuri.

⸻

7️⃣ Sleep Apnea o Iregular na Paghinga Habang Tulog

Kahit mahaba ang tulog, hindi ito kalidad kung madalas huminto ang paghinga.
😴 Solusyon: Magpasuri kung madalas kang humihilik o pagod pa rin sa umaga.

⸻

8️⃣ Kakulangan sa Vitamin B Complex

Ang B Vitamins ay mahalaga sa energy production. Kapag kulang, madaling mapagod ang katawan.
🥚 Solusyon: Kumain ng itlog, whole grains, at green leafy vegetables.

⸻

9️⃣ Emotional Burnout

Ang sobrang pressure o kawalan ng motivation ay nagdudulot ng “mental fatigue.”
💭 Solusyon: Magpahinga sa mga gawain paminsan-minsan at hanapin ang bagay na nakapagpapasaya sa’yo.

⸻

🔟 Sobrang Paggamit ng Gadget Bago Matulog

Ang blue light ay nakakasira sa natural sleep rhythm kaya hindi ganap ang pahinga.
📱 Solusyon: Iwasan ang cellphone 30 minuto bago matulog.

⸻

💡 Tandaan:
Hindi sapat ang tulog kung hindi maayos ang kalidad nito.
Ang tunay na pahinga ay galing sa balanseng pagkain, tamang mindset, at malusog na lifestyle.","tl","8","hinahabol ang paghinga",,,,,,,,,,,,,,,,,,,,,,,,,,,,,,,,,,,,,,,,,,,,,,,,,,,,,,,,,,,,,,,,,,,,,,,,,,,,,,,,,,,,,,,,,,,,,,,,,,,,,,,,,,,,,,,,,,,,,,,,,,,,,,,,,,,,,,,,,,,,,"2026-03-08T19:36:18.000Z","1","4"
"1766195541","7585752057458543890",,,,,,,"104100","0","Paano malilinis ang dumi sa lalamunan dahil sa pharyngitis Subukan ang Mitsui Throat Gel#pharyngitis #fypシ゚viral #Sakitsalalamunan #Mitsui #lalamunan #tonsil #ubo #pleman #A03","tl","40","masakit ang lalamunan","","58430801","pharyngitis","","","1664119477821441","fypシ゚viral","","","1601236798683137","sakitsalalamunan","","","32292616","mitsui","","","35641736","lalamunan","","","18026369","tonsil","","","16699672","ubo","","","70239781","pleman","","","25674788","a03","",,,,,,,,,,,,,,,,,,,,,,,,,,,,,,,,,,,,,,,,,,,,,,,,,,,,,,,,,,,,,,,,,,,,,,,,,,,,,,,,,,,,,,,,,,,,,,,,,,,,,,,,,"2025-12-20T01:52:21.000Z","1","71"
"1733796435","7446598966453488903",,,,,,,"2900000","0","Forda checkout na kayo jan dali!!#kimiso#kimisospeaker","tl","3218","masakit ang lalamunan","","1645164831397890","kimiso","","","7007269378735472666","kimisospeaker","",,,,,,,,,,,,,,,,,,,,,,,,,,,,,,,,,,,,,,,,,,,,,,,,,,,,,,,,,,,,,,,,,,,,,,,,,,,,,,,,,,,,,,,,,,,,,,,,,,,,,,,,,,,,,,,,,,,,,,,,,,,,,,,,,,,,,"2024-12-10T02:07:15.000Z","1344","12046"
"1763918400","7575894381106842900",,,,,,,"185300","0","Sa totoo lang, ang ubo at pananakit ng lalamunan ay madaling malunasan!#lalamunan #ubok #TIKTOK #A02","tl","37","masakit ang lalamunan","","35641736","lalamunan","","","10358654","ubok","","","23428","tiktok","","","15945038","a02","",,,,,,,,,,,,,,,,,,,,,,,,,,,,,,,,,,,,,,,,,,,,,,,,,,,,,,,,,,,,,,,,,,,,,,,,,,,,,,,,,,,,,,,,,,,,,,,,,,,,,,,,,,,,,,,,,,,,,,,,,,,,,"2025-11-23T17:20:00.000Z","2","128"
"1773006901","7615006586775293204",,,,,,,"246","0","ang pakiramdam ay masakit sa lalamunan 😭 #sb19 #dam #sb19_ken ","tl","1","masakit ang lalamunan","","1604797651309569","sb19","","","2835","dam","","","1645247329927169","sb19_ken","",,,,,,,,,,,,,,,,,,,,,,,,,,,,,,,,,,,,,,,,,,,,,,,,,,,,,,,,,,,,,,,,,,,,,,,,,,,,,,,,,,,,,,,,,,,,,,,,,,,,,,,,,,,,,,,,,,,,,,,,,,,,,,,,,"2026-03-08T21:55:01.000Z","0","0"
"1773045844","7615173885079686408",,,,,,,"201","0","Support me!!😕✨💕 ( masakit lang lalamunan kaya ganyan yung boses, insecure pa nyan ako! 😊 ) 
#mannixfam #mannixmanegement 
#foryoupage #foryou #fyp 

@mannix carancho official 
@mami bhie 
@YUKIE YAY ","tl","16","masakit ang lalamunan","","1629252209026054","mannixfam","","","7019512927195496475","mannixmanegement","","","88764338","foryoupage","","","42164","foryou","","","229207","fyp","",,,"",,,,"",,,,"",,,,,,,,,,,,,,,,,,,,,,,,,,,,,,,,,,,,,,,,,,,,,,,,,,,,,,,,,,,,,,,,,,,,,,,,,,,,,,,,,,,,,,,,,,,,,,,,,,,,,,,,,,,,,,"2026-03-09T08:44:04.000Z","20","3"
"1772369078","7612267184823307540",,,,,,,"1668","0","epekto ng masakit ang lalamunan😣 #fyppppppppppppppppppppppp #fyp ","tl","0","masakit ang lalamunan","","1649139584636934","fyppppppppppppppppppppppp","","","229207","fyp","",,,,,,,,,,,,,,,,,,,,,,,,,,,,,,,,,,,,,,,,,,,,,,,,,,,,,,,,,,,,,,,,,,,,,,,,,,,,,,,,,,,,,,,,,,,,,,,,,,,,,,,,,,,,,,,,,,,,,,,,,,,,,,,,,,,,,"2026-03-01T12:44:38.000Z","1","3"
"1751244007","7521535503791869200",,,,,,,"19800","0","ORASYON PARA MAALIS ANG USOG#ORASYON #MANGGAGAMOT #SPIRITUAL #fyppppppppppppppppppppppp #follower #FYP","tl","135","panghihina","","1603225289338885","orasyon","","","1608215888840705","manggagamot","","","147077","spiritual","","","1649139584636934","fyppppppppppppppppppppppp","","","47520","follower","","","229207","fyp","",,,,,,,,,,,,,,,,,,,,,,,,,,,,,,,,,,,,,,,,,,,,,,,,,,,,,,,,,,,,,,,,,,,,,,,,,,,,,,,,,,,,,,,,,,,,,,,,,,,,,,,,,,,,,,,,,,,,,"2025-06-30T00:40:07.000Z","56","97"
"1733542236","7445507047283592449",,,,,,,"897","0","#CapCut I made this amazing video with CapCut. Open the link to try it out: capcut.com/tools/desktop-video-editor","en","0","panghihina","","1663935709411330","capcut","CapCut is a new, easy-to-use video editing tool designed for mobile platforms. CapCut provides users with a wide range of video editing functions, filters, audio &amp; visual effects, video templates, while keeping it free of charge and ads-free. Everyone can be a creator by using CapCut.  

Start creating your cool videos today: 
https://capcut.onelink.me/XKqI/228cad85",,,,,,,,,,,,,,,,,,,,,,,,,,,,,,,,,,,,,,,,,,,,,,,,,,,,,,,,,,,,,,,,,,,,,,,,,,,,,,,,,,,,,,,,,,,,,,,,,,,,,,,,,,,,,,,,,,,,,,,,,,,,,,,,,,,,,,,,,"2024-12-07T03:30:36.000Z","0","0"
"1766283036","7586127826634525973",,,,,,,"1300000","0","HAHAHAHAHAHAHHAHA @Yohan ","en","12600","panghihina",,,"",,,,,,,,,,,,,,,,,,,,,,,,,,,,,,,,,,,,,,,,,,,,,,,,,,,,,,,,,,,,,,,,,,,,,,,,,,,,,,,,,,,,,,,,,,,,,,,,,,,,,,,,,,,,,,,,,,,,,,,,,,,,,,,,,,,,,,,,,,"2025-12-21T02:10:36.000Z","130","1903"
"1760151602","7559793548506172680",,,,,,,"11500","0","Hello sa lahat, maraming salamat po 🥰 God bless you all🙏
#ti̇ktok #followers #highlight #everyone #thecancerwarrior ","tl","835","panghihina","","1596748799527942","ti̇ktok","","","18364","followers","","","87545","highlight","","","25047","everyone","","","1654698005262341","thecancerwarrior","",,,,,,,,,,,,,,,,,,,,,,,,,,,,,,,,,,,,,,,,,,,,,,,,,,,,,,,,,,,,,,,,,,,,,,,,,,,,,,,,,,,,,,,,,,,,,,,,,,,,,,,,,,,,,,,,,,,,,,,,,"2025-10-11T03:00:02.000Z","225","139"
"1770355710","7603619855597604104",,,,,,,"705800","0","Sciatica nerve
#sciaticarelief 
#sciaticanervepain ","en","4188","panghihina","","1655025458079750","sciaticarelief","","","1691092340665350","sciaticanervepain","",,,,,,,,,,,,,,,,,,,,,,,,,,,,,,,,,,,,,,,,,,,,,,,,,,,,,,,,,,,,,,,,,,,,,,,,,,,,,,,,,,,,,,,,,,,,,,,,,,,,,,,,,,,,,,,,,,,,,,,,,,,,,,,,,,,,,"2026-02-06T05:28:30.000Z","2014","2076"
"1764583946","7578830318992395541","Central Visayas, Philippines","","1717512","1694008","22535865201005085","Cebu City","3407","0","Orasyon Kontra Panghihina
#spirituality #oracion #manggagamot #prayer #spiritualtiktok ","tl","51","panghihina","","4747249","spirituality","","","35044953","oracion","","","1608215888840705","manggagamot","","","8886","prayer","","","1619095395218433","spiritualtiktok","",,,,,,,,,,,,,,,,,,,,,,,,,,,,,,,,,,,,,,,,,,,,,,,,,,,,,,,,,,,,,,,,,,,,,,,,,,,,,,,,,,,,,,,,,,,,,,,,,,,,,,,,,,,,,,,,,,,,,,,,,"2025-12-01T10:12:26.000Z","7","33"
"1761976629","7567631971866774802",,,,,,,"193","0","Here are simple tips to fight muscle loss (panghihina) and stay strong as you age because getting older doesn’t mean getting weaker! 
#StayStrong #HealthyAging #MuscleHealth #WellnessTips #ActiveLifestyle","en","0","panghihina","","11393","staystrong","","","1598638720516101","healthyaging","","","1658815246571525","musclehealth","","https://p16-sign-va.tiktokcdn.com/musically-maliva-obj/7a28d06806225344cddbcf014a968fff~tplv-tiktokx-origin.image?dr=14566&x-expires=1773136800&x-signature=FaQpf8a7SdUW7U%2BUcDWNvIKi9G0%3D&t=4d5b0474&ps=13740610&shp=81f88b70&shcp=9b759fb9&idc=my2","1652673142225925","wellnesstips","Whether you're a yoga expert, planning the perfect meal or just starting to meditate, share your #WellnessTips.","","5867558","activelifestyle","",,,,,,,,,,,,,,,,,,,,,,,,,,,,,,,,,,,,,,,,,,,,,,,,,,,,,,,,,,,,,,,,,,,,,,,,,,,,,,,,,,,,,,,,,,,,,,,,,,,,,,,,,,,,,,,,,,,,,,,,,"2025-11-01T05:57:09.000Z","1","1"
"1726806610","7416577900322786568",,,,,,,"15400000","0","Madaling pagkapagod, panghihina o bawas na gana sa pagkain? Pag-usapan ang signs of aging at paano maaaring maaddress ito.
#AgeStrongWithAnlene #AnlenePH
#fypp #drlyienho #aging","tl","2344","panghihina","","7407783467880513553","agestrongwithanlene","","","1694201153630213","anleneph","","","229207","fyp","","","7156440888019779610","drlyienho","","","122358","aging","",,,,,,,,,,,,,,,,,,,,,,,,,,,,,,,,,,,,,,,,,,,,,,,,,,,,,,,,,,,,,,,,,,,,,,,,,,,,,,,,,,,,,,,,,,,,,,,,,,,,,,,,,,,,,,,,,,,,,,,,,"2024-09-20T04:30:10.000Z","526","4579"
"1772136000","7611121366229601554","J394+4V2, Cubao, Quezon City, Metro Manila, Philippines","Quezon City","1692192","1694008","21568226263503509","Manila","647","0","Tagalog Prayer","en","2","panghihina",,,,,,,,,,,,,,,,,,,,,,,,,,,,,,,,,,,,,,,,,,,,,,,,,,,,,,,,,,,,,,,,,,,,,,,,,,,,,,,,,,,,,,,,,,,,,,,,,,,,,,,,,,,,,,,,,,,,,,,,,,,,,,,,,,,,,,,,,,,,,"2026-02-26T20:00:00.000Z","6","5"
"1767163008","7589907301667065106",,,,,,,"14500","0","Huwag mong inumin ito kung gusto mo pa ring makaramdam ng pagod at panghihina araw-araw — kakaiba pakinggan pero ito mismo ang purong natural honey na ginagamit na ng napakaraming pamilya. Ang presyo ngayon ay sobrang baba at talagang nakakagulat, pero ang kalidad ay tunay at maaasahan.
Isang kutsara lang bawat araw: ihalo sa maligamgam na tubig sa umaga, idagdag sa tsaa o gatas, gamitin bilang natural na pampatamis, o kainin direkta para sa instant na lakas. Ang honey na ito ay kinukuha mula sa mga modernong bee farm at pasado sa FDA standards, tumutulong magpalakas ng resistensya, magpanumbalik ng enerhiya at suportahan ang maayos na pagtunaw ng pagkain. Ligtas, praktikal at angkop para sa buong pamilya. Bumili na ngayon para makuha ang 50% off at Buy 1 Get 1 promo — kapag nahuli, ubos na.#foryoupage #healthy #tiktok #foryou #shopping #viral #fyp #buy1take1 #realhoney","tl","22","panghihina","","88764338","foryoupage","","","10429","healthy","New year, new you? Show us how you're staying healthy and keeping fit this new year!","","23428","tiktok","","","42164","foryou","","","9593","shopping","","https://p16-sign-va.tiktokcdn.com/musically-maliva-obj/8e4d8102460a60717c89acc2d6367a16.png~tplv-tiktokx-origin.image?dr=14566&x-expires=1773136800&x-signature=w1%2F8yVlR4XEl3nrDGLO5vJVjUGk%3D&t=4d5b0474&ps=13740610&shp=81f88b70&shcp=9b759fb9&idc=my2","20884","viral","¡descubre las canciones en tendencia! 🔥➡️ https://bit.ly/TendenciasTikTok_LATAM","","229207","fyp","","","1634495592417282","buy1take1","","","1614124411347973","realhoney","",,,,,,,,,,,,,,,,,,,,,,,,,,,,,,,,,,,,,,,,,,,,,,,,,,,,,,,,,,,,,,,,,,,,,,,,,,,,,,,,,,,,,,,,,,,,,,,,,,,,,,,,,"2025-12-31T06:36:48.000Z","19","22"
"1765150042","7581261623386475796","Bulacan, Central Luzon, Philippines","Bocaue","1724489","1694008","22535865206765286","Estrella Homes Marilao Subdivision","3643","0","#Rody Tiong #bolinaotiktokers💙💙💙 ","en","7","panghihina","","7072044","rody","","","7264078886446006277","bolinaotiktokers💙💙💙","",,,,,,,,,,,,,,,,,,,,,,,,,,,,,,,,,,,,,,,,,,,,,,,,,,,,,,,,,,,,,,,,,,,,,,,,,,,,,,,,,,,,,,,,,,,,,,,,,,,,,,,,,,,,,,,,,,,,,,,,,,,,,,,,,,,,,"2025-12-07T23:27:22.000Z","3","4"
"1721061709","7391903716426665224",,,,,,,"57500","0","mga kababayan may nangyayare napo!! ","tl","584","panghihina",,,,,,,,,,,,,,,,,,,,,,,,,,,,,,,,,,,,,,,,,,,,,,,,,,,,,,,,,,,,,,,,,,,,,,,,,,,,,,,,,,,,,,,,,,,,,,,,,,,,,,,,,,,,,,,,,,,,,,,,,,,,,,,,,,,,,,,,,,,,,"2024-07-15T16:41:49.000Z","27","727"
"1744984142","7494649807814905095",,,,,,,"629700","0","Naging kayo ba? #4u #fyp #lyricedits #theaxyn #lyrics #viral ","tl","34500","pagkahapo","","43268","4u","","","229207","fyp","","","10941821","lyricedits","","","7386266868064976903","theaxyn","","","22047","lyrics","Here's your chance to sing along.🎵🎵","https://p16-common-sign.tiktokcdn-us.com/musically-maliva-obj/8e4d8102460a60717c89acc2d6367a16.png~tplv-tiktokx-origin.image?dr=9627&x-expires=1773136800&x-signature=xIwjlnYSARVs96JwqNAhHgV5b%2BQ%3D&t=4d5b0474&ps=13740610&shp=81f88b70&shcp=9b759fb9&idc=useast5","20884","viral","¡descubre las canciones en tendencia! 🔥➡️ https://bit.ly/TendenciasTikTok_LATAM",,,,,,,,,,,,,,,,,,,,,,,,,,,,,,,,,,,,,,,,,,,,,,,,,,,,,,,,,,,,,,,,,,,,,,,,,,,,,,,,,,,,,,,,,,,,,,,,,,,,,,,,,,,,,,,,,,,,,"2025-04-18T13:49:02.000Z","873","7900"
"1764826668","7579872801771867400",,,,,,,"53700","0","ขอถามผู้รู้","th","12","pagkahapo",,,,,,,,,,,,,,,,,,,,,,,,,,,,,,,,,,,,,,,,,,,,,,,,,,,,,,,,,,,,,,,,,,,,,,,,,,,,,,,,,,,,,,,,,,,,,,,,,,,,,,,,,,,,,,,,,,,,,,,,,,,,,,,,,,,,,,,,,,,,,"2025-12-04T05:37:48.000Z","28","23"
"1715758268","7369125608808320273",,,,,,,"331","0","kapoo 😂😂","en","0","pagkahapo",,,,,,,,,,,,,,,,,,,,,,,,,,,,,,,,,,,,,,,,,,,,,,,,,,,,,,,,,,,,,,,,,,,,,,,,,,,,,,,,,,,,,,,,,,,,,,,,,,,,,,,,,,,,,,,,,,,,,,,,,,,,,,,,,,,,,,,,,,,,,"2024-05-15T07:31:08.000Z","0","0"
"1716946771","7374230184930594055",,,,,,,"3900000","0","sakit ng kanta #fyp #foryoupage #lyrics ","tl","16100","pagkahapo","","229207","fyp","","","88764338","foryoupage","","","22047","lyrics","Here's your chance to sing along.🎵🎵",,,,,,,,,,,,,,,,,,,,,,,,,,,,,,,,,,,,,,,,,,,,,,,,,,,,,,,,,,,,,,,,,,,,,,,,,,,,,,,,,,,,,,,,,,,,,,,,,,,,,,,,,,,,,,,,,,,,,,,,,,,,,,,,,"2024-05-29T01:39:31.000Z","3483","42945"
"1688376923","7251523654415092997",,,,,,,"1700000","0","sorry sa Kumakain 😅✌️ ngayon mention ninyo mga kakilala habang Kumain Sila 🤭#fyp #fypシ゚viral #yummy😋 #tae #viraltiktok #philippines","tl","19500","pagkahapo","","229207","fyp","","","1664119477821441","fypシ゚viral","","","1592308985426949","yummy😋","","","15734","tae","","","1592528792523778","viraltiktok","","","86497","philippines","",,,,,,,,,,,,,,,,,,,,,,,,,,,,,,,,,,,,,,,,,,,,,,,,,,,,,,,,,,,,,,,,,,,,,,,,,,,,,,,,,,,,,,,,,,,,,,,,,,,,,,,,,,,,,,,,,,,,,"2023-07-03T09:35:23.000Z","835","1428"
"1663512403","7144731337402928411",,,,,,,"2100000","0","หวานๆ","th","389","pagkahapo",,,,,,,,,,,,,,,,,,,,,,,,,,,,,,,,,,,,,,,,,,,,,,,,,,,,,,,,,,,,,,,,,,,,,,,,,,,,,,,,,,,,,,,,,,,,,,,,,,,,,,,,,,,,,,,,,,,,,,,,,,,,,,,,,,,,,,,,,,,,,"2022-09-18T14:46:43.000Z","243","1986"
"1742797883","7485259867389758775",,,,,,,"659","0","Kagobako 🥰","tn","0","pagkahapo",,,,,,,,,,,,,,,,,,,,,,,,,,,,,,,,,,,,,,,,,,,,,,,,,,,,,,,,,,,,,,,,,,,,,,,,,,,,,,,,,,,,,,,,,,,,,,,,,,,,,,,,,,,,,,,,,,,,,,,,,,,,,,,,,,,,,,,,,,,,,"2025-03-24T06:31:23.000Z","23","4"
"1772050958","7610900867700526343",,,,,,,"22700","0","มีใครเห็นอะไรไหม ..? ","th","7","pagkahapo",,,,,,,,,,,,,,,,,,,,,,,,,,,,,,,,,,,,,,,,,,,,,,,,,,,,,,,,,,,,,,,,,,,,,,,,,,,,,,,,,,,,,,,,,,,,,,,,,,,,,,,,,,,,,,,,,,,,,,,,,,,,,,,,,,,,,,,,,,,,,"2026-02-25T20:22:38.000Z","42","13"
"1772863831","7614392150150860040",,,,,,,"202300","0","Taob kadun","fi","2890","pagkahapo",,,,,,,,,,,,,,,,,,,,,,,,,,,,,,,,,,,,,,,,,,,,,,,,,,,,,,,,,,,,,,,,,,,,,,,,,,,,,,,,,,,,,,,,,,,,,,,,,,,,,,,,,,,,,,,,,,,,,,,,,,,,,,,,,,,,,,,,,,,,,"2026-03-07T06:10:31.000Z","71","1630"
"1772962839","7614817384775306514",,,,,,,"384","0","#CapCut  Ng dahil sa kaboringan Ayan medyo nababawasan pagka tomboy mo🤣 
#mspangit😜 #Ybanaue #yhungduan #fyp ","tl","12","pagkahapo","","1663935709411330","capcut","CapCut is a new, easy-to-use video editing tool designed for mobile platforms. CapCut provides users with a wide range of video editing functions, filters, audio &amp; visual effects, video templates, while keeping it free of charge and ads-free. Everyone can be a creator by using CapCut.  

Start creating your cool videos today: 
https://capcut.onelink.me/XKqI/228cad85","","7401477071829368848","mspangit😜","","","1692648355900417","ybanaue","","","7012248312480792602","yhungduan","","","229207","fyp","",,,,,,,,,,,,,,,,,,,,,,,,,,,,,,,,,,,,,,,,,,,,,,,,,,,,,,,,,,,,,,,,,,,,,,,,,,,,,,,,,,,,,,,,,,,,,,,,,,,,,,,,,,,,,,,,,,,,,,,,,"2026-03-08T09:40:39.000Z","3","2"
"1765334666","7582054617509268756",,,,,,,"52900","0","agi rako guy's balik nmn 🥹🥹🫶#alitmotion_edit #fypシ゚viral🖤tiktok #fyppppppppppppppppppppppp #fypppppppppppppppppp #🤭☺️🤤 ","tl","102","pagkahapo","","1692680773648386","alitmotion_edit","","","1685694592866306","fypシ゚viral🖤tiktok","","","1649139584636934","fyppppppppppppppppppppppp","","","1635691649096710","fypppppppppppppppppp","","","7003846084975919109","🤭☺️🤤","",,,,,,,,,,,,,,,,,,,,,,,,,,,,,,,,,,,,,,,,,,,,,,,,,,,,,,,,,,,,,,,,,,,,,,,,,,,,,,,,,,,,,,,,,,,,,,,,,,,,,,,,,,,,,,,,,,,,,,,,,"2025-12-10T02:44:26.000Z","231","673"
"1762255462","7568829275722304799",,,,,,,"101700","0","","un","1812","masakit ang katawan",,,,,,,,,,,,,,,,,,,,,,,,,,,,,,,,,,,,,,,,,,,,,,,,,,,,,,,,,,,,,,,,,,,,,,,,,,,,,,,,,,,,,,,,,,,,,,,,,,,,,,,,,,,,,,,,,,,,,,,,,,,,,,,,,,,,,,,,,,,,,"2025-11-04T11:24:22.000Z","209","832"
"1704349380","7320124824527850757",,,,,,,"580500","0","MASAKIT BA ANG LIKOD MO? Alamin ang mga dahilan nito at kung paano makakatulong ang Naproxen Sodium (Skelan) #fyp #foryou #naproxensodium #skelan #painreliever #drlyienho ","tl","1744","masakit ang katawan","","229207","fyp","","","42164","foryou","","","1662379711591425","naproxensodium","","","1646909349775361","skelan","","","3533280","painreliever","","","7156440888019779610","drlyienho","",,,,,,,,,,,,,,,,,,,,,,,,,,,,,,,,,,,,,,,,,,,,,,,,,,,,,,,,,,,,,,,,,,,,,,,,,,,,,,,,,,,,,,,,,,,,,,,,,,,,,,,,,,,,,,,,,,,,,"2024-01-04T06:23:00.000Z","331","2369"
"1769036873","7597955461639441682",,,,,,,"945200","0","No love akong bahala sayo😆
@peytpeyt 
#bossklint #makeitviral #fypシ゚viral #fyppppppppppppppppppppppp #nmaxmodifikasi ","tl","50500","masakit ang katawan",,,"",,"","7592442112218988564","bossklint","","","186970","makeitviral","","","1664119477821441","fypシ゚viral","","","1649139584636934","fyppppppppppppppppppppppp","","","1604559348812801","nmaxmodifikasi","",,,,,,,,,,,,,,,,,,,,,,,,,,,,,,,,,,,,,,,,,,,,,,,,,,,,,,,,,,,,,,,,,,,,,,,,,,,,,,,,,,,,,,,,,,,,,,,,,,,,,,,,,,,,,,,,,,,,,"2026-01-21T23:07:53.000Z","647","2411"
"1772944440","7614738220353473805",,,,,,,"103","0","","un","0","masakit ang katawan",,,,,,,,,,,,,,,,,,,,,,,,,,,,,,,,,,,,,,,,,,,,,,,,,,,,,,,,,,,,,,,,,,,,,,,,,,,,,,,,,,,,,,,,,,,,,,,,,,,,,,,,,,,,,,,,,,,,,,,,,,,,,,,,,,,,,,,,,,,,,"2026-03-08T04:34:00.000Z","0","1"
"1772587500","7613205309548498184",,,,,,,"166","0","#fyppppppppppppppppppppppp #fyp ","un","3","masakit ang katawan","","1649139584636934","fyppppppppppppppppppppppp","","","229207","fyp","",,,,,,,,,,,,,,,,,,,,,,,,,,,,,,,,,,,,,,,,,,,,,,,,,,,,,,,,,,,,,,,,,,,,,,,,,,,,,,,,,,,,,,,,,,,,,,,,,,,,,,,,,,,,,,,,,,,,,,,,,,,,,,,,,,,,,"2026-03-04T01:25:00.000Z","28","4"
"1772955768","7614786963924634900",,,,,,,"243","0","Hindi madali, pero worth it. ☺️ #keepgoing#fyp","tl","0","masakit ang katawan","","56624","keepgoing","","","229207","fyp","",,,,,,,,,,,,,,,,,,,,,,,,,,,,,,,,,,,,,,,,,,,,,,,,,,,,,,,,,,,,,,,,,,,,,,,,,,,,,,,,,,,,,,,,,,,,,,,,,,,,,,,,,,,,,,,,,,,,,,,,,,,,,,,,,,,,,"2026-03-08T07:42:48.000Z","1","0"
"1772216216","7611610637415992596",,,,,,,"394","0","#talentotiktok ##followers@Duterte prin kame ","un","0","tumutulo ang sipon","https://p16-common-sign.tiktokcdn-us.com/tiktok-obj/b51c73aa521d748cc5b2200fbe23ac26~tplv-tiktokx-origin.image?dr=9627&x-expires=1773136800&x-signature=nRKdUnwATZ8Vk0AvmdTGe8SF4%2FA%3D&t=4d5b0474&ps=13740610&shp=81f88b70&shcp=9b759fb9&idc=useast8","83732881","talentotiktok","","","18364","followers","",,,,,,,,,,,,,,,,,,,,,,,,,,,,,,,,,,,,,,,,,,,,,,,,,,,,,,,,,,,,,,,,,,,,,,,,,,,,,,,,,,,,,,,,,,,,,,,,,,,,,,,,,,,,,,,,,,,,,,,,,,,,,,,,,,,,,"2026-02-27T18:16:56.000Z","3","7"
"1721794063","7395049178939919634","Ilagan, Isabela, Cagayan Valley, Philippines","Ilagan","1711146","1694008","22535865213912375","Gay Island","2411","0","ano 'yong tumutulo? ah sipon ko lang pala😔#wangyibo #xiaozhan #zhangzhehan #fyp #edit #missyou #yizhan ","tl","23","tumutulo ang sipon","","11460304","wangyibo","","","1601674271340546","xiaozhan","","","1605872978191361","zhangzhehan","","","229207","fyp","","https://p16-common-sign.tiktokcdn-us.com/musically-maliva-obj/cb514973addd54a58a6ef8bbfb815854~tplv-tiktokx-origin.image?dr=9627&x-expires=1773136800&x-signature=eW2cbMtqNdCscpGSbeltcNe2Xzw%3D&t=4d5b0474&ps=13740610&shp=81f88b70&shcp=9b759fb9&idc=useast8","1518","edit","Llevando tu contenido al siguiente nivel 🔥 todos los trucos y tips para aprender a editar tus videos en TikTok.","","35912","missyou","Want to recreate the family portrait, but you’re a million miles away from your fam? Go solo &amp;amp; show us who you miss.","","1640378433513474","yizhan","",,,,,,,,,,,,,,,,,,,,,,,,,,,,,,,,,,,,,,,,,,,,,,,,,,,,,,,,,,,,,,,,,,,,,,,,,,,,,,,,,,,,,,,,,,,,,,,,,,,,,,,,,,,,,,,,,"2024-07-24T04:07:43.000Z","13","64"
"1704981146","7322837966617971975",,,,,,,"106700","0","Uso na naman ang ubo't sipon dahil sa malamig na panahon. 🥶

Ano ano nga ba ang mga home remedies na pwedeng gawin at mga gamot na maaring inumin? Panoorin ang video na ito. I-tag ang inyong pamilya para sa dagdag kaalaman! 

#drrcokywillis  #clinicalaguna #fyp #fypシ  #fyppppppppppppppppppppppp","tl","348","tumutulo ang sipon","","7322837385510092802","drrcokywillis","","","7191843011264217115","clinicalaguna","","","229207","fyp","","","1637342470396934","fypシ","","","1649139584636934","fyppppppppppppppppppppppp","",,,,,,,,,,,,,,,,,,,,,,,,,,,,,,,,,,,,,,,,,,,,,,,,,,,,,,,,,,,,,,,,,,,,,,,,,,,,,,,,,,,,,,,,,,,,,,,,,,,,,,,,,,,,,,,,,,,,,,,,,"2024-01-11T13:52:26.000Z","68","259"
"1668777177","7167343376881241370",,,,,,,"586000","0","Tips para maiwasan at malunasan ang sipon ng mga bata #fyp #MomsTrustedPanlabanSaSipon #IChooseGinhawaSaSipon #GinhawaSaSiponTrustedbyMoms #TiwalaSaKumpletongGinhawasaSipon","tl","51","tumutulo ang sipon","","229207","fyp","","","7164591062173319173","momstrustedpanlabansasipon","","","7164590338743468037","ichooseginhawasasipon","","","7164698686722113562","ginhawasasipontrustedbymoms","","","7164586103151722502","tiwalasakumpletongginhawasasipon","",,,,,,,,,,,,,,,,,,,,,,,,,,,,,,,,,,,,,,,,,,,,,,,,,,,,,,,,,,,,,,,,,,,,,,,,,,,,,,,,,,,,,,,,,,,,,,,,,,,,,,,,,,,,,,,,,,,,,,,,,"2022-11-18T13:12:57.000Z","46","93"
"1760800424","7562580217592614162",,,,,,,"214500","0","Grabe yung ginawa samen ng malunggay 🥹😭 Yung anak kong 6 years old na halos 3 months pabalik balik ang ubot sipon at yung 7 months old kong bunso na na confine na sa ospital pero pag uwi di padin nawala ang ubo at sipon halos pabalil balik din ngayon maginhawa na ang pakiramdam nila dahil sa malunggay 🥹😭🙏🏻 Bilang isang nanay grabe yung kaba at takot tuwing may ubot sipon ang mga anak sa totoo lang lalo sa 7 months old kong anak ! Yung gabi gabi na puyat dahil hindi ka makatulog kase panay ang gising nya sa kakaubo na napaka maplema pa , ANTIBIOTIC, At Iba pang mga gamot ang iniinom pero wala paden . Halos nakailang check up nadin , nawawala naman yung ubo pero sipon nandun padin talaga tapos babalik ulit yung ubo mga ilang araw ..😪😔Natakot ako kase baka masobraham na sila sa kakainom ng antibiotic kaya nagtry ako magpainom ng malunggay . 2 days ko palang sipa pinapainom nakita kona agad yung mga pagbabago 🥹🥹 Yung anak kong 6 years old  dati tuwing umaga halos masuka sa pag ubo ang ganit ganit ng ubo nya nok pero napansin kong hindi na sya umuubo ng ganun , hanggang nasundan ng ibang araw hindi ko na talaga naririnig na umuubo sya at yung sipon nya wala na 🥹 yung 7 months old ko naman napansin ko 2 days palang nakakainom ng malunggay , Hindi na tumutulo ang sipon nya sa maghapon at sa gabi naman hindi na sya nagigising na kakaubo 🥹  Para akong nabunutan ng tinik sa dibdib ! Talaga palang madaming sakit ang magagamot ng malunggay saten 🫶🏾🥹 Sana tuloy tuloy na pag galing ng mga anak ko . Pero feeling ko naman okay na sila . Isinasama ko din sa pagkain ng 7 months old ko ang malunggay . Oo nakakapagod maglaga ng maglaga kase dagdag pa sa gawain pero kung makakatulong sa mga anak ko bakit hindi diba ☺️ (SHARE KO LANG ) Pede nio din itry baka makakatulong din sainyo mga mimaaaaaa 🥹#fyp #momoftwo #malunggay ","tl","1382","tumutulo ang sipon","","229207","fyp","","","430809","momoftwo","","","21470031","malunggay","",,,,,,,,,,,,,,,,,,,,,,,,,,,,,,,,,,,,,,,,,,,,,,,,,,,,,,,,,,,,,,,,,,,,,,,,,,,,,,,,,,,,,,,,,,,,,,,,,,,,,,,,,,,,,,,,,,,,,,,,,,,,,,,,,"2025-10-18T15:13:44.000Z","426","1125"
"1759294753","7556113394097474834",,,,,,,"394","0","aray lumalabas sipon ko #macautiktok🇲🇴 ","tl","2","tumutulo ang sipon","","1648643919491074","macautiktok🇲🇴","",,,,,,,,,,,,,,,,,,,,,,,,,,,,,,,,,,,,,,,,,,,,,,,,,,,,,,,,,,,,,,,,,,,,,,,,,,,,,,,,,,,,,,,,,,,,,,,,,,,,,,,,,,,,,,,,,,,,,,,,,,,,,,,,,,,,,,,,,"2025-10-01T04:59:13.000Z","2","3"
"1773043713","7615164715752246548",,,,,,,"393","0","sapy kuma medeknam ngu eh teg-in😔  #fypシ #copylink #igorotiktokers #ibaloi ","ha","1","parang nilalamig","","1637342470396934","fypシ","","","38730164","copylink","","","1662149354127382","igorotiktokers","","","1641993921499141","ibaloi","",,,,,,,,,,,,,,,,,,,,,,,,,,,,,,,,,,,,,,,,,,,,,,,,,,,,,,,,,,,,,,,,,,,,,,,,,,,,,,,,,,,,,,,,,,,,,,,,,,,,,,,,,,,,,,,,,,,,,,,,,,,,,"2026-03-09T08:08:33.000Z","2","0"
"1772284915","7611905735491947783",,,,,,,"187","0","","un","4","parang nilalamig",,,,,,,,,,,,,,,,,,,,,,,,,,,,,,,,,,,,,,,,,,,,,,,,,,,,,,,,,,,,,,,,,,,,,,,,,,,,,,,,,,,,,,,,,,,,,,,,,,,,,,,,,,,,,,,,,,,,,,,,,,,,,,,,,,,,,,,,,,,,,"2026-02-28T13:21:55.000Z","0","0"
"1773109740","7615448302246579464",,,,,,,"143","0","#fyp#tiktoker#foryoupage #ofw #ksa🇸🇦 ","un","0","parang nilalamig","","229207","fyp","","","76422767","tiktoker","","","88764338","foryoupage","","","4719045","ofw","","","1614830324806658","ksa🇸🇦","",,,,,,,,,,,,,,,,,,,,,,,,,,,,,,,,,,,,,,,,,,,,,,,,,,,,,,,,,,,,,,,,,,,,,,,,,,,,,,,,,,,,,,,,,,,,,,,,,,,,,,,,,,,,,,,,,,,,,,,,,"2026-03-10T02:29:00.000Z","7","1"
"1773040166","7615149486167330069","Greece","","52680001","390903","22535865238463687","Agios Nikolaos","2926","0","Parang ice tubig sa lamig 😆❄️ pero yung view ibang klase parin haha

ikaw, naliligo ka ba? 🤣

#ofwgreece🇬🇷🇵🇭 #greece #ofw #philippines #fyp ","tl","2","parang nilalamig","","1699817143589894","ofwgreece🇬🇷🇵🇭","","","10862","greece","","","4719045","ofw","","","86497","philippines","","","229207","fyp","",,,,,,,,,,,,,,,,,,,,,,,,,,,,,,,,,,,,,,,,,,,,,,,,,,,,,,,,,,,,,,,,,,,,,,,,,,,,,,,,,,,,,,,,,,,,,,,,,,,,,,,,,,,,,,,,,,,,,,,,,"2026-03-09T07:09:26.000Z","6","0"
"1772960900","7614809016413211924","Davao del Sur, Davao, Philippines","","1715348","1694008","22535865203305449","Davao City","4885","0","#duet with @Cortez motovlog😭😭😭😭😭😭😭😭😭😭😭😭😭 ","un","16","parang nilalamig","https://p16-common-sign.tiktokcdn-us.com/musically-maliva-obj/dff7a84f4a6523e32f92b9a79b1e4d34~tplv-tiktokx-origin.image?dr=9627&x-expires=1773136800&x-signature=L8ABbzj5jIZfxY64eTfV8Gg%2FksA%3D&t=4d5b0474&ps=13740610&shp=81f88b70&shcp=9b759fb9&idc=useast5","30496","duet","Two is always better than one, so show us your perfect #Duet.",,,"",,,,,,,,,,,,,,,,,,,,,,,,,,,,,,,,,,,,,,,,,,,,,,,,,,,,,,,,,,,,,,,,,,,,,,,,,,,,,,,,,,,,,,,,,,,,,,,,,,,,,,,,,,,,,,,,,,,,,,,,,,,,,,,,,,,,,,"2026-03-08T09:08:20.000Z","8","51"
"1773066853","7615264105179499796",,,,,,,"100","0","#CapCut ","un","1","parang nilalamig","","1663935709411330","capcut","CapCut is a new, easy-to-use video editing tool designed for mobile platforms. CapCut provides users with a wide range of video editing functions, filters, audio &amp; visual effects, video templates, while keeping it free of charge and ads-free. Everyone can be a creator by using CapCut.  

Start creating your cool videos today: 
https://capcut.onelink.me/XKqI/228cad85",,,,,,,,,,,,,,,,,,,,,,,,,,,,,,,,,,,,,,,,,,,,,,,,,,,,,,,,,,,,,,,,,,,,,,,,,,,,,,,,,,,,,,,,,,,,,,,,,,,,,,,,,,,,,,,,,,,,,,,,,,,,,,,,,,,,,,,,,"2026-03-09T14:34:13.000Z","4","3"
"1772951849","7614770168417291541",,,,,,,"387","0","#CapCut #fyp mga mananabtan 🙏🏼 #fyppppppppppppppppppppppp ","tl","3","parang nilalamig","","1663935709411330","capcut","CapCut is a new, easy-to-use video editing tool designed for mobile platforms. CapCut provides users with a wide range of video editing functions, filters, audio &amp; visual effects, video templates, while keeping it free of charge and ads-free. Everyone can be a creator by using CapCut.  

Start creating your cool videos today: 
https://capcut.onelink.me/XKqI/228cad85","","229207","fyp","","","1649139584636934","fyppppppppppppppppppppppp","",,,,,,,,,,,,,,,,,,,,,,,,,,,,,,,,,,,,,,,,,,,,,,,,,,,,,,,,,,,,,,,,,,,,,,,,,,,,,,,,,,,,,,,,,,,,,,,,,,,,,,,,,,,,,,,,,,,,,,,,,,,,,,,,,"2026-03-08T06:37:29.000Z","4","0"
"1753573274","7531539814546476306",,,,,,,"281","0","laking tulog to sakin kung gabi para makatulog, parating barado ang ilong, lalo na ngayong tag ulan 😊 

#thankyoudoc
#baradongilonghindimakahinga","tl","38","baradong ilong","","1618814464516098","thankyoudoc","","","7531538237873979400","baradongilonghindimakahinga","",,,,,,,,,,,,,,,,,,,,,,,,,,,,,,,,,,,,,,,,,,,,,,,,,,,,,,,,,,,,,,,,,,,,,,,,,,,,,,,,,,,,,,,,,,,,,,,,,,,,,,,,,,,,,,,,,,,,,,,,,,,,,,,,,,,,,"2025-07-26T23:41:14.000Z","38","22"
