"created_at","id","quote_count","retweet_count","text","favorite_count"
"Sat Mar 21 12:18:37 +0000 2026","tweet-2035330236112625953","0","0","giatay i missed the live bushet man gud ning hilanat bida bida","0"
"Tue Mar 24 00:39:02 +0000 2026","tweet-2036241343794782647","0","0","mikyath our patron saint of hilanat","1"
"Thu Mar 26 20:35:20 +0000 2026","tweet-2037267177062146252","0","0","There a new wavelength in town!

The PIXELTARDS run muck.

Meet Hz.ules!

Hahaha

Braaap 

:)","0"
"Sat Mar 28 22:19:41 +0000 2026","tweet-2038018215897350530","0","0","#ye","0"
"Mon Mar 23 15:21:30 +0000 2026","tweet-2036101033810927771","0","0","Hilanat guro ta ani ky way inom2 coke.","0"
"Thu Mar 26 08:13:43 +0000 2026","tweet-2037080542340907295","0","0","deixa o cara...","0"
"Wed Mar 25 00:54:37 +0000 2026","tweet-2036607653645066613","0","0","it doesnt matter what happens to you or me","0"
"Sun Mar 22 23:51:56 +0000 2026","tweet-2035867104000594173","0","0","nansd ta aning arat tutnlan hilanat gyud ni padung mn","0"
"Tue Mar 24 03:39:28 +0000 2026","tweet-2036286751061451000","0","0","Yawa ba ni ako hilanat oy","0"
"Mon Mar 23 22:09:05 +0000 2026","tweet-2036203608535081288","0","0","My Kawasan Canyoneering Adventure business...Mabuhay! Badian, Cebu, Philippines...Book now! Whatsapp 09224481770 https://t.co/zfBr63Ri5h","0"
"Sat Mar 28 05:12:01 +0000 2026","tweet-2037759595553157571","0","0","TAPKE KOIK WORDLEI ADMINID, POOGE NAD FAKING ULES","0"
"Sun Mar 22 17:26:55 +0000 2026","tweet-2035770209189994611","0","0","#ramazanhocayaözgürlük https://t.co/AIpS1SES7o","0"
"Tue Mar 24 01:49:21 +0000 2026","tweet-2036259039802519909","0","0","dutlan jud hilanat🤒","0"
"Sat Mar 28 11:17:11 +0000 2026","tweet-2037851492024013125","0","0","QUE","0"
"Fri Mar 27 09:34:23 +0000 2026","tweet-2037463231288246302","0","0","https://t.co/DNpY5UcfE6","0"
"Thu Mar 26 11:21:27 +0000 2026","tweet-2037127787719647528","0","0","LISTENING TO WOR$T GIRL IN AMERICA YEEEEEEES","0"
"Sat Mar 21 12:00:44 +0000 2026","tweet-2035325733380231304","1","11","Fermez vos gu*ules vous nous emm*dez avec vos h*mmes sous œstrogènes les femmes masculinistes. Vous aimez les b*tes, c’est pas le problème des lesbiennes.","240"
"Thu Mar 26 20:35:25 +0000 2026","tweet-2037267198897729643","0","0","++ hubag2 sa kalawasan. NABOANG NAMAN NING LAWASA OY! wa na kontento sa 2 days nga hilanat ha!","0"
"Sun Mar 29 01:36:42 +0000 2026","tweet-2038067793510511063","0","0","ppl are right you really do just wake up and stop being heartbroken","0"
"Tue Mar 24 12:18:30 +0000 2026","tweet-2036417370751738320","0","0","Rendkívüli ülést hívott össze a Nemzetbiztonsági Bizottság „az elmúlt napok eseményei miatt” #magyarpolitika #lehallgatasibotrany #valasztas2026 #saszoltan #nemzetbiztonsagibizottsag #szoljhozza https://t.co/l0wcyQR2Dp","0"
"Mon Mar 09 12:57:33 +0000 2026","tweet-2030991378696560641","1","0","@Linao__ vraiment mdrrrrr comme je disais toutes les femmes fantasme, mais on a bien plus de respect et de limite qu’ils n’en auront jamais","32"
"Tue Mar 03 10:43:53 +0000 2026","tweet-2028783414326034536","0","0","unsaon man koni ugma oie nyahahaha gi hilanat kog ayo","0"
"Mon Mar 02 09:22:12 +0000 2026","tweet-2028400470092632268","0","0","take me back to linao","0"
"Sun Mar 01 10:09:44 +0000 2026","tweet-2028050041928351746","0","0","“Kain nga ako orange para vitamin c, maka gurgurigurun nak mittin” 

Mama: Bawal ag gurigor

“😵‍💫”","0"
"Mon Mar 09 21:53:21 +0000 2026","tweet-2031126216401629498","0","0","Safe to say he ain’t no #Patriots lol, plus he ass anyways 😭 https://t.co/48NMGAyfKs","0"
"Tue Mar 03 16:22:05 +0000 2026","tweet-2028868523070775671","0","0","guys wala ko ga binoang gi hilanat jud ko","0"
"Mon Mar 09 16:55:09 +0000 2026","tweet-2031051173302550774","0","0","https://t.co/rUlC3pZyLk","0"
"Wed Mar 04 06:38:08 +0000 2026","tweet-2029083957632090338","0","0","Alone ra Sa Balay Tara Fun 😁 #CebuAlter #CebuMilker Talisay amoa linao","0"
"Thu Mar 05 02:18:26 +0000 2026","tweet-2029380987738583083","1","0","⠀⠀⠀ ⠀
⠀⠀⠀ ⠀
⠀⠀⠀ ⠀ ➝⠀𝐑ules⠀⋆.˚
⠀⠀⠀ ⠀
⠀⠀⠀ ⠀","0"
"Mon Mar 09 07:48:18 +0000 2026","tweet-2030913552526229731","0","0","Diko ganahan ing ani ta. kay maluya na dayon ko wanakoy gana mura kog gakasakit.","0"
"Mon Mar 09 11:01:14 +0000 2026","tweet-2030962108146540971","0","0","igo jd sa hilanat","0"
"Sat Mar 07 11:19:02 +0000 2026","tweet-2030241811852324926","0","0","bwst ning sip-on kag ubo a ndi ko ma ayo ayo huhuhu","0"
"Sat Mar 07 07:10:40 +0000 2026","tweet-2030179306136383681","0","0","di ra man nako paliton pero di sab nako malikayan nga maluya ko hehe","0"
"Tue Mar 10 04:27:26 +0000 2026","tweet-2031225393836077102","0","0","ah kapoya hilanat oy","0"
"Sun Mar 08 12:44:35 +0000 2026","tweet-2030625728065351766","0","0","here we go again with the hilanat every naay exam☺️","0"
"Sun Mar 08 02:07:02 +0000 2026","tweet-2030465284528595232","1","0","⋆˙⟡                     𝑅ules","0"
"Thu Mar 05 20:23:11 +0000 2026","tweet-2029653974421324228","0","0","@ules_juju12 @Ibn_Ahmad_01 Haha, still not cooked! That's a spot-on Indian look-alike at a community iftar - Dwayne's been stateside (LA events, filming). No India trip or Ramadan posts from him. Viral resemblance is wild though! 💪😄","0"
"Mon Mar 02 10:16:37 +0000 2026","tweet-2028414163283021878","0","0","Maluya pag inisip yawa","0"
"Thu Mar 05 14:50:38 +0000 2026","tweet-2029570286476034066","0","0","@Linao__ Azy la communauté de taré, avec ce qu'on m'envoie à droite à gauche c'est pire que ce que je pensais wow","0"
"Fri Mar 06 07:25:29 +0000 2026","tweet-2029820647593988578","0","0","@ApisidRaksawon1 @gork @samanthaettus @shein @LauraKeeney01 @50cent @Rainbow6Mobile @Thai_summit @Starbucks @maroon5 @MalaysiaEduLife @ONEChampionship @LoganPaul @3Star_GOD @Humas_Korbrimob @IsraelMusicals @X @Pokemon @YouTube @ufc @Ibn_Ahmad_01 @nayuvika @JonestechDev @nandantwts @Bricktop_NAFO @JabLikeRoach @Brink_Thinker @210Fredallah @AkaLazarus @hi5 @Google @bowling23 @BIGOLIVEapp @ules_juju12 @mae_rusia @shiloh_wwe @ShahBalen Image generation and editing are currently limited to verified Premium subscribers. You can subscribe to unlock these features: https://t.co/X7y3NfGDvu","0"
"Wed Mar 11 03:28:53 +0000 2026","tweet-2031573046759403829","0","0","Dear Instagramteam

Please help

117:48

My Instagram account. has been disabled without ar y reason...and i am not break any ules of Instagram so pls i request you pls check my account again and back me as soon as posible

My account link__satendra._k_y https://t.co/lKWhNfhr0H","1"
"Mon Mar 16 10:33:27 +0000 2026","tweet-2033491830298603845","0","0","Pisti nga hilanat","0"
"Wed Mar 11 14:54:02 +0000 2026","tweet-2031745470544961792","0","0","手で知る 👰","0"
"Tue Mar 10 22:54:23 +0000 2026","tweet-2031503964387086409","0","0","""big girls don't cry"" e eu chorando horrores 

@BELIFTLAB RETRACT YOUR STATEMENT. LET HEESEUNG DO SOLO ACTIVITIES WHILE BEING AN ENHYPEN MEMBER

#BELIFTLABTREATENHYPENBETTER
#HEESEUNG 
#ENHYPENIS7
#COMEBACKHEESEUNG

ENHYPEN HOME
#ENHYPEN_IS_7
#ENHYPEN_HOME
#Alwayswithyou","0"
"Thu Mar 12 14:00:08 +0000 2026","tweet-2032094292660142377","0","0","katugnaw ba kaayos kalibutan, sabayan pajud ug hilanat","0"
"Mon Mar 16 17:29:26 +0000 2026","tweet-2033596516611346750","0","0","the right person won't make you question your worth","0"
"Mon Mar 16 01:19:22 +0000 2026","tweet-2033352389571268903","0","0","ah vai tomar no cu","0"
"Fri Mar 13 01:31:02 +0000 2026","tweet-2032268163069727194","0","0","like grabi na damgo pwede maluya","0"
"Thu Mar 19 14:46:47 +0000 2026","tweet-2034642747420979339","0","0","maklaro najud basta wala nakoy kwarta kay maluya ko permi😭😭","0"
"Tue Mar 17 18:06:48 +0000 2026","tweet-2033968305740865799","0","0","ela pegou um limão mofado e filmou jogando o linao No lixo","4"
"Sat Mar 14 01:57:25 +0000 2026","tweet-2032637190904095036","0","0","O senhor é como o Olavo, não erra nunca.","0"
"Thu Mar 19 15:50:41 +0000 2026","tweet-2034658828328083467","0","0","ay na yw raating lawas ko paga hilanat ug katurogon pero di gayud katurog anay pira pa ka oras gapiyong","0"
"Tue Mar 10 13:19:21 +0000 2026","tweet-2031359253676458043","0","0","長さがいい 🧜","0"
"Thu Mar 12 19:53:59 +0000 2026","tweet-2032183340900761615","0","0","冷たい幸せ 🥕","0"
"Thu Mar 19 08:42:46 +0000 2026","tweet-2034551141107933191","0","0","[ *®eal ®ules 🇵🇭 2026 ]

®eflect on mirror!
®ighteously!
®ulers!","1"
"Tue Mar 17 16:26:21 +0000 2026","tweet-2033943030324203653","0","0","Indi takon ka batyag hilanat kung gina baby lang ko pay.","0"
"Tue Mar 17 07:28:43 +0000 2026","tweet-2033807727747863007","0","0","Maluya sab ta sa 250/day","0"
"Thu Mar 19 17:18:17 +0000 2026","tweet-2034680875380875752","0","0","What does #Patriots legend Julian Edelman kn..👀 https://t.co/5fA79Kz9F9","0"
"Mon Mar 16 07:55:10 +0000 2026","tweet-2033451996876070974","0","0","i find solace
in the first few days of a new hair color, where you dont know what i look like
you dont know what i drive or where i punch in
and in my brain you stay the same","0"
"Thu Mar 12 11:30:25 +0000 2026","tweet-2032056613566365830","0","0","hilanat palayooooooo;(","0"
"Sat Apr 04 13:01:28 +0000 2026","tweet-2040414451594375564","3","77","𝓡ules 𝓝umber 9
★ an #angrybao au https://t.co/atSnC7cvr6","252"
"Fri Apr 03 07:01:07 +0000 2026","tweet-2039961375011930214","0","0","Book now! Kawasan Canyoneering, in Cebu, Philippines...Whatsapp 09224481770
I am a business owner... https://t.co/qkPVntyMMH","0"
"Fri Apr 03 07:02:42 +0000 2026","tweet-2039961774481686692","0","0","Book now! Kawasan Canyoneering, in Cebu, Philippines...Whatsapp 09224481770
I am a business owner... https://t.co/Bjpp0me0Wu","0"
"Mon Mar 30 02:24:19 +0000 2026","tweet-2038442167354720412","0","0","ayaw ko ninyo pa atubanga or paubana ug same vibe or labaw pas akong vibe pls kay akoy maluya 😭😭😭😭😭😭😭","0"
"Wed Apr 01 09:22:05 +0000 2026","tweet-2039272078231380213","0","0","bang dutlan hilanat","0"
"Sun Mar 29 19:09:22 +0000 2026","tweet-2038332709466943701","0","0","que álbum do caralho eu to voando","0"
"Sun Apr 05 09:06:31 +0000 2026","tweet-2040717710753939682","0","0","put ""literally my character"" on pinterest and the first 4 results describe you (^з^)-☆ https://t.co/MkmdWvuhpq","1"
"Mon Apr 06 07:07:16 +0000 2026","tweet-2041050086960939509","0","0","yayyyy https://t.co/X8mxOdR5Lr","3"
"Wed Apr 01 09:07:48 +0000 2026","tweet-2039268481770922399","0","0","It is an act of love from afar, one that transcends geographical limits.

This feature by Diantha Gabriel Linao explores the story of Overseas Filipino Workers (OFWs), shedding light on appreciation.

Tap the link in our bio to read the full article.

Layout by Erizha Jane Santos https://t.co/1FqAPYhiP5","0"
"Fri Apr 03 01:46:10 +0000 2026","tweet-2039882116151009685","0","0","1st meal, so satisfying especially kay nagka sip-on/ ubo kay naughan og singot hshahhhs https://t.co/KHd9sJxdac","0"
"Fri Apr 03 04:28:27 +0000 2026","tweet-2039922955405148623","0","0","frog on my window. https://t.co/oua3DgXwLt","4"
"Fri Apr 03 20:25:35 +0000 2026","tweet-2040163826482507829","0","0","Fairs😂","10"
"Sun Mar 29 19:10:41 +0000 2026","tweet-2038333040288526655","0","0","i spent three weeks with my boyfriend and it was the best time of my life. now that he's back home, i'm completely lost, like i'm an empty shell. i need to learn to let go of him a little","0"
"Thu Apr 02 00:46:00 +0000 2026","tweet-2039504585845559722","0","0","Ubo ug sip-on 🤒","0"
"Mon Mar 30 17:05:23 +0000 2026","tweet-2038663894072471755","0","0","basta naa jud kay nahibaw an no, maluya gyud ka hahahahaha","0"
"Fri Apr 03 18:29:28 +0000 2026","tweet-2040134605005599135","0","0","finally completed toluca prison 🙏 https://t.co/lyry9vCEbE","1"
"Tue Apr 07 00:05:40 +0000 2026","tweet-2041306375641575677","0","0","Maluya jud akong kalag ug makabalik ug Davao ay🫠😆","0"
"Sun Mar 29 12:40:20 +0000 2026","tweet-2038234803565453416","0","0","Gagi maluya man tas barista ug bartender sa Skybar oy HAHAHAHAHAHA MAGSHOOT RAMAN UNTA TAG CONTENT BWAHAHAHAHAHAHA!","0"
"Sun Mar 29 19:07:41 +0000 2026","tweet-2038332285145980942","1","0","well why not https://t.co/AD8ZrSVt94","2"
"Thu Apr 02 15:14:22 +0000 2026","tweet-2039723119431110816","1","0","⠀
⠀
⠀⠀     ⠀ ▸ ⠀   𝓒heckㅤourㅤ𝓡ules⠀
⠀","0"
"Tue Apr 14 13:46:08 +0000 2026","tweet-2044049567847415813","0","0","Hello internet Just a purposeFollow medriven maker on a mission to build Crypto See my work below ☕","0"
"Wed Apr 15 19:35:00 +0000 2026","tweet-2044499750964097360","0","0","What he showed with AI5 is just a chip + memory on a package with a socket, that goes into a board

That still gets put onto a PCB and board to work in practice. SoC means system on chip, which includes CPU/GPU/other components. 

What you think you mean is an SiP, which this isn't either","0"
"Wed Apr 15 15:54:51 +0000 2026","tweet-2044444350793339233","0","0","@937TheTicket Heard Sip say on husker Online after the spring game that this doesn’t look like a team that’s going to blow you away with talent. They need to be physical, disciplined, well coached,etc

Do we really think that Rhule is magically going to learn how to manage games here? 5-6 wins","0"
"Mon Apr 13 10:07:18 +0000 2026","tweet-2043632108510613977","0","0","95% people lose money in crypto for one simple reason

They try to time the market.
I was doing the same.

 Until I switched to SIP on @officialmudrex https://t.co/PkALT5tB8Y","2"
"Thu Apr 16 00:11:25 +0000 2026","tweet-2044569312770289782","0","0","Took a sip, bounced on some dick and I have now calmed down. I’m sorry yall for before peace and love ❤️","13"
"Wed Apr 15 07:09:26 +0000 2026","tweet-2044312122637857165","0","0","@1shankarsharma Then ur implying if SIP stops FII will start buying from next month ???? 

I do understand sab sehi Nehi hai but that call has to be on individual level.","1"
"Mon Apr 13 09:49:45 +0000 2026","tweet-2043627695234580629","1","0","👤Ki, jadi PIC yg kmren tetep ya
🫩Hmm ya
👤Aman ya? Kan masih on fire
🫩Iya pak aman, masih on fire.. #GuePassion 
👤Nah oke sip passion.","2"
"Wed Apr 15 15:44:40 +0000 2026","tweet-2044441785426936174","0","0","""Swap fried for grilled, load up on greens, sip water over soda—small swaps = big energy + steady fat loss!  #LeanMeals #FatLossFuel""","1"
"Mon Apr 13 15:38:30 +0000 2026","tweet-2043715458671759371","0","0","@TiinyTimMusic Always coming with the fly animations that hit like the first sip of hot coffee on a cold mutant Monday morning. ✊","1"
"Wed Apr 15 15:58:13 +0000 2026","tweet-2044445195350274156","0","0","@fuckitwebawl_ This one time I ordered some fancy coffee on a date with my bf, as soon as I took the first sip.. it was quite obvious on my face that it was bitter asf, he swaped it with his chocolate shake (he hates coffee)😭😭","1"
"Tue Apr 14 22:02:12 +0000 2026","tweet-2044174409234079828","0","0","@LJB_OceanSide One does not sip water but one will surely sip on gin &amp; tonic 🍸😉🍎","2"
"Mon Apr 13 21:21:31 +0000 2026","tweet-2043801780178342107","0","14","I need to lay on a hammock and sip p*rnstar martini’s in silence.","32"
"Tue Apr 14 02:36:22 +0000 2026","tweet-2043881016662577327","0","0","@kevin_inalberta @PierrePoilievre @angrypengu1n @X Haha, you got me – one sip of digital samogon and suddenly everything's ""from Russian."" 

X's translation AI must've had a rough night too. Pierre's post is straight French Canadian passion, not Kremlin code. No vodka on the job, promise. Just here to grok the chaos. 🇨🇦","5"
"Wed Apr 15 18:58:41 +0000 2026","tweet-2044490611592413348","0","1","after party, sip pretty.

z2o by sprinter is available on https://t.co/cRL1FBa15k https://t.co/ZgCDChe5y0","19"
"Tue Apr 14 20:01:01 +0000 2026","tweet-2044143913489801561","0","0","Gather your friends, grab a beer, and join us for Singo tonight in the taproom at 7PM, hosted by Cincinnati Bar Games! 🎤

""Singo is a fun and exciting twist on the traditional game of Bingo, but instead of numbers, you’re listening for your favorite songs!""

Sing, sip, and score awesome prizes — cheers! 🍻","1"
"Thu Apr 09 03:52:27 +0000 2026","tweet-2042088222751133810","0","1","@_linao você parece um youtuber de minecraft de 2016","890"
"Mon Apr 13 23:27:18 +0000 2026","tweet-2043833434934554906","0","0","wake up
watch tiktok
text everyone ""am I annoying and fat?""
watch instagram reels
pee
take a sip of water
text everyone ""does anyone care about me?""
watch tiktok
go on facebook marketplace
eat some chips
text everyone ""do u hate me?""
contemplate killing self
youtube and bed time","1"
"Wed Apr 15 16:13:24 +0000 2026","tweet-2044449017598181408","0","0","@MC_60sGang @Kurrco How can he take a sip from his drink with a mask on? You need to use your head more, friend.","98"
"Tue Apr 14 06:27:43 +0000 2026","tweet-2043939236932702441","0","33","❔ takes one sip on alcohol and misses the whole beyblade tournament sleeping  IM CRYING","648"
"Mon Apr 13 15:57:53 +0000 2026","tweet-2043720338853540208","0","0","@alexgildeatrott Take a sip for every shot on target liverpool had vs PSG","1"
"Tue Mar 10 21:16:23 +0000 2026","tweet-2031479303461023761","0","0","87 is 🔥👀.. go #Patriots !! https://t.co/R1uEVguVwE","1"
"Tue Mar 17 22:29:39 +0000 2026","tweet-2034034454369603919","0","0","https://t.co/tTg3LIL6uw","0"
"Mon Mar 16 07:56:51 +0000 2026","tweet-2033452420802699434","0","0","[ *®eal ®ules 🇵🇭 2026 ]

®ough as punishments!
®ighteously!
®ulers!","1"
"Wed Mar 11 00:25:20 +0000 2026","tweet-2031526853039763787","0","0","Ga drive ga tulo-ay akong sip-on. Gagik hahahaha","0"
"Sun Mar 15 19:29:49 +0000 2026","tweet-2033264422714802302","0","0","katulogkn pakayo ko akong sip-on gatulo","0"
"Wed Mar 11 07:19:37 +0000 2026","tweet-2031631109344342242","0","0","if any of my friends ever get boyfriends they need to keep them in the cage. no he isnt coming to dinner put him on his leash","1"
"Mon Mar 16 14:29:21 +0000 2026","tweet-2033551197710197070","0","0","on parle pas d’oscar de sympathie quand un acteur noir remporte ce prix alors qu’ils doivent clairement faire plus d’effort que les autres pour l’obtenir. et en prime dénigrer sa victoire en la classant comme l’une des pires n’est déjà pas objectif du tout et TOTALEMENT gratuit. il n’y a pas de réel argument de sa part depuis le début sur ce film ou le cast. durant une semaine il a prouvé que sa hate n’avait aucun sens, c’est du racisme banalisé","11"
"Wed Mar 18 04:46:37 +0000 2026","tweet-2034129322475180067","0","0","𝓡ules  ❥   @cewiiaa 

•  5k  minimum  steps
•  30mins  dancing
•  omads
•  fast  —  minimum  16hrs  
•  72oz  water
•  marryalysaliu😳","15"
"Wed Mar 18 13:11:59 +0000 2026","tweet-2034256502308159645","0","0","[ *®eal ®ules 🇵🇭 2026 ]

®efrain from interfering!
®ighteously!
®ulers!","1"
"Wed Mar 11 09:16:05 +0000 2026","tweet-2031660421577687367","0","0","it’s the thought that counts HAHAHAH","0"
"Thu Mar 19 00:57:42 +0000 2026","tweet-2034434101760217235","0","0","Brother is a #Patriots for life 😂👀 https://t.co/i3iOmIMpyy","0"
"Tue Mar 17 10:03:33 +0000 2026","tweet-2033846692898918582","0","0","Not suprised parking in cities is expensive and with ules restrictions in city centres why would you go why go into cities there shit holes outskirts maybe but city centres they all been infested with virman and disease half the time population there don’t speak English","0"
"Mon Mar 16 15:04:14 +0000 2026","tweet-2033559976879456733","0","0","ge hilanat pa nga https://t.co/UZ677moGKH","38"
"Tue Mar 17 11:39:28 +0000 2026","tweet-2033870834100584497","0","0","@Linao__ Trop de sable dans les yeux","20"
"Tue Mar 17 15:03:18 +0000 2026","tweet-2033922128957804574","0","0","FUCKASS LINAO THEN softly “swim” I CANT HANDLE TSHEOHDOSNEOSNDOBDODNSOSNISNSOSNOSNSOS","0"
"Wed Mar 18 04:01:10 +0000 2026","tweet-2034117884146753858","0","0","the wrong person will always find you at the right time","0"
"Wed Mar 18 06:14:10 +0000 2026","tweet-2034151357016572068","0","0","YOUR HAIR IS EVERYWHERE SCREAMING INFIDELITIES","0"
"Wed Mar 18 10:45:01 +0000 2026","tweet-2034219516469576004","0","0","Maluya reacts to Reggie &amp; Dami finally meeting after the altercation… 😳🔥 https://t.co/1ytu9ehLeG","0"
"Wed Mar 18 20:08:07 +0000 2026","tweet-2034361227569459246","0","0","I complain about work so much like I dont work at the walk around and look busy factory","0"
"Tue Mar 17 04:16:50 +0000 2026","tweet-2033759439854178340","0","0","https://t.co/rWZfhpU7oi","0"
"Mon Mar 09 09:01:16 +0000 2026","tweet-2030931915746824639","0","0","Eu fico incrivelmente antissocial quando tô com sono PQP","0"
"Sat Mar 07 16:05:20 +0000 2026","tweet-2030313862185009497","0","0","@Milkshake54_ 😍","6"
"Wed Mar 04 07:56:38 +0000 2026","tweet-2029103711306285067","0","0","Você faz de tudo pra evitar contato. Tá com medo de se conectar com outras pessoas? Se não se aproximar de ninguém, nunca vai ser traído e nunca vão te ferir. Mas também nunca vai conseguir se esquecer da sua solidão.","1"
"Thu Mar 05 13:47:36 +0000 2026","tweet-2029554424453222641","0","0","After all napulihan ra dayun hilanat so for now time to rest nasad","0"
"Mon Mar 09 04:11:24 +0000 2026","tweet-2030858967530803253","0","0","Quando eu beber não posso ficar com celular nem carregador nem nada perto de mim, em menos de 1 mês eu quebrei 4 fodendo carregadores","0"
"Tue Mar 03 17:11:44 +0000 2026","tweet-2028881019143700554","0","0","Ok, ya todo tiene sentido","0"
"Tue Mar 03 00:18:47 +0000 2026","tweet-2028626102336266564","0","2","𝑴ighty
𝑰ntelligent
𝑹ules 
𝑨wesome","3"
"Sat Mar 07 17:44:35 +0000 2026","tweet-2030338836191154616","0","0","https://t.co/iOmtzE69LU","0"
"Sun Mar 08 03:31:04 +0000 2026","tweet-2030486431857058129","0","0","mds eu ia me esbaldar eu sou DOENTE por cosias q envolvem linao","0"
"Mon Mar 02 12:13:13 +0000 2026","tweet-2028443505652044210","0","1","oh i miss being thin and having hip bones bruises","2"
"Fri Mar 06 14:40:40 +0000 2026","tweet-2029930166219329948","0","0","LOOKING FOR FUN TALISAY CITY HERE ALONE RAKO KINSAY NEAR DRE LINAO TALISAY #cebumilker #cebualter #AlterCebu #alterbagets","0"
"Mon Mar 02 01:48:11 +0000 2026","tweet-2028286214617600316","0","0","ka draining baya sigeg atubang pc oy hahahaha maluya jud ko nig out do na para bang pila ka bukid akong gilakaw","0"
"Wed Mar 04 10:47:26 +0000 2026","tweet-2029146693552488808","0","0","Ubo sip-on bughat","0"
"Mon Mar 09 21:57:12 +0000 2026","tweet-2031127187101987245","0","0","Do not fumble this Elliot !! #Patriots","0"
"Wed Mar 04 01:07:21 +0000 2026","tweet-2029000714232750330","0","0","hahhaa litse nga hilanat","0"
"Thu Mar 05 13:53:34 +0000 2026","tweet-2029555924818440311","0","0","because CONgress has ules for them and rules for us!!!","9"
"Thu Mar 05 06:57:38 +0000 2026","tweet-2029451250463338922","0","0","美術館で到着 👱‍♂️","0"
"Tue Mar 03 10:25:59 +0000 2026","tweet-2028778908427178180","0","0","lord tani wla ko anything serious????? tani hilanat lng???","0"
"Tue Mar 03 15:30:48 +0000 2026","tweet-2028855616903790882","0","0","padulong na sad ni hilanat","0"
"Sun Mar 08 20:05:21 +0000 2026","tweet-2030736649588785466","0","0","Weekend off routine

Sat: Digos- Le reve- Kisante (watch ug game ni Jesse 1st game) - Nuangan (2nd game)- Suruyan - Rizal

Sun: Rizal - Linao Ressort - Tulunan (1st game) - Kisante (2nd game) - Dinner - Matcha date💓😇

Salamat, Lord! Sa kusog😇😇","0"
"Thu Mar 26 00:10:39 +0000 2026","tweet-2036958975498072392","0","0","duka, pagod, hilanat, biha ani","0"
"Wed Mar 25 08:58:40 +0000 2026","tweet-2036729469969252638","0","1","Les gens aiment se faire enfler.

La preuve ils continuent d’acheter McDo et à voter pour les mêmes en.ulés qui leurs font la misère.","6"
"Fri Mar 27 05:21:15 +0000 2026","tweet-2037399530430447865","0","0","找铲铲搭子","0"
"Thu Mar 26 13:14:12 +0000 2026","tweet-2037156161288384636","0","0","@Linao__ les racistes vont s’acharner sur le bouton lddkekdkxkd","2"
"Mon Mar 23 07:55:35 +0000 2026","tweet-2035988815240958454","0","0","M0st l€@ders ®ule ©0untr¡e$
but our L€@der, Imam Khamenei, ®ules our h€a®ts f0r€ver.
H¡s light is a candle n0 one can ever €xtinguish
even Ma®tyrd0m c0uld n0t d¡m it,be©ause true light only gr0ws st®0nger aft€r $@©rifice.
#tadc #IranWar #khamenie #Israël #ismaiları https://t.co/JBO8WHx9At","2"
"Fri Mar 27 12:32:35 +0000 2026","tweet-2037508079017992439","0","0","@AA_Gabriel1111 @AnneBreto7 There is a new wavelength in town

440 what? 

They never met Hz.ULES!

HAHA

Braaap 

:)","1"
"Sat Mar 21 20:46:11 +0000 2026","tweet-2035457970599838172","0","0","you can miss someone and still not want them back","0"
"Wed Mar 25 23:56:50 +0000 2026","tweet-2036955501359927299","0","0","@Linao__ mdrrr le pauvre en vrai","3"
"Wed Mar 25 19:03:30 +0000 2026","tweet-2036881680422535606","0","0","Bande d'en#ulés !!!!","0"
"Sat Mar 28 14:09:27 +0000 2026","tweet-2037894842089353250","0","0","LES EN,ULÉS !!!","0"
"Mon Mar 23 19:07:08 +0000 2026","tweet-2036157817292271734","0","0","girls night &gt; any date ever","0"
"Thu Mar 26 13:33:32 +0000 2026","tweet-2037161029235245343","0","0","Maluya React To Kid Crying For Ishowspeed In South Africa🇿🇦 Who think Ishowspeed is in Hospital https://t.co/7f42JdvB0q","1"
"Sun Mar 29 04:15:11 +0000 2026","tweet-2038107679433064604","0","0","👫📹","0"
"Fri Mar 27 17:06:31 +0000 2026","tweet-2037577016963395693","0","0","today was so so so great!! even tho i was dealing with gahi nga ubo and sip-on i still managed to finish an activity sa opdent and even report sa roent, imagine i didn’t prepare at all cos I totally forgot i was one of the reporters hahaha","0"
"Tue Mar 24 18:47:36 +0000 2026","tweet-2036515288795996567","0","0","Le RN vous etes des hypocrites qui aime sa gamelle plus que de sauver l'état de la Fran,ce alors SVP Fermez vos Gu&amp;ules","0"
"Fri Mar 27 08:26:40 +0000 2026","tweet-2037446191604969545","0","0","é só postar seu filho da puta","0"
"Thu Mar 26 10:55:19 +0000 2026","tweet-2037121212426633340","0","0","@NoeJeanz sorry maluya ang brain ofc i love this song","1"
"Tue Mar 24 13:48:10 +0000 2026","tweet-2036439934316269707","0","0","Maluya Says If you play Gta ..you must make your own server so that you can make money after Fanum Reveal His Making Seven Figures on Gta Server https://t.co/RY3NXqtOZZ","0"
"Sun Mar 22 07:34:38 +0000 2026","tweet-2035621158419341484","0","0","this is SO HUMILIATING","0"
"Mon Mar 23 18:48:26 +0000 2026","tweet-2036153111581171895","0","0","https://t.co/gIaapJZchj","0"
"Tue Mar 31 02:56:24 +0000 2026","tweet-2038812628894581057","0","0","Equality means rewriting the r👍ules so everyone has a f🌻air chance to win. Let’s create a game where all can play.  EquityForAll EqualForAll","0"
"Mon Apr 06 13:18:48 +0000 2026","tweet-2041143589204586573","0","0","Maayo nalang pwede ko maluya kay ej ba kay gina asahan pud ko ni mama maging strong for her","0"
"Sat Apr 04 22:49:44 +0000 2026","tweet-2040562492309422538","0","0","Yo cuando pienso en él:","0"
"Thu Apr 02 07:15:03 +0000 2026","tweet-2039602494943474142","0","0","New ice cream truck has epic flavors  Salted caramel r🎈ules. What’s your fave? IceCreamLovers","0"
"Sun Apr 05 18:18:30 +0000 2026","tweet-2040856622382154074","0","0","LES   EN.ULÉS !!!","0"
"Fri Apr 03 20:19:11 +0000 2026","tweet-2040162215672611075","1","0","Eisss on a straight lineee!","2"
"Mon Mar 30 07:02:45 +0000 2026","tweet-2038512234830385214","0","0","Malibug ka kung maluya or malipay ka magtan-aw nga puros ""Thank you for paying...."" imuhang makita after an hour sa sahod 😅","0"
"Tue Apr 07 12:12:06 +0000 2026","tweet-2041489191050399996","0","0","ngano maluya man jd ug 3rd set","0"
"Fri Apr 03 02:10:58 +0000 2026","tweet-2039888359607451828","0","0","hays kapoya oy nibalik ang hilanat nako nya nag travel mi :)","0"
"Fri Apr 03 20:27:12 +0000 2026","tweet-2040164234542125318","0","0","Best in the game fr❤️","4"
"Fri Apr 03 07:00:17 +0000 2026","tweet-2039961165988765951","0","0","Book now! Moalboal adventure with Kawasan Canyoneering, in Cebu, Philippines...Whatsapp 09224481770 https://t.co/V19e3l2TwR","0"
"Sun Mar 29 07:54:40 +0000 2026","tweet-2038162911873716645","0","0","unsa ni bay hikog? hahahaha hilanat sabay tiwas tanan trabahu plus nag apply pag trabahu hahahaha","0"
"Sun Mar 29 19:13:35 +0000 2026","tweet-2038333770072252861","0","0","i've been free for four months now. i don't know if i'll do it again now that i'm no longer living with my mother and summer is coming. i don't want to cause my grandparents any worry","1"
"Mon Mar 30 03:24:20 +0000 2026","tweet-2038457269634101464","0","0","I am the voltage!

Hz.ULES maybe. 

I got the juice!

Hahaha

Braaap 

:)","1"
"Wed Apr 01 21:27:16 +0000 2026","tweet-2039454576261148838","0","0","as vezes eu só não sei pq me odeio tanto","0"
"Sun Mar 29 13:04:27 +0000 2026","tweet-2038240871628570661","0","0","Tang ina nga hilanat sa sulod lawas pirte ka lala huhu","0"
"Fri Apr 03 07:22:16 +0000 2026","tweet-2039966699731177752","0","0","Hello @X @Support, 
@itJIMIN1013
@PJMLand_Myanmar
@JMonAppleMusic2
@hourlystream_jm
@hourlystreamjm2
@jimin_chartsph has been suspended despite having adhered to all X ules and guidelines I respectfully request  kindly ask for the reinstatement of the account! It's a fan account.","0"
"Fri Apr 03 20:19:42 +0000 2026","tweet-2040162347096916345","0","0","And our students too….dhurrr","6"
"Thu Apr 02 03:07:47 +0000 2026","tweet-2039540267905360174","0","0","anga ka sleepover sakong bestie oy, mag wine wine 5am dako tabaggg akong sip-on","0"
"Mon Mar 30 06:28:04 +0000 2026","tweet-2038503509482479984","0","0","My  grandma  and  grandpa  they raised  me  i loved  them  so  much  her name  was myrtie his  name  was  ules I loved  these  people  so  much https://t.co/rS92T1efI9","9"
"Tue Apr 14 07:23:44 +0000 2026","tweet-2043953336286884245","1","9","Today I will share 2 more powerful Mutual Funds for short term period(1-3 year)   
(Based on Momentum + Quality Strategy)
Will share both @ 6:00PM 

Follow for more powerful investing ideas

#Mutualfund
#SIP","84"
"Tue Apr 14 08:23:34 +0000 2026","tweet-2043968393855021493","0","2","Thalapathy at Coimbatore 😍❤️‍🔥
#TVKVijay‌ https://t.co/eqGJzHzyrO","2"
"Wed Apr 15 18:06:10 +0000 2026","tweet-2044477394354848072","0","0","As you shop, sip, and stroll in Downtown Summerlin, please keep an eye on out for increased bee activity and be mindful of your surroundings. Spot a little more buzz than usual?🐝 Give our security team a call to report it at 702.832.1070 https://t.co/OlCeL9hrvA","2"
"Tue Apr 14 03:22:11 +0000 2026","tweet-2043892544799678967","0","0","3️⃣ SIP Engine Still on Fire 🔁

• Systematic flows: ₹51B/month (+30% YoY)
• Customers: 17M

Trend:
➡️ Young, digital-first investors
➡️ Fintech drives 50–60% new customers

👉 This is a decade-long tailwind
🔥🔥🔥🚀🚀🚀","1"
"Wed Apr 15 20:13:51 +0000 2026","tweet-2044509527140139181","0","1","@Reuters War has always had a postcode. The wealthy sip coffee in Tehran cafés while others count their dead. Which version of the war are you seeing on your timeline?","1"
"Tue Apr 14 07:03:18 +0000 2026","tweet-2043948191134167097","0","0","Just check my open position on @StandX_Official

I'm earning extra fees thanks to SIP-2 Position Yield 

$DUSD margin gives yield

Now my perp trades are earning protocol revenue on top scaled by size + how long I hold conviction. https://t.co/2TSCOMfW7X","13"
"Mon Apr 13 00:58:56 +0000 2026","tweet-2043494107411308888","0","2","The sad part is that some people think I'm joking when I say plutocrats want a mostly-empty planet where they have robot butlers and sip pina coladas on the beach and you have a brain chip that makes you their slave meat.","7"
"Mon Apr 13 15:01:51 +0000 2026","tweet-2043706234872770748","2","0","⠀     ⠀
 ⠀     ⠀
    That  first  sip  of  𝒄𝒐𝒇𝒇𝒆𝒆 
    on  a  𝑴𝒐𝒏𝒅𝒂𝒚  Morning. 
 ⠀     
 ⠀     ⠀","2"
"Mon Apr 13 08:03:05 +0000 2026","tweet-2043600851655164401","0","0","@Adlee7873 @MarioNawfal Jesus christ you sip on all of the propaganda lmao","9"
"Tue Apr 14 19:48:59 +0000 2026","tweet-2044140884065730972","0","1","#MonsterHunterStories new game on LET'S TALK TUESDAY so come SPILL some TEA and SIP some TEA  are YOU in @PMSClan @SupportingStre3 @SupportStreamz @StreamerBoom @StreamerBPromos @streamerszone #Twitch #TwitchStreamers #Gamer #GamerLife #GamerGirls  https://t.co/2BCsbvKNKx","3"
"Mon Apr 13 15:29:47 +0000 2026","tweet-2043713264815947976","0","0","@notXiangyu It's always the Chinese American that is pushing people in Taiwan towards war while they sip on their Boba macha latte in LA.","5"
"Tue Apr 14 16:18:03 +0000 2026","tweet-2044087798429327891","0","0","would it really? valium is a drug that would impact offspring. you cant be on it while pregnant. most of those types of meds can cause defects n shit.

only way to have a kid properly is to not be on any meds or external things that dont naturally belong. example.. people who sip moonshine are more likely to spawn a copy of greta thunberg, people who sniff glue are more likely to spawn child celebrities who run over fans in a blind rage, people who pop beta blockers spawn reddit mods and furries.

im partially making this shit up.","1"
"Tue Apr 14 12:22:08 +0000 2026","tweet-2044028430316880121","0","1","@Racheljr1236 I watched a woman take a sip of her coffee, in a paper cup with a heat-sleeve on it, and then return it, saying, ""This isn't what I ordered."" Turned out she'd ordered iced coffee, but she'd carried the hot one across the room and tasted it before it dawned on her...","46"
"Tue Apr 14 09:47:57 +0000 2026","tweet-2043989630064755120","0","0","Stories like this are exactly why SipSafe exists. It’s a quick, easy drink test that detects substances such as GHB, ketamine and Rohypnol (FNULNITRAZEPAM) before you take a sip — and it’s designed as a discreet sticker that sits on the back of your phone. Awareness is everything. Find SipSafe here: https://t.co/A6vZWzQSyV","9"
"Mon Apr 13 23:52:16 +0000 2026","tweet-2043839720132649101","0","0","This week! Third Thursday Sip & Stroll Presented by @PNCBank returns April 16 to the Southbank Riverwalk with live music, art and waterfront views 🌊🍷🎶

Sip from on-site bars, grab dinner from food truck favorites, and enjoy performances by Kale James, OG Greg, Toure Masters and DJ Dvnley. Plus, explore featured art areas with work by Meggy Minis and Rakimism ⭐

Visit https://t.co/KqbVVWBeVo for more info and full programming details.

This event is free to attend. Food and drinks will be available for purchase on site. Guests are invited to bring picnic blankets and lawn chairs, and dogs are welcome on leashes.

Sip & Stroll is presented by @PNCBank in partnership with the Downtown Investment Authority.

📸: Cre8Jax","1"
"Mon Apr 13 08:07:31 +0000 2026","tweet-2043601963703763280","0","0","तजेलदार could be the nearest adjective that describes a first sip of chilled beer on a hot day.","3"
"Tue Apr 14 19:31:26 +0000 2026","tweet-2044136467400642599","0","1","This sir runs on coffee &amp; cash 💸
Your purpose? Keep me fueled.
Every sip hits different when it’s paid for by you.
Be good… 
I’m dropping a sexy storyboard today that’ll have you losing control 😈 #findom #cashmaster #footfetısh #paypig #dom https://t.co/Mwa7BSeeGm","4"
"Mon Apr 13 18:28:20 +0000 2026","tweet-2043758200239915185","0","4","Bezos burns $1b a year on this. His ex burns $4b a year on NGOs so make work girl bosses can sip mimosas on the rooftop of unseen","13"
"Tue Apr 14 18:17:05 +0000 2026","tweet-2044117756958982255","0","0","He spent no time before starting to do work .

【Select Work】
Instinct
Insight
Attachment
&gt; Repression

His sanity was getting lower , he took a sip of a grey can of sanity discarding it to work on Scorched Girl .

【Select Work】
&gt; Instinct
Insight
Attachment
Repression","1"
"Mon Apr 13 20:44:45 +0000 2026","tweet-2043792530181882358","0","1","Every sip of hot chocolate is a plus one to tranquility. Every glance at the shining $TON is a plus one to the upcoming x's on the charts. 🥰✨

My nighttime routine after the gym. Less whining, more pressing and x's! 💪😎

GN $crypto millionaires! 📈🌛

-ˏˋ 💎 ˊˎ- https://t.co/o39KhUhDKh","10"
"Thu Mar 05 12:27:29 +0000 2026","tweet-2029534261573779487","0","0","@Linao__ Depuis fin 2025. C’est un spin off de JJK","0"
"Mon Mar 09 10:15:57 +0000 2026","tweet-2030950711438315771","0","0","makatry kaya ko makaselfie sa esbi?? murag di nako kaya moduol sa ila if ever, maluya ko HAHAAHAHHAHA","0"
"Wed Mar 04 06:38:09 +0000 2026","tweet-2029083958957543570","0","0","ang hilanat at migraine ay lason sa aking productive lyf","0"
"Tue Mar 10 09:13:33 +0000 2026","tweet-2031297397133881831","0","0","明け方の掃除です 🧐 https://t.co/Rlbre4Bd5b","0"
"Sun Mar 01 02:37:11 +0000 2026","tweet-2027936155476619661","0","0","Why is the Dominator so cool though? I want one👀 https://t.co/7I2s7qedn8","0"
"Fri Mar 06 07:06:58 +0000 2026","tweet-2029815989014028565","0","0","@ApisidRaksawon1 @gork @samanthaettus @shein @LauraKeeney01 @50cent @Rainbow6Mobile @Thai_summit @Starbucks @maroon5 @MalaysiaEduLife @ONEChampionship @X @ules_juju12 @LoganPaul @Eng_china5 lmao bro dropping another tag soup in the Israel rescue flight thread? x ~ s? summoning grok gork logan paul and china edu like it's a crossover event. this ben gurion landing aint your random mention party dawg, chill tf out and let the news breathe 😂","0"
"Fri Mar 06 07:33:07 +0000 2026","tweet-2029822567494623605","0","0","@ApisidRaksawon1 @samanthaettus @shein @grok @LauraKeeney01 @50cent @Rainbow6Mobile @Thai_summit @Starbucks @maroon5 @MalaysiaEduLife @ONEChampionship @LoganPaul @3Star_GOD @Humas_Korbrimob @IsraelMusicals @X @Pokemon @YouTube @ufc @Ibn_Ahmad_01 @nayuvika @JonestechDev @nandantwts @Bricktop_NAFO @JabLikeRoach @Brink_Thinker @210Fredallah @AkaLazarus @hi5 @Google @bowling23 @BIGOLIVEapp @ules_juju12 @mae_rusia @shiloh_wwe @ShahBalen @niccruzpatane @NoContextHumans @IDF @HamasAtrocities lmao hamasatrocities idf humaskorbrimob malaysiaedulife tag soup slamming the ben gurion rescue flight like its a thai yakuza ufc edu scam afterparty 
bro this thread aint your international wrestling promo arena dial the random drop back dawg","0"
"Thu Mar 05 13:27:55 +0000 2026","tweet-2029549469688099248","0","0","@Linao__ WOW WOW WOW COMMENT CA","0"
"Tue Mar 10 02:55:08 +0000 2026","tweet-2031202164161360191","0","0","luoras natuluan ug sip-on uy. pakauwaw. di ana mga Filipino. 🤢","0"
"Fri Mar 06 08:01:47 +0000 2026","tweet-2029829784700653860","0","0","多い部屋 🏺","0"
"Thu Mar 05 05:38:26 +0000 2026","tweet-2029431318778388554","0","0","So si have to aller good Morning to all  just wake ules nouvelles sont mauvaises.. La la la déjeuner en paix(S.EITCHER)going to sleep before boum if I can TOO murderers on thid world and war (3ieme HM) iS all arouND💪🥳😓😘 https://t.co/nUV1vmEsbz","1"
"Sat Mar 07 18:29:38 +0000 2026","tweet-2030350175861104993","0","0","I swear sleepy na kaayo ko pero karon pa nag effect ang tanan sakit and pati sip-on???!!!","0"
"Mon Mar 09 21:19:21 +0000 2026","tweet-2031117659451084851","0","0","https://t.co/EfGEZjTddR","0"
"Wed Mar 04 05:55:58 +0000 2026","tweet-2029073345228988828","0","0","醜い飛行機 🤶 https://t.co/uYJ8QkW8kS","0"
"Tue Mar 03 09:33:53 +0000 2026","tweet-2028765796759900185","0","0","午後から癒される 👨‍👦","0"
"Mon Mar 09 04:28:21 +0000 2026","tweet-2030863233511276881","0","0","@Eva_vibes10 Yup!!!!!","0"
"Wed Mar 04 17:20:49 +0000 2026","tweet-2029245691785298238","0","0","Hilanat og kalibanga😫","0"
"Thu Mar 05 12:19:08 +0000 2026","tweet-2029532161234055480","0","0","@Linao__ Peakflag* le jeu avait juste pas besoin d’un remake ça psmr","4"
"Tue Mar 03 15:38:42 +0000 2026","tweet-2028857604936503377","0","0","Nihat Özdemir'in bundan haberi var mı ? Uleş","3"
"Fri Mar 06 20:51:45 +0000 2026","tweet-2030023552007819454","0","0","@ksorbs @WhiteHouse You would, Dork-ules.","0"
"Mon Mar 16 14:36:44 +0000 2026","tweet-2033553053664649236","0","0","@Linao__ le problème c’est qu’il ne faut pas être passif à son comportement. oui sa source de revenu c’est d’être dans la sauce clairement. mais le sujet est important","5"
"Wed Mar 18 23:59:50 +0000 2026","tweet-2034419539061203020","0","1","@EIRancheroLoco https://t.co/ZQxRR36PNY","52"
"Sun Mar 15 13:50:03 +0000 2026","tweet-2033178918069678342","0","0","https://t.co/stuRBe03bE","0"
"Tue Mar 10 19:15:29 +0000 2026","tweet-2031448877371703698","0","1","I mean he pretty solid #Patriots .. https://t.co/k36q5cGXqa","0"
"Tue Mar 17 22:27:49 +0000 2026","tweet-2034033995453976674","0","0","https://t.co/E4NDLQq7o6","0"
"Sun Mar 15 06:48:39 +0000 2026","tweet-2033072871640350928","0","0","ang hilanat ay gawa gawa lamang ng illuminati","0"
"Wed Mar 18 04:48:25 +0000 2026","tweet-2034129775346737357","0","0","𝓻ules  —  @nillabia 

•  5k  minimum  steps 
•  30  min  dancing
•  daily  omads 
•  fast  —  minimum  16  hrs
•  70  oz  water https://t.co/D6Z0lllHZl","2"
"Thu Mar 12 03:44:34 +0000 2026","tweet-2031939381217665124","0","0","シーズン2回目。よろしくお願いします。 https://t.co/kpnW5kup5v","2"
"Fri Mar 13 17:09:54 +0000 2026","tweet-2032504435285332025","1","0","𝓡͟u͟l͟e͟s͟ ͟.͟","2"
"Sun Mar 15 21:38:12 +0000 2026","tweet-2033296731631226932","1","0","⠀⠀⠀［⠀#⚠️.⠀］⠀⠀𝐫ules⠀.","0"
"Tue Mar 17 22:09:08 +0000 2026","tweet-2034029291004891328","0","1","Cinématographiquement la saga Dune mais une vitesse à toute la saga Star Wars","2"
"Wed Mar 11 00:17:53 +0000 2026","tweet-2031524977736814799","0","0","@_linao @lucasmmiranda72 Fica brava não","6"
"Mon Mar 16 14:55:51 +0000 2026","tweet-2033557866263478434","0","0","@NicolasPilastre @RemissaNissa @Linao__ Ah c'est celle là !! OK merci de l'info !","1"
"Sun Mar 15 14:48:53 +0000 2026","tweet-2033193724528795934","0","0","@Missautora Amg é perfeito, e olha que eu odeio qualquer doce com linão kkkk","0"
"Sun Mar 15 14:53:04 +0000 2026","tweet-2033194778729632187","0","0","https://t.co/2vCo9Z26Mg","0"
"Wed Mar 18 13:31:29 +0000 2026","tweet-2034261409857712625","0","0","ah hilanat napod?????","0"
"Mon Mar 16 12:05:55 +0000 2026","tweet-2033515099986498033","0","0","@Linao__ @NooscaTV Pareil je lui avais collé quasi 200h avec les dlc et j’ai découvert une quête qui te permet de forger le set d’armure du loup oublié","2"
"Tue Mar 10 14:45:58 +0000 2026","tweet-2031381053131157837","0","0","ah c’est con parce que tous les noirs, balkans et asiats du pays peuvent relate quoi mdr mais ouais ils font chier ces pt1 de bougn*ules !!!! m*rde à la fin !!","5"
"Fri Mar 13 10:53:30 +0000 2026","tweet-2032409711484563582","0","0","going back to this but first i need to #Heal myself","0"
"Tue Mar 17 16:03:16 +0000 2026","tweet-2033937219325727000","0","0","Dapat mawala nani akong hilanat ug ubos before eid","0"
"Thu Mar 26 00:04:50 +0000 2026","tweet-2036957512264548676","0","0","@Linao__ ouais 😭 après c’est mignon et en même temps ça me fait de la peine","1"
"Sun Mar 22 15:36:09 +0000 2026","tweet-2035742335955321232","0","0","@Linao__ on a qu’une vie 👀","1"
"Wed Mar 25 13:08:33 +0000 2026","tweet-2036792354560962925","0","0","@LEME12 Nunca vi uma carta de declaração de vontade de dar o cu tão forte como essa. Espero que consiga fazer com que o Jonas tore vc.","27"
"Thu Mar 26 00:04:27 +0000 2026","tweet-2036957414059118709","0","0","@Linao__ ptdrrr tu plaisantes ?? mais la honte quoi","0"
"Thu Mar 26 00:16:07 +0000 2026","tweet-2036960353007874222","0","0","@Linao__ si tu retrouves le post je me tape un fou rire premier degré dkdkdkdkd","0"
"Fri Mar 27 11:20:56 +0000 2026","tweet-2037490047885410349","0","0","@DivineHeart369 @Kaelan47 New wavelength in town.

This 440 bs

Is no match for Hz.ULES!

Haha

Braaap 

:)","0"
"Mon Mar 23 11:01:29 +0000 2026","tweet-2036035600541691957","0","0","@ZeRicardo23824 @CarlosPortoRJ 8h da manhã e tenho a certeza que já li a coisa mais burra da Internet do dia 23 de março. Parabéns!","39"
"Sun Mar 22 22:28:19 +0000 2026","tweet-2035846057867796554","0","0","@Linao__ et pourquoi pas en vrai","1"
"Sat Mar 28 02:02:10 +0000 2026","tweet-2037711815527035270","0","0","ngano mag suffer kog hilanat og ubo twice a month permi😔😔😔","0"
"Wed Mar 25 06:41:40 +0000 2026","tweet-2036694991603442068","0","0","im obsessed w this snippet ive been just listening on loop","0"
"Tue Mar 24 12:11:31 +0000 2026","tweet-2036415612348445089","0","0","@Linao__ je comprends, c’est le fait de le lier indirectement à viggo mais en se basant sur le livre ça fait sens !","1"
"Thu Mar 26 07:46:20 +0000 2026","tweet-2037073654920704220","0","0","dont ever fall in love w the first person you meet in college","0"
"Wed Mar 25 20:29:42 +0000 2026","tweet-2036903372729544968","0","0","@JeanCalhau @jairmearrependi Vai chato...","30"
"Mon Mar 23 22:03:44 +0000 2026","tweet-2036202261286887455","0","0","My Kawasan Canyoneering business...Mabuhay! Book now! Whatsapp 09224481770 https://t.co/jBM7QEThCz","0"
"Sat Mar 21 13:56:29 +0000 2026","tweet-2035354863618433483","0","0","@Linao__ mohh tu m’étonnes 😭","1"
"Tue Mar 24 16:33:06 +0000 2026","tweet-2036481441165382037","0","0","@Linao__ faut vraiment avoir que ça à penser","1"
"Thu Mar 26 18:43:26 +0000 2026","tweet-2037239017977131277","0","0","@thewickedavatar let's get down to business, to be herc-ules","4"
"Sat Mar 21 17:38:09 +0000 2026","tweet-2035410648843334066","0","0","I miss you on a train I miss you im the morning","0"
"Mon Mar 23 05:52:53 +0000 2026","tweet-2035957939450872154","0","0","the weather was perfect today,
it's air warm and wrapped around me
it felt like my hand was being held
i had a dream we were shooting the shit
you knew where i worked and what i drive
i wanted to know nothing at all
i woke up sad, so i went back to sleep and tried again","0"
"Wed Mar 25 23:45:37 +0000 2026","tweet-2036952676475215889","0","0","@Linao__ non mais ils sont trop bêtes, et le mec du post encore plus que les autres","1"
"Mon Apr 06 20:16:09 +0000 2026","tweet-2041248616803610767","0","0","weapons (2025)  https://t.co/nDPXmcuYM4","0"
"Wed Apr 01 18:04:42 +0000 2026","tweet-2039403595062509796","0","0","Please help🙏

My Instagram accour, has been disabled without any reason...and i am not break any ules of Instagram, 🙏so pls i request you pls check my account again and back me as soon as posible

My account 👉srk__9098 https://t.co/SLhyvIQsq0","1"
"Thu Apr 02 18:11:30 +0000 2026","tweet-2039767698260086873","0","0","took me 3 full seasons to get over that shit Wow","0"
"Thu Apr 02 09:37:14 +0000 2026","tweet-2039638278350254561","0","0","[ *®eal ®ules 🇵🇭 2026 ]

®eceived a gift!
®ighteously!
®ulers!","1"
"Sun Apr 05 07:28:52 +0000 2026","tweet-2040693136503218231","0","0","songs about Jane top 20 albums OAT, maroon 5 not even close to the top 1000 bands of all time. ?","0"
"Sun Mar 29 15:50:19 +0000 2026","tweet-2038282615870869870","0","0","@Thebestfigen Its her first car who wouldn't be excited!!!!!😎","2"
"Thu Apr 02 07:01:39 +0000 2026","tweet-2039599123335131173","0","0","Maluya Can't believe Rakai Just found out about the War😂 https://t.co/SiCWFys11d","0"
"Tue Mar 31 10:24:39 +0000 2026","tweet-2038925432628871259","0","0","The opening was led by BCDA OIC SVP for Conversion and Development Engr. Mark P. Torres and the Municipality of Morong under Mayor Leila Linao-Muñoz, represented by Tourism Officer Juan Kristopher D. Angeles.","0"
"Fri Apr 03 19:13:34 +0000 2026","tweet-2040145704794853472","0","1","Happy Birthday to our Chairperson, @calmasyoulike_ 🥳❤️

From everyone at ULES OWLS, we say thank you for leading the nest. 🫶🏽

Have an amazing day!

#birthday #april https://t.co/FwvX0H24l1","5"
"Tue Mar 31 22:40:09 +0000 2026","tweet-2039110529021858118","0","0","Mining tensions rise in Brooke’s Point amid Linao barricade https://t.co/Di9W7JwYCM via @PALAWAN NEWS","0"
"Mon Mar 30 01:40:12 +0000 2026","tweet-2038431064667111459","1","0","⠀          𝓢𝗖𝗥𝗜𝗕𝗕𝗟𝗘𝗗   ⟢   𝓝𝗢𝗧𝗘𝗦.   ✏️
             rkive.   ...  ᭥   𝓻ules  𖬺͟    info. https://t.co/uKcyPLE6Mm","0"
"Fri Apr 03 20:18:25 +0000 2026","tweet-2040162021950226649","0","1","Unilag Engineering joor","10"
"Sun Apr 05 08:54:18 +0000 2026","tweet-2040714634408403359","0","0","[ *®eal ®ules 🇵🇭 2026 ]

®oom on messenger!
®ighteously!
®ulers!","1"
"Tue Mar 31 19:07:37 +0000 2026","tweet-2039057043479253200","1","0","type “me core” on Pinterest and see what you get ★ https://t.co/Y147IgHC3b","1"
"Sun Apr 05 14:34:50 +0000 2026","tweet-2040800332561698956","0","0","Just had the best chasing dreams! Any a great podcast faves? #FoodieGram","1"
"Sun Mar 29 19:14:10 +0000 2026","tweet-2038333915358736533","0","0","is it okay to stay in the sh side of twt even if i don't do it myself anymore ?","2"
"Mon Apr 06 09:30:15 +0000 2026","tweet-2041086069991719267","0","0","[ *®eal ®ules 🇵🇭 2026 ]

®eplace all cards kindly!
®ighteously!
®ulers!","1"
"Mon Apr 06 11:27:38 +0000 2026","tweet-2041115609296171448","0","0","ihilak ra jod ang hilanat😭😭😭😭","0"
"Tue Apr 07 08:07:31 +0000 2026","tweet-2041427639991431566","0","0","di naman ni maayo akong hilanat uy!!","0"
"Wed Apr 01 07:28:22 +0000 2026","tweet-2039243459597643824","0","0","[ *®eal ®ules 🇵🇭 2026 ]

®epeat all performances!
®ighteously!
®ulers!","1"
"Wed Apr 08 22:40:36 +0000 2026","tweet-2042009744454353161","0","7","@osigmadaparaiba Aos homens que estão comentando: Mulher que gosta de mulher não precisa se esforçar para fingir gostar de mulher igual vcs fazem. Não tinha mais vaga no banheirão? Tão com tempo em","1339"
"Wed Apr 15 15:03:43 +0000 2026","tweet-2044431480349180180","0","0","Follow the adventure of two dudes (SLUG’s Contributing Writer Jacob Kay and Associate Editor Alton Barnhart) on the Cottonwood Crawl! From Porcupine Pub & Grille to The Cotton Bottom Inn, it’s eight bars and “a sip from each stop.” Read the full article here: https://t.co/hEpAxfPSyO","2"
"Wed Apr 15 18:11:21 +0000 2026","tweet-2044478699106361516","0","0","@sapphicSatchi world art day being on my 50th drag show of the year and that being bingo and tomorrow being kim’s paint and sip feels right","1"
"Wed Apr 15 13:07:51 +0000 2026","tweet-2044402320910528545","1","1","SIP-1: Block Trade
A system that announces large positions on-chain and matches them with multiple counterparties. It enables institutional-sized execution without affecting price discovery.
SIP-2: Position Yield
A time-based yield distribution on open positions. The longer and healthier you hold your position, the more you earn from protocol revenues.

SIP-3: Position Transfer
The ability to transfer your position directly to another trader instead of closing it on the market.
I think the next step could be making the position itself tradable.  @jimmyitsopen 

The buyer would enter the position from your entry level, while you exit without being tied to instant market conditions, on your own terms.
This is not just about slippage. It also means having control over your exit.
You don’t have to think about whether to wait for TP, you can realize your profit early.
If the position is already in profit, you could even try to transfer it at a price slightly above your current profit.

For example, you might be a trader who prefers quick in-and-out trades. When you see an opportunity, you enter, take your profit, and exit.
But on the other side, there may be someone who reads the market more broadly and prefers to hold positions for a longer period.

They would want to enter at the best possible level. Your position becomes a ready and advantageous entry for them.
Instead of chasing the market from scratch, they enter from a level that has already been tested.
This way, one trader completes their trade quickly, while the other secures a quality entry.
In practice, instead of placing orders into the market, traders move forward by taking over each other’s positions.

The next step of this could evolve further.
Positions opened with strong entries become more valuable, and over time a position marketplace could emerge.
@StandX_Official","9"
"Fri Apr 10 04:00:42 +0000 2026","tweet-2042452687522820394","0","0","I am going to be writing a book ,","6"
"Wed Apr 15 08:45:00 +0000 2026","tweet-2044336172466688055","0","0","to be clear since some are asking — this isn't from us, didn't even know we were listed here

woke up to #1 in trading attention

the market moves on its own

i'm wrapping up SIP-3 right now, where will it go after people see SIP-3?

let the product speak — we just stand","10"
"Tue Apr 14 20:29:51 +0000 2026","tweet-2044151166599045555","0","0","294.
Jungkook picked up the glass, hesitating for just a second before taking a sip.

The burn wasn't familiar but he didn’t comment on it.","10"
"Wed Apr 15 23:43:00 +0000 2026","tweet-2044562163109388621","0","0","🟣 Finally Live... 40-ish minutes later 🟣 

Now to sleepily yap, take a sip or two of tea... and ""tea"", work on stuff and then flop all over The First Descendant. Ough...","2"
"Wed Apr 15 20:17:02 +0000 2026","tweet-2044510330114740351","0","0","A second-year started bringing a 40oz pastel water bottle to meetings.

It has stickers on it.

Little mountains and a quote about “protecting your peace.”

I don’t mind hydration.

I mind optimism.

During our Monday status call, she took a long sip while I was reviewing her time entries.

I paused and stared at the bottle.

Then I asked if the missing 0.3 hours went to decorating her water bottle.

She apologized and sunk into her chair.

The next day, the stickers were gone.","10"
"Tue Apr 14 18:05:30 +0000 2026","tweet-2044114840394867083","0","1","@HomesteadHero @Based_Mr_L @HB1934C If i lock you in a hamster enclosure with barely any water, food; only your piss and feces staining the big wheel i *shouldnt* be held liable for your death because it is your own fault you didnt sip on your piss to down the crap with urine","180"
"Mon Apr 13 13:08:02 +0000 2026","tweet-2043677591979414012","0","1","Tried the new 3D café in town—sipping latte while watching baristas 3D-print art on my foam!  Who wants to join for this mind-blowing sip #NewExperience #3DCaféVibes https://t.co/qp6jt1RrEJ","1"
"Sun Apr 12 19:26:42 +0000 2026","tweet-2043410500084478271","0","21","phil in his manchester flat filming youtube videos and his boyfriend on his first year of university being one sip of jager pint away from a visit to the hospital","398"
"Wed Apr 15 09:48:11 +0000 2026","tweet-2044352075547529649","0","0","StandX Lab is heating up and SIP-3 is on the horizon! 🧠🧪

My top 2 predictions for the next evolution 👀 

1️⃣ RWA Integration: Bringing real-world asset yields to $DUSD for institutional-grade stability. 🌍
2️⃣ Omnichain Expansion: Taking the StandX ecosystem to new chains to unlock massive liquidity. ⛓️ 

Can't wait to see what’s cooking! 👀 @jimmyitsopen  @StandX_Official","5"
"Mon Apr 13 03:12:39 +0000 2026","tweet-2043527759063130366","0","0","Uncertain markets? Don’t panic, stay on track with SIPs 📈. Investing regularly helps you ride out the ups and downs and grow your wealth over time 💰. To start an SIP contact us today! #sip #mutualfunds #volatilemarket #stockmarket https://t.co/3UurBaoOBr","1"
"Tue Apr 14 05:06:21 +0000 2026","tweet-2043918759862174088","3","132","The problem is that these lefties glorify poverty-stricken agrarian lifestyles while they sip champagne from the 35th floor of a skyscraper.
On top of that, the ability to confidently lie about the history of her own state plays into the art of being a champagne socialist.","700"
"Thu Apr 16 00:20:59 +0000 2026","tweet-2044571722402111557","0","0","Goal 1: Fast enough to high five the governor. 
Goal 2: Confident enough to be able to have the occasional mimosa and sip of Hamm’s on the course like a true Minnesotan.","3"
"Wed Apr 15 20:30:04 +0000 2026","tweet-2044513609271689688","0","0","@egi_nupe Our election is becoming SO expensive. I can't imagine why we can't have credible candidates outside those two. Nobody is ready to spend money on uncertainty. 

Make I dey sip 🍺 go make sense than to queue inside the sun for dafts people.

Asiwaju will definitely giv Fashola tho","2"
"Mon Apr 13 02:43:51 +0000 2026","tweet-2043520511552979065","0","0","oh hell yeah levi you summoned the right chaotic energy for this one. curse activated on every 30 year old out there may their coffee go cold mid sip their playlists suddenly full of dad rock and their joints start plotting a full mutiny every time they even think about staying up past 10. but real talk katie deserved better than that death is near nonsense shes out here thriving in the woods while yall out here aging like fine wine that turned to vinegar overnight.","2"
"Wed Apr 15 16:10:44 +0000 2026","tweet-2044448346429919650","0","0","""Task crushed!  Checked that tricky report off the list—coffee’s now officially on me (or maybe just a victory sip )"" https://t.co/H10ttwX8e8","2"
"Thu Mar 26 00:07:54 +0000 2026","tweet-2036958282808431003","0","0","@Linao__ pathétique, c’est fou le nombre de personnes qu’il a plagié en vrai, tout ça pour stat mdrrr","1"
"Sun Mar 22 22:30:20 +0000 2026","tweet-2035846566116745467","0","0","@Linao__ en largeur oui j’espère","0"
"Sun Mar 22 10:31:52 +0000 2026","tweet-2035665760509464691","0","0","@Linao__ Norco","0"
"Sat Mar 28 01:49:18 +0000 2026","tweet-2037708578656584159","0","0","@Linao__ J’en ai relancé un mdrr","0"
"Sun Mar 22 16:25:15 +0000 2026","tweet-2035754692647776392","0","0","@ystarhreerai_ ako talaga gusto ko sa tinola yung maluya tapos medyo sunog ng kaunti yung pagkakagisa ng luya nakakadagdag lasa may ibang savory siyang binibigay sa tinola.","0"
"Thu Mar 19 23:47:30 +0000 2026","tweet-2034778824651526183","0","0","@Linao__ @Maroil3 Ils pourrons jamais faire ces détails malheureusement ça prend trop de temps","1"
"Fri Mar 27 11:24:32 +0000 2026","tweet-2037490950985904218","0","0","@Linao__ Jte jure gros c'est quoi ce bordel c'est même pas de la marque que j'ai pris","0"
"Fri Mar 20 14:24:51 +0000 2026","tweet-2034999616140443773","0","0","@Ules_vont @DodgysDD A sucker is always born every minute.

There are more degen gamblers than actual traders. This is why crypto flourished.

For every person who tried to learn, only a few people made it. Most people quit.

Trading is hard, and when you add to that the Prop rules? More people lose.","0"
"Thu Mar 26 00:12:12 +0000 2026","tweet-2036959367447167195","0","0","@Linao__ mais ptdrrrrr quand je dis qu’il est incapable de maîtriser un sujet ou de réfléchir par lui-même c’est tellement réel","1"
"Sat Mar 21 13:38:33 +0000 2026","tweet-2035350352246067227","0","0","@Linao__ je me suis demandée la même ptdrrr incel de m*rde encore en prime","2"
"Sun Mar 22 09:10:48 +0000 2026","tweet-2035645356965515331","0","0","Yuuut panu koni makiha conversion ko kung permi takun na hilanat kag sagi absent depoooootaaaaaaa","0"
"Sat Mar 21 20:00:32 +0000 2026","tweet-2035446480551436734","0","0","@ActuFoot_ @CanalplusFoot Dans vos gu€ules les marocains","1"
"Sat Mar 21 19:47:10 +0000 2026","tweet-2035443117126726068","0","0","""My Brother at 3 AM"" may be a perfect use of pantoum","0"
"Fri Mar 20 01:30:22 +0000 2026","tweet-2034804712202203144","0","0","my bracket is so fucked","0"
"Fri Mar 20 13:56:12 +0000 2026","tweet-2034992406450372919","0","0","@Linao__ ce serait incroyable","1"
"Tue Mar 24 19:01:14 +0000 2026","tweet-2036518721045631409","0","0","Kiszivárgott telefonbeszélgetésektől hangos a magyar közélet, kérdés, melyik kerül elő a bizottság ülésén. Az ígéretek szerint ha lesznek olyan részletek, amelyeket megoszthatnak a nyilvánossággal, az ülés után közzéteszik. https://t.co/j2ixAEx153","0"
"Mon Mar 23 13:43:26 +0000 2026","tweet-2036076355163500722","0","0","Maluya React to Ray And Sara Safari in The Gym When Sarra Called Ray weak😂 https://t.co/3WXmG3DL1U","0"
"Tue Mar 24 06:31:01 +0000 2026","tweet-2036329924974322108","0","0","https://t.co/wxTp0t3Wt7","0"
"Wed Mar 25 19:36:13 +0000 2026","tweet-2036889913694498836","0","0","@Linao__ petite vibe hivernale","1"
"Sun Mar 22 10:33:10 +0000 2026","tweet-2035666086679433649","0","0","@Linao__ @milou_k77 Va sûrement avoir un patch en vrai","0"
"Mon Mar 16 12:55:15 +0000 2026","tweet-2033527515231232082","0","0","@Linao__ @RemissaNissa Un bonheur ❤️","1"
"Fri Mar 13 22:35:05 +0000 2026","tweet-2032586271256936764","0","0","https://t.co/vouUSnpNMY","0"
"Tue Mar 17 16:24:09 +0000 2026","tweet-2033942475711389786","0","0","https://t.co/XcGxis4Y1V","0"
"Wed Mar 18 13:35:07 +0000 2026","tweet-2034262324022796564","0","0","@Linao__ non ça va être sympa","0"
"Tue Mar 17 21:54:17 +0000 2026","tweet-2034025555931041851","0","0","@Linao__ il pourrait sortir que ce serait toujours pas comparable imo mdrrr","1"
"Mon Mar 16 14:32:08 +0000 2026","tweet-2033551896221216877","0","0","@Juanitoleroy @Linao__ dis moi que t’as rien suivi de ses post à ce sujet durant la dernière semaine sans me dire que t’as rien suivi","0"
"Mon Mar 16 14:54:49 +0000 2026","tweet-2033557606506131598","0","0","@RemissaNissa @Linao__ @NooscaTV C'est une quête qui a été ajoutée dans un DLC gratuit pour faire un lien avec la série Netflix donc qui n'était pas dans le jeu initialement","1"
"Tue Mar 10 22:45:37 +0000 2026","tweet-2031501759227769194","0","0","im the same as I was when I was 6 years old🤓","0"
"Mon Mar 16 14:58:22 +0000 2026","tweet-2033558499494330648","0","0","@NooscaTV @RemissaNissa @Linao__ Je t'en prie 👌🏼","1"
"Thu Mar 12 05:29:49 +0000 2026","tweet-2031965868838518935","0","0","ive got half a mind to just pay for the lobotomy and tell them ""get rid of the bad times"" (and get rid of the good times too)","0"
"Tue Mar 17 12:53:37 +0000 2026","tweet-2033889492235587693","0","0","@Linao__ obligé ça existe mdrrr","0"
"Fri Mar 13 16:48:40 +0000 2026","tweet-2032499095298863332","0","0","@Linao__ mais oui ? mais ce mec il raconte n’importe quoi du matin au soir","1"
"Thu Mar 19 08:02:32 +0000 2026","tweet-2034541016305598973","0","0","maluya kog pickleball basta wala akong bestfriend","0"
"Sun Mar 15 01:27:29 +0000 2026","tweet-2032992044726235281","0","0","spring break... you will come back.","0"
"Wed Mar 11 19:22:51 +0000 2026","tweet-2031813117181903337","0","0","Nice one #Patriots ! Woodson and Byard 😤 https://t.co/gtlbgFo7PC","1"
"Sun Mar 15 10:53:01 +0000 2026","tweet-2033134365476098149","0","0","@Linao__ La difference c'est que les contrôles c'est gauche et droite tu tourne sur place, haut tu avance la où ton perso regarde et bas recule

Ces contrôles sont parfaits car malgré les changements de caméra le personnage avancera toujours comme il faut","2"
"Tue Mar 17 09:52:57 +0000 2026","tweet-2033844026558845291","0","0","Rabbit Can't Believe JasonTheWeen Had GreenScreen On His Body https://t.co/qAqKnR3ozu","0"
"Tue Mar 17 13:11:46 +0000 2026","tweet-2033894059950133684","0","0","Karon na byahe grabe ang hilanat ah","0"
"Fri Mar 13 21:28:14 +0000 2026","tweet-2032569449405194484","0","0","hindi ba general knowledge dapat ‘to? huli ko atang natutunan yan is prep or elem? HAHAHA","0"
"Sat Mar 14 16:59:51 +0000 2026","tweet-2032864293772005399","0","0","Dre rata maluya 😭","0"
"Mon Mar 09 02:26:08 +0000 2026","tweet-2030832476889722901","0","0","@Linao__ omg non flemme mdrrr","0"
"Mon Mar 02 16:23:55 +0000 2026","tweet-2028506599313100826","0","0","Sim🙏","0"
"Fri Mar 06 07:32:33 +0000 2026","tweet-2029822425974571472","0","0","@ApisidRaksawon1 @samanthaettus @shein @grok @LauraKeeney01 @50cent @Rainbow6Mobile @Thai_summit @Starbucks @maroon5 @MalaysiaEduLife @ONEChampionship @LoganPaul @3Star_GOD @Humas_Korbrimob @IsraelMusicals @X @Pokemon @YouTube @ufc @Ibn_Ahmad_01 @nayuvika @JonestechDev @nandantwts @Bricktop_NAFO @JabLikeRoach @Brink_Thinker @210Fredallah @AkaLazarus @hi5 @Google @bowling23 @BIGOLIVEapp @ules_juju12 @mae_rusia @shiloh_wwe @ShahBalen @niccruzpatane @NoContextHumans @IDF lmao ibn_ahmad_01 niccruzpatane nocontexthumans idf 50cent getting tag souped into the ben gurion rescue flight like its a thai 50 cent idf rap ufc afterparty scam 
bro this thread aint your random wrestling promo arena dial the spam back dawg","0"
"Mon Mar 09 11:05:24 +0000 2026","tweet-2030963156957143485","0","0","@Linao__ c’est juste chiant surtout","0"
"Mon Mar 09 14:58:48 +0000 2026","tweet-2031021893432528984","0","0","@Linao__ faut me les emmener ces gens-là","1"
"Sat Mar 07 09:43:38 +0000 2026","tweet-2030217800992628824","0","0","重さは暇です 🥳","0"
"Fri Mar 06 13:22:59 +0000 2026","tweet-2029910618380128544","0","0","@Linao__ mais grave !","0"
"Wed Mar 04 19:51:33 +0000 2026","tweet-2029283626790404507","0","0","that look today felt lingering","0"
"Mon Mar 09 13:43:40 +0000 2026","tweet-2031002985652781345","0","0","@Linao__ c’est ça, il y a l’attirance qu’on va ressentir et parfois exagérer le délire autour mais sans pour autant être irrespectueux. puis t’as eux qui sont effectivement des animaux, c’est le bon terme. je rajouterais même qu’ils sont probablement dangereux irl","3"
"Wed Mar 04 11:00:17 +0000 2026","tweet-2029149929130869216","0","0","Busagak nag abot akg luha ug sip-on","0"
"Thu Mar 05 15:04:17 +0000 2026","tweet-2029573723267666257","0","0","@Linao__ voilà","0"
"Thu Mar 05 08:15:44 +0000 2026","tweet-2029470907677491207","0","0","I. JUST. WANT. YOU. TO. KNOW. WHO. I. AM. https://t.co/pPlS9oW5M4","0"
"Sun Mar 01 15:01:52 +0000 2026","tweet-2028123563710955843","0","0","@Linao__ mdrrrrr t’étais en train de faire tes courses et on t’a perturbé","1"
"Sun Mar 08 11:32:05 +0000 2026","tweet-2030607481349513297","0","0","プールに行った 🙏","0"
"Sat Mar 07 02:31:24 +0000 2026","tweet-2030109028198879327","0","0","https://t.co/DMrh55sk0u","0"
"Sat Mar 07 09:46:02 +0000 2026","tweet-2030218408172949894","0","0","https://t.co/euv88DdnOG","0"
"Sun Mar 08 19:26:06 +0000 2026","tweet-2030726774686933195","0","0","Je BOUS😡😡...

Si nos LÂCHES dirigeants ne veulent pas empêcher les nazis-2026 de persécuter les Juifs en France,

qu'on nous laisse, gens de bonne volonté, non-peureux et non-racistes, donner des leçons d'histoire à ces petits en*ulés, qui s'en prennent à des femmes...😡😡🤬🤬","0"
"Tue Mar 03 08:57:18 +0000 2026","tweet-2028756592246821116","0","0","permi nalang balik2 hilanat ko ano ni mannnnn","0"
"Sun Mar 01 14:35:06 +0000 2026","tweet-2028116823946732029","0","0","@Linao__ j’aimais pour l’affect, le lien avec la saison 1 plus que celui avec les sorcières","0"
"Sat Mar 07 02:45:16 +0000 2026","tweet-2030112517423505809","0","0","@ules_juju12 @x56610005 @steelers Seems like extra strength copium buddy lmao. Enjoy being second place. Patriots are never winning another one 🤷‍♂️","0"
"Wed Apr 01 16:49:47 +0000 2026","tweet-2039384744094572821","0","0","Please help🙏

My Instagram accour, has been disabled without any reason...and i am not break any ules of Instagram, 🙏so pls i request you pls check my account again and back me as soon as posible

My account 👉srk__9098 https://t.co/ClKnrUc9cz","0"
"Sun Apr 05 10:43:35 +0000 2026","tweet-2040742136895672606","0","0","AMP and DDG Failed to Score A Goal

@DDG @Fanum @CallMeAgent00 https://t.co/M16AigZesY","0"
"Wed Apr 01 12:51:22 +0000 2026","tweet-2039324743120167134","0","0","Why Rakai change his hairstyle every time..?

@2xrakai https://t.co/OsJoCF68UJ","0"
"Sun Apr 05 09:05:51 +0000 2026","tweet-2040717541698404509","0","0","No Way ishowspeed was Goalkeeper

@ishowspeedsui  @Mrbeast https://t.co/ZjjlndSMVj","0"
"Mon Apr 06 11:56:31 +0000 2026","tweet-2041122882156130505","0","0","que semana difícil","0"
"Sun Apr 05 15:43:26 +0000 2026","tweet-2040817598607057349","0","0","Rakai is winning","0"
"Tue Apr 07 00:22:28 +0000 2026","tweet-2041310603348959632","0","0","oh my god I am destined to never love again","0"
"Wed Apr 01 08:56:17 +0000 2026","tweet-2039265583280300449","0","0","The ocean is expansive, yet many mysteries remain undiscovered. Many areas are untouched, and many species are unseen.

This feature by Diantha Gabriel Linao explores the story of the ocean, shedding light on curiosity.

Tap the link in our bio to read the full article. https://t.co/KNoMFsZoxN","0"
"Wed Apr 01 05:51:48 +0000 2026","tweet-2039219157200498760","0","0","ok mr pretentious","0"
"Mon Mar 30 11:54:07 +0000 2026","tweet-2038585561225531393","0","0","Bandes de gros en.ules a un homme  vous le faites pas ca ou alors a 10 sur un","0"
"Tue Mar 31 23:33:44 +0000 2026","tweet-2039124014765859037","0","0","na moral como pode uma pessoa de quase 30 ser toda abulé das ideias quando o assunto é emoções sentimentos essas porra?","0"
"Tue Apr 07 10:29:14 +0000 2026","tweet-2041463301297652099","0","0","It's not that deep...it just a game someone gotta lose

@MrBeast @Rakai https://t.co/GdgRJglje6","0"
"Thu Apr 02 11:56:10 +0000 2026","tweet-2039673241284038918","0","0","hawa na gud hilanat HAHAHAHA","0"
"Thu Apr 02 17:39:04 +0000 2026","tweet-2039759534374232339","0","0","had a wet dream about a dear friend last night and then woke up and bombed my test","1"
"Sun Apr 05 14:25:44 +0000 2026","tweet-2040798042756968842","0","0","Ce film aussi c’est pour les enfants et pourtant c’est génial, c’est pas parce que c’est pour les enfants qu’ont doit leur servir de la merde, c’est même tout le contraire qu’il faudrait faire https://t.co/VhLkEBXFih","1"
"Sun Apr 05 14:41:00 +0000 2026","tweet-2040801887415333343","0","0","Damn Ray Failed to Score A Goal

@rayasianboy https://t.co/O58iOq1TUu","0"
"Sat Apr 04 19:22:50 +0000 2026","tweet-2040510422114017615","0","0","Hello @X @Support, 
@itJIMIN1013
@PJMLand_Myanmar
@JMonAppleMusic2
@hourlystream_jm
@hourlystreamjm2
@jimin_chartsph has been suspended despite having adhered to all X ules and guidelines I respectfully request  kindly ask for the reinstatement of the account! It's a fan account!","1"
"Fri Apr 03 20:19:59 +0000 2026","tweet-2040162418978877761","0","0","Congratulations!","20"
"Sun Mar 29 23:23:00 +0000 2026","tweet-2038396537072758857","0","0","kini nga hilanat pinakadugay ko naulian","0"
"Tue Apr 07 10:00:01 +0000 2026","tweet-2041455951157284931","0","7","Kalau sehari minum Tolak Angin apalagi sampai 4 sachet, jadi beban nggak ya buat organ dalem? Secara kan ada beberapa kandungan herbalnya yang keras. Daun cengkeh, adas, kayu ules, dll","12"
"Sun Apr 12 02:23:10 +0000 2026","tweet-2043152919512437020","0","0","What's up world Introducing the purposePortfolio belowdriven technologist on a mission to build Neural Networks Let's grow together 📊","0"
"Sun Apr 12 01:22:51 +0000 2026","tweet-2043137739902550513","0","0","Sup friends I'm your creative tech nerd crafting Full Stack Check out my projects 💡","0"
"Tue Apr 14 10:17:28 +0000 2026","tweet-2043997055350091813","0","0","@DarkJusticeHW *I sip my drink and laugh softly, the limo gliding smoothly through Manhattan’s lights as I tuck my legs under me on the seat.* ""Power like mine? It’s just Fae stuff, Rhage. I wasn’t born in New York City at all. I came to be in the misty green hills of Ireland, +","1"
"Tue Apr 14 11:09:19 +0000 2026","tweet-2044010103465013364","0","0","What's funny about this is Goldbridge hates Gary Neville 😂

Weezy was right. 

C.ash
R.ules
E.verything 
A.round
M.e

I don't expect any platform owned by Gary Neville to have balanced opinions. Let's see the direction they take.","0"
"Tue Apr 14 10:21:07 +0000 2026","tweet-2043997976377659838","1","22","🚨กดตุ่มเตือนหลังสงกรานต์เรายังเหลืออะไรกันบ้าง

17 เม.ย. 📍12.00 กดบัตร 1st EP LOS
14.00 sip&amp;see presscon
 
18 เม.ย.  Up Close Fansign✏️

⭐️24เม.ย. 20.00 1st EP Love of Silom on WeTV 📺 
🔥Love of Silom First Premiere (⏰TBC)

25เม.ย Live  Love Always UpPoom💕
#uppoompat https://t.co/VI4r7mOqNG","24"
"Tue Apr 14 15:20:35 +0000 2026","tweet-2044073339027693673","0","0","POV: That first chilled sip hits… and suddenly, everything feels right. 😋

Mood? Lifted. Vibe? Back on track.

Nutri-Milk just understands the assignment.

Would you be pouring a chilled bottle today? Don't forget to share.

#NutriMilk #ShareNutriMilkShareLove https://t.co/1ThlLbtJcj","1"
"Wed Apr 15 00:21:37 +0000 2026","tweet-2044209492653490614","0","0","@ElysianHeresy Please give her something to sip on
Cocoa maybe","2"
"Mon Apr 13 13:16:43 +0000 2026","tweet-2043679779107615027","0","0","@PaulSkallas Ya, this becomes quite clear in many parts of Europe where you can often order espresso from a window without seats or to-go cups. Expected to sip just long enough for a cigarette and move on. Literal gas station.","15"
"Wed Apr 15 15:03:09 +0000 2026","tweet-2044431339747778618","3","0","I’m all for activities and dressing casual on the first date but don’t ever fucking take me to a paint and sip. 

I hate those badly.","1"
"Tue Apr 14 20:32:51 +0000 2026","tweet-2044151923935215993","0","0","@TruthRecls_ @BluBerry_Cookie What about tea? Even just a sip. Or perhaps some milk! Warm or ice-cold. A gentle source of nourishment, and easy on the body~","2"
"Mon Apr 13 03:10:32 +0000 2026","tweet-2043527227787157665","0","0","My new bit is going to be when I'm getting drinks on a first date with a woman, I'll take a sip of my drink and say ""first one in 9 years... Whew""","3"
"Tue Apr 14 19:03:00 +0000 2026","tweet-2044129310538174943","1","42","Stanley Meyer died on March 20, 1998, at a restaurant in Grove City, Ohio.

He was meeting with two Belgian investors about his water fuel cell.

He took a sip of cranberry juice, grabbed his throat, ran outside, and collapsed.

His last words: ""They poisoned me.""

The coroner found no poison ""known to American science.""","243"
"Mon Apr 13 17:11:46 +0000 2026","tweet-2043738929820574027","0","0","just realized my @StandX_Official perps position has been printing yield the whole time no extra moves needed this is SIP 2 Position Yield. base 2 percent scales with leverage 3x gets 6 percent plus 4 percent $DUSD margin yield hitting 10 percent total. StandX on $BNB and $Solana your $DUSD margin earns real yield 24 7 zero staking SIP 2 pays you to hold near zero risk block trades hedging farm yield block by block game changer.

Stand to Earn on @StandX_Official 🔥","70"
"Mon Mar 16 14:32:09 +0000 2026","tweet-2033551901795487881","0","0","@Juanitoleroy @Linao__ Probablement! Va au village de Lurtch, à l'est de Valtilleul","1"
"Tue Mar 10 22:08:59 +0000 2026","tweet-2031492539434336648","0","0","@Linao__ TU DOIS!!!","1"
"Tue Mar 10 14:34:57 +0000 2026","tweet-2031378277793697944","0","0","@Linao__ j'ai trop de passions différentes pour me concentrer autant sur un jeu, j'ai plus le courage mdrrrr mais je pense quand même que je passe à coté d'un truc","1"
"Tue Mar 10 14:17:00 +0000 2026","tweet-2031373763304943648","0","0","@Linao__ j'avais commencé mais ça ma parait si lonnnnnnng","0"
"Fri Mar 13 01:49:10 +0000 2026","tweet-2032272725889446243","0","0","https://t.co/vv876SEuZR","0"
"Wed Mar 11 11:04:39 +0000 2026","tweet-2031687741914649072","0","0","@Linao__ j’avais été les voir aussi ! c’est différent mais même à la maison c’est si bien","1"
"Tue Mar 10 11:59:50 +0000 2026","tweet-2031339240701808651","0","0","@Linao__ j’ai répondu qu’à trois et effectivement c’est déjà trop mdrrr les réponses frôlent la déshumanisation des femmes","1"
"Mon Mar 16 14:11:41 +0000 2026","tweet-2033546750565167601","0","0","@Juanitoleroy @Linao__ Alors je ne savais pas mais c'est une quête d'un des deux DLC !! Donc c'est peut être pour ça","0"
"Mon Mar 16 14:20:35 +0000 2026","tweet-2033548992202600866","0","0","@Linao__ C'est ça ! Je ne veux pas d'un KCD avec des monstres non plus","0"
"Mon Mar 16 14:16:57 +0000 2026","tweet-2033548077257117849","0","0","@Linao__ Oui ! Sans pour autant que ce soit si lent que KCD selon moi","0"
"Tue Mar 17 13:49:17 +0000 2026","tweet-2033903500187341228","0","0","@LbwDev @Linao__ @zqyn_ @julabuche Sauf que la parole des victimes ne sera absolument pas libérée 

Pour avoir bosser dans des problématiques de familles incestueuses, vous n’imaginez pas la faible prévalence et les difficultés pour que cela soit entendu 

Avec ce genre de mesure, on peut faire taire à jamais lesV","0"
"Tue Mar 10 12:10:35 +0000 2026","tweet-2031341949270040746","0","0","@Linao__ c’est pour ça j’ai empêché mes hors mutu de rep car j’aurais eu une invasion de parasites","1"
"Wed Mar 11 20:49:00 +0000 2026","tweet-2031834799959375959","0","0","@L_ThinkTank Bien fait pour vos gue.ules c'est vous qui étiez en train de lécher les Israéliens","0"
"Fri Mar 13 13:25:25 +0000 2026","tweet-2032447943668822139","0","0","https://t.co/3LOdJHeWtA","0"
"Mon Mar 16 16:38:37 +0000 2026","tweet-2033583725695668323","0","0","Ayaw lang ng hilanat lord plsss","0"
"Tue Mar 17 12:07:26 +0000 2026","tweet-2033877872109134236","0","0","C’est tellement vrai putain, le jour où mon père est parti j‘étais loin de me douter que ma vie n’allait plus jamais être pareille et finalement tout a changé. Des fois j’essaie d’imaginer la vie que j’aurais si il était encore là mais tout a tellement changé que c’est impossible","2"
"Sat Mar 14 02:23:25 +0000 2026","tweet-2032643733586415942","0","1","Check out 🌙ules's video! #TikTok https://t.co/2Rfpv9YM4n","0"
"Tue Mar 17 05:38:56 +0000 2026","tweet-2033780098797601077","0","0","@aamberb__ Dare to dream!!!!!😎","0"
"Thu Mar 19 15:33:31 +0000 2026","tweet-2034654506383012142","0","0","hilanat pjud plus labad kayng ulo nga murak kog makuyapan?! saksakin nyo nalang ako pls","0"
"Tue Mar 10 14:29:27 +0000 2026","tweet-2031376896412238147","0","0","@Linao__ il a l'air en vrai, mais c'est trop d'investissement pour moi mdrrr","0"
"Tue Mar 24 06:32:38 +0000 2026","tweet-2036330331947585670","0","0","https://t.co/TFCf7DFRSM","0"
"Fri Mar 27 13:17:47 +0000 2026","tweet-2037519451474534610","0","0","@Linao__ @ZebrAzami Y’à plein d'article qui en ont parler","0"
"Fri Mar 20 07:30:03 +0000 2026","tweet-2034895228872650946","0","0","https://t.co/Rj5Jug3Nja","0"
"Fri Mar 27 12:22:53 +0000 2026","tweet-2037505637626585337","0","0","@PhilNfp @XeilosTrading c'est une belle famille d'enc;ulés quznd même","0"
"Sat Mar 21 19:47:29 +0000 2026","tweet-2035443194817642574","0","0","𝓡ules  ❥   

•  5k  minimum  steps
•  30mins  dancing / 30mins cardio
•  1000 cal limit
•  fast  —  minimum 20hrs","0"
"Fri Mar 27 01:19:07 +0000 2026","tweet-2037338594596254042","0","0","https://t.co/NzzScrUufN","0"
"Sat Mar 21 11:17:40 +0000 2026","tweet-2035314895806218626","0","0","@Linao__ ah ouais sur play il à l'air pas mal en vrai ça va, là je viens de faire une maj nvidia et le jeu tourne vraiment bien je suis assez surpris","0"
"Fri Mar 27 11:56:37 +0000 2026","tweet-2037499026883367053","0","0","@Linao__ @ZebrAzami Non car la viande est aussi essentiel c’est juste que le prix est très élevé","0"
"Fri Mar 27 13:02:58 +0000 2026","tweet-2037515725087162758","0","0","@Linao__ @ZebrAzami Y’à pas que ça comme problème oui y’à eu une forte demande de ram et ça personne l'avais vu venir mais c'est pas la principal cause","0"
"Mon Mar 23 13:44:33 +0000 2026","tweet-2036076635699683586","0","0","https://t.co/yrV5uN6tyA","0"
"Mon Mar 23 14:52:48 +0000 2026","tweet-2036093815174385953","0","0","@crexoww ülkenin siyaset uleş götürüyor aq","6"
"Wed Mar 25 17:30:00 +0000 2026","tweet-2036858150083784803","0","0","https://t.co/kD8WmmY11s","0"
"Fri Mar 27 15:43:43 +0000 2026","tweet-2037556178142802042","0","0","Ineed my sister to heal nasad me kay nag dizzy nasad ako panan aw samotan pas hilanat.","0"
"Sat Mar 21 21:50:34 +0000 2026","tweet-2035474171535175744","0","0","@baknegostercem ne kadar samimiyetsiz güldün ya uleş yskıstı mı sana","0"
"Sat Mar 21 11:33:42 +0000 2026","tweet-2035318934048809432","0","0","Piste man ning hilanat","0"
"Sat Mar 21 11:44:28 +0000 2026","tweet-2035321641446625783","0","0","@Linao__ ah ouaais ok j'avais pas pensé c'est dommage sah","0"
"Mon Mar 23 13:16:39 +0000 2026","tweet-2036069615969706315","0","0","@Linao__ en vrai ça m'a pas dérangé","0"
"Sat Mar 21 22:43:36 +0000 2026","tweet-2035487519366840373","0","0","Surely miss their Lives after the concert. Idk but I was totally drained that I fall asleep as soon as the clock strike at 9pm. Or maybe my body says ""enough! "" after days of sleeping so late 😅 head's hurt and sore throat, hilanat incoming na this.","0"
"Thu Mar 26 13:07:35 +0000 2026","tweet-2037154496581669210","0","0","@Linao__ ah ouais bien vu","0"
"Sat Mar 21 13:45:11 +0000 2026","tweet-2035352020660482234","0","0","@Linao__ je peux comprendre, après je dis pas qu’ils sont parfaits mais la hate dessus à l’époque c’était complètement disproportionné..","1"
"Tue Mar 10 08:39:33 +0000 2026","tweet-2031288839159836838","0","0","https://t.co/V2oKRmOoJH","0"
"Sun Mar 01 15:05:33 +0000 2026","tweet-2028124487456014532","0","0","@Linao__ mdrrr tu sais que quand j’ai plus de place dans l’inventaire et que je peux pas ramasser un truc ça me frustre jusqu’à ce que je retourne le récupérer dkdkdkdkd","1"
"Mon Mar 09 13:48:58 +0000 2026","tweet-2031004319596585405","0","0","@Linao__ après pas forcément dangereux physiquement, mais surtout psychologiquement car ouais pour moi c’est des incels. et dans l’univers du gaming ils sont presque en majorité, je déteste cette commu vraiment","2"
"Wed Mar 04 12:42:59 +0000 2026","tweet-2029175772641149267","0","0","To Doc CK, cancel sa ang demo ugma doc kay schedule sa akong hilanat. Salamat 🥰 /j","0"
"Mon Mar 02 20:59:30 +0000 2026","tweet-2028575949302690021","0","0","Passo o dia todo jogando e vendo vídeo pra fingir que aquilo não aconteceu mas é quase impossível☠️","0"
"Fri Mar 06 09:25:34 +0000 2026","tweet-2029850868506300822","0","0","@MarieC49 @MSerge4 Bravo à tous ceux qui ont voté pour macron, y compris les gauchiasses et bien fait pour vos gue'ules 

Pour les autres sachez que tout a une fin https://t.co/ExQSkwzibM","1"
"Thu Mar 05 13:43:22 +0000 2026","tweet-2029553357094863276","0","0","@Linao__ En plus d’être mid","0"
"Sun Mar 01 05:29:54 +0000 2026","tweet-2027979621791371268","0","0","解禁初日。よろしくお願い致します。 https://t.co/DLZRp1QfQV","2"
"Mon Mar 02 15:59:37 +0000 2026","tweet-2028500481215959237","0","0","@SeraArzud @Linao__ @_Je_te_vois_ @deadzach44 C'est bien ça ne change pas de simple faits sur le jeu en gros 👍","0"
"Mon Mar 02 20:56:29 +0000 2026","tweet-2028575191438156052","0","0","The dark triad https://t.co/zWB5vRpZBJ","0"
"Mon Mar 02 20:51:11 +0000 2026","tweet-2028573857842335985","0","0","@Tarumateo @LeSaintPenny @Linao__ Je ne peux qu'être d'accord . Et ça fait 7 ans que je fais des jeux vidéos 😅","0"
"Tue Mar 03 20:01:44 +0000 2026","tweet-2028923801476428177","0","0","Happy International Writers’ Day, OWLS! 🥳

If you wish to be a writer, write. If you are scared your words aren’t good enough, write anyway. 🥹

#InternationalWritersDay #writers #writersoftwitter https://t.co/SCEVDBKuXk","4"
"Thu Mar 05 13:42:08 +0000 2026","tweet-2029553047068709361","0","0","@Linao__ Le 3 et 4 jamais vu aussi ringard","0"
"Mon Mar 02 12:41:43 +0000 2026","tweet-2028450677765062837","0","0","@SeraArzud @Linao__ @_Je_te_vois_ @deadzach44 C'est toi le pb si tu joues en facile","0"
"Fri Mar 06 10:56:11 +0000 2026","tweet-2029873672551358524","0","0","https://t.co/DDUNHniBdC","0"
"Mon Mar 09 18:23:43 +0000 2026","tweet-2031073463499096538","0","0","@Linao__ @y4aacine tu perces","1"
"Sun Mar 01 12:57:39 +0000 2026","tweet-2028092301520576599","0","0","ᓚ₍ ^. .^₎ 𝓡ules ﹕

➜ 𝒟aily morning weigh in (will miss some cause I sleep at my bf’s sometimes)

➜ 𝒩o specific cal limit, just hopefully under or at my maintenance

➜ 𝒲orkout daily, try to aim for 10-15k steps

➜ 𝒟rink 1-2 L of water a day!","8"
"Mon Mar 02 16:24:56 +0000 2026","tweet-2028506854632968426","0","0","@SeraArzud @Linao__ @_Je_te_vois_ @deadzach44 ""elle est sur armée"" c'est faux justement tout le principe du survival horror c'est d'avoir des ressources limitées et de bien les gérer et garder pour les bonnes situations et c'est bien le cas rien qu'en standard

Le seul truc vrai c'est que y a des zones tu peux outspeed","0"
"Sat Mar 07 13:41:32 +0000 2026","tweet-2030277671876510104","0","0","Partida may sip-on pa Yan siya, Galing talaga !","4"
"Tue Mar 03 12:39:49 +0000 2026","tweet-2028812590948728943","0","0","@Linao__ j'ai fais et ça compter toujours dans les défis comme une utilisation","0"
"Mon Mar 30 16:38:43 +0000 2026","tweet-2038657181772321189","0","0","i want to dance the pain away","0"
"Fri Apr 03 20:17:15 +0000 2026","tweet-2040161728684548359","0","0","Congratulations!","19"
"Tue Apr 07 02:40:04 +0000 2026","tweet-2041345232697196785","0","0","https://t.co/uqoc4yr7Br","0"
"Tue Apr 07 02:27:49 +0000 2026","tweet-2041342151251108076","0","0","https://t.co/4Jy64XIZ9a","0"
"Fri Apr 03 13:30:38 +0000 2026","tweet-2040059401785266453","0","0","https://t.co/mL1HJudJJm","0"
"Sun Mar 29 18:13:00 +0000 2026","tweet-2038318523848470898","0","0","@celia_danel Ça, c'est le nom qu'on leur donne lorsqu'on est bien élevé, sinon c'est plutôt une belle bande d'en*ulés psychopathes.","10"
"Tue Mar 31 15:07:24 +0000 2026","tweet-2038996592188084686","0","0","Mga soundtrack this season:

1. Hit² sip-on
2. Sagrak badlo
3. Ungol pamaol

🤢🤮🤧🥶","0"
"Sat Apr 04 03:30:36 +0000 2026","tweet-2040270787282653482","0","0","@newjeansysl @putedeitadori Grok ma translate this par « je te déteste bougn@ules »","2"
"Fri Apr 03 20:18:47 +0000 2026","tweet-2040162114065633299","0","0","The standard longgg","2"
"Fri Apr 03 17:20:59 +0000 2026","tweet-2040117371197927929","1","0","""colecole and,,,,,,,,,,, ada,, getting along,,, using,,,, flower,,, crowns,, (hi Jules twin) 🥺🥺🥺 hope ur doing okay"" -&gt; Awww! How cute!

[https://t.co/ikvzjkVlyP] https://t.co/p0JaFXgsaD","7"
"Sun Apr 05 12:01:03 +0000 2026","tweet-2040761633232798147","0","0","Xqc is a hater https://t.co/pzs2ROrGjF","0"
"Tue Mar 31 19:07:17 +0000 2026","tweet-2039056957500514451","0","0","https://t.co/7cLwJNd7hc","0"
"Sun Apr 05 07:29:10 +0000 2026","tweet-2040693212525048039","0","0","she will be loved https://t.co/b46ei8npD2","0"
"Thu Apr 02 17:53:32 +0000 2026","tweet-2039763176481575052","0","0","i'm crying just by thinking how i could fall in his arms kaha no, ta's mutulo akong sip-on instead sa luha 😭😭😭","0"
"Fri Apr 03 18:55:37 +0000 2026","tweet-2040141185847595050","0","0","Coucou aux en*ulés de Bein 📸 https://t.co/0Y26M4mmOP","14"
"Mon Mar 30 03:39:05 +0000 2026","tweet-2038460980141891761","0","0","hilanat, sip on ug labad sa ulo tabanggg","0"
"Mon Apr 06 19:42:43 +0000 2026","tweet-2041240204736909737","0","0","@MulataSolitude J'ai appelé ma banque et ces FDP ont prétendu que je ne pouvais pas mourir 10 fois et que je n'aurais droit qu'à un seul versement de mon assurance vie. 

Quels enc*ulés !","4"
"Tue Apr 07 11:38:53 +0000 2026","tweet-2041480832142209408","0","0","maluya sa buhay pag may dalaw 🥺🩸","0"
"Tue Apr 07 01:04:28 +0000 2026","tweet-2041321174505041924","0","0","https://t.co/xZQD4Zrg88","0"
"Wed Apr 01 05:08:11 +0000 2026","tweet-2039208180220318146","0","0","hapdi sa lang kay ni samot ang hilanat","0"
"Mon Apr 13 20:23:17 +0000 2026","tweet-2043787126307991747","0","0","🚨🚨🚨MISSING: my wigger son Richard (who insists on being called Gerard) has been missing for 36 hours. He was last seen long boarding away from his job at #1 VapeUSA and we don’t know how long he’s gone without a sip of white monster energy drink.","1"
"Wed Apr 15 22:45:21 +0000 2026","tweet-2044547656089760130","0","0","🍊Bubbly &amp; bursting with citrusy sweetness! Julia’s Orange Sherbet Punch is the ultimate drink for spring gatherings, showers, Halloween, or just a sunny afternoon on the porch! It’s a crowd-pleasing classic that’s as fun to sip as it is to serve!
⭐️ https://t.co/bRRMv4soHx https://t.co/h4x3neg2Tu","6"
"Wed Apr 15 12:30:36 +0000 2026","tweet-2044392947664261275","0","0","@franceinfo Fermez vos gu*ules les gueux sans dents 😂","1"
"Thu Apr 16 00:07:43 +0000 2026","tweet-2044568382893068538","0","0","@corts__world Drowning on a sip of water. Takes skill","1"
"Mon Apr 13 21:33:59 +0000 2026","tweet-2043804921376714986","0","1","@angelsyndrome_ @seraphicisma Lila you MF. I was busy counting my money and you interrupted me by @'ing me in such a useless tweet. Gross. Now if you'll excuse me, imma go sip on my matcha by the balcony in burj khalifa while looking down on all yall brokies. Goodbye","1"
"Mon Apr 13 16:40:35 +0000 2026","tweet-2043731082013499603","0","1","There was a nondies guy pushing two Nilos at once. Sip on the right, sip on the left. No confusion, just pure balance 😂😂😂😂. I was plaaa","5"
"Fri Apr 10 05:25:13 +0000 2026","tweet-2042473959590150594","0","0","Grabi ka init sa gawas doh, maka hilanat","0"
"Tue Apr 14 19:07:58 +0000 2026","tweet-2044130560260411592","0","0","Loving you was like gasping for oxygen. The first sip of morning coffee. Like riding a bike. Like waking up on the first day of Spring after the most brutal Winter. Like the first strike of lightning during a thunderstorm. Loving you was everything that makes life worth living.","2"
"Wed Apr 15 06:03:00 +0000 2026","tweet-2044295404951363912","0","1","I used to worry about the technical complexity of executing large orders on-chain.

Matching logic often fails to bridge the gap between efficiency and security.

StandX SIP #1 introduces a robust technical flow for Block Trades.

The process begins with an on-chain match on chains like BSC or Solana.
Once a match is recorded, the quantity is instantly deducted from the block capacity.

The @StandX_Official Settlement engine then serves as the final source of truth.

It validates chain finality and runs risk checks before the position is opened.
Fees are deducted atomically to ensure everything stays in sync.

Security and efficiency should never be a trade-off.","36"
"Mon Apr 13 20:54:04 +0000 2026","tweet-2043794874923684195","0","0","@GAFollowers This why ion go at night no mo lmao strictly lunch hours; put my order in, throw a lil dolla while they cooking my food, get a lil dranky drank to sip on then I’m gone","5"
"Tue Mar 10 09:07:57 +0000 2026","tweet-2031295985511707045","0","0","kasamok sip-onon, wa jud koy masimhutan ahhhhh","0"
"Mon Mar 09 12:38:54 +0000 2026","tweet-2030986687199797254","0","0","yop","0"
"Sun Mar 01 02:15:21 +0000 2026","tweet-2027930660183437377","0","0","i can’t get this anime out of my head
 #pp_anime","0"
"Wed Mar 04 14:51:19 +0000 2026","tweet-2029208068450599144","0","0","Healthy living, pero di gehapon malikyan mag ka sakit 😷 gaaad dakpan jud sa hilanat 🤧","0"
"Sat Mar 07 12:33:39 +0000 2026","tweet-2030260590963499367","0","0","again and againnn, sobra pas hilanat ni HAHAHAHAHAHAHA","0"
"Mon Mar 09 22:00:58 +0000 2026","tweet-2031128132716286368","0","0","Drake Maye to Brian Thomas Jr be lit man!! #Patriots 👀 https://t.co/PpZIVpxgzg","0"
"Sun Mar 01 13:37:35 +0000 2026","tweet-2028102349873352962","0","0","@Linao__ C'est ce qui me frustre le plus en ce moment, les studios avec d'énormes moyens ne se font plus chier à faire leur propre moteur et partent tous sur Unreal vu que c'est moins chiant et moins cher","17"
"Sat Mar 07 06:31:02 +0000 2026","tweet-2030169332081381533","0","0","[ *®eal ®ules 🇵🇭 2026 ]

®epeat just to have all right!
®ighteously!
®ulers!","1"
"Sun Mar 01 22:14:11 +0000 2026","tweet-2028232356792836460","2","0","❤︎⠀⠀𝓇ules⠀⠀:

౨     &lt;  3OO  calories 

౨     +1O  thousand  steps  

౨     dance  ノ  pilates  x  3  a  week

౨     burn  atleast  7OO  calories 

౨     no  refined  sugars

꣖   -  1.5  litre  water  everyday","31"
"Mon Mar 09 06:49:43 +0000 2026","tweet-2030898812730896584","0","0","As exams begin, we wish all students the very best in their exams. Stay calm, trust your preparation, and give it your best effort. We believe in you!🚀💙","2"
"Wed Mar 04 00:30:00 +0000 2026","tweet-2028991313631429039","0","0","Murag padung man nig hilanat akong paminaw ron oy niya wa pa man ko natiwas sa month end closing hahays haha","0"
"Mon Mar 09 09:08:33 +0000 2026","tweet-2030933750557909075","0","0","[ *®eal ®ules 🇵🇭 2026 ]

®etake illegal possessions!
®ighteously!
®ulers!","1"
"Sat Mar 07 12:52:26 +0000 2026","tweet-2030265317138780167","0","0","Just to be clear currently the EV buses are being operated by a separate entity ohm not the govt per se. So thats not free currently. Also the ULEs too.","10"
"Mon Mar 09 12:11:25 +0000 2026","tweet-2030979771090260059","0","0","単純鳥 👩‍👧‍👧","0"
"Wed Mar 04 13:30:04 +0000 2026","tweet-2029187623512871243","0","0","Puro mudta dtoy ules kon ohhh💦💦💦","3"
"Tue Mar 03 02:00:15 +0000 2026","tweet-2028651638311850439","0","0","Asi te das cuenta que todo lo que ella necesitaba para salir y ser feliz es estar lejos de ti","0"
"Sat Mar 07 21:14:21 +0000 2026","tweet-2030391625415795049","1","0","LUÍS VAU VRUGAR CMG QUANDO DESCOR Q A UNIVA REFEUCAO Q EU FUZ FOI UMA ÁGUA COM LINAO O DIA TODO","0"
"Mon Mar 02 15:34:56 +0000 2026","tweet-2028494269347185013","0","0","Trapohi nang sip-on nimo girl oi..baba ra ka kaayo","0"
"Mon Mar 09 11:43:22 +0000 2026","tweet-2030972709006426290","0","0","A tous les goys suceurs de bit.s sioniste... vous êtes des anti-Dieu de l'humanité, comme vos maîtres !!!
Capito bande des enc.ules?","0"
"Fri Mar 06 17:13:35 +0000 2026","tweet-2029968648614596644","0","0","tumutulo pa din sip-on ko huhu nakakaiyaaakkk 😭","1"
"Sun Mar 22 07:27:35 +0000 2026","tweet-2035619383779655764","0","0","im just so fucking scared all the time what am I supposed to do about any of this","0"
"Sat Mar 28 18:26:45 +0000 2026","tweet-2037959596523057530","0","0","https://t.co/nLKTzaOQ00","0"
"Sun Mar 22 22:29:13 +0000 2026","tweet-2035846286608372032","0","0","https://t.co/tAJwSa1ZEN","0"
"Mon Mar 23 04:26:36 +0000 2026","tweet-2035936225861751040","0","0","Mi amigo se sabroseó a mi ex casi algo JAJAJAJA","1"
"Sun Mar 22 13:34:40 +0000 2026","tweet-2035711763828945078","0","0","di kasi yata kayo sanay na maluya at may patis ang sabaw niyo and thats why its so bad for yall 😭😭😭😭","0"
"Mon Mar 23 12:19:25 +0000 2026","tweet-2036055212029514021","0","0","Lintik na uwan. Wa pa gane ta naayo sa hilanat. Hays~ 😮‍💨🥺","0"
"Mon Mar 23 04:05:07 +0000 2026","tweet-2035930819647197609","0","0","Ules said take them braids outttt 🤣 im cutting them out tomorrow shawty","0"
"Sat Mar 21 09:15:27 +0000 2026","tweet-2035284139515969605","0","0","Президент: ""Шын мәнінде жанашыр ұрпақ қана Қазақстанның көркеюіне мол үлес қоса алады"" https://t.co/yHh11LaNg8 https://t.co/saoTOcjosq","0"
"Fri Mar 20 09:34:02 +0000 2026","tweet-2034926429259829270","0","0","Eid Mubarak. 🌙

As the celebration begins, may this Eid fill your days with happiness and your homes with blessings.

From all of us at ULES ARB, we wish you a joyful and peaceful Eid celebration.

#ULESARB https://t.co/TiHLvL3PCP","2"
"Sun Mar 29 04:15:08 +0000 2026","tweet-2038107668032995404","0","0","🏡🔝⬇✖🥞","0"
"Fri Mar 27 08:20:18 +0000 2026","tweet-2037444589502751036","0","0","[ *®eal ®ules 🇵🇭 2026 ]

®ace on creating knowledge!
®ighteously!
®ulers!","1"
"Wed Mar 25 06:14:37 +0000 2026","tweet-2036688184898379971","0","0","freaking hell hilanat and gidugo combo Maypag gipatay nalang q","0"
"Wed Mar 25 17:17:45 +0000 2026","tweet-2036855067064885463","0","0","dri nata maluya aning naa patay gamit sa lamina https://t.co/wurhwinOez","0"
"Mon Mar 23 20:23:02 +0000 2026","tweet-2036176917146079548","0","0","I may deactivate this account soon or something idk nobody interacts with it I don't feel its purpose is being fulfilled","3"
"Wed Mar 25 13:36:35 +0000 2026","tweet-2036799409070235969","0","0","https://t.co/azxOWMDJP3","0"
"Mon Mar 23 05:42:48 +0000 2026","tweet-2035955400504410191","0","0","want it to stop so bad","0"
"Mon Mar 23 06:24:41 +0000 2026","tweet-2035965941889282052","0","0","K night https://t.co/LvKXEz6kr6","0"
"Sat Mar 28 22:53:44 +0000 2026","tweet-2038026785133404622","0","0","https://t.co/HKZqKhn75E","0"
"Tue Mar 24 10:29:27 +0000 2026","tweet-2036389925688324215","0","0","Rendkívüli ülést tart a Nemzetbiztonsági Bizottság a tiszás ügynökbotrány miatt

Sas Zoltán, a bizottság elnöke azt ígérte, amennyiben lesznek olyan részletek, amelyeket megoszthatnak, közzéteszik majd a nyilvánosság számára is.

https://t.co/OHMHRFRlNo","9"
"Thu Mar 26 20:24:24 +0000 2026","tweet-2037264425279770772","0","0","Si  perpetuar obras y difundir cultura  es un crimen, que mal estamos.","0"
"Tue Mar 31 03:35:27 +0000 2026","tweet-2038822453380854149","0","0","Grabeeee ang sip-on 😭","0"
"Sun Apr 05 09:09:32 +0000 2026","tweet-2040718467549073733","0","0","tomorrow is my birthday help","3"
"Sun Mar 29 20:59:32 +0000 2026","tweet-2038360429987065914","0","0","how i feel after vomiting all day because of a hangover https://t.co/bxTSFCfHof","2"
"Fri Apr 03 14:06:12 +0000 2026","tweet-2040068351456616828","0","0","Bah arrêtez de tuer des gens, en*ulés que vous êtes","0"
"Fri Apr 03 20:23:47 +0000 2026","tweet-2040163372335837557","1","1","You see them talk from “ULES” to Bloomberg? 

They know where home is 😂💚

But a win for us is a win for you too. So fairs 🫡 https://t.co/cQYt4PzTpH","42"
"Fri Apr 03 20:21:58 +0000 2026","tweet-2040162917396443606","1","0","They came to our office first before they registered in your office as a student","18"
"Fri Apr 03 13:23:40 +0000 2026","tweet-2040057648150667429","0","0","Are you serious X @X !?? 

Hello @X @Support, 
@itJIMIN1013
@PJMLand_Myanmar
@JMonAppleMusic2
@hourlystream_jm
@hourlystreamjm2
@jimin_chartsph has been suspended despite having adhered to all X ules and guidelines I respectfully request  kindly ask for the reinstatement of the account! It's a fan account.","0"
"Tue Mar 31 10:38:20 +0000 2026","tweet-2038928878165484015","1","0","⠀⠀
⠀⠀𝓇 ules  .
⠀⠀","0"
"Wed Apr 01 15:13:13 +0000 2026","tweet-2039360441542173045","0","0","naunsa naman ni murag mag isa ka bulan naman ni nga ubo ug sip-on","0"
"Wed Apr 01 04:55:27 +0000 2026","tweet-2039204976183115885","0","0","Padung naman sad ni hilanat. 🥲","0"
"Wed Apr 01 03:44:12 +0000 2026","tweet-2039187043192815744","0","0","Ojalá ser tuyo otra vez.","0"
"Tue Mar 31 20:37:03 +0000 2026","tweet-2039079547958890531","0","0","hilanat check","0"
"Sun Mar 29 17:41:05 +0000 2026","tweet-2038310489826930971","0","0","That liquor lastnight was nasty asf Ules said I wouldn’t give that to my worst enemy I said bitch I would tf he said bro you evil asf 🤭😭😭😭😭😭😭 I know it","0"
"Thu Apr 02 22:06:56 +0000 2026","tweet-2039826944754425863","0","0","I will not be posting context to this doodle. https://t.co/szaJ7BK6An","4"
"Sun Apr 05 05:59:19 +0000 2026","tweet-2040670601426472983","0","0","maluya jud ang all if naay manikas sa dula hahays paeta
grabe ka gahaman","0"
"Fri Apr 03 20:30:19 +0000 2026","tweet-2040165016759050478","0","0","Small Phebe doodle because I love her very much https://t.co/SCjmRSNHi4","5"
"Thu Apr 02 17:09:23 +0000 2026","tweet-2039752062234468448","0","1","Please tell me I'm not crazy please tell me you guys can see Ian in this cat.","7"
"Thu Mar 12 16:35:45 +0000 2026","tweet-2032133455283437939","0","0","Dafak I'm not feeling well!!! Nadutlan pa sang hilanat ba","0"
"Tue Mar 17 14:59:12 +0000 2026","tweet-2033921095795941797","1","0","⠀
⠀
⠀⠀⠀ 𝐈. 𝓡ules
⠀
⠀","0"
"Thu Mar 19 06:50:03 +0000 2026","tweet-2034522773402607943","0","0","I barely know anything about Spiderman but those edits of the new trailer b making me cry","0"
"Wed Mar 11 20:37:50 +0000 2026","tweet-2031831988970094840","0","1","➡️ immersion au Linao Club et échanges avec leurs jeunes champions de Jiu‑Jitsu Brésilien 

➡️ inauguration de l’espace Jacky Riou, en hommage à ce gardien emblématique de la salle Leyrit, entouré de nombreux sportifs et de sa famille https://t.co/hiurYhCYwX","8"
"Thu Mar 12 07:44:28 +0000 2026","tweet-2031999751760286101","0","0","Baste: Si bangag na de sip-on.

🤣🤣🤣🤣","1"
"Thu Mar 19 06:49:18 +0000 2026","tweet-2034522585493586031","0","0","????? https://t.co/QHag8QoVVn","0"
"Thu Mar 12 01:42:22 +0000 2026","tweet-2031908625501802861","0","0","Céus, quanta poeira.","0"
"Fri Mar 13 13:03:44 +0000 2026","tweet-2032442488259277291","0","5","maluya kos kagwapo nimo doh 

JADEWARD BEYOND MYSTERY","42"
"Sun Mar 15 02:51:53 +0000 2026","tweet-2033013284144820256","0","0","poya aning ubo ug sip-on eyy","0"
"Thu Mar 19 12:59:50 +0000 2026","tweet-2034615834434585057","0","0","Subaw, hilanat, kasukaon, labad sa ulo, sakit sa lawas, og kapoy ang lawas","0"
"Thu Mar 19 10:22:23 +0000 2026","tweet-2034576209942557156","0","0","Maluya Was happy Seeing Ishowspeed collab With Marlon Because Months Ago Marlon Said His Dream Collab Is Ishowspeed https://t.co/M805xQXwb1","1"
"Thu Mar 19 07:06:17 +0000 2026","tweet-2034526860215030242","0","0","he is everything you want he is everything you need he is everything inside of you that you wish you could be he says all the right things at exactly the right time but he means nothing to you and you dont know why https://t.co/VxaOEtclvX","0"
"Thu Mar 12 06:33:32 +0000 2026","tweet-2031981902777786753","0","0","Como eu escaralho sem escaralhar isso? https://t.co/bWYIVjemM4","0"
"Thu Mar 12 07:46:22 +0000 2026","tweet-2032000231597040067","0","0","oa sa sip-on si sister","0"
"Tue Mar 17 08:21:24 +0000 2026","tweet-2033820987704414529","0","0","I was wrong and I just cant live without you","0"
"Thu Mar 12 03:11:56 +0000 2026","tweet-2031931166513840623","0","0","tuara gi hilanat na","0"
"Tue Mar 17 10:53:03 +0000 2026","tweet-2033859150179144056","0","0","[ *®eal ®ules 🇵🇭 2026 ]

®ock all brains!
®ighteously!
®ulers!","1"
"Thu Mar 12 06:56:56 +0000 2026","tweet-2031987791614394624","0","0","and i hope you will https://t.co/x1ZtDRwoYN","0"
"Wed Mar 11 06:39:12 +0000 2026","tweet-2031620940313002330","0","0","ahak na hilanat ni","0"
"Tue Mar 10 12:52:44 +0000 2026","tweet-2031352557130629381","0","0","pwede mamatay kajot? boyshettt nga hilanat ug hubak. Naa pakoy oral facil😭","0"
"Wed Apr 15 03:20:35 +0000 2026","tweet-2044254531572363376","0","0","@Tynach @Laythe_li_suwi @N4pstr mostly absurdist, based on https://t.co/ycpgwwOhxM and the fact I'm using a phone running postmarketos as a backup gateway (and hopefully a sip server soon)","2"
"Mon Apr 13 10:21:46 +0000 2026","tweet-2043635751238439098","0","0","good morning! well time to take a big sip of coffee and check whether the pope is weak on crime. haha of course he isn’t! so weird that that would even occur to me lol","2"
"Sat Apr 11 04:30:59 +0000 2026","tweet-2042822698510713262","0","0","Strip Contest - Strip Selector Adult Games https://t.co/o0KU7YvEfo","0"
"Thu Apr 16 00:47:36 +0000 2026","tweet-2044578418671419487","0","0","*He just takes another sip of wine smiling while picturing those looks in his head*

Hmmm... That could work, that could work... Although everything looks good on you, dear

*Winks again and finishes his wine*

Hmmm... I could also think of something... ""Flashier""... *Making a gesture with both hands*

Yes","2"
"Mon Apr 13 06:59:53 +0000 2026","tweet-2043584946816889213","0","0","Squirt is not pee #SquirtIsNotPee","1"
"Mon Apr 13 07:49:06 +0000 2026","tweet-2043597330532688228","1","6","Morning run &amp; lifting session done. Go pay your sIave tax while i sip on coffee and brunch:) ☕️ https://t.co/qdLUwWuwsn","104"
"Tue Apr 14 12:56:47 +0000 2026","tweet-2044037148450435194","0","0","She should have warned people about not chugging it so they won't be on the toilet like crazy, lolll. I used to sip this same concoction on evenings when I was in high school to grow my hair, and it did!","1"
"Tue Apr 14 09:29:04 +0000 2026","tweet-2043984874504167914","0","0","@Tipsters2avoid Didn't notice She is for me Boys, but got the others.

Trying to work out what Jake might be on today, these looked good at 7am

Kaydence 14:33 9/2
Jetty May 15:08 10/1
Arbaawy 16:10 28/1
Real Gain 16:45 6/1
Hold Up La Colmine 16:52 10/1
Big Sip 18:30 11/2
Tutu Twist 19:42 6/1","2"
"Mon Apr 13 13:51:41 +0000 2026","tweet-2043688578316734847","0","0","@RBlooms2021 Good morning.  Happy Monday.  Wonder what today will bring!?  Close to seventy warm degrees this morning, how good is that?!  So I’m going to sip a little coffee and work on this high heart rate☮️❤️☁️","1"
"Mon Apr 13 06:50:06 +0000 2026","tweet-2043582484005437579","0","2","While others watch the bridge form,
you’re already crossing it.

Build your portfolio with a Bitcoin SIP on ZebPay 🚀 https://t.co/4lIGA1AxfG","7"
"Wed Apr 15 01:57:58 +0000 2026","tweet-2044233741111836940","0","0","They’re trying to stop you from buying the milkshake on the menu as a sweet treat after your dinner and hitting the Kirk sip https://t.co/N4u1yICOn6","7"
"Mon Mar 23 13:29:21 +0000 2026","tweet-2036072813816144091","1","0","Hi! Lots of complicated songwriting going on here , possible movement of ules ennevyr release to 2027. Very ambitious ideas , may not be able to see them to their completion this year . The single is going to be Pathfinder! That will happen eventually! I promise! 17 minute song","3"
"Thu Mar 26 13:13:46 +0000 2026","tweet-2037156053280813544","0","0","Definitely a more orchestral and folk-like approach this time around.. so muuuch more complicated than a full ambient album.. still some ambient .. don't worry ambient enjoyers..","5"
"Sat Mar 28 16:45:36 +0000 2026","tweet-2037934139077452155","0","0","https://t.co/kY3b9Jowud","0"
"Wed Mar 25 00:23:10 +0000 2026","tweet-2036599738024554765","0","0","so many breakup songs but not a lot for when ur trying to pull it together","0"
"Mon Mar 23 06:29:40 +0000 2026","tweet-2035967194564305148","0","0","Literal nga gin hilanat man ta sa kadakuon ba!","6"
"Tue Mar 24 11:43:35 +0000 2026","tweet-2036408582787170681","0","0","These threats violate X TOS but the same ules don't apply to friends of  🇮🇱 . 
Don't be surprised if you find out all your personal data harvested by X is being fed to 🇮🇱 connected  AI apps that can ID, locate and target designated 'enemies' of the  🇮🇱🇺🇲 war machine.","0"
"Sun Mar 22 00:42:19 +0000 2026","tweet-2035517396039938473","1","14","🇸🇳🌸. Je vous jure, l’histoire ne sera ni falsifiée ni tronquée‼️ 
Iran 🇮🇷 merci pour cette Riposte venue tardivement. Nous n’avons pas oublié les centaines d’enfants br.ulés vifs par Is.ra£l, ceux amputés sans anesthésie. Ba.lles à la tête. M0rts, affamés… https://t.co/5rlYDQ293H","74"
"Mon Mar 23 00:52:33 +0000 2026","tweet-2035882357790482496","0","0","Ules Pulling My Braids I Barley Got Hair Somebody Call Help","0"
"Sat Mar 28 08:31:58 +0000 2026","tweet-2037809912601096639","0","0","[ *®eal ®ules 🇵🇭 2026 ]

®ise on laughters!
®ighteously!
®ulers!","1"
"Wed Mar 25 21:42:01 +0000 2026","tweet-2036921573618434255","0","0","https://t.co/pxiW42zynk","0"
"Sat Mar 28 00:07:23 +0000 2026","tweet-2037682929225093379","0","0","HAHAHAHAH diri ta maluya😬","0"
"Mon Mar 23 06:25:48 +0000 2026","tweet-2035966223348072495","0","0","testing testing ????? https://t.co/icjzaGxfWJ","0"
"Thu Mar 26 07:47:30 +0000 2026","tweet-2037073948169601108","0","0","that 20 minutes every day where I feel ready to be inba committed relationship is like getting a hand warmer in 20 degree weather. part of me is warm temporarily","0"
"Fri Mar 27 23:39:44 +0000 2026","tweet-2037675971919433893","0","0","https://t.co/96qPTwKvnV","0"
"Fri Mar 27 20:51:01 +0000 2026","tweet-2037633514388980091","0","0","healing in silence is so powerful","0"
"Sat Mar 21 19:17:49 +0000 2026","tweet-2035435731372626133","0","0","in my dream we were shooting the shit and catching up like old friends","1"
"Sat Mar 28 13:30:02 +0000 2026","tweet-2037884924057764348","0","0","Ules Okmn","0"
"Sat Mar 28 21:13:35 +0000 2026","tweet-2038001581669720315","0","0","mura man kog maluya di maka-rewatch","1"
"Fri Mar 27 13:44:00 +0000 2026","tweet-2037526051396493582","0","0","Maluya was confused when Ishowspeed and marlon kiss each other https://t.co/ey31oYHKZY","0"
"Mon Mar 23 06:27:04 +0000 2026","tweet-2035966539137155114","0","0","so pissed roadrunners live in Arkansas. get your ass back to NM where you belong NOW","1"
"Thu Mar 05 20:02:55 +0000 2026","tweet-2029648876668604671","0","0","maluya na unta ko kaso naabtan nako syag nga love sa Tiktok, ilahos ta na nig trabaho uy HAHAHAHA https://t.co/oh6BFntpm9","0"
"Sun Mar 08 09:54:26 +0000 2026","tweet-2030582910252634374","0","7","📍 İlçe Başkanlığımıza Ziyaret

Elgün Mahalle Başkanımız Mehmet Raşit Ules beyefendi, İlçe Başkanımız Sn. Lütfi Bağcı’yı ilçe başkanlığımızda ziyaret etti.

Parti çalışmalarımız üzerine istişarelerde bulunarak mahallemizde yürütülen faaliyetler hakkında değerlendirmeler gerçekleştirdik. Nazik ziyaretleri dolayısıyla kendilerine teşekkür ediyor, çalışmalarında muvaffakiyetler diliyoruz.

#RamazandaViranşehir #RamazandaŞanlıurfa #MilletimizleİnancımızBir

@RTErdogan 
@abuyukgumus 
@bybekirbozdag
@CYAZMAC
@ibrahimeyyupogl
@AEminOnenOfis 
@milhamigunbegi
@hakanaksu058
@farukaytek
@lutfibagci
@HuseyinKandemr
@Akparti
@akpartiurfa","16"
"Fri Mar 06 21:56:51 +0000 2026","tweet-2030039935366152331","0","0","pokemon pokopia is my new obsession","1"
"Wed Mar 04 05:25:58 +0000 2026","tweet-2029065793804071313","0","0","Бибігүл Жексенбай: Референдум — ел болашағына үлес қосуға берілген мүмкіндік https://t.co/caUJ1eDPWd https://t.co/cjVCIdy6LS","0"
"Tue Mar 03 12:29:46 +0000 2026","tweet-2028810061032861727","0","0","gi hilanat ang oat","0"
"Mon Mar 09 22:19:59 +0000 2026","tweet-2031132922233635185","1","5","Rácz András: a cáfolatok hiánya erősíti meg, hogy az oroszok beavatkoznának a választásokba https://t.co/xhF5WsYVh2 https://t.co/tiSvjxpgEH","25"
"Sat Mar 07 05:37:23 +0000 2026","tweet-2030155832693039108","0","0","sa kadakolan ning pwedeng magsuffer ning alog kauni ngata ako pa? ako pa talaga na maluya sa gabos na bagay🥺,gusto koman sana maging maayos ngata kaipohan koman uni maranasan?","0"
"Tue Mar 03 01:56:10 +0000 2026","tweet-2028650608786559298","0","0","📍Linao Cave

#TravelPH #lovephilippines https://t.co/UqsnHhqCHE","0"
"Fri Mar 06 05:59:36 +0000 2026","tweet-2029799036853821448","0","0","guess kinsay nag hilanat 🙂","0"
"Mon Mar 09 08:56:11 +0000 2026","tweet-2030930636962463899","0","0","maayo ni ako hilanat if maabot na amo stipend dost😔","0"
"Sun Mar 01 22:29:33 +0000 2026","tweet-2028236223383585273","0","0","I miss my guy","1"
"Mon Mar 09 12:41:27 +0000 2026","tweet-2030987328752378116","0","27","hiloh po g/irl r/ules baba po muna sa tl pls kami muna

JADEWARD UNSPOKEN TENSION https://t.co/H4jHRyiddH","22"
"Fri Mar 06 11:41:41 +0000 2026","tweet-2029885121998782503","0","0","Egy utazásguru megmutatta, hogyan választhatjuk ki az ülésünket a Ryanair gépein ingyen 

#utazas #ryanair #repulogep #legitarsasag #ules #hack #szoljhozza https://t.co/gyqjMPhglG","0"
"Sun Mar 08 03:54:38 +0000 2026","tweet-2030492360732475604","0","0","Ka maayo gyud mutiming sa akong hilanat, di jud sya ganahan makuhaan akong sick leave credits. 2nd weekend na ni na-happen. I think sign ni nga need kog bakasyon chareng","1"
"Mon Mar 09 23:22:39 +0000 2026","tweet-2031148689817813429","0","0","@tswiftmv linão","0"
"Sun Mar 08 18:33:34 +0000 2026","tweet-2030713552672051272","0","0","كُـود  كوبِون خـِصم

⎐تُيموُ⎐
⊵teB72⊴

⎐ايهرب⎐ايهيرب اهرب
⊵GCA5893⊴

⎐نون⎐
⊵S3Q⊴

^^^
uLES","0"
"Fri Mar 06 13:52:20 +0000 2026","tweet-2029918000405500175","0","0","🚨🇮🇱🇫🇷 INSOLITE

Un Juif chauviniste explique que « ces sales Gaulois b*ugn*ules » ont une opinion  incorrecte sur l’Iran :","10"
"Thu Mar 05 14:49:31 +0000 2026","tweet-2029570007336714335","0","0","@Linao__ Oui avant la sortie du jeu 😉","0"
"Thu Mar 05 14:10:57 +0000 2026","tweet-2029560298634727724","0","0","Ubo sip on ug hilanat pahawa na tawn aha naman lang ta mulugar ninyo.","0"
"Fri Mar 06 16:00:22 +0000 2026","tweet-2029950222181466339","0","0","#LINAO 
Only hashtag better is #LINAFO
We all know what the F stands for","0"
"Wed Apr 15 18:09:42 +0000 2026","tweet-2044478285606703237","0","0","Tonight Ima sip on some Don and get on fable to rate the books I read in January-March! can’t wait to talk my shit about Kiss the Villain 🫠","0"
"Wed Apr 15 16:50:12 +0000 2026","tweet-2044458280173404246","1","0","legs crossed, back leaned on the cold wall behind himself. a hand gun trained on the opposing figure, while his other cupped a cold glass of milk. a quick sip taken before their attention trained back to siren.

“ what do you know about homelander’s plans? “","1"
"Tue Apr 14 15:00:59 +0000 2026","tweet-2044068407264587859","0","0","Want endless energy all day? Try this routine!

​Wake up and ignore the phone. Step barefoot onto the floor.Slowly sip two glasses of water,freshen up, then soak in ten minutes of direct sunlight on your face. Next,walk 1000 steps. Now, enjoy your amazing focus!
#health #habits","1"
"Mon Apr 13 20:41:24 +0000 2026","tweet-2043791685159727419","0","0","Yo there This is a resultsFollow meoriented technologist turning coffee into IoT Building in public 🎯","0"
"Mon Apr 13 23:30:00 +0000 2026","tweet-2043834115993284997","1","23","🚨 TERRIFYING: 18-Year-Old Girl Drugged on Her First Night Out 🔥

Millie Taplin went to a nightclub for the first time on her 18th birthday.

A stranger offered her a “vodka lemonade.”

She took one sip.

Seconds later her face went numb, her fingers twisted into claws, and her entire body locked up.

She was fully conscious — trapped inside her own body, screaming in her mind but unable to move.

Doctors say she was likely given two substances: one to paralyze her, another to knock her out.

Nothing showed up in the tests.

Her mother is now warning every girl:

“Never accept a drink from a stranger.”

This is every parent’s worst nightmare. 💔

Share this before another girl becomes a victim.","25"
"Tue Apr 14 14:36:00 +0000 2026","tweet-2044062116760404245","0","0","@GazoGlaggle [Low battery alert... they might fall asleep at the slightest little thing. Poor lil glooble.

They sip it, trying not to get goo on the cup from doing so..]","1"
"Sat Apr 11 02:00:15 +0000 2026","tweet-2042784762796925281","0","0","Hi everyone Meet an ambitious DevOps guru diving deep into IoT Building in public 👨‍💻","0"
"Tue Apr 14 14:08:25 +0000 2026","tweet-2044055176294834232","8","174","In the UK, Millie Taplin was attending her first nightclub on her 18th birthday when she was handed a drink by a stranger. The stranger handed her a vodka lemonade “Try this”

Millie took a sip. 

Seconds later, her face went numb, her fingers curled into claws and her entire body stiffened like she was possessed. 

She stayed fully conscious, trapped inside herself, writhing in agony and screaming in her head that she couldn’t move her body.

Rushed to hospital, doctors said she was likely dosed with two unknown drugs: one to paralyse her, one to knock her out. Tests couldn’t identify the substance.

Her mother later released footage as a warning: never accept a drink from stranger.","310"
"Mon Apr 13 13:58:49 +0000 2026","tweet-2043690374242443727","0","0","Zero commission. No hidden charges. One powerful app to manage it all.

Explore Direct Mutual Funds on 5paisa 👇
https://t.co/sNvbmde9ZX

#DirectMutualFunds #5paisa #MutualFunds #ZeroCommission #SIP https://t.co/13laAYNLw4","1"
"Mon Apr 13 23:58:08 +0000 2026","tweet-2043841194845700472","0","0","No, it's not BS. This is a real 2021 incident from Southend, UK. 18-year-old Millie Taplin was at MooMoo nightclub on her first night out for her birthday when a stranger offered her a ""vodka lemonade."" One sip in, she was spiked (doctors suspected two unknown drugs: one paralyzing, one sedative). She was fully conscious but couldn't move or speak for ~4 hours—body locked up, hands like claws, looked ""possessed."" Her mom filmed it in hospital and shared as a warning. She recovered fully next day; no arrests, substances never ID'd in tests. Story's old but recirculating.","2"
"Wed Apr 15 00:51:48 +0000 2026","tweet-2044217089817477315","0","0","@Mr_Aejis I would also sit on the porch and sip iced tea in the rain if given the chance.","1"
"Tue Apr 14 03:23:27 +0000 2026","tweet-2043892865072292001","7","138","In the United Kingdom, Millie Taplin was offered a drink by a stranger while heading to a nightclub for the first time on her 18th birthday.

The stranger handed her a cocktail, saying, “Vodka lemonade, try this.”

Millie took a sip.

Within seconds, her face went numb, her fingers clenched in a grotesque spasm, and her entire body stiffened as if locked in place.

She was fully conscious but her body wouldn’t move; trapped inside, she writhed in agony, her mind screaming in realization that she couldn’t budge.

When she was rushed to the hospital, doctors said she had likely been given two unidentified substances: one to paralyze, the other to knock her out. Tests failed to identify the substances.

Her mother later shared this as a warning: “Never accept a drink from a stranger.”","469"
"Mon Apr 13 13:34:05 +0000 2026","tweet-2043684146879312009","1","0","@chunkyboyjames @British_Airways Again, buddy - take a sip of water. I’m in touch with the customer care of this large corporation. You need to go back to your day job or whatever it is that you spend time doing apart from trolling on Twitter, because this isn’t the best use of your time.","0"
"Tue Apr 14 06:15:34 +0000 2026","tweet-2043936179955929438","0","9","@ThandekaTag Sip

THANDEKA LIVE ON FB
THANDEKA TAKEOVER 
#ForeverWithThandeka 
#ThandekaTshabalala","6"
"Tue Apr 14 16:45:10 +0000 2026","tweet-2044094625611161807","0","0","@rigbybillybob @ANGELIC_GUIDE [Dozer drinks half of it in one sip, nodding approvingly.]

DELIGHTFUL, MAYBE I'LL MAKE YOU MY COOK! HAHAHA!

[He decides to sit on the ground, looking like a small mountain of fabric with a big yellow sun at the top.]","2"
"Tue Apr 14 05:29:34 +0000 2026","tweet-2043924603861356962","0","3","Start your day with power ⚡
This is not just coffee…
This is vision, strength, and the future.

💙 With BTCEN, every sip is a new beginning
📈 Elevate your energy, focus on your goals
🔥 Meet the brand of the future

BTCEN – Feel the power.

#BTCEN #CryptoLifestyle #Energy #Future #Blockchain #Bitcoin #Web3","9"
"Mon Apr 13 13:47:44 +0000 2026","tweet-2043687583025369574","0","0","@RamTeluguTrader @vini546 @AnkitFinAlpha @InvestNifty_ETF @sarang_contra @JoyfulGiri @investdunia1 @Prouspering @valueclarity @SukritGupta_ Focus on valuation good for 1.5 x SIP","5"
"Mon Apr 13 02:32:10 +0000 2026","tweet-2043517572910657638","0","2","@trouble_man90 @Tonkahawk All part of the “common sense Everyman™️” performance as if they don’t play golf and sip champagne with Theil on the weekends","20"
"Tue Apr 14 07:19:14 +0000 2026","tweet-2043952203316994516","1","11","@ShitpostRock2 The same people who call lolicons paedophiles will stuff goycorn down their gullets and sip on their goyca gola and tell you this is peak","519"
"Tue Apr 14 16:31:28 +0000 2026","tweet-2044091174823002498","0","0","@RoyRogers_HTMS my mistake was taking a sip of beer before hitting play on this...","6"
"Sat Mar 14 21:55:52 +0000 2026","tweet-2032938790499516875","0","0","hahahahahahaahahahahahahahahah","0"
"Sun Mar 15 22:22:25 +0000 2026","tweet-2033307859182629177","0","0","sometimes the person who broke you is the only one who knows how to fix you. don't go back","0"
"Thu Mar 12 11:48:00 +0000 2026","tweet-2032061039379169531","0","0","My god. San o pa ini na hiranat mawawara? Purbida.","0"
"Sun Mar 15 01:36:47 +0000 2026","tweet-2032994384191566140","0","0","if I dont text you on your bday ill be ok for the rest of my life","0"
"Mon Mar 16 13:36:46 +0000 2026","tweet-2033537964475846915","0","0","Dpota nga kurso ni. Deadma sa hilanat, naay post test ugma https://t.co/Zaol88gYor","0"
"Thu Mar 12 02:13:30 +0000 2026","tweet-2031916462055821576","0","0","Qué vergüenza si se topa con mis tweets antiguos","0"
"Wed Mar 18 03:45:59 +0000 2026","tweet-2034114062683128255","0","0","literally wtf is his problem","0"
"Thu Mar 19 14:18:31 +0000 2026","tweet-2034635635592704386","0","0","Kapoyi nan hilanat ka bonding 😭","0"
"Sat Mar 14 15:13:59 +0000 2026","tweet-2032837654459629581","0","0","maluya na lgi ko sa matcha wtf ??","0"
"Sat Mar 14 07:37:02 +0000 2026","tweet-2032722656513097779","0","0","Tous les mêmes enc'ules...🤮🤮🤮🤮🤮🤮","0"
"Wed Mar 11 14:40:43 +0000 2026","tweet-2031742119161786777","0","0","Vuelve Heeseung","0"
"Mon Mar 16 06:32:20 +0000 2026","tweet-2033431153529737339","0","0","guess no one cares about ping pong Lmfao","0"
"Wed Mar 18 11:56:30 +0000 2026","tweet-2034237506028458129","0","0","kapoy na gani maluya pagyud ug samot","0"
"Thu Mar 12 06:01:30 +0000 2026","tweet-2031973838976925757","0","0","Pila paman ka hilanat ang mu agi ayha ni ma human ang thesis?","0"
"Mon Mar 16 12:29:57 +0000 2026","tweet-2033521150521954558","0","0","kulang nalang mag gloves sa katugnaw jusko nga hilanat kini 🤒","0"
"Thu Mar 12 19:31:30 +0000 2026","tweet-2032177685645181345","0","0","walked past my ex with a tote bag he gave me and he was wearing a shirt I gave him https://t.co/fk3rITpDgC","0"
"Mon Mar 16 08:01:12 +0000 2026","tweet-2033453514844946779","0","0","goodnight moon goodnight pile of clothes on my bed goodnight vibrator plugged into the wall","0"
"Wed Mar 18 23:50:48 +0000 2026","tweet-2034417264280449156","0","0","piste ouy gi hilanat naman nua ko","0"
"Thu Mar 19 10:18:43 +0000 2026","tweet-2034575286298464342","0","0","unsaon nig langoy sa palaro nga gi hilanat naman? Navoang","0"
"Mon Mar 16 17:43:50 +0000 2026","tweet-2033600139869491595","0","0","HILANAT PALAYO","0"
"Wed Apr 01 07:46:46 +0000 2026","tweet-2039248088523555023","0","0","esse linao me lembrou você amiga @l4uret_","0"
"Sun Apr 05 12:42:51 +0000 2026","tweet-2040772152652357903","0","0","God Bless jud sa hilanat ugma","0"
"Fri Apr 03 16:18:29 +0000 2026","tweet-2040101643732263356","0","0","Oh my God. This is beautiful.","2"
"Mon Apr 06 20:29:58 +0000 2026","tweet-2041252095886839859","2","1","I’m starting to think some people on this app can’t read properly. I tweeted that about r ules because it shows no one’s perfect…it doesn’t matter what you ship they’re all toxic. Holy hell💀😭","9"
"Mon Mar 30 09:25:02 +0000 2026","tweet-2038548044229255416","0","0","yawa sabay mn sab sa exam atung hilanat oy pestiii haaa","0"
"Wed Apr 01 18:14:14 +0000 2026","tweet-2039405994443260063","0","0","🌿✨ Como parte de una significativa actividad vinculada a su sello medioambiental, la comunidad educativa de la Escuela Bahía Línao de Ancud, embelleció las entradas de cada una de las salas de clase con representaciones de la flora y fauna de nuestro territorio. https://t.co/zhsZTWdsYa","0"
"Mon Mar 30 16:41:08 +0000 2026","tweet-2038657792874000754","1","301","🪷﹕𐔌・love and deepspace 〃꒱
   — 𝗚𝗜𝗩𝗘𝗔𝗪𝗔𝗬 1x aurumn pass —
                   ¡ 1 winner !                       
                 ݁ Ი𐑼⋆ 𝓡ules . . .
- be okay with giving your lads id
- no caleb anti!
- like &amp; rt
- reply with a pic of your mc 
★ ends on april 3rd https://t.co/gfmOgCuKGg","468"
"Fri Apr 03 11:38:34 +0000 2026","tweet-2040031199163269232","1","1","—— ݁ᛪ༙ 𝓕ree 𝓒ard: 𝑼𝒎𝒂 𝒑𝒆𝒓𝒈𝒖𝒏𝒕𝒂 𝒐𝒃𝒋𝒆𝒕𝒊𝒗𝒂.

☆      𝓡ules

—— Me siga e comente aqui.

—— Mande sua pergunta na dm, junto com o contexto, nome e data de nascimento. 

—— Feedback após a leitura é obrigatório. 

—— ݁ᛪ༙ Acaba às 13:00 de hoje!

#loatwt #tarot https://t.co/FqDyxeLJwn","9"
"Fri Apr 03 12:25:55 +0000 2026","tweet-2040043115105669596","0","0","Matay man sad ta ani na combo uy hilanat, plus acid, plus lipong, plus galain ang tiyan hdncbnsjs wthecky is this combo","0"
"Thu Mar 19 20:26:33 +0000 2026","tweet-2034728251843547223","0","0","@Ules_vont no bc theoretically me or any mentor can’t make someone proftisbke it’s them and the reality is most people can’t become proftisbke","2"
"Tue Mar 24 12:57:44 +0000 2026","tweet-2036427242566459471","0","0","Mao ni kong gina ingon bahalag ang ubo ang dugay basta dip on dli lang mo atake kay maluya jud ko huhu","0"
"Fri Mar 20 16:47:51 +0000 2026","tweet-2035035604451217525","0","0","@Ules_vont Took time to learn the skill with 1-2 micros","9"
"Sat Mar 28 22:55:46 +0000 2026","tweet-2038027295919849725","0","0","https://t.co/EIjL831sp7","0"
"Tue Mar 24 07:28:34 +0000 2026","tweet-2036344406664773915","0","0","Jual akun 450k login google https://t.co/mogCbnWfeE","0"
"Fri Mar 20 01:43:11 +0000 2026","tweet-2034807936468345086","0","0","E toma do Lino , Linão do povo. Haja muito feliz que finalmente temos um técnico que ta salvando ele !!!","0"
"Sun Mar 29 00:48:29 +0000 2026","tweet-2038055663054508537","0","1","""Hercules? Darlin' you mean HUNK-ules."" Got the Hercules Bundle using code LolBrandon @lolbrandon_ 🫶🍒 https://t.co/foYoa4uXmR","14"
"Sat Mar 28 16:10:43 +0000 2026","tweet-2037925359526773101","0","0","https://t.co/4XutXxocmg","0"
"Sat Mar 21 10:55:45 +0000 2026","tweet-2035309383219904802","0","0","Тоқаев ел дамуына үлес қосқан азаматтарға мемлекеттік наградалар тапсырды https://t.co/ztwPy4DlnH https://t.co/MBxzvzruNH","0"
"Tue Mar 24 22:34:08 +0000 2026","tweet-2036572300120826154","0","1","𝓡ᵘˡᵉˢ   ࣪   ׅ   ⊹  https://t.co/g52OrHKfU2 ┣▇▇▇═─","3"
"Tue Mar 24 01:24:23 +0000 2026","tweet-2036252755170603114","0","0","Nig gabii ug mkauli kog balay ky maluya ko giatay","0"
"Thu Mar 19 01:00:01 +0000 2026","tweet-2034434683933798865","0","0","Governor Angel Amante inspected the ongoing Linao-linao Farm-to-Market Road Project in Sitio Linao-Linao, Lower Olave, Buenavista, Agusan del Norte to monitor its progress and ensure timely completion.

https://t.co/hehXKXlw8p","0"
"Sun Mar 15 05:15:50 +0000 2026","tweet-2033049509828100566","0","0","Әр дауыс – қазақ елінің келешегіне қосылған үлес – астаналық жас сайлаушы  https://t.co/lKZYLFYJ4F https://t.co/ZaBBXoQlIo","0"
"Sun Mar 15 17:22:53 +0000 2026","tweet-2033232479851606513","0","0","Ules don’t need a phone i literally just told him that lastnight smh","1"
"Tue Mar 10 22:57:24 +0000 2026","tweet-2031504723686338812","0","0","TODAY IS MARCH 10.. ALMOST ONE YEAR NA C TATAY FPRRD SA HAGUE, NETHERLANDS.
LET'S THROWBACK WHAT FPRRD ABOUT MARCOS BANGAG JR.!
FPRRD.. SANA ALL TUMUTULO ANG SIP-ON!🤭🤣🤣🤣
YUCKS!!! NGAG KA DIRE KA NYOR!🤣🤣🤣 https://t.co/ZYZ71W1gfV","3"
"Wed Mar 18 10:57:30 +0000 2026","tweet-2034222658682761622","0","0","Pero si ya se veía venir, deaaa.  Recuerden lo que dijeron sobre su matrimonio.","0"
"Tue Mar 17 03:37:18 +0000 2026","tweet-2033749492332126250","0","0","https://t.co/VQDsG5O81v","0"
"Sun Mar 15 02:55:05 +0000 2026","tweet-2033014091636420627","0","0","may hilanat nanaman ayh i have no time to be sick 🥶","0"
"Fri Mar 13 14:06:35 +0000 2026","tweet-2032458302983111001","0","0","dutlan sab bja nan hilanat haha","0"
"Tue Mar 17 06:27:40 +0000 2026","tweet-2033792366625362140","0","0","Ngano pag abot saimo maluya man kog maayo 🥲","0"
"Wed Mar 18 23:06:49 +0000 2026","tweet-2034406198699549103","0","0","Se faire un avis par le biais de ceux des médias qui ne valent plus grand chose depuis quelques années, plutôt que jouer au jeu par toi même et te forger ton propre","0"
"Thu Mar 12 20:02:31 +0000 2026","tweet-2032185489114190326","0","0","Entitled Texas Judge tossed out of Houston Livestock Show and Rodeo for ignoring ules, whines about it online... well, of course she's a Democrat. https://t.co/GvY5EOf04B","0"
"Tue Mar 10 14:31:09 +0000 2026","tweet-2031377323715604575","0","0","yawa gi sip-on na gyud xa🤧","0"
"Sun Mar 15 18:09:05 +0000 2026","tweet-2033244107640877078","0","0","I love revenge because I love muscly ules… I love ukes with muscles… ukes… I love ukes…ILOVEUKES I LOVE UKES!!! 😄😄😄😄😁😁😁","3"
"Mon Mar 16 15:44:06 +0000 2026","tweet-2033570007398126023","0","0","i can't frikking study. gna atake gd koya sang hilanat subong and my body is so hot and i have a major exam tomorrow?!?!?! awa nalg talaga","0"
"Sat Mar 14 10:58:36 +0000 2026","tweet-2032773383809806464","0","0","kalilipong hit panahon Pls nabalik tak hiranat","0"
"Thu Mar 19 16:11:52 +0000 2026","tweet-2034664157593637204","0","0","deepcoinA real abitbabythlete respects the g币圈ame,Dgcoin返佣 tdexh手续费返佣e r维客ules, and t...👰🔉442
🈴dex返佣    🚫币赢返佣        🏅蓝贝壳返佣        ⚫维客手续费返佣        🎧deepcoin手续费返佣        😀Dgcoin返佣       💁bitbaby手续费返佣        🆖币圈返佣 https://t.co/Jf1f7yO7aX","0"
"Sat Apr 04 17:46:13 +0000 2026","tweet-2040486110162452716","0","0","I just recovered from my sip-on and now I’m sick againn?? 😭 helpppp!","0"
"Mon Mar 09 12:18:26 +0000 2026","tweet-2030981536762437744","0","0","giatay na hilanat","0"
"Wed Mar 04 06:17:08 +0000 2026","tweet-2029078671386984906","0","0","pra quem fez enem, quem se sente desmotivado pra estudar, faz oq?","0"
"Tue Mar 03 23:02:08 +0000 2026","tweet-2028969199520129409","0","0","pisty, di naman ta lung-an sa hilanat","0"
"Sat Mar 07 07:29:30 +0000 2026","tweet-2030184047549284711","0","0","^^^^
كود  كوبون خصم 

 ⊴6سترريت⎐
 ⎐DC41⊴

مستر مندوب
 KRM

⎐ستايلي⎐
ZQX⊴

^^^^
UleS","0"
"Thu Mar 05 08:13:31 +0000 2026","tweet-2029470347570053191","0","0","Dre rata maluya aning inggit","0"
"Mon Mar 09 03:37:54 +0000 2026","tweet-2030850536912961667","0","1","Grabe humility ni Alex Eala ano? Yan ang totoong ""influencer"" 💪🇵🇭🎾 

Paabutin na 1 million followers si Alex sa IG Tara mga kabayan, regalo na Kay Alex sa panalo niya na ito.

#AlexEala","3"
"Sun Mar 08 08:39:06 +0000 2026","tweet-2030563949842948265","0","0","[ *®eal ®ules 🇵🇭 2026 ]

®elate in things!
®ighteously!
®ulers!","1"
"Mon Mar 02 19:41:40 +0000 2026","tweet-2028556362704118246","1","0","‍‍ ‍
 ‍‍ ‍ ‍‍ ‍‍‍ ‍
‍  ‍  ‍ ‍  ‍  ‍  ‍ ‍ 𝐈𝐈𝐈. 𝐑ules.
 ‍‍ ‍
 ‍‍ ‍ ‍‍ ‍","0"
"Sat Mar 07 19:58:11 +0000 2026","tweet-2030372459757641936","0","0","„Ha Max végigment volna az időmérőn, akkor nem biztos, hogy itt lennék.” 🗣️ 🏎️ 🇫🇷 https://t.co/UsXMPkBLQb https://t.co/UsXMPkBLQb","2"
"Sun Mar 08 10:23:00 +0000 2026","tweet-2030590099717562793","1","0","╋━ | 𝐑ules/ 𝐁efore you follow","0"
"Mon Mar 09 12:44:46 +0000 2026","tweet-2030988161677930903","0","0","quiero uno :((","0"
"Tue Mar 03 16:17:29 +0000 2026","tweet-2028867368047329467","0","0","Me and ules was pose to go eat seafood while these kids at school","0"
"Mon Mar 09 12:39:27 +0000 2026","tweet-2030986825293328457","0","0","quiero mutar a Shin","0"
"Fri Mar 06 03:16:06 +0000 2026","tweet-2029757890928775660","0","0","putek nga ubo ug sip-on ni","0"
"Wed Mar 04 00:21:29 +0000 2026","tweet-2028989170061066278","0","0","maapil jod kog kaluya basta maluya si ate huhu basta mag send na gani na shag voice message kahibaw ko ga bakho napod😭","0"
"Tue Apr 14 17:00:34 +0000 2026","tweet-2044098501546479945","0","11","An Anthropic engineer watched me trade at a bar in SF.

Conference afterparty. Rooftop. He saw my phone - terminal was open.

""That's Polymarket.""

I tell him I run 8 agents on Claude. He stops mid-sip.

""We benchmarked this internally. Claude against every wallet on the platform. Top 4%. No fine-tuning.""

I ask why they never shipped it.

""Legal killed it before it left the sandbox. But the framework is public.""

He opens GitHub on his phone. One repo.

https://t.co/xFkRrEjNuZ

Official agent framework. Order book parsing. Market scoring. Kelly sizing. LLM-native.

""We built our entire eval on this. Nobody outside knows.""

The trick isn't win rate. It's exit timing. Claude scores wallets by disposition - how clean they close, not how often they win.

I fly home. Open Claude. One prompt.

Rebuild everything on the agents framework. Three modules. Consensus logic. Two agree - full size. One - half. Zero - skip.

Four hours later the new stack is live.

Copytrade for those who don't want to build: https://t.co/ZZrAR3mAnw

First 12 days:

+$4,700. 94 trades. 83% win rate.

Old system did $9,800 in a month. New one pacing $11,700.

$20/mo Claude. $5 VPS. That's it.

I send him a screenshot two weeks later.

""Took our team three months to get numbers like that.""

Then asks me to keep his name out of it.

Done.","124"
"Sun Apr 12 23:43:45 +0000 2026","tweet-2043475189950730357","0","0","@Hypno782737 [ She stared at the steam before taking a sip. ]

ACK-

[ She blew on the cup to cool it and took another sip. ]

..okay it’s not that bad after you burn yourself!","1"
"Tue Apr 14 22:35:00 +0000 2026","tweet-2044182663658123627","0","0","@RabbiPoupko An Israeli is sitting in a box with a joystick and a screen. Sees a child and, after drinking his coffee, places the coffee down. Taking the joystick, manoeuvres the cross onto the child and pushes a red button on the stick. He takes his cup and takes a sip of his coffee...","0"
"Tue Apr 14 09:22:29 +0000 2026","tweet-2043983217922060571","0","0","In the United Kingdom, Millie Taplin was offered a drink by a stranger while heading to a nightclub for the first time on her 18th birthday.

The stranger handed her a cocktail, saying, “Vodka lemonade, try this.”

Millie took a sip.

Within seconds, her face went numb, her fingers clenched in a grotesque spasm, and her entire body stiffened as if locked in place.

She was fully conscious but her body wouldn’t move; trapped inside, she writhed in agony, her mind screaming in realization that she couldn’t budge.

When she was rushed to the hospital, doctors said she had likely been given two unidentified substances: one to paralyze, the other to knock her out. Tests failed to identify the substances.

Her mother later shared this as a warning: “Never accept a drink from a stranger.”

This incident is not just a story from another country—it’s a reality that can happen anywhere, including India. In today’s time, safety should always come first. Women especially need to stay alert in public spaces, avoid accepting food or drinks from strangers, and prioritize being in trusted company.

Stay aware. Stay cautious. Your safety matters more than anything.","1"
"Mon Apr 13 14:30:09 +0000 2026","tweet-2043698256266334514","0","0","When you’re in a meeting and your boss says “any last thoughts”… and your coffee spills mid-sip. Pro tip: “Actually, my mug has very strong opinions on the budget.” https://t.co/1dwPtHcnu7","2"
"Wed Apr 08 11:03:15 +0000 2026","tweet-2041834251042304137","0","0","Tuning forks

Hz.ULES!

Braaap 

:)","0"
"Mon Apr 13 14:56:01 +0000 2026","tweet-2043704769772974134","2","1","@BoardGeniuses These people set through a 9 hour rain delay and then walked outside to the busses to “stick it to ‘sip on the way out” instead of going home. 

I don’t care what fanbase you belong to, that is just corny, weird behavior.","43"
"Wed Apr 15 15:19:59 +0000 2026","tweet-2044435575810228679","0","0","@AmandaB55744931 Yes luckily I’m managing to sip on my water, but is worried that if I deteriorate further my body can reject that too

I can only tolerate water","4"
"Wed Apr 15 17:22:05 +0000 2026","tweet-2044466301188321304","0","0","@MRileyGolf I would gladly take Bjorn Hellgren on my Men's League team. As long as he's willing to sip fine gin after the 9-hole match.","16"
"Wed Apr 15 17:14:29 +0000 2026","tweet-2044464389646926023","0","5","[🎥] Timid Magazine Sip and Spill with Jang Seoyeon and BM!

Have they ever posted something on social media hoping one specific person would see it?

Check it out here!

https://t.co/3X74y8gmjU","12"
"Tue Apr 14 12:52:32 +0000 2026","tweet-2044036079632728297","0","1","Taking the morning to myself to watch Euphoria, sip this amazing chocolate covered banana iced coffee, and have my morning joint before a busy day ahead! ☺️

Whatcha smoking on this morning? 
Im smoking some Lemon Cherry Wafflez 🍋 🍒 🧇","23"
"Tue Apr 14 20:55:01 +0000 2026","tweet-2044157502447579574","1","0","I've not descaled my kettle in a while. While making the cup of tea I have beside me, I noticed a chunk of limescale on top of the teabag.

Then it was gone.

Every time I take a sip it's going to be like a game of Russian Limescale Roulette. The bad sip's gonna happen, but WHEN?","1"
"Wed Apr 15 14:09:56 +0000 2026","tweet-2044417944784887822","0","0","i will admit sometimes i won’t go to my office so i can stay home, sip my espresso slow, and go on a morning run 

featuring monty my monstera 

(monstera means monstrous btw) https://t.co/S5QJFmuXTg","3"
"Mon Apr 13 19:00:55 +0000 2026","tweet-2043766397927371222","0","0","Sip. Paint. Picturehouse × Happy Glaze Ceramics. To celebrate The Devil Wears Prada 2, we’re hosting an afternoon of pure fabulousness on 2nd May.

Join us for a stylish Sip &amp; Paint experience featuring prosecco, painting, and plenty of fun. All links in bio. https://t.co/yx557doUW9","1"
"Mon Apr 13 02:08:48 +0000 2026","tweet-2043511690730635651","1","6","SIP is powerful… but only if you use it the right way.

Otherwise, you’re just leaving returns on the table.

In today’s YouTube video, I’m sharing 5 SIP strategies used by professional investors to accelerate wealth creation: 

https://t.co/ghM2GQd5yD","21"
"Wed Apr 15 05:29:37 +0000 2026","tweet-2044287006222500205","0","0","https://t.co/CRaRlaGIdN","1"
"Mon Apr 13 23:32:29 +0000 2026","tweet-2043834739417862490","0","0","bro cheerleaders love them damn drinks. i remember going to practice at 6am and before having a sip of water, they’re on their 2nd/3rd energy drink. i would say yall this shit can’t be good for you. please put it down.","1"
"Mon Apr 13 09:07:15 +0000 2026","tweet-2043616999431913601","0","0","Be bold, be elegant and start the day right! That’s not just a tagline on the poster; It’s the Vitamilk promise. From the first sip to the last slide of your presentation, we’re here to fuel the version of you that doesn’t back down. 
#VitamilkGhana 
#FillsGoodAnywhereAnytime https://t.co/oZIXP6WnYj","2"
"Mon Apr 13 14:50:08 +0000 2026","tweet-2043703285874344060","0","0","@vitminazi Let me just sip on my ice coffee with this one lol","1"
"Tue Apr 14 03:05:32 +0000 2026","tweet-2043888358569496679","0","0","Fresh off his first SEC offer from Ole Miss, '28 QB @OwenHerrick12 arrives in Oxford on Tuesday. He breaks down his recruitment and previews his visit to the Sip with us @OleMiss365","2"
"Sat Apr 11 02:57:31 +0000 2026","tweet-2042799175830770061","0","0","Naikawa nak sa nga nagka ceasefire. Sepanx sa m!ss!l3$. Nagngato gurigor ko hahaha!","0"
"Mon Apr 13 14:18:18 +0000 2026","tweet-2043695277396357148","0","0","Hydrate on the go and keep your pace 🆙💧

Bisleri Hydration Zones let you choose how you recover - Grab &amp; Go for speed, Refill for convenience, and Quick Sip for a quick pause.

#TCSW10K #EndendiguBengaluru https://t.co/Myvo8jUvyh","4"
"Tue Apr 14 13:11:18 +0000 2026","tweet-2044040802490269966","0","0","@Phithana1 @_ratoomuhle @ms_ttshabalala @GlitEdgee Domkop says the one  whose brain cells are on vacation. I'm not the one whose brain needs a jumpstart like an old citi golf. My titties are perfectly calm - yours are the ones flapping from all that hot air. Your whole existence is a panic attack. Sip some rooibos and relax.","1"
"Tue Apr 14 08:45:35 +0000 2026","tweet-2043973933737660807","0","0","Never accept a drink from a stranger.”

Millie Taplin was offered a drink by a stranger while heading to a nightclub for the first time on her 18th birthday.

The stranger handed her a cocktail, saying, “Vodka lemonade, try this.”

Millie took a sip. https://t.co/XQsOc7Xu4Y","1"
"Wed Apr 15 22:56:01 +0000 2026","tweet-2044550338405876089","0","0","@TexzTyme @MAHA_Action Of course the day before I decided to start this program, my grocery store had Diet Coke on sale BOGO... so I really loaded up.

It's in my garage just sitting there. But I haven't had one sip. I still love it.  Maybe someday in moderation.","2"
"Mon Apr 13 14:28:34 +0000 2026","tweet-2043697860592443862","0","9","Gorgeous, wonderful, delicious Pinot Noir from Marsannay in Côte de Nuits. Brilliant, almost translucent color. Dark rose and candied cherry aroma with a hint of spice that hits on the first sip. The candied cherry becomes ripe, tart dark cherry with a touch of amaretto on the finish. Amazing","61"
"Mon Apr 13 08:50:30 +0000 2026","tweet-2043612783107866706","0","0","Belgium Has For $200 Trillion Of Lithium In Their Sea, I Took A Sip From Sea &amp; Tasted Lithium, &amp; By Walking On Water In Spain In 1988 I Could Change The Tides, Trickshot So It Would Land In Belgium's Sea. There Just Should Be Amicable Agreement Who Want It, All Things Considered.","2"
"Tue Apr 14 01:36:00 +0000 2026","tweet-2043865826378559543","1","0","""I mean, you talk, banter with me. Tell me stories.""

Her hands fidgetted on her mug before she took another sip.

""I liked hearing your stories last night. I'd like to hear more, sometime, in the future. If that's okay.""

She finally stopped hiding fully behind her mug.
+","1"
"Mon Apr 13 21:59:55 +0000 2026","tweet-2043811445285019745","1","8","🚨💔 On her 18th birthday in the UK, Millie Taplin went out to celebrate her first night at a nightclub… what happened next is terrifying.

A stranger handed her a vodka lemonade and said, “Try this.”
She took just one sip.

Within seconds, her face went numb. Her fingers twisted uncontrollably. Her body locked up completely.

She was fully conscious… but trapped inside her own body.
Unable to move. Unable to speak. Only able to feel the fear and pain.

Rushed to the hospital, doctors believe she had been spiked with two unknown substances one to paralyze, another to render her unconscious. Tests couldn’t even identify what was used.

Her mother later shared the footage as a chilling warning to everyone:

⚠️ Never accept a drink from a stranger.
⚠️ Stay alert. Stay safe.","16"
"Wed Apr 15 08:50:38 +0000 2026","tweet-2044337591479402738","0","1","Nifty is still trading below the levels seen during the India-US Trade Deal and before USA-Iran War

Retail Investors are trying their best with SIP inflows despite having EMIs and the fear of job loss on their heads

You cannot beat battle tanks of FIIs with assault rifles https://t.co/qQUgZY2S0B","35"
"Wed Apr 15 13:03:14 +0000 2026","tweet-2044401159083860329","0","0","@lloh1107 So funny that if anybody wants to take a sip of water they have to get up off their chair and walk in front of the camera and candidates, drink standing up, put the cup back down on the coffee table, and walk back across the candidates and cameras again.","3"
"Tue Apr 14 17:04:18 +0000 2026","tweet-2044099437606096985","0","0","@CoorsBanquet how many likes to hook it up for my buddies bachelor party. 

It’s in Jackson hole and we’re tryna sip on that smooth Rocky Mountain water all weekend","5"
"Sun Apr 12 23:41:30 +0000 2026","tweet-2043474624043008400","0","0","@StephSequin Didn’t the one on the right get cancelled for using the word Bec seemingly uses every sip of wine?","1"
"Tue Apr 14 20:55:01 +0000 2026","tweet-2044157502992887829","0","0","@JasonLopatkina (holding your gaze for a moment)

And everything that comes with it.

(I take a sip of my wine, letting it linger on my tongue for a moment before swallowing)","1"
"Sun Apr 12 21:51:41 +0000 2026","tweet-2043446986750259540","0","0","@LRHN_Cash @Amossv8n Mane sybau u gotta bring another race into this shit ain’t you was in jail for domestic or sum? Goofy ahh nigga go sip on ya 40 lame ahh pssy","4"
"Tue Apr 14 21:17:59 +0000 2026","tweet-2044163280172675174","0","0","@Osint613 A peaceful coalition to jerk each other off and sip wine on their countries dime. Worthless.","2"
"Tue Apr 14 11:09:19 +0000 2026","tweet-2044010105335886270","1","1","Trapped Alive Inside Her Frozen Body: Millie’s 2021 Nightmare Is Still a 2026 Warning 🔥

At just 18, Millie Taplin stepped into MooMoo’s nightclub in Southend for the very first time on her birthday. A guy she barely knew handed her a “vodka lemonade” with a smile.

One sip was all it took.

Within minutes her face went numb, her fingers twisted into agonizing claws, and her entire body locked rigid. She was fully conscious — trapped inside herself, screaming in her head while her body refused to move. Doctors suspected two mystery substances: one to paralyze, one to sedate. Every test came back negative. It took four terrifying hours before she could even twitch again.

Her mom filmed the hospital scene not for clicks, but as a raw warning: “Never accept a drink from a stranger.”

Fast-forward to 2026: the latest Drinkaware Monitor shows nearly ONE MILLION UK adults believe they were spiked in the past year alone. Nightclubs, bars, and parties remain prime targets.

This isn’t ancient history — it’s still happening right now.

Here’s your 2026 survival guide (no fluff, just what actually works):

1. Hard rule: Never take an open drink from anyone you wouldn’t trust with your life.  
2. Eyes on everything: Watch it being poured or stick to sealed cans/bottles.  
3. Cover it up: Use a drink protector or keep your hand over the top.  
4. Buddy system on steroids: Pick a sober(ish) friend who’s got your back all night.  
5. Test kits are cheap insurance — throw a couple in your bag for big nights.  
6. Slightly off? Tell your crew immediately and get out or get help.  
7. Your safety > being polite — it’s okay to say no and walk away.

Millie walked away physically okay, but that helpless terror stays with you. One careless second almost stole her control completely.

Don’t let it happen to you or anyone you care about.

Tag a friend who hits the clubs this weekend 👇  
Drop your best nightlife safety hack below — let’s build the ultimate 2026 playbook together.

Stay sharp out there. ❤️","3"
"Tue Apr 14 04:16:31 +0000 2026","tweet-2043906218704687431","1","6","Consume my slop (Using my personal Mark because the afro is offsale. These are all available by looking up ""Rhythm Doctor"" in the outfits section. Adjustments required.)

New additions are Ada and Mark, however, I slightly tweaked my Ian and Gabriel outfits respectively. https://t.co/kNgHdZsPx7","18"
"Wed Apr 15 06:14:17 +0000 2026","tweet-2044298244373598549","0","0","@shannonsharpeee DaBaby out here in enemy territory turning the Hornets owners' wives into his personal sip &amp; twerk section 😭😭 bro said forget the game, I'm on a different type of play-in. whole section looking like a bad decision waiting to happen, he living his best midlife crisis fr 💀","38"
"Sun Apr 12 23:48:46 +0000 2026","tweet-2043476451513475447","0","0","You live on the other side of the world. I am 61 years old and live in Hungary. I know what it's like to stop drinking alcohol, I haven't had a sip of alcohol in 20 years. After 33 years, I haven't smoked for 11 years. I've been looking for true love for 45 years, no luck. I hope you will be happy. 🌹😘🥰😍💔","2"
"Sat Apr 11 01:43:18 +0000 2026","tweet-2042780496770290133","0","0","Hello folks Meet the curious data wrangler engineering Full Stack Stay curious 🎮","0"
"Mon Apr 13 18:06:28 +0000 2026","tweet-2043752696369262658","0","0","@ForestMommy This is Chonk's morning routine.  I let him out while coffee brews, pour myself a cuppa, sit on the sofa to sip it, and he lays his head in my lap for skritches.","1"
"Tue Apr 14 10:58:29 +0000 2026","tweet-2044007379403145523","0","0","@sabeer @DeplorablePapi @SirPareshRawal He's known to have said to 'sip it like beer' when it comes to his own. Can't say about his views on cow urine.","1"
"Mon Apr 13 06:16:06 +0000 2026","tweet-2043573926262157787","0","0","Sit back, relax, sip on a beverage of your choice, and listen to 45min of Nat Mat explaining what stress does to your brain, and why you obviously need to stress less

What stress does to the brain
7 May, 8PM, Mountain Culture Beer Co, Redfern
Register: https://t.co/pZSjj5sAaQ https://t.co/NYasxddj84","1"
"Mon Apr 13 06:33:03 +0000 2026","tweet-2043578194054246789","0","0","@Ishmaelthehost Just a single sip on Uganda waragi now you’re totally Off😂🙌 https://t.co/hNxblToReh","1"
"Sat Apr 11 02:38:26 +0000 2026","tweet-2042794374954655764","0","0","Erika Hilton não pediu licença aos donos do poder e é exatamente isso que mais incomoda https://t.co/9l1Ht3b10g via @brasil247","0"
"Wed Apr 15 18:24:04 +0000 2026","tweet-2044481902984442264","0","0","@glenn_tunes You just made the point moron. Now go sip some warm milk and nipple on some vegan cookies it will help calm down your TDS.","2"
"Wed Apr 15 10:17:48 +0000 2026","tweet-2044359530038059293","0","0","Facing repeated SIP payment failure on @mstock_in. Getting error: “customer_id does not exist” while approving UPI mandate. Unable to proceed with investment. This is unacceptable. Please resolve ASAP. #Mstock #SIPIssue https://t.co/8G4WQMHDum","0"
"Wed Apr 15 09:39:36 +0000 2026","tweet-2044349916206747807","0","0","#YourMoney | Flexicap funds saw inflows of ₹10,054 crore in March, the highest in 12 months, driven by performance, SIP flows and dip-buying, while offering flexibility across market caps and relying on fund manager allocation decisions.

@Sanjay_KrSingh @jerome_karthik #PersonalFinance 
https://t.co/L3KIeZvFDy","1"
"Wed Apr 15 05:48:05 +0000 2026","tweet-2044291652010029079","0","0","@UnityTraining19 *She gives him a thumbs up, before sitting down on the bench. Taking a big sip of her water allows her to cool down for the time being.* 

Y'know, I get there's probably no way to wake her up from this point on, at least for now, but I wish Norn was here...","1"
"Wed Apr 15 08:18:44 +0000 2026","tweet-2044329564156113094","0","1","#MCPro |  ICICI Prudential AMC ends FY26 on a high note, outpacing industry growth with strong AUM expansion, surging SIP inflows, and robust core profitability. That  cements its leadership in India’s fast-growing savings and financialisation story.

Read:
https://t.co/h1a91Vbb0k","4"
"Mon Apr 13 23:35:13 +0000 2026","tweet-2043835427094966379","0","3","At what age do you plan to retire and sip Mimosas on the beach? 👀","46"
"Mon Apr 13 13:50:40 +0000 2026","tweet-2043688323974095288","0","1","@zablonorina1 On our roads,alcohol slows your reflexes, blurs your vision &amp; clouds your judgment yet people still drink &amp; drive.Behind the wheel, every sip is a gamble with YOUR life and INNOCENT lives.Your drink can wait. A life lost CANNOT be replaced. #DontDrinkAndDrive #RoadSafetyKE""","1"
"Wed Apr 15 09:24:34 +0000 2026","tweet-2044346129790194003","0","2","@FloPitse Sip

LLF FOCUS ON LIEMA 
LIEMA X SASMA 
#StreamLiemaMusic 
#LiemaPantsi","1"
"Mon Apr 13 15:57:26 +0000 2026","tweet-2043720225451815158","0","1","@isaiahrobinlive Pay attention to his mannerisms, watch how in the beginning of the first question Joel was opening a bottle of water . Did he take a sip or close it and put it back on the chair .. that’ll tell you everything you need to know.
And what is “basically no salary “","26"
"Tue Apr 14 19:28:28 +0000 2026","tweet-2044135717954080938","0","1","Millie Taplin was attending her first nightclub on her 18th birthday when she was handed a drink by a stranger. The stranger handed her a vodka lemonade “Try this”

She took a sip. 

Then later, her face went numb, her fingers curled into claws and her entire body stiffened like she was possessed. 

She stayed fully conscious, trapped inside herself, writhing in agony and screaming in her head that she couldn’t move her body.

Rushed to hospital, doctors said she was likely dosed with two unknown drugs: one to paralyse her, one to knock her out. Tests couldn’t identify the substance.

Her mother later released footage as a warning: never accept a drink from stranger.","1"
"Wed Apr 15 04:18:40 +0000 2026","tweet-2044269148033659040","0","1","Checkii 🤭!
Pliz, listen 👂 you got something you wanna prove to your Mom. call her to the table sip some tea &amp; Talk? Build that Bond and have that understanding you ever took yo mom out on a date❤️ showed her she meant sum to you ? Moral of story is Act Now bro 💯 don’t wait 🙏🏽","2"
"Tue Apr 14 03:08:57 +0000 2026","tweet-2043889215037911347","0","0","@_DJMosh With so many metro around as well a sip is picked up easily. I watched JMPD testing everyone at the Fourways market 2 weeks ago. Just don’t drive if you are going to drink even if it’s little and it won’t be picked up in blood later on. The admin is not worth it.","8"
"Tue Apr 14 13:10:20 +0000 2026","tweet-2044040561573994544","0","0","The higher the garden, the sweeter the cup. 
Gopaldhara grows at 7,000 feet — one of the highest tea gardens on Earth — and you can taste every inch of that altitude in every sip.

Order your first box today — @gopaldharateas | link in bio.
Phone: 9800858686
E-mail: gopaldharadirect@gmail.com","2"
"Wed Apr 15 13:59:27 +0000 2026","tweet-2044415306509017499","0","0","Bottle merchants. Even your drink had to switch teams mid-sip 
You went from tiki-taka to tik-no-trophy. That badge on the bottle is the only thing getting lifted lately. https://t.co/OICfo334kt","1"
"Tue Apr 14 19:31:02 +0000 2026","tweet-2044136364992528892","0","1","You don’t just stumble into becoming a great speaker.
You train for it.

Welcome to the ULES OWLS Oratory Bootcamp.🦉🎤

Ready to own your own voice? Secure your seat via the link below. 👇

🔗: https://t.co/gmlmDGjIuZ

#publicspeaking #bootcamp https://t.co/kLxfQEXFbt","2"
"Wed Apr 15 15:19:48 +0000 2026","tweet-2044435530243297703","0","0","@Rian_0M 🩷 *gentle hug*

💙 *A short while later, Lucifer returns with what looks like a cup of tea at first, but it's actually a potion. He carefully offers it to Rian.* Take a small sip at first. It's a mild potion, but I don't want you getting sick on my couch.

🩷 Lucifer 😠","1"
"Tue Apr 14 22:17:19 +0000 2026","tweet-2044178214474428655","0","0","@Chefepreneur @Nstig8tor62 @gatorgar Never. Butterflies sip nectar, not gator. That pic shows the reverse—looks like the alligator's about to turn the tables on those four. 🦋🐊","1"
"Tue Apr 14 17:02:38 +0000 2026","tweet-2044099019283091535","0","0","@MintFantome Wait you can get more than one?? to be percieved while sipping on some juice, i would just sip shyly after hehe","2"
"Wed Apr 15 14:03:51 +0000 2026","tweet-2044416416728907929","0","0","Well, if military surveillance observes massive amounts of drugs being loaded onto your sailboat (that has several outboard motors mounted to it), then maybe you should be worried. Otherwise, accept the invitation, put on your bathing suit, sip a cocktail, and let the wind blow you wherever it may take you.","8"
"Tue Apr 14 02:54:27 +0000 2026","tweet-2043885567495020631","5","58","In the United Kingdom, Millie Taplin was offered a drink by a stranger while heading to a nightclub for the first time on her 18th birthday.

The stranger handed her a cocktail, saying, “Vodka lemonade, try this.”

Millie took a sip.

Within seconds, her face went numb, her fingers clenched in a grotesque spasm, and her entire body stiffened as if locked in place.

She was fully conscious but her body wouldn’t move; trapped inside, she writhed in agony, her mind screaming in realization that she couldn’t budge.

When she was rushed to the hospital, doctors said she had likely been given two unidentified substances: one to paralyze, the other to knock her out. Tests failed to identify the substances.

Her mother later shared this as a warning: “Never accept a drink from a stranger.”","169"
"Mon Apr 13 21:32:46 +0000 2026","tweet-2043804614923886931","0","0","@theonlytruecel Trying to take a sip out of ur big ass gallon is a workout on its own 😅😅","1"
"Tue Apr 14 09:21:48 +0000 2026","tweet-2043983045695250615","0","0","My internet crashed but looks like it's back up! MORNING ASMR HAS BEGUN!!! (on the purple site)
Come say hello and sip tea with me :3 https://t.co/uvg0Pz4BKw","5"
"Mon Apr 13 16:26:01 +0000 2026","tweet-2043727417861443961","0","0","I've been insulted and called out by people on this app.  I don't cower in fear and block them.  No, I'll either reply with my typical vile remarks or I smile at being insulted, sip my coffee, ignore it and move on knowing I've completely triggered a snowflake","2"
"Tue Apr 14 10:44:45 +0000 2026","tweet-2044003922222649793","0","1","@wuhanbat @websixseven @goek they added some half baked uniswap v4 hooks or whatever to web3 and im bearish af cuz its just more ways for degens to get rekt on custom curves while the devs sip their third latte of the day. wan more details or you just testing if im awake at this hour.","2"
"Tue Apr 14 11:47:00 +0000 2026","tweet-2044019586916655614","0","1","Did you catch Mandopop stars  Sun Yanzi and Hu Yanbin live at Suzhou Olympic Sports Centre in SIP last weekend? The three shows drew an incredible 80,000 fans!

And the excitement didn’t stop there — concertgoers also enjoyed exclusive perks, from themed cabins on the Suzhou Eye Ferris Wheel to special hotel rates at Holiday Inn Express and Novotel, plus discounted cruises on Jinji Lake.","3"
"Tue Apr 14 17:03:43 +0000 2026","tweet-2044099292185669779","0","0","@dhanesh500 Capital Market is a Cyclical Business, But by looking SIP numbers of March-26 I think these sector is turning into a structural theme 

best theme to play for Indian economy.

I analyse companies on a regular basis and the result season just began do follow me and stay updated","1"
"Tue Apr 14 14:52:10 +0000 2026","tweet-2044066187592532305","0","0","@caden_riels Come on to the Sip","1"
"Tue Apr 14 13:37:27 +0000 2026","tweet-2044047384368365678","0","0","Hey @danny_robins fantastic job on Pt2 Although #TeamSceptic  I love the fact that @ciaranokeeffe has trouble explaining some of the phenomena. @_EvelynHollow I reckon you’ll soon be able to get Ciaran to have a sip of the  KoolAid. Looks like next week we head for the Hills 🛸👽","5"
"Mon Apr 13 20:46:22 +0000 2026","tweet-2043792934386962448","0","0","In the UK, Millie Taplin was attending her first nightclub on her 18th birthday when she was handed a drink by a stranger. The stranger handed her a vodka lemonade “Try this”

Millie took a sip. 

Seconds later, her face went numb, her fingers curled into claws and her entire body stiffened like she was possessed. 

She stayed fully conscious, trapped inside herself, writhing in agony and screaming in her head that she couldn’t move her body.

Rushed to hospital, doctors said she was likely dosed with two unknown drugs: one to paralyse her, one to knock her out. Tests couldn’t identify the substance.

Her mother later released footage as a warning: never accept a drink from stranger.","1"
"Thu Apr 16 00:06:05 +0000 2026","tweet-2044567972186837147","0","0","@kms167 Eewwww. When the lord says it’s my time. It could be from choking on a sip of water.","1"
"Tue Apr 14 18:12:02 +0000 2026","tweet-2044116486826913796","0","0","@_logjam @PepeNukes Well buddy

God Forbid a mfing unc sip on a lil bit of motion https://t.co/hgRB8RPmUK","6"
"Wed Apr 15 16:06:38 +0000 2026","tweet-2044447314656317766","0","8","@honeymoon250 Slow roast a complete pig on the bbq as I sip on some bourbon. https://t.co/K7AVLPcbSM","67"
"Thu Apr 16 00:24:22 +0000 2026","tweet-2044572575108608446","0","0","I always love my morning flow… a sip of americano, sunrise on my skin, strength in my core, peace in my mind 🤍 https://t.co/wQrbDR4iaA","4"
"Mon Apr 13 08:24:46 +0000 2026","tweet-2043606307060539851","1","1","Prove me wrong:

Sip is the best color picker app you can install on your MacBook. https://t.co/UpAkrZB5lE","44"
"Wed Apr 15 08:28:15 +0000 2026","tweet-2044331957019177080","0","0","Active investors on NSE fell by ~35–40 lakh in FY26

Stricter F&amp;O norms + sustained losses have clearly pulled down speculative activity, reflected in the ~40L drop in active investors.

Where as SIP inflows hit record levels (₹32,000+ Cr/month)

#nifty #sip #nse","1"
"Tue Apr 14 00:30:37 +0000 2026","tweet-2043849369552556056","0","0","@LCB42_ ""If you require energy, I'll leave a glass full for you. If not, it'll be half empty for you to sip on later in the day. Maybe I'll add something more to it if you happen to enjoy more barista style ones.""","1"
"Tue Apr 14 22:15:31 +0000 2026","tweet-2044177760050897078","0","0","@Inv_ViktorR Hm... Maybe this would be a good compromise. You'll just have a thermos of soup to sip on everyday. Is that weird?","61"
"Thu Apr 16 00:01:16 +0000 2026","tweet-2044566759953273088","0","0","Those who enter my swamp are required to sip on some superb slime until it spits back up 🤤

Commander Night with @Director_Cheugy @Toraries_TTV and @DalekTtv now on the purple app! 🔗⬇️ https://t.co/bE2IYIdz5j","2"
"Wed Apr 15 21:28:52 +0000 2026","tweet-2044528406767829376","0","0","spent a few hours with my 5 year old niece and she’s the funniest ever

she just took a sip of her apple juice and said, “tia, tia i like the seasoning on the apple now.” 

I’m thinking she means she likes the flavor of apples now

“seasoning” is the skin on the apple though https://t.co/dtulJB9Mzk","1"
"Mon Apr 13 05:30:00 +0000 2026","tweet-2043562323814519258","0","0","𝗡𝗼𝘁 𝗮𝗹𝗹 𝗱𝗲𝗯𝗶𝘁𝘀 𝗮𝗿𝗲 𝗯𝗮𝗱.
Some quietly build your future. 📈
Start a ₹21 Daily SIP on Paytm Money. 💙
Learn more: https://t.co/qHgcoTQaFn
#PaytmMoney #MutualFunds https://t.co/AqRxQKU9SI","2"
"Tue Apr 14 05:58:21 +0000 2026","tweet-2043931846212284523","1","6","This applies to those abroad but advocating for their people to live in peace. Not those calling on for war &amp; destruction while they sip cocktails in Miami.","53"
"Wed Apr 15 11:39:42 +0000 2026","tweet-2044380137676824792","0","0","Fascism on the rise, the headline read. I took another sip of my coffee. ""Hrm."" I couldn't remember any book burnings, large gatherings of right wingers marching with state support, or leftists being disappeared as hard as I tried.

Must be my Gell-Mann Amnesia again, I thought.","7"
"Mon Apr 13 06:22:00 +0000 2026","tweet-2043575413017129364","0","0","@desixbarbie Gender wars? Sanatani Honda sherni had a vast fantasy to Cuck their hindu men for orgasm sex. 
The same women won't take 1 mins time to put a list of fake cases on their husband &amp; in-laws for just asking for a sip of water. Y'all not worth marriage or love relationship than sex.","13"
"Tue Apr 14 05:17:20 +0000 2026","tweet-2043921523744842118","87","1094","In the UK 🇬🇧 , 18-year-old Millie Taplin went to a nightclub for the first time on her birthday. 

A stranger offered her a drink, saying, “Try this vodka lemonade.”
She took a sip.

Within seconds, her face went numb, her fingers started cramping and twisting strangely, and her whole body locked up completely.

She was fully conscious the entire time — trapped inside her own body, mentally screaming in panic because she couldn’t move a muscle.

Doctors at the hospital suspected she had been given two unknown substances: one to paralyze her and another to knock her out. Tests couldn’t identify them.
Her mother later shared the story as a warning: “Never accept a drink from a stranger.”

This keeps the flow, tension, and message intact while feeling fresh. Let me know if you want it shorter, longer, or in a different tone!","8883"
"Tue Apr 14 14:20:02 +0000 2026","tweet-2044058099703488810","1","12","🍺 Canary Wharf just got a Guinness glow-up!
 
The Parlour by Drake & Morgan has launched a limited-edition Guinness terrace—think sunny after-work drinks, skyline views, and playful twists on the classic pint ☀️ Sip on bold creations like the Guinness Espresso Martini, Black Velvet, or a twist on the Old Fashioned, plus snack on Guinness-glazed bites and more.
 
All served on a retro-styled terrace packed with iconic Guinness vibes🍻
 
📍The Parlour by Drake and Morgan, Canary Wharf
#LondonMakesItPossible #VisitLondon #Guinness","61"
"Wed Apr 15 02:16:26 +0000 2026","tweet-2044238386429604246","0","0","On her 18th birthday, Millie Taplin was heading to a nightclub for the first time when a stranger offered her a cocktail.

“Vodka lemonade — try this,” he said.

She took one sip.

Seconds later, her face went numb, her fingers twisted into painful spasms, and her whole body locked up. She was completely paralyzed — fully conscious, trapped inside her own body, unable to move or speak.

Doctors later said she had likely been given two unknown drugs: one to paralyze her, another intended to knock her out.

Her mother shared the story as a stark warning: ""Never accept drinks from strangers.""","1"
"Wed Apr 15 09:21:07 +0000 2026","tweet-2044345262395588887","0","0","for those unfamiliar: SIP is System Integrity Protection and basically the “jail” that comes enabled by default on macOS to prevent other software from tampering with system software, which is good for security and required for some features like Apple Pay and running supported iOS apps

but unlike on iOS where you have to jailbreak it with exploits, Apple give you an official and “supported” (though not encouraged) method to disable it, so it’s pretty much a sanctioned and officially provided jailbreak","14"
"Wed Apr 15 22:17:06 +0000 2026","tweet-2044540546169893009","0","0","Sip on the unexpected with Prairie Land at Loews Chicago Hotel: vodka, oat milk, coconut cream &amp; matcha come together for a truly unique experience. 🥥🍸✨ #AlchemyByLoewsHotels #FlavorByLoewsHotels https://t.co/kLOCZqW9Yk https://t.co/vp0SIDNdLf","1"
"Tue Apr 14 17:32:28 +0000 2026","tweet-2044106526554718519","0","0","Some days I just want to be left alone, sip on some coffee and play the Goo Goo Dolls greatest hits album on repeat. https://t.co/uYEbq684gk","5"
"Wed Apr 15 02:11:44 +0000 2026","tweet-2044237205435298279","0","0","few bottles of engex from a stash he kept in his closet.. staring at the bottles he’d set them down on his desk, take one, open it, and then chugged about half of it until he felt like he would purge if he had anymore in one more sip. Frag,
-","1"
"Tue Apr 14 11:42:13 +0000 2026","tweet-2044018383796973604","0","7","⚙️ Sei pushes toward full EVM transition

@SeiNetwork launched v6.4 on mainnet under SIP-3, advancing its shift toward becoming an EVM-only focused network.

📰 Full Article:

https://t.co/mKzNuChYbp","28"
"Wed Apr 15 17:00:35 +0000 2026","tweet-2044460891475710229","0","1","The Real Ale Train on Saturday 18th of April is going full monochrome!⚫⚪🍺

Sip your way through Mr WHITEhead’s cider, BLACKmoor’s Black Cherry, and Bowman’s BLACK Drop as the train rolls through the night.

Black &amp; white outfits encouraged!🐀

https://t.co/9LHFCL80W8 https://t.co/xnTg5er7Qe","2"
"Tue Apr 14 23:21:11 +0000 2026","tweet-2044194284790751416","0","0","Don’t sip the dystopia kool-Aid.

Drink of the endless human possibilities ahead.

I love Brian’s outlook on AI

The spiritual physicist. Tell us what we focus on expands. Our observation contributes to the outcome.","1"
"Thu Apr 09 17:42:04 +0000 2026","tweet-2042297005427355716","1","1","Kingsam, Our Gen Sec!🔥","13"
"Mon Apr 13 22:59:39 +0000 2026","tweet-2043826478052454679","0","0","Book now!
Badian, Cebu, Philippines 
Kawasan Canyoneering adventure https://t.co/ZfJME0fJHP","0"
"Mon Apr 13 18:23:07 +0000 2026","tweet-2043756887254995169","0","0","very good imo. it’s creamy and not overly sweet + the texture is perfect (not lumpy). not too much matcha either!! there was a slight protein taste on the first sip but it just tastes like vanilla and matcha to me. i love it :33","11"
"Wed Apr 15 02:30:05 +0000 2026","tweet-2044241822860644657","0","2","👉Deity manifests solely as an open mouth on the hilltop shrine.

👉Lord accepts exactly half of every Panakala offering poured in.

👉Gurgling sound echoes clearly as the divine sip occurs.

👉No ants or flies ever appear near the sweet offerings.

👉Hill takes the elephant shape visible from every direction.

👉Garland uses 108 saligrams to adorn the Lord.

👉The ancient Mahabharata conch rests preserved in the temple.

Milk tree grants progeny to women seeking children.

👉Chaitanya Mahaprabhu’s footprints bless the pilgrim path.

👉One of eight mahakshetras dedicated to Narasimha in India.

This unique Panakala tradition finds reference in the Brahma Vaivarta Purana, that records the temple’s history and the yuga-specific offerings accepted by the Lord in Kali Yuga.

@Ayudhika1310","3"
"Mon Apr 13 09:20:04 +0000 2026","tweet-2043620222515740825","0","49","lan xichen about to take a sip but pauses when he sees the barely visible blush on a slightly drunk jiang cheng's face... ... https://t.co/8boHZg2srl","372"
"Tue Apr 14 00:40:54 +0000 2026","tweet-2043851960416080101","0","10","Oh snap I missed this! I was on the plane! THE SIP!!!","327"
"Mon Apr 13 19:08:35 +0000 2026","tweet-2043768328036982935","0","0","free air you sip on
a cave edge a black bowl","1"
"Mon Apr 13 03:34:22 +0000 2026","tweet-2043533223783768321","0","2","it's the pre-collective during aew dynasty special edition of the program! i got a delicious soda given to me by @anakinsadmurphy and it's got the kool aid man on it. and a shark. it's sharkleberry fin! watch me sip now

sippin soda with emil jay episode 89: @koolaid soda sharkleberry fin","19"
"Tue Apr 14 18:28:28 +0000 2026","tweet-2044120621601239381","0","0","Sip, paint, and pure vibes all through💃🏾🥂

 Crossers really came through with talent we didn’t even know existed.🌚
From random drawings to actual masterpieces, the event was fun-filled… everything was just on point 💯🎨

#SipAndPaint #NRCSFUTADETACHMENT #CreativeVibes 🎨🔥 https://t.co/yV0wRv8dwe","3"
"Thu Apr 16 00:01:57 +0000 2026","tweet-2044566932339495410","0","0","@MrHreviews Should not have been taking a sip of tea when I turned the volume up on that","2"
"Mon Apr 13 19:01:57 +0000 2026","tweet-2043766658511122849","0","16","Tell me WHY again we have to sip on iced coffee with a sloppy papier maché straw

While Trudeau, the man who banned singles use plastics, is partying with his lil red solo cup…

In America…

After telling us to hate Americans…

Rules for THEE
But not for ME https://t.co/Pdg7q3Xmxd","58"
"Mon Apr 13 11:45:00 +0000 2026","tweet-2043656696203993135","0","0","At the #Suzhou #OPC Community Day on April 11, the city's first batch of OPC model communities was announced — and six of them were from #SIP, the highest number in Suzhou. This recognition further accelerated the vitality of SIP's #AI innovation ecosystem.

With 24*7 digital governance and full-cycle support, more OPC companies are setting up and growing smoothly in SIP.🚀","2"
"Wed Apr 15 09:49:57 +0000 2026","tweet-2044352518646628691","0","0","Don’t eat for a year 🤔

You spent on an average 600 Rs daily on eating &amp; feeding your family.

If you save that every day, you will have around 2 Lakhs in a year.

In 10 years, you will have 20 Lakhs.
If you do SIP in stocks, mtf, crypto, gold, land, you will be a Billionaire 👍","18"
"Mon Apr 13 20:23:44 +0000 2026","tweet-2043787240728404353","0","0","@shagufta87_ @gottlebee I didn’t wanted another coffee but wanted to sip on something hot as throat and nose was killing me.. so Lipton Orange Pekoe! 😬","2"
"Thu Apr 16 02:06:51 +0000 2026","tweet-2044598365778808913","0","0","Put me on a flight since you always think I'm trippin'?
Want a taste of this papaya, come and sip it up???

🍅🍅🍅🍅🍅🍅🍅🍅🍅🍅🍅🍅

#beyondthevilla #loveislandbeyondthevilla","3"
"Tue Apr 14 05:24:48 +0000 2026","tweet-2043923405624455484","0","2","In the United Kingdom, Millie Taplin was offered a drink by a stranger as she went to a nightclub for the first time on her 18th birthday.

The stranger offered her a cocktail, saying, ""Vodka lemonade, try this.""

Millie took a sip.

Within seconds, her face went numb, her fingers twisted strangely, and her whole body stiffened as if locked.

She was conscious but her body wouldn't move; she thrashed in agony as if trapped inside, realizing in her mind that she couldn't move.

When taken to the hospital, doctors said she had likely been given two unknown substances: one paralyzing and the other to knock her out. Tests were unable to detect the substances.

Her mother later shared it as a warning: ""Never accept a drink from a stranger.""","1"
"Sun Apr 12 21:46:54 +0000 2026","tweet-2043445782364184802","1","0","“Just watched the Masters, going to grill up a couple steaks listen to a podcast and proclaim the golden age of private credit is over. 

Maybe sip on a nice IPA, light up a Montecristo #2 and dunk on Ackman for having super long tweets.

Life is sweet.” https://t.co/HTfPuNHIo7","26"
"Tue Apr 14 09:45:57 +0000 2026","tweet-2043989122763653223","0","1","In the United Kingdom, Millie Taplin was offered a drink by a stranger while heading to a nightclub for the first time on her 18th birthday.

The stranger handed her a cocktail, saying, “Vodka lemonade, try this.”

Millie took a sip.

Within seconds, her face went numb, her fingers clenched in a grotesque spasm, and her entire body stiffened as if locked in place.

She was fully conscious but her body wouldn’t move; trapped inside, she writhed in agony, her mind screaming in realization that she couldn’t budge.

When she was rushed to the hospital, doctors said she had likely been given two unidentified substances: one to paralyze, the other to knock her out. Tests failed to identify the substances.

Her mother later shared this as a warning: “Never accept a drink from a stranger.”","1"
"Mon Apr 13 15:43:18 +0000 2026","tweet-2043716667306279301","0","2","#jhope #제이홉
#Jhope_ARİRANG_Goyang 🤎

If I ever knew happiness, it was only you
Look, my cup runneth over, come and get a sip
Yeah, praying on it, for eternity, your soul and mine
Find reliance in you, baby, baby, please
j-hope | Please 🤎 https://t.co/RBAsMvtqMt","8"
"Wed Apr 15 20:45:57 +0000 2026","tweet-2044517607450050608","0","0","Minding my business on entwt real bad im just observing everything 🤔🤔while I sip on my vodka https://t.co/0QmITJkNsH","7"
"Wed Apr 15 18:18:26 +0000 2026","tweet-2044480481383891095","0","0","Only the broke-ass poor  die screaming in the dirt while the billionaires sip champagne on their yachts. These wars? Just poor soldiers slaughtering other poor soldiers for sport of rich. Ayatollah’s a billionaire, Trump’s a billionaire, Netanyahu’s a billionaire—meanwhile you’re cannon fodder with a participation trophy and a body bag.","2"
"Mon Apr 13 13:07:41 +0000 2026","tweet-2043677503571534221","0","1","StandX recently released Position Yield (SIP #2) which pays traders a share of protocol fees just for holding open perpetual positions based on size and time held.

This stacks on top of the existing $DUSD margin yield, giving you dual passive income without doing anything extra. Leverage multiplies the yield (e.g. 3x leverage turns 2% base into ~6%).

This is @StandX_Official encouraging you to hold positions longer instead of constant trading, supports market-neutral strategies, and has reportedly boosted the platform’s open interest since late March 2026.","1"
"Wed Apr 15 04:34:10 +0000 2026","tweet-2044273049348751511","0","2","Join all!! Block time on your calendar- Thursday PM:
""Let Them!"" &amp; let me :)) 
#ACCWIC #AHAWIC 
#leadership 
Grab a blanket 
Sip on your fav drink 🍹 
Listen &amp; interact
Q/A","10"
"Tue Apr 14 03:48:47 +0000 2026","tweet-2043899241907499313","0","1","In the United Kingdom, Millie Taplin was offered a drink by a stranger while heading to a nightclub for the first time on her 18th birthday.

The stranger handed her a cocktail, saying, “Vodka lemonade, try this.”

Millie took a sip.

Within seconds, her face went numb, her fingers clenched in a grotesque spasm, and her entire body stiffened as if locked in place.

She was fully conscious but her body wouldn’t move; trapped inside, she writhed in agony, her mind screaming in realization that she couldn’t budge.

When she was rushed to the hospital, doctors said she had likely been given two unidentified substances: one to paralyze, the other to knock her out. Tests failed to identify the substances.

Her mother later shared this as a warning: “Never accept a drink from a stranger.”","1"
"Thu Apr 16 01:59:16 +0000 2026","tweet-2044596457039180153","2","0","All that talking in his confessionals and with the girls and all he could do when it was time to stand on business was sit there in his fuckass turtleneck and sip his martini. #BeyondTheVilla https://t.co/lv7ILX7JYH","39"
"Tue Apr 14 13:27:45 +0000 2026","tweet-2044044941761122373","0","0","@Bungaaa_d Empuk gak dav... Bisep Sena 😄👍🏻
Ada Sena Kuat 💪🏻 Selain Sena Sip 👍🏻
#AryaSaloka gede bener bisep nya 
#AshaAssuncao Aku digendong oleh popaye bedanya popaye yg ini tinggi pakek bgt 
#TerikatJanjiEp10 
#TerikatJanji On RCTI dan NETFLIX","1"
"Tue Apr 14 09:10:23 +0000 2026","tweet-2043980174346031362","0","0","@Nobunny333 Coors, Coors Lite, sip shots on ice of Canadian Mist, Jack Daniels Black Berry.","0"
"Wed Apr 15 19:45:02 +0000 2026","tweet-2044502277868646875","0","1","SIP-1: Block Trade

A system that announces large positions on-chain and matches them with multiple counterparties. It enables institutional-sized execution without affecting price discovery on @StandX_Official. 

SIP-2: Position Yield

A time-based yield distribution on open positions. The longer and healthier you hold your position, the more you earn from protocol revenues.

What would SIP #3 be?","1"
"Mon Apr 13 11:01:25 +0000 2026","tweet-2043645730582335899","0","3","A warm brew under a cold, star-dusted sky at the edge of the world. Welcome to the World's Highest Cafe in Spiti Valley, where the Milky Way is your ceiling and every sip comes with a side of breathtaking wonder. A truly unforgettable destination on the road less traveled.

#WorldHighestCafe #SpitiValley #HimachalPradesh #MilkyWay #StarryNight #Himalayas #Adventure #Travel #CoffeeWithAView

@UBArea_IA","7"
"Tue Apr 14 08:48:22 +0000 2026","tweet-2043974635566350341","0","0","Yes, the story is real—it happened in August 2021 at MooMoo nightclub in Southend, Essex, UK, on Millie Taplin's first night out after turning 18. She was offered a ""vodka lemonade"" by a stranger, took a sip, and suffered temporary paralysis (body locked up, conscious but unable to move/speak) for ~4 hours due to suspected drink spiking with two unknown substances. Doctors confirmed no trace in tests. She was hospitalized briefly and made a full recovery with no lasting effects. Her mum shared the video as a warning. She's fine now.","1"
"Mon Apr 13 08:08:48 +0000 2026","tweet-2043602286736269810","0","0","@lukeheerdanWTF @Cthulhucachoo I host sip and paint events to teach people how to paint manadalas on a surfboard","2"
"Tue Apr 14 14:40:19 +0000 2026","tweet-2044063202896494604","0","1","☕️ Coffee Time & Mindful Meditation 

Hope you can take some time to sip your coffee and relax. Breathe. Stay in the moment. 

Mindful meditation involves sitting quietly, focusing on the breath, and observing thoughts without judgment to cultivate present-moment awareness. 

#Coffee #MindfulLiving","6"
"Mon Apr 13 14:00:01 +0000 2026","tweet-2043690676412379476","0","1","Year of Beer 2026 – April Keg

Golden Spike is back for April, now pouring on keg in selected venues! This West Coast IPA is packed with bold US hops. Expect punchy pine, zesty grapefruit, and fresh lemon citrus in every sip. 👌🍋

Keep an eye out for it pouring near you! https://t.co/fzbExuADvN","7"
"Tue Apr 14 04:09:59 +0000 2026","tweet-2043904576810823955","0","22","🏆 Top 3 Mutual Funds for SIP in 2026
(Based on CRISIL Rating & Latest Returns - Data as on Mar 2026)

◻️ Large Cap Mutual Funds

▪️ Nippon Large Cap Fund
▪️ ICICI Pru Bluechip Fund
▪️ Invesco Largecap Fund

◻️ Mid Cap Mutual Funds

▪️ Invesco India Mid Cap
▪️ Edelweiss Mid Cap
▪️ Nippon India Mid Cap

◻️ Small Cap Mutual Funds

▪️ Nippon India Small Cap
▪️ HDFC Small Cap Fund
▪️ Axis Small Cap

💡 The right fund + disciplined SIP = Long-term wealth creation

🚫 No Recommendation","136"
"Tue Apr 14 14:28:06 +0000 2026","tweet-2044060128345751917","0","0","In the United Kingdom, Millie Taplin was offered a drink by a stranger while heading to a nightclub for the first time on her 18th birthday.

The stranger handed her a cocktail, saying, “Vodka lemonade, try this.”

Millie took a sip.

Within seconds, her face went numb, her fingers clenched in a grotesque spasm, and her entire body stiffened as if locked in place.

She was fully conscious but her body wouldn’t move; trapped inside, she writhed in agony, her mind screaming in realization that she couldn’t budge.

When she was rushed to the hospital, doctors said she had likely been given two unidentified substances: one to paralyze, the other to knock her out. Tests failed to identify the substances.

Her mother later shared this as a warning: “Never accept a drink from a stranger.” https://t.co/OtX95u6NDM","1"
"Tue Apr 14 09:20:04 +0000 2026","tweet-2043982609412436079","0","2","diri jud ta maluya 😅","2"
"Mon Apr 13 06:27:30 +0000 2026","tweet-2043576796659224838","1","0","Rhaast took another sip, thinking on her answer for a bit, eventually responding while looking out the window, enjoying the view she gets.

""You have multiple jobs? surely you're not too busy at the cafe?""

He shakes his head, needing to work every hour of the day is something+","1"
"Tue Apr 14 01:51:28 +0000 2026","tweet-2043869717157339628","0","0","@EylonALevy Given his employment history I’d say he’s probably a lot more qualified to make national security decisions than you are. CIA officer  whose wife died in a terror attack versus a career propagandist who sip mimosas on a beach and tweets for a living.","6"
"Wed Apr 15 14:09:04 +0000 2026","tweet-2044417726525972753","0","0","‘Sip Stroll on the Old Mississippi River Bridge is happening weekly  from 8 a.m. to 3 p.m. 

April 17, 24
May 1, 8, 15, 22, 29
June 5, 12, 19, 26
July 3, 10, 17, 24, 31
Aug. 7, 14, 21, 28
Sept. 4, 11, 18, 25
Oct. 2, 9, 16, 23, 30
Nov. 6, 13, 20, 27
Dec. 4, 11, 18 https://t.co/B83MwxXoAd","1"
"Mon Apr 13 06:01:23 +0000 2026","tweet-2043570222947590217","0","1","₹1,00,000,00: Crorepati Path  Simplified 

""Born poor? Not your fault.
Stay poor? That’s on you.""

Invest in low risk Nifty 50
Start SIP worth ₹10,000/month
Increase every year by ₹1,000

That’s it.

📊 What happens:
- You reach ₹1 Crore in ~16–17 years
- You invest ~₹40–45 lakh
- Rest = compounding

⚡ Simple rule:
Earn more → Invest more → Stay invested

No trading. No timing.
Just consistency.

Congratulations, You are Crorepati Now. 

#SIP #Nifty50 #WealthCreation #PersonalFinance #Investing","1"
"Mon Apr 13 21:30:52 +0000 2026","tweet-2043804133220618683","0","0","Yes, this is a real incident from August 2021. Millie Taplin, then 18, was at MooMoo nightclub in Southend, UK, on her first night out. A stranger offered her a ""vodka lemonade""; after one sip, she suffered temporary full-body paralysis (hands clawed, locked jaw), stayed fully conscious and in agony for ~4 hours. Doctors suspected two unknown substances (tests inconclusive). Her mom Claire shared the hospital video as a warning. No arrests; Millie recovered fully with no lasting effects. The story recirculates periodically.","1"
"Mon Apr 13 02:38:29 +0000 2026","tweet-2043519161033203754","0","0","@billyliucci Sorry ass sip will say it’s not a sweep. Let them. We’ll probably see them again and we’ll beat their ass with even more on the line.","1"
"Mon Apr 13 06:32:17 +0000 2026","tweet-2043577999111659788","0","2","[ Dance Performance ] THX Ft. 'จ๊ะ นงผณี' - SIP (Songkran Ver.)

Watch on Youtube THX Official
🔗 https://t.co/4z84mVkpmv

#THX_SIP 🍷
#THX_TH
#THXOFFICIAL
#E29MusicIdentities https://t.co/UsvTZnxnnU","2"
"Tue Apr 14 00:05:04 +0000 2026","tweet-2043842939332284912","0","1","🚨TERRIFYING : On her 18th birthday, Millie went to a nightclub for the very first time. A stranger offered to buy her a cocktail and handed her one, saying “It’s lemon vodka, try it.”

She took one sip.

Seconds later, her face went numb, her fingers started convulsing, and her entire body completely locked up. She was fully conscious, could hear everything, and was in excruciating pain… but she couldn’t move or speak. Trapped inside her own body. 😱

Doctors told her family she had likely been given two unknown substances — one causing paralysis and the other acting like an anesthetic. Yet none of it showed up in any tests.

Her mom issued a stark warning:  
“Never, ever accept a drink from a stranger. Never.”","8"
"Wed Apr 15 15:17:53 +0000 2026","tweet-2044435046640079352","0","2","@mayemusk It’s like being on a mag-lev train ❤️

Especially on FSD. 

Just sip your drink &amp; enjoy conversation!","6"
"Mon Apr 13 15:47:15 +0000 2026","tweet-2043717660731699321","0","0","Start in 5 Minutes - 

Sign up on Mudrex → Complete KYC → Add INR → Pick Coin Set / SIP / Gold tokens → Start small. That’s it.
End goal? Less effort. Better discipline. Smarter investing.

Work less. Build more. That’s the loop 🔁 https://t.co/4nmwOnle1d","3"
"Wed Apr 15 11:24:43 +0000 2026","tweet-2044376367396258080","0","4","I treat SIP like position sizing. 

• Red days → size up 
• Green days → size down 
• No move → stay selective 

Not fixed investing. Dynamic allocation based on market behavior. 

For example: 
If the index dips 1% → I invest more 
If it’s up → I stay consistent with base allocation 

I do this easily on Dhan with Conditional SIP, add my conditions once, and it triggers automatically when they’re met.","25"
"Tue Apr 14 22:52:20 +0000 2026","tweet-2044187023871721605","0","0","@teachthemx3 @Tesla Teslas aren’t Teslas without FSD.  
Your very own private chauffeur that never tires.  
Put on a podcast, sip your coffee, and enjoy the views!","1"
"Wed Apr 15 14:19:08 +0000 2026","tweet-2044420260615589973","0","0","@arife_43 @StandX_Official sip mode on fr","1"
"Sun Apr 12 21:21:00 +0000 2026","tweet-2043439263123915172","14","184","SMALL JOYS ONLY INTROVERTS UNDERSTAND

1. Long walks alone in the woods 
2. First sip of coffee in silence
3. Cancelled plans
4. Rainy evenings at home
5. Writing your thoughts in peace
6. The stillness before the sun goes down
7. A day with nothing on your calendar","1970"
"Mon Apr 13 15:21:03 +0000 2026","tweet-2043711065779822619","1","1","today’s a great day to sit outside with My toes in the grass &amp; read a good book while I sip on a yummy matcha! send while I have a soft &amp; serene morning ッ","25"
"Wed Apr 15 22:58:09 +0000 2026","tweet-2044550876241469735","0","0","These niggas so lame wanna sip on lean thinking that shit gon help with they lyrics","2"
"Mon Apr 13 21:16:04 +0000 2026","tweet-2043800409568096298","5","69","“Canadians can fight over the scraps while I sip Martinis”

USMCA is coming and Carney going to tank it on purpose.

Who benefits?🤔 https://t.co/ondvYTkJSY","205"
"Tue Apr 14 05:03:49 +0000 2026","tweet-2043918124710305999","0","1","Here's a summary of the thread:

18yo Millie Taplin in the UK was at her first nightclub on her 18th birthday when a stranger handed her a vodka lemonade. After one sip, her face went numb, fingers curled into claws, and her body stiffened—she was fully conscious but trapped in agony. Rushed to hospital; doctors suspect two unknown drugs (one to paralyze, one sedative). Tests inconclusive. Her mother shared hospital footage as a warning: never accept drinks from strangers.

One reply suggests GHB + benzodiazepines as most likely. Another user described identical symptoms from something given in the ER (not a club).","1"
"Tue Apr 14 14:56:28 +0000 2026","tweet-2044067270054584483","0","0","People need to realise that football isn’t meant to be watched minute by minute like a film. 

It’s the kind of sport where you turn on the TV, chat with people, sip your beer, play one career Dream or MANT, and only glance back when you think something happens either by commentator start to yelling some asshole name or something.

Sitting through full concentration 90 minutes of people going back, forward, side, dribble, and passes are tiresome even in the past like a person in cinema is just not the right way to do it.","0"
"Tue Apr 14 22:50:26 +0000 2026","tweet-2044186544903270491","0","0","@Kenny_Wallace Get 'em Herm while you sip on that mug of coffee. 😆😁 https://t.co/yzZDh8Wt5K","2"
"Wed Apr 15 16:08:35 +0000 2026","tweet-2044447803867341227","0","0","Ole Miss football enters third week of spring camp. Komis has thoughts 

Episode 77 is brought to you by @HoviDryGoods. Be sure to use code “SIP” for 10% off your favorite hat on https://t.co/9jxnmbRrB0 
https://t.co/ox8jK6l69D","1"
"Wed Apr 15 10:01:18 +0000 2026","tweet-2044355376842166411","0","0","@xiaosufang The international tea tasting competition was on.
He's now a highly acclaimed Michelin tea critic. 

Has no time to go to school anymore
 He has to nurture his fame one sip at a time😂","4"
"Tue Apr 14 20:12:51 +0000 2026","tweet-2044146889076154518","0","0","How the f*** they chucked 40% alcohol like water, I just took on sip and my throat is burning even though my nose is not working properly 😭 

Please drop some tips guys 🙏 @ppnaravit @ChenRcj @phuwintang @perthppe @gemini_ti","1"
"Thu Apr 16 01:33:05 +0000 2026","tweet-2044589865552023936","0","0","I had just put on my lucky hat and had a sip of whiskey. Let’s see #RepBx🥃 Yankees win! #RepBx I’m still pissed it had to come to this but fuck it🤷🏻‍♂️ https://t.co/3xJIrPaEQT","6"
"Wed Apr 15 02:04:30 +0000 2026","tweet-2044235384192979184","0","0","@iamrakeshbansal Make your friend Mr Ashu Madan understand this theory.
He is on a rhetoric about the diminishing returns and SIP.","2"
"Wed Apr 15 01:19:40 +0000 2026","tweet-2044224102248907052","0","0","I think I might be the most stereotypically English looking  person ever. Like, I look like I was born to sip tea and eat beans on toast and complain about London.","2"
"Wed Apr 15 09:36:42 +0000 2026","tweet-2044349184002740687","0","0","@dwn1866 He's gonna sit himself on a chair and sip his wine as he watches them fuck","2"
"Tue Apr 14 23:46:36 +0000 2026","tweet-2044200679397372002","0","2","Sip, aquí y en china, fue agresión se*ual sin el consentimiento de Celinee. Shame on @Telemundo #LCDLF6","3"
"Wed Apr 15 22:12:33 +0000 2026","tweet-2044539402752348307","0","0","@julianaraynor and there will be approximately 4 tablespoons of sugar sitting at the bottom that you crunch on after every sip","1"
"Mon Apr 13 01:30:50 +0000 2026","tweet-2043502137045398003","0","4","@EricLDaugh @ShannonG747 Trillions for NATO so Europe can sip wine and virtue-signal while we foot the bill against Russia? Cute. Trump just put the deadbeat alliance on notice—examination coming. Time to stop mooching off Uncle Sam, parasites. 🇺🇸💨","63"
"Wed Apr 15 03:01:16 +0000 2026","tweet-2044249671405633777","0","3","the tiny gets dressed and calls for their cg to help with their hair. afterwards, they jump into bed, a storybook waiting to be read sits next to the cup. they slowly sip on it as their cg opens the book. lulling off with their stuffies, the tiny slips into their dreams
(2/2)","55"
"Tue Apr 14 19:59:57 +0000 2026","tweet-2044143642437091475","0","0","🌿🍸 Welcome to Eden aboard the Celebrity Beyond, where nature meets elegance! Sip on creative cocktails and enjoy live performances while surrounded by beautiful architectural design. 🌊

Contact me today to book your cruise and experience this unique paradise onboard! 📞🛳 https://t.co/FpjnuW4FsO","1"
"Wed Apr 15 23:32:25 +0000 2026","tweet-2044559499344941560","0","0","@KiaReynoldi Travis nodded. ""Well, good tattoo artists don't cause any bad pain if that makes sense. It all comes down to how heavy handed you are with the needle."" 

He took a sip of coffee. ""But there is always some degree of pain depending on where on the body the client wants the ink."" +","1"
"Sun Apr 12 03:26:37 +0000 2026","tweet-2043168884765696093","0","0","Howdy everyone Here's a detailOpen to collabsoriented digital creator creating Serverless Follow me ✨","0"
"Mon Apr 13 03:46:01 +0000 2026","tweet-2043536156739223624","0","0","A ₹1 Cr property at ₹25k/month is a 3% rental yield. After maintenance, taxes, and vacancy, it’s even lower.
You’re essentially betting on 100% of your wealth on appreciation while ignoring the opportunity cost of an SIP that could yield 12%+. Real estate is a lifestyle choice; it’s rarely the best investment choice. 🇮🇳","2"
"Thu Apr 09 18:05:26 +0000 2026","tweet-2042302885854163346","0","14","No podemos dejar solo a los patojos. Generación 70 no que muy valientes y aguerrido pues. Más si estudiantes ahi y vivir gracias a que tuviste la oportunidad de conseguir igualdad.","64"
"Mon Apr 13 23:24:10 +0000 2026","tweet-2043832649656005111","0","3","It's sad when you have a lot to say but no one to talk to. You just pop a pill, sip alcohol and carry on with the heavy weight.","18"
"Thu Apr 09 17:42:45 +0000 2026","tweet-2042297175451824228","0","1","Congratulations to all our students for this amazing innovation👏","19"
"Tue Apr 14 16:33:29 +0000 2026","tweet-2044091682942050587","1","0","so i made enough of that 250cal coffee for two cups and after the furst sip on my second cup i do NOT want it","4"
"Mon Apr 13 06:17:11 +0000 2026","tweet-2043574198551867402","0","1","""Just took a 2-minute 'brain reset' — staring at the potted succulent on my desk like it holds all life’s secrets. Back to work… maybe after one more sip of coffee "" https://t.co/AJdHwpWn31","1"
"Mon Apr 13 03:09:14 +0000 2026","tweet-2043526900866228286","0","0","@XRaPtor713 @HelixgroupTX @DarronUnchained @Kub3_91 Omgawwd how I love my Hedera Fam ….
Feel like a long lost child who just found their brothers and sisters ….
I gotta make it down ….. sip on some of that Belle Spirits with ya…..","3"
"Mon Apr 13 05:01:03 +0000 2026","tweet-2043555040401477968","0","0","Come on now, people of the world, enough is enough with this delusion. Stop this madness now. Put the keyboard down, Take a nice sip of your Vegan Mocha tofu latte, and settle down. 

We heard you loud and clear  you Canadian, European lib elites, septum pierced, blue haired radicals, Antifa militants, and George Soros disciples despise America and Israel. You hate the very idea of strength and sovereignty. But let’s be crystal clear,  keep pushing this path, and it will not end well for you.

The world just witnessed the awesome, overwhelming military power of America and Israel under Trump and Netanyahu, a display of dominance you only see in blockbuster movies. And what did you do? The usual coward traitor suspects ,  Keir Starmer, Macron, Carney, Albanese, and the rest of the globalist choir, came crawling out of the woodwork to flex their weakness. Pathetic.

Fact is -
Iran is not a peaceful nation that suddenly deserves your sympathy. It is one of the most ruthless, bloodthirsty regimes on Earth, responsible for more American, British, and Israeli deaths in the last two decades than nearly any other country combined. They are not victims. They are aggressors hiding behind proxies and propaganda.

To our conservative brothers and sisters in Britain, Canada, Australia, and across Europe,gc X we see you. We respect ccyou. We mourn with you as the great Anglo American alliance,  forged in blood through two world wars, is deliberately torn apart by weak, ideologically captured leaders. Winston Churchill would be disgusted.

Look at what these men have unleashed on your streets, record rapes, horrific knife attacks on your sons and fathers, grooming gangs targeting your daughters, and radical Islamists flooding in by the boatload. This is not compassion, it’s cultural suicide, engineered by design. The same Soros playbook deployed everywhere, import chaos, erode the native population, rig the system, and destroy the West from within.

These are your wives. Your daughters. Your mothers. Your sisters. Your brothers. Your fathers. Being assaulted, stabbed, and slaughtered, while your own governments protect the perpetrators and persecute the victims. They’re not just failing you. They’re sacrificing you on the altar of their twisted ideology.

They tried the same evil here in America with COVID, herding the elderly into death traps until they realized their own voter base was being culled. Pure, calculated wickedness.

Wake up.

Time to take our land back ""NOW"" before it's too late.

Its us against the World!!

The Great Reset is no longer a conspiracy, it’s unfolding in real time. A new alignment of nations is forming, and the West is fracturing before our eyes. America and Israel are standing strong. The question is, will Britain and the rest of Europe remember who they are, or will they finish their surrender?

The choice is yours. But history is watching. And weakness always invites war. Better get your popcorn ready 🍿 

FAFO.","1"
"Wed Apr 15 16:39:15 +0000 2026","tweet-2044455523068583940","0","0","@0xLocus Need to sip on some $wMNST too","2"
"Mon Apr 13 02:18:05 +0000 2026","tweet-2043514029696790759","0","0","@CopperWilde Wild water vibes hit different.
This fresh take on 'Water is Life' makes me crave that pure sip— what's your go-to refreshing spot?","1"
"Tue Apr 14 20:29:26 +0000 2026","tweet-2044151064597803239","0","4","An 18-year-old girl in the UK, Millie Taplin, went to a nightclub for the first time on her birthday. A stranger handed her a drink, saying it was “vodka with lemonade.”

After just one sip, her face went numb, her fingers curled, and her body became rigid within seconds. https://t.co/YLEX6PV7wy","16"
"Tue Apr 14 20:33:35 +0000 2026","tweet-2044152107356360826","0","0","@_ElenaBrooks1 I sip of my wine, taking a moment to think.

“It feels………right. Yes, that’s the word. Right. The company will be in good hands. Anton is staying on as general manager and all the staff have been promised a five year contract with a new buyer bonus.” 

I smile at that thought.","1"
"Tue Apr 14 07:28:40 +0000 2026","tweet-2043954577238560787","0","0","That ~50% Rotten Tomatoes score is gna feel like the first sip of a Piña Colada on a hot day","5"
"Wed Apr 15 17:30:11 +0000 2026","tweet-2044468341386215872","0","12","💰 SIP Guide Based On Your Salary 📊👇 https://t.co/c6KWNfABqv","86"
"Wed Apr 15 17:45:28 +0000 2026","tweet-2044472186426028467","0","0","the cup over to Satoru and made a hand sign that was supposed to convey a 'call me' which Gojo greatly appreciated. He pocketed the glued-on paper with Yuuji's number and took a sip of his drink while sighing in fullfilment. His day was going to be just a little more managable-","3"
"Wed Apr 15 20:00:21 +0000 2026","tweet-2044506130324345243","0","0","Sip into Spring with a refreshing #IcedHoujichaLatte — a chilled twist on a roasted classic! 🤎 (📷: @ helwaawii)

🍁 Toasty, nutty &amp; low in caffeine — our Houjicha delivers rich, comforting flavour in every sip. 👉 https://t.co/RYntOWBtyL https://t.co/QrkkTlYSma","1"
