"created_at","collected_at_utc","id","text","view_count","retweet_count","reply_count","favorite_count"
"Thu Feb 26 23:22:37 +0000 2026","2026-02-26T23:29:37.135202+00:00","tweet-2027162417369866492","sana alam ng mga tao sa messenger ko na wala akong oras sakanila KFKSKWBQJQABAHZBSNAB emi gagoh pagod na pagod na ko mag org puchaaa","10","0","0","0"
"Thu Feb 26 23:15:08 +0000 2026","2026-02-26T23:29:37.135202+00:00","tweet-2027160534567862700","never ending midnight sipon","14","0","0","0"
"Thu Feb 26 22:54:51 +0000 2026","2026-02-26T23:29:37.135202+00:00","tweet-2027155429332295731","pagod na pagod ako pls","1","0","0","0"
"Thu Feb 26 22:48:36 +0000 2026","2026-02-26T23:29:37.135202+00:00","tweet-2027153855193219555","Ano meron, may lagnat ba c viva, may HIMALA, pero slmat na rin

#AshDres https://t.co/BVwYakSecc","52","0","0","0"
"Thu Feb 26 22:46:55 +0000 2026","2026-02-26T23:29:37.135202+00:00","tweet-2027153431623020896","@flexingmybb Sweeett 😭 bat kasi pagod na pagod yung katawang lupa ko di tuloy nakasama","1","0","0","0"
"Thu Feb 26 22:32:03 +0000 2026","2026-02-26T23:29:37.135202+00:00","tweet-2027149692149412084","inuubo't sipon na ba ang lahat 🫩","120","0","1","5"
"Thu Feb 26 22:28:08 +0000 2026","2026-02-26T23:29:37.135202+00:00","tweet-2027148706831810825","lala ng lagnat ko sumabay pa talaga sa exam week","7","0","0","0"
"Thu Feb 26 22:27:05 +0000 2026","2026-02-26T23:29:37.135202+00:00","tweet-2027148439361081715","Bahala na Lord, basta kahit may sipon ako and masama pakiramdam, mag-o-onsite aq","3","0","0","0"
"Thu Feb 26 22:23:20 +0000 2026","2026-02-26T23:29:37.135202+00:00","tweet-2027147497152393383","rest so much well and now, I feel so much better parang wala na akong sipon, boy bawang lang pala ang katapat lol","4","0","0","0"
"Thu Feb 26 21:58:14 +0000 2026","2026-02-26T23:29:37.135202+00:00","tweet-2027141179868062141","Pota hindi matuloy tuloy pag malapit na ko gumaling sinat nalang babalik lagnat ko taina","11","0","0","0"
"Thu Feb 26 21:41:31 +0000 2026","2026-02-26T23:29:37.135202+00:00","tweet-2027136974583394614","My nanay’s love language to me as trentahin na pagod na pagod na sa work ay yung iinitin na niya yung pagkain sa bahay bago ako dumating. Tapos pag nakalimutan ko icharge phone and gadgets ko, makita ko na lang sa umaga nakacharge na lahat. 🤧😭","5","0","0","0"
"Thu Feb 26 21:34:12 +0000 2026","2026-02-26T23:29:37.135202+00:00","tweet-2027135131572683186","Taas ng lagnat ko na pwro work padin","1","0","0","0"
"Thu Feb 26 20:57:42 +0000 2026","2026-02-26T23:29:37.135202+00:00","tweet-2027125944893464750","FAK. sipon yesterday, trangkaso tomorrow 💀","50","0","0","0"
"Thu Feb 26 19:13:59 +0000 2026","2026-02-26T23:29:37.135202+00:00","tweet-2027099843588665455","HOY PUTANGINA WAIT LANG MADAMING MAY UBO'T SIPON NGAYON 

WHY TS HAPPENING BACK TO BACK 😭😭😭","49","0","1","0"
"Thu Feb 26 19:12:04 +0000 2026","2026-02-26T23:29:37.135202+00:00","tweet-2027099364930592884","pagod na pagod na ako mahxhwhhz di pa ako nakakareview may 2 long test kmi mamaya🥹","7","0","0","0"
"Thu Feb 26 19:00:12 +0000 2026","2026-02-26T23:29:37.135202+00:00","tweet-2027096377936003351","time check: 2:58am, may 7am class pa tomo. kakagaling lang sa lagnat, buong araw nag-aral at nag-revise ng research, gumawa ng ppt for defense pt. 2, di pa nakakapag-dinner. awa na lang talaga katawan ko 😭 pero motivation ko may GSOT pag uwi 🧡","48","0","0","1"
"Thu Feb 26 18:14:18 +0000 2026","2026-02-26T23:29:37.135202+00:00","tweet-2027084826755702941","Pagod na pagod na😢",,"0","0","0"
"Thu Feb 26 18:08:03 +0000 2026","2026-02-26T23:29:37.135202+00:00","tweet-2027083252222357565","di ko alam kung masama ba tulog ko or pagod na pagod na ako","6","0","0","0"
"Thu Feb 26 18:02:27 +0000 2026","2026-02-26T23:29:37.135202+00:00","tweet-2027081843699503361","fak I can’t sleep dahil sa sipon","5","0","0","0"
"Thu Feb 26 17:53:31 +0000 2026","2026-02-26T23:29:37.135202+00:00","tweet-2027079595707846963","@IAmTholits @dolledupwon @keifornal Tamad ka mag-isip kasi bobo ka. Gano’n kasimple. Pagod na pagod na utak mo beh.",,"0","0","0"
"Thu Feb 26 17:44:36 +0000 2026","2026-02-26T23:29:39.255978+00:00","tweet-2027077349678944678","lagi na lang akong nag s-sacrifice, I can't even do my own shits. pagod na pagod na ako.","46","0","1","0"
"Thu Feb 26 17:40:43 +0000 2026","2026-02-26T23:29:39.255978+00:00","tweet-2027076375623106906","Auq na tangina pagod na pagod na pagod na ako","10","0","0","0"
"Thu Feb 26 17:16:26 +0000 2026","2026-02-26T23:29:39.255978+00:00","tweet-2027070264547430830","tanginanyo kakagising ko lang at pagod na pagod na ko","1","0","0","0"
"Thu Feb 26 17:14:28 +0000 2026","2026-02-26T23:29:39.255978+00:00","tweet-2027069768638124309","pagod na pagod na ko. wala na kong ibang naiisip na solusyon kundi mamatay na ko","7","0","0","0"
"Thu Feb 26 16:54:36 +0000 2026","2026-02-26T23:29:39.255978+00:00","tweet-2027064766561427557","pagod na pagod na katawan ko antok na antok na Hindi pa makapag pahinga ng maaga gutom na  gutom pako","1","0","0","0"
"Thu Feb 26 16:28:44 +0000 2026","2026-02-26T23:29:39.255978+00:00","tweet-2027058260810068312","may sinat? kulang lang sa alak yan.","6","0","0","0"
"Thu Feb 26 16:24:22 +0000 2026","2026-02-26T23:29:39.255978+00:00","tweet-2027057158454657518","Sooooo yeah.
Pagod na pagod ako today pero super saya. 😭🫶
Sobrang namiss q @official_newID 🥹
Bukas na uploads. https://t.co/2iruDAMv9x","14","0","0","0"
"Thu Feb 26 15:54:47 +0000 2026","2026-02-26T23:29:39.255978+00:00","tweet-2027049714127122929","sana mawala na lagnat ko so i can smoke and drink this friday https://t.co/qEvBVNiRBB","7","0","0","0"
"Thu Feb 26 15:52:20 +0000 2026","2026-02-26T23:29:39.255978+00:00","tweet-2027049098373923141","Ang problema kasi kay Khalell pag ginamot ang bukol nagkakalagnat sipon ubo","2","0","0","0"
"Thu Feb 26 15:50:26 +0000 2026","2026-02-26T23:29:39.255978+00:00","tweet-2027048620839895190","Last na pagtatae pa ni Jhorell 8 years old ata","2","0","0","0"
"Thu Feb 26 15:32:15 +0000 2026","2026-02-26T23:29:39.255978+00:00","tweet-2027044044464083389","Grabeng sipon, grabeng ubo, grabeng sakit naman nan pre","7","0","0","0"
"Thu Feb 26 15:29:15 +0000 2026","2026-02-26T23:29:39.255978+00:00","tweet-2027043287492948298","Parang mahahawa ako ng lagnat kilig na yan ah","102","0","1","0"
"Thu Feb 26 15:26:48 +0000 2026","2026-02-26T23:29:39.255978+00:00","tweet-2027042672477880664","Pagod na pagod na ako at sa ngayon ang kaya ko na lang gawin ay ilabas ‘to. Kasi kung hindi baka tuluyan na lang akong manahimik.","16","0","0","0"
"Thu Feb 26 15:22:34 +0000 2026","2026-02-26T23:29:39.255978+00:00","tweet-2027041606776574087","taena pagod na pagod na ang bida","3","0","0","0"
"Thu Feb 26 15:21:34 +0000 2026","2026-02-26T23:29:39.255978+00:00","tweet-2027041354703081643","grabe ang pagod ko today 😩😩😩 nagka-lagnat na nga si atecco 🥹🥹","13","0","0","0"
"Thu Feb 26 15:21:31 +0000 2026","2026-02-26T23:29:39.255978+00:00","tweet-2027041341524558017","@deidcm_ HWHWGSHAHWHAHAHAHA ganyan mga panaginip mo kapag pagod na pagod ka sa araw mo eno","11","0","0","0"
"Thu Feb 26 15:16:32 +0000 2026","2026-02-26T23:29:39.255978+00:00","tweet-2027040087742263792","hindi na joke joke lang yung panghihina ko dahil wala akong daily dose of angst 😭🤞","5","0","1","0"
"Thu Feb 26 15:09:27 +0000 2026","2026-02-26T23:29:39.255978+00:00","tweet-2027038306933116961","Hahuntingin ko to  kasi yung sipon ko sasabay pa ata sa pagdating ni jongdae","41","0","0","0"
"Thu Feb 26 15:09:12 +0000 2026","2026-02-26T23:29:39.255978+00:00","tweet-2027038243527757943","nawala sipon ko sa tsaa na ‘to 😌😌","16","0","0","0"
"Thu Feb 26 15:08:27 +0000 2026","2026-02-26T23:29:39.255978+00:00","tweet-2027038055308398613","Pagod na pagod ako today, to the point na sobrang tulala ko pagkauwi...can i have some hug from someone? ... 😔","1773","0","12","44"
"Thu Feb 26 15:07:39 +0000 2026","2026-02-26T23:29:43.933952+00:00","tweet-2027037853847601345","football football ka pa girl ahh pagod na pagod ka palagi tuloooy 😩😩😩😩😩 AYAW KO NAAA","2","0","0","0"
"Thu Feb 26 15:05:17 +0000 2026","2026-02-26T23:29:43.933952+00:00","tweet-2027037258994573317","pagod na pagod na ako jo","53","0","1","0"
"Thu Feb 26 15:04:51 +0000 2026","2026-02-26T23:29:43.933952+00:00","tweet-2027037147979809169","Tulog nako. Kay daw may sipon ko.","3","0","0","0"
"Thu Feb 26 15:02:59 +0000 2026","2026-02-26T23:29:43.933952+00:00","tweet-2027036677362114739","pagod na pagod ako todei di ko alam kung bakit","13","0","0","0"
"Thu Feb 26 14:58:53 +0000 2026","2026-02-26T23:29:43.933952+00:00","tweet-2027035647631094101","Diko nadin talaga naiintindihan. Pagod na pagod na ako","4","0","0","0"
"Thu Feb 26 14:58:40 +0000 2026","2026-02-26T23:29:43.933952+00:00","tweet-2027035593570754977","@jowanijhosaau @eliyanashita sa pagkabata, char. Nag lielow onti kasi sunod² yung lagnat ko tsaka acid reflux HAHA","14","0","1","0"
"Thu Feb 26 14:54:30 +0000 2026","2026-02-26T23:29:43.933952+00:00","tweet-2027034544713678861","pagod na pagod","1","0","0","0"
"Thu Feb 26 14:51:58 +0000 2026","2026-02-26T23:29:43.933952+00:00","tweet-2027033907582185835","ok na sa ubo eh wag lang sipon taenang yan","2","0","0","0"
"Thu Feb 26 14:40:13 +0000 2026","2026-02-26T23:29:43.933952+00:00","tweet-2027030948496511215","tama na lagi na lang hdhjss pagod na pagod na q","8","0","0","0"
"Thu Feb 26 14:26:07 +0000 2026","2026-02-26T23:29:43.933952+00:00","tweet-2027027401147056354","@jasnmb tumutulo nga luha ko sumabay pa pati sipon ko nyeta bitin talaga huhu

GIOLUNA INHERITANCE RIVALRY","252","0","0","2"
"Thu Feb 26 14:23:05 +0000 2026","2026-02-26T23:29:43.933952+00:00","tweet-2027026637808906334","kelan ba matatapos tong OJT na toh pagod na pagod nako","160","0","0","0"
"Thu Feb 26 14:10:43 +0000 2026","2026-02-26T23:29:43.933952+00:00","tweet-2027023526734315680","Yes, we won. Pero palagi na lang bang ganito? Laging nag-e-experiment at nag-a-adjust kung kailan patapos na ang game? Parang gusto mong laging pagod na pagod ang mga players mo. Yan ba yun sistema mo, Coach Dante? Kasi kung oo, hindi ’yan ang sistema ng isang magaling na coach.","498","4","0","24"
"Thu Feb 26 14:02:50 +0000 2026","2026-02-26T23:29:43.933952+00:00","tweet-2027021540957835405","lala ng sipon ko","5","0","0","0"
"Thu Feb 26 14:02:49 +0000 2026","2026-02-26T23:29:43.933952+00:00","tweet-2027021537866621082","Ano ba naman ayuk pagod na pagod na mga bata sa pa balance task mo. Batak na sila pag labas","80","0","0","3"
"Thu Feb 26 14:01:57 +0000 2026","2026-02-26T23:29:43.933952+00:00","tweet-2027021318353457652","grabeng lagnat to ah ayaw ako lubayan, may laban pa kami sa sat😭","1","0","0","0"
"Thu Feb 26 14:01:07 +0000 2026","2026-02-26T23:29:43.933952+00:00","tweet-2027021108051083738","pagod na pagod nako sa mga gawain nayan 😩","1","0","0","0"
"Thu Feb 26 13:55:04 +0000 2026","2026-02-26T23:29:43.933952+00:00","tweet-2027019586168856858","pagod na pagod ako dumutdut pag menties kalaban nakakaloka

HEARTBEATS FOUR JADEWARD","853","0","4","11"
"Thu Feb 26 13:54:57 +0000 2026","2026-02-26T23:29:43.933952+00:00","tweet-2027019558918525252","pagod na pagod nako sa manila duty 😭","64","0","0","1"
"Thu Feb 26 13:54:43 +0000 2026","2026-02-26T23:29:43.933952+00:00","tweet-2027019499665506327","sana pag gising ko ayos na lahat. pagod na pagod na talaga ako 😂","107","0","1","2"
"Thu Feb 26 13:54:32 +0000 2026","2026-02-26T23:29:43.933952+00:00","tweet-2027019453591154959","すまん、今週日曜は渋谷にいます","8","0","0","0"
"Thu Feb 26 13:51:27 +0000 2026","2026-02-26T23:29:48.433509+00:00","tweet-2027018677007401398","tanginang sipon na to 🫠","9","0","0","0"
"Thu Feb 26 13:51:21 +0000 2026","2026-02-26T23:29:48.433509+00:00","tweet-2027018650046349319","自分よりスコア高い","37","0","0","0"
"Thu Feb 26 13:48:38 +0000 2026","2026-02-26T23:29:48.433509+00:00","tweet-2027017968358740447","kaka-recover lang sa lagnat tas mag-ulap na sa sabado aaaaahhhh lord pls no to binat 🙏🏻🙏🏻🙏🏻 okay na po ako!!!","87","0","0","0"
"Thu Feb 26 13:42:54 +0000 2026","2026-02-26T23:29:48.433509+00:00","tweet-2027016527443378284","pagod na pagod na ko nabayagen gasem, pagod kana idisrespect ako? pagod kana icross yung boundaries ko? hahahaha pagod kana kakaaya sakin sa boarding nyo? ganun ba yon? hahahaha ang laugh ko sayo ha @jesoncacdac","23","0","1","0"
"Thu Feb 26 13:35:35 +0000 2026","2026-02-26T23:29:48.433509+00:00","tweet-2027014683124003107","am so pagod na pagod gusto ko na mag weekend 😩","10","0","1","0"
"Thu Feb 26 13:32:59 +0000 2026","2026-02-26T23:29:48.433509+00:00","tweet-2027014029299097933","alam niyo yung stories for lucho ni ryan agoncillo? ayan may version din si runo :( for wonwoo and rowan liit… huhu 

yan muna for tonight mga baks tinamaan kasi ng ligaw na lagnat si self.. ill see you guys tomorrow para sa ibang ganaps huhu thank you! 💙","1650","0","0","53"
"Thu Feb 26 13:28:58 +0000 2026","2026-02-26T23:29:48.433509+00:00","tweet-2027013017066774588","Life saver talaga neozep saken! Kanina pa tanghali bahin at sipon ko, buti nalang may stock ako neozep dine sa planta, legit yung 15mins wala na agad 👌","3","0","0","0"
"Thu Feb 26 13:26:11 +0000 2026","2026-02-26T23:29:48.433509+00:00","tweet-2027012317339439325","“Panaginip pag may lagnat” realness 😆😅🤭","358","0","0","4"
"Thu Feb 26 13:23:52 +0000 2026","2026-02-26T23:29:48.433509+00:00","tweet-2027011736319173021","Pagod na pagod na ako po","9","0","0","0"
"Thu Feb 26 13:21:04 +0000 2026","2026-02-26T23:29:48.433509+00:00","tweet-2027011032494060003","di na lang mamatay taenang sipon to","3","0","0","0"
"Thu Feb 26 13:20:03 +0000 2026","2026-02-26T23:29:48.433509+00:00","tweet-2027010774355554727","@1594source pagod na pagod na si nick jonas pagpahingahin nyo nman muna hahahaaa

#NeverSayDieGMA 
#NSDFaceToFace","56","0","1","0"
"Thu Feb 26 13:18:56 +0000 2026","2026-02-26T23:29:48.433509+00:00","tweet-2027010494633320567","@zuhavrs oo raw, kapag pagod na pagod ka ang kailangan raw ay lambing. pauso talaga","16","0","1","0"
"Thu Feb 26 13:11:49 +0000 2026","2026-02-26T23:29:48.433509+00:00","tweet-2027008703636058314","pagod na pagod na si matcha HAHAHAHA","35","0","0","1"
"Thu Feb 26 13:05:49 +0000 2026","2026-02-26T23:29:48.433509+00:00","tweet-2027007194215149644","@thonyfowler Ayy hindi mo gets? Your bashing lella over an opinion.. magwala kayo kung may fact dun pero wala.. just respect what she said sa inaasta nyo pinapahiya nyo si caprice.. wala kayo kinaiba sa mga baby bra warriors na andun sa clock app na mga utak din may ubo at sipon.","58","0","3","0"
"Thu Feb 26 13:03:11 +0000 2026","2026-02-26T23:29:48.433509+00:00","tweet-2027006529610936370","sana mawala na lagnat ko bukas 🥹","15","0","0","1"
"Thu Feb 26 13:01:59 +0000 2026","2026-02-26T23:29:48.433509+00:00","tweet-2027006228526989396","Pagod na pagod na rin ako, kanino ako magsusumbong? :((

PREDZELS STAY FREDCESS","216","2","2","7"
"Thu Feb 26 13:00:43 +0000 2026","2026-02-26T23:29:48.433509+00:00","tweet-2027005909223063614","Grabe pagod na pagod ako gusto ko magbakasyon ng 1 week🥲","1","0","0","0"
"Thu Feb 26 12:56:56 +0000 2026","2026-02-26T23:29:48.433509+00:00","tweet-2027004956902043973","eto na naman ho tayo sa ubo't sipon😩","5","0","0","0"
"Thu Feb 26 12:43:47 +0000 2026","2026-02-26T23:29:48.433509+00:00","tweet-2027001646639943774","@quickzzzyy Pakkk mukhang pagod na pagod ang siszty ko maging barbietop ahhhh","21","0","0","0"
"Thu Feb 26 12:34:42 +0000 2026","2026-02-26T23:29:48.433509+00:00","tweet-2026999361079775502","Oo nga pala. Lagnat laki lang yan bebe 🤭🤭 Get well soon lovieee 🫶🏻","12","0","0","0"
"Thu Feb 26 12:29:12 +0000 2026","2026-02-26T23:29:52.524957+00:00","tweet-2026997978377109917","pagod from 6-5. may ubo. makati lalamunan. may sipon. parang iniipit sa sakit ang ulo. masama pakiramdam may lagnat. 100 nalang laman ng wallet https://t.co/9onWEWwL4a","34","0","0","0"
"Thu Feb 26 12:27:56 +0000 2026","2026-02-26T23:29:52.524957+00:00","tweet-2026997658221736250","Lord pagod na pagod na me, baka naman eudbsksmdndhjeeu","220","0","0","2"
"Thu Feb 26 12:27:24 +0000 2026","2026-02-26T23:29:52.524957+00:00","tweet-2026997523546829128","@LynJaira92070 Feeling ko pagod na pagod na sa buhay si Luna parang gusto Niya NG mawala Para tapos na and there's gio na pipigilan siya char hahaha","344","0","0","5"
"Thu Feb 26 12:23:29 +0000 2026","2026-02-26T23:29:52.524957+00:00","tweet-2026996539126919254","Yun awra ni Pecaña pagod na pagod na agad nakakaloka. Asan ba si Villegas, bat ayaw ipasok?","352","0","2","7"
"Thu Feb 26 12:22:44 +0000 2026","2026-02-26T23:29:52.524957+00:00","tweet-2026996351129825756","pagod na pagod na pagod na pagod na pagod pagod na pagod na pagod na pagod na pagod  pagod na pagod na pagod na pagod na pagod ako ngayon.","59","0","3","5"
"Thu Feb 26 12:22:04 +0000 2026","2026-02-26T23:29:52.524957+00:00","tweet-2026996182560710859","Bakit wala kayong ginagawa sa mga hte niyo? Samantalang kami pagod na pagod 😭😭😭","5","0","0","0"
"Thu Feb 26 12:16:46 +0000 2026","2026-02-26T23:29:52.524957+00:00","tweet-2026994848151347346","Pagod na pagod na ang ferson na ito🥺",,"0","0","0"
"Thu Feb 26 12:09:39 +0000 2026","2026-02-26T23:29:52.524957+00:00","tweet-2026993058756390915","@loveuujakesim aacckk congrats bb!! May sipon parin pero I'm fine! Hbu, kumain na u?","26","0","1","1"
"Thu Feb 26 11:54:25 +0000 2026","2026-02-26T23:29:52.524957+00:00","tweet-2026989226852864174","@DagtumxPuraw Basta kentin at stelljun nakita ko kanina.. at ang zer, pagod na pagod kaliwang braso.. 😆","424","0","1","7"
"Thu Feb 26 11:32:42 +0000 2026","2026-02-26T23:29:52.524957+00:00","tweet-2026983761334997256","@user001231998 Totoo din naman yun. Pagod na pagod si belen sa mga kasama nya. Haha anyway, anong set yung talak nya? Papanoorin ko.","137","0","1","1"
"Thu Feb 26 11:25:22 +0000 2026","2026-02-26T23:29:52.524957+00:00","tweet-2026981913593016448","sa nababasa ko sa tl
plz po huwag ninyo po iparanas sa kanila ang heartbreak 
baka unang stanza palang sanib sipon at luha na kami while nag walling 🤣🥹","29","0","0","0"
"Thu Feb 26 11:24:36 +0000 2026","2026-02-26T23:29:52.524957+00:00","tweet-2026981722043428986","pagod na pagod ako buong maghapon shuta kanino ba pwede magsumbong","15","0","0","0"
"Thu Feb 26 11:24:03 +0000 2026","2026-02-26T23:29:52.524957+00:00","tweet-2026981582465327145","What if ganito si bossing kagabi? Medyo maputla lang gawa may lagnat. https://t.co/aJ72HNfTbm","101","0","0","6"
"Thu Feb 26 11:19:32 +0000 2026","2026-02-26T23:29:52.524957+00:00","tweet-2026980445163061484","Pagod na pagod ako mentally and emotionally ♥️⭐️","3","0","0","0"
"Thu Feb 26 11:16:17 +0000 2026","2026-02-26T23:29:52.524957+00:00","tweet-2026979628053852260","@RyanLingo_ Pagod na pagod na si Lord sa kagagamit niyo sa kanya. https://t.co/Xu69qmizyr","4","0","0","1"
"Thu Feb 26 11:15:41 +0000 2026","2026-02-26T23:29:52.524957+00:00","tweet-2026979475230228678","Pagod na pagod na ako gusto ko na makita si Jongdae! Huhuhu https://t.co/CnOAxZAV1x","51","0","0","0"
"Thu Feb 26 11:15:34 +0000 2026","2026-02-26T23:29:52.524957+00:00","tweet-2026979446465712238","sama nanaman ng pakiramdam ko dahil sa sipon na to","2","0","0","0"
"Thu Feb 26 11:14:57 +0000 2026","2026-02-26T23:29:52.524957+00:00","tweet-2026979293897924952","gusto ko na lang mag drop out pagod na pagod na ko","4","0","0","0"
"Thu Feb 26 11:07:10 +0000 2026","2026-02-26T23:29:52.524957+00:00","tweet-2026977334667174005","ang na ‘to aksholi 😭 di mawalawala sakit ng likod at panghihina ng tuhod ko 😭😭","6","0","1","0"
"Thu Feb 26 11:06:08 +0000 2026","2026-02-26T23:29:52.524957+00:00","tweet-2026977072716169647","1st parade buntag 2nd parade street dance parade kaya pagod na pagod ako","6","0","0","0"
"Thu Feb 26 11:06:04 +0000 2026","2026-02-26T23:29:56.832162+00:00","tweet-2026977057088086505","SOBRANG GANDA NUNG AWKP EP PARA SYANG PANAGINIP PAG MAY LAGNAT HAHAHAA

Kidding aside, sobrang thankful ako sa AWKP talaga direk @tonetjadaone salamat sa pag invite sa esbi! Napakita nila sa casuals kung paano ba talaga sila at yung mga pinaglalaban Nila. Thank you din sa kind words, LOUDER!!

How I wish masama 100% sa official upload kasi it’s important!! Pero understandable din naman kung magiging heavily edited. 

Basta salamat po!! Labyu esbi, so proud of you!!

#SB19xAWKP","10832","113","7","377"
"Thu Feb 26 11:02:47 +0000 2026","2026-02-26T23:29:56.832162+00:00","tweet-2026976231615520931","Pagod na pagod katawan ko today",,"0","0","0"
"Thu Feb 26 11:00:22 +0000 2026","2026-02-26T23:29:56.832162+00:00","tweet-2026975624171344344","ako lang ba ang pagod na pagod sa week na ‘to","13","0","1","0"
"Thu Feb 26 10:51:30 +0000 2026","2026-02-26T23:29:56.832162+00:00","tweet-2026973390423355801","IUWI NIYO NA AKO PAGOD NA PAGOD NA AKO","43","0","0","0"
"Thu Feb 26 10:45:15 +0000 2026","2026-02-26T23:29:56.832162+00:00","tweet-2026971818431848762","kita nyo na ba bagong penshoppe poster ng bini sa recto station???? ANG GANDAAA!! sobrang refreshing lang. kapag pagod na pagod ka na sa maynila, parang sinasabihan ka nila ng ""ingat!"" sa pag-uwi mo ng probinsya.

thank you, @PENSHOPPE !","57","1","0","1"
"Thu Feb 26 10:43:48 +0000 2026","2026-02-26T23:29:56.832162+00:00","tweet-2026971452873019470","lagnat part 2 hahahagaha","5","0","0","0"
"Thu Feb 26 10:29:02 +0000 2026","2026-02-26T23:29:56.832162+00:00","tweet-2026967737197887590","Ako, masama pakiramdam ko, kasi nga may sore throat parin ako, and sinusumpong sumpong ng lagnat. Hindi din ako nakatulog mg maayos kasi pawis na pWis ako sa init. Namatay yung aircon","12","0","0","0"
"Thu Feb 26 10:25:47 +0000 2026","2026-02-26T23:29:56.832162+00:00","tweet-2026966919035928945","me na pagod na pagod na sa life 🥹 tinchuuu my loves! 😭 https://t.co/AvwtW05fdF","55","0","0","4"
"Thu Feb 26 10:22:35 +0000 2026","2026-02-26T23:29:56.832162+00:00","tweet-2026966114149020072","Cheol jusko pagod na pagod na ko magpanic dito 😭

BOSS SCOUPS RETURNS TO MFW
#SCOUPS 
#SCOUPSxBOSSFW26
#BeYourOwnBOSS
#MilanFashionWeek @pledis_17","30","0","0","0"
"Thu Feb 26 10:21:51 +0000 2026","2026-02-26T23:29:56.832162+00:00","tweet-2026965930757202098","Jusko ang Bella pagod na pagod na naman kakasweep sa likod ang lala!!!","1315","2","0","33"
"Thu Feb 26 10:18:29 +0000 2026","2026-02-26T23:29:56.832162+00:00","tweet-2026965082446655933","Pagod na pagod na akong magprovidee","8","0","0","0"
"Thu Feb 26 10:14:58 +0000 2026","2026-02-26T23:29:56.832162+00:00","tweet-2026964199218511950","hinawaaan na naman ako ng sipon KAJINEZ","3","0","0","0"
"Thu Feb 26 10:14:51 +0000 2026","2026-02-26T23:29:56.832162+00:00","tweet-2026964168172359746","d na aq natutuwa, pagod na pagod na aq","10","0","0","0"
"Thu Feb 26 10:14:25 +0000 2026","2026-02-26T23:29:56.832162+00:00","tweet-2026964060168986914","hindi nakaka-slay tong sipon na to 🥲","4","0","0","0"
"Thu Feb 26 10:09:08 +0000 2026","2026-02-26T23:29:56.832162+00:00","tweet-2026962728007684270","hahahahha pagod na pagod na ako","2","0","0","0"
"Thu Feb 26 10:09:06 +0000 2026","2026-02-26T23:29:56.832162+00:00","tweet-2026962720395055327","lagnat nanaman woho ubay","31","0","0","0"
"Thu Feb 26 10:04:36 +0000 2026","2026-02-26T23:29:56.832162+00:00","tweet-2026961589262483729","Pabalik balik yong lagnat🤦🏻‍♀️","24","0","0","0"
"Thu Feb 26 10:04:13 +0000 2026","2026-02-26T23:29:56.832162+00:00","tweet-2026961493632446773","NAWALA LAGNAT NI BADENG 😭😭😭","68","0","0","1"
"Thu Feb 26 09:50:54 +0000 2026","2026-02-26T23:29:56.832162+00:00","tweet-2026958141070647336","sa totoo lang pagod na pagod ako ngayon araw pero isang selfie mo lang kaya ko na ulit lumaban. AY WOW??? https://t.co/M0n2FJHfJR","10","0","0","0"
"Thu Feb 26 09:48:41 +0000 2026","2026-02-26T23:29:56.832162+00:00","tweet-2026957581676409308","Hinahayaan lo lang na ganun ganunin nya ako. 

Alam nyang masama pakiramdam ko, may sore throat ako and pasumpong sumpong yung lagnat ko, kaya need ko na 24hrs nag iinom ng gamot para hindi ako lagnatin.","13","0","0","0"
"Thu Feb 26 09:48:02 +0000 2026","2026-02-26T23:29:58.769678+00:00","tweet-2026957418299801690","uwing-uwi na ako tapos maaalala ko need ko pala mag-impake, awa nalang pagod na pagod na ako https://t.co/RzTpLYHbnv","20","0","0","0"
"Thu Feb 26 09:37:39 +0000 2026","2026-02-26T23:29:58.769678+00:00","tweet-2026954805495960020","been cleaning since  yesterday😭😭 pagod na pagod na pagod na akoooooo https://t.co/Jkz5F2YUk9","38","0","0","0"
"Thu Feb 26 09:35:41 +0000 2026","2026-02-26T23:29:58.769678+00:00","tweet-2026954310404424185","Ngayon lang ako tinagalan ng sipon, 1 week na ngayon. 😰","17","0","0","0"
"Thu Feb 26 09:33:39 +0000 2026","2026-02-26T23:29:58.769678+00:00","tweet-2026953799584391556","pagod na pagod katawang lupa ko","128","0","1","0"
"Thu Feb 26 08:25:31 +0000 2026","2026-02-26T23:29:58.769678+00:00","tweet-2026936651549913409","@littleliviebel Oo parehas lang sila magaling pero walang appeal kaya umabot ng 13-14 years na walang lead roles puros extra o second lang pero kahit mag hagulgul na labas sipon,at umatikabong sigawan, wala pa din pumapansin 😭

Kaya thank you pbb 😁

Thank you @Klarissedguzman 

@willashley05","4476","0","0","1"
"Thu Feb 26 08:23:38 +0000 2026","2026-02-26T23:29:58.769678+00:00","tweet-2026936180487630883","pagod na pagod na ako sa lahat","6","0","0","0"
"Thu Feb 26 08:04:06 +0000 2026","2026-02-26T23:29:58.769678+00:00","tweet-2026931264692097130","Get well soon Wilbert .
Alam ko na sagot sa lagnat mo.
Kiss ni Bea sa pisngi 🤭😍 https://t.co/gQ4GAbgq8e","2061","14","0","104"
"Thu Feb 26 08:03:18 +0000 2026","2026-02-26T23:29:58.769678+00:00","tweet-2026931061448651008","But ""delulu"" aside, they’ve been my peace since I saw that waist-grab TikTok.

Napuyat man ako kakanuod, pero in those moments na pagod na pagod na ako sa lahat, somehow, Anton and Carmelle make things feel lighter.

Hindi naman nila alam, pero they became my little escape.","741","2","1","52"
"Thu Feb 26 07:50:35 +0000 2026","2026-02-26T23:29:58.769678+00:00","tweet-2026927863837110306","pinagod mo ko kuya,, kala ko laro laro lang, bat mo ko tinuruan mag smash😭 sucket 2loy braso ko shet, pero thanks kasi naging better ako sa pag badminton😊 ramdam ko na pananakit ng katawan ko bukas🥲","4","0","0","0"
"Thu Feb 26 07:48:02 +0000 2026","2026-02-26T23:29:58.769678+00:00","tweet-2026927220103766283","@lancebreliever babe nasa luis listen na ang parents natin, biglang nawala lagnat ko ha","33","0","0","0"
"Thu Feb 26 07:46:13 +0000 2026","2026-02-26T23:29:58.769678+00:00","tweet-2026926764833050911","kabanasan ay sipong-sipon buset","11","0","0","0"
"Thu Feb 26 07:34:12 +0000 2026","2026-02-26T23:29:58.769678+00:00","tweet-2026923740995670483","Tangina lagnat yarn",,"0","0","0"
"Thu Feb 26 07:28:12 +0000 2026","2026-02-26T23:29:58.769678+00:00","tweet-2026922229834080618","@lalisacutieeee Nagising din agad ako kanina, pinilit ko lang ulit matulog at baka tumaas ulit lagnat ko HAHAHA","10","0","1","0"
"Thu Feb 26 07:02:42 +0000 2026","2026-02-26T23:29:58.769678+00:00","tweet-2026915810242081141","pagod na pagod na ako atecco","7","0","0","0"
"Thu Feb 26 06:57:17 +0000 2026","2026-02-26T23:29:58.769678+00:00","tweet-2026914450226426131","May sinat pa, pero sayang naman aral if hindi papasok. Hopefully, makasagot naman ng ayos later. https://t.co/DirNkUpMQr","9","0","0","0"
"Thu Feb 26 06:49:49 +0000 2026","2026-02-26T23:29:58.769678+00:00","tweet-2026912569286660565","Bakit kasi pinapansin niyo pa yang mga may sipon ang utak! Obvious naman na gumagawa lang sila ng issue na ikakasira ng mains. Better ignore and block!","70","0","0","0"
"Thu Feb 26 06:42:58 +0000 2026","2026-02-26T23:29:58.769678+00:00","tweet-2026910847046754718","Nag paplan lang ako kumuha ng medcert for sat since di approve yung leave tas biglang masama narin pakiramdam ko shuta jk lang naman hinay hinay baka nag aapoy ako sa lagnat sa sabado nyan ywa 😭😭😭","24","0","0","0"
"Thu Feb 26 06:36:18 +0000 2026","2026-02-26T23:29:58.769678+00:00","tweet-2026909168393924803","nag-chocolate pa tlaga ako. awa na lang sana hindi lumala sipon hahaha","23","0","1","0"
"Thu Feb 26 06:31:07 +0000 2026","2026-02-26T23:29:58.769678+00:00","tweet-2026907862270881953","Wala bang pwedeng umintindi saken na pagod na ako? Pagod na pagod na ako. Mula paggising hanggang pag tulog, paulit ulit na routine. Hindi lang tulog ang kailangan ko. Di ko na alam","2","0","0","0"
"Thu Feb 26 06:28:56 +0000 2026","2026-02-26T23:29:58.769678+00:00","tweet-2026907314339611080","THANK U LAWRD TAPOS NA CORPORATE SHOOT!!! PAGOD NA PAGOD NA PAGOD NA AKO","35","0","0","1"
"Thu Feb 26 06:20:14 +0000 2026","2026-02-26T23:30:01.023949+00:00","tweet-2026905124501946475","@lelton_ofc Pagod na pagod na si yosh sayo HAHAHAHAHAHAHA","97","0","0","0"
"Thu Feb 26 06:04:10 +0000 2026","2026-02-26T23:30:01.023949+00:00","tweet-2026901081046004108","pagod na pagod napo ako!!!!","9","0","0","0"
"Thu Feb 26 05:52:35 +0000 2026","2026-02-26T23:30:01.023949+00:00","tweet-2026898166004822206","4 cases sa OR kapalit ay ubo at lagnat, aray q talaga😔","1","0","0","0"
"Thu Feb 26 05:42:11 +0000 2026","2026-02-26T23:30:01.023949+00:00","tweet-2026895548461223974","Nilalagnat ako ngayon pero shutaaaaaaaa yung kilig ko parang hindi na kinaya ng lagnat ko HAHAHHAHA! We want moreeeeeeeeeee!!!

#CarTon
#CartonSaShowTime","242","0","1","4"
"Thu Feb 26 05:41:38 +0000 2026","2026-02-26T23:30:01.023949+00:00","tweet-2026895411521400865","pagod na pagod nako jusko","109","0","0","0"
"Thu Feb 26 05:31:32 +0000 2026","2026-02-26T23:30:01.023949+00:00","tweet-2026892871031517637","sobrang slay talaga ng sipon ko","13","0","0","0"
"Thu Feb 26 05:13:39 +0000 2026","2026-02-26T23:30:01.023949+00:00","tweet-2026888369456951324","kadiri talaga panlasa pag may lagnat 😭😭😭😭","10","0","0","0"
"Thu Feb 26 05:05:38 +0000 2026","2026-02-26T23:30:01.023949+00:00","tweet-2026886349631140050","papasok na masakit ang katawan @Sevisevirina😆😆 https://t.co/cynoruuxJ5","57","0","0","1"
"Thu Feb 26 04:55:36 +0000 2026","2026-02-26T23:30:01.023949+00:00","tweet-2026883826174370093","ayorn ubo,sipon,lagnat","16","0","0","0"
"Thu Feb 26 04:52:41 +0000 2026","2026-02-26T23:30:01.023949+00:00","tweet-2026883090497368367","I want a longggg back hug. Yung yayakapin ako. Feeling ko pagod na pagod ako. Basta gusto ko ng yakap.","5","0","0","0"
"Thu Feb 26 04:44:40 +0000 2026","2026-02-26T23:30:01.023949+00:00","tweet-2026881074949927395","Nawa'y lagnat lang talaga. Cos the way Angel worded how they dedicated their game for Shevana it felt like it was more than that. Plss yung traumaa ko:((","391","0","0","0"
"Thu Feb 26 04:44:24 +0000 2026","2026-02-26T23:30:01.023949+00:00","tweet-2026881008130511209","Ari atang sipon ko ay hanggang 2027 na. 🥴","3","0","0","0"
"Thu Feb 26 04:44:24 +0000 2026","2026-02-26T23:30:01.023949+00:00","tweet-2026881006922555543","nakapikit na lang po siya ngayon kasi po yung sipon niya lumalabas na rin po sa mata niya and nangangayayat na rin po siya. :((","116","0","0","0"
"Thu Feb 26 04:38:19 +0000 2026","2026-02-26T23:30:01.023949+00:00","tweet-2026879474692927728","hello ofifi @SB19Official, sana next time kung pedeng wala ng pre-sale para isang araw nalang yung kaba, pagsusuka, pagtatae, pagpapalpitate at panghihina ng tuhod 🥹 kung pwede lang naman","57","0","0","0"
"Thu Feb 26 04:37:45 +0000 2026","2026-02-26T23:30:01.023949+00:00","tweet-2026879333017755875","yeah not my day plus sumabay pa tong lagnat 😩","1","0","0","0"
"Thu Feb 26 04:36:54 +0000 2026","2026-02-26T23:30:01.023949+00:00","tweet-2026879119573893126","@tuansenshi_ hahaha ganyan naman talaga sya? automatic na yan, ganyan din yung may sinat si Iris biglang chineck kung mainit ba 😂

ang saya daming material ng Cael-Iris pang imagination 😆","13","0","1","1"
"Thu Feb 26 04:31:07 +0000 2026","2026-02-26T23:30:01.023949+00:00","tweet-2026877663022072044","pagod na pagod nako","1","0","0","0"
"Thu Feb 26 04:30:49 +0000 2026","2026-02-26T23:30:01.023949+00:00","tweet-2026877590112448925","as a kpop stan, oo besh danas na danas

tas sa loob ng unang araw parang pagod na pagod ka kapag di ka nakasecure agad :( hugs

kaya dapat 2 days lang e, grabe sa 3 days tas on a weekday pa na para bang walang pasok sa iskul at work","93","1","0","2"
"Thu Feb 26 04:29:01 +0000 2026","2026-02-26T23:30:01.023949+00:00","tweet-2026877136292954522","grabe naman panghihina kapag walang coffee😭","61","0","0","0"
"Thu Feb 26 04:23:35 +0000 2026","2026-02-26T23:30:01.023949+00:00","tweet-2026875769675542709","@exgangleader Feel ko pagod na pagod na si Direk kakasagot satin ng ""Hindi at Walang Extension"" 🤣","31","0","0","0"
"Thu Feb 26 04:17:02 +0000 2026","2026-02-26T23:30:03.077165+00:00","tweet-2026874120340910456","Since birth na ata tong sipon na to eh","7","0","0","0"
"Thu Feb 26 04:04:14 +0000 2026","2026-02-26T23:30:03.077165+00:00","tweet-2026870901359390940","parang sabay nagkkeep-up yung lagnat ko at task ko 🤣","2","0","0","0"
"Thu Feb 26 03:51:25 +0000 2026","2026-02-26T23:30:03.077165+00:00","tweet-2026867674056372251","Feeling ko mawawala talaga sipon ko pag natapos na 100 na lahat to 😩 https://t.co/RkjCQlBmS9","88","0","1","1"
"Thu Feb 26 03:48:31 +0000 2026","2026-02-26T23:30:03.077165+00:00","tweet-2026866943245037674","i’m so back (kahit na pagod na pagod ako sa work)","47","0","0","0"
"Thu Feb 26 03:44:25 +0000 2026","2026-02-26T23:30:03.077165+00:00","tweet-2026865914008973369","pagod na pagod na ko makisama, mag adjust and be that bigger person.","80","0","0","0"
"Thu Feb 26 03:33:14 +0000 2026","2026-02-26T23:30:03.077165+00:00","tweet-2026863098720825628","pagod na pagod na si phuwin kaka kanta ng To You sa akin dito","30","0","0","0"
"Thu Feb 26 03:26:30 +0000 2026","2026-02-26T23:30:03.077165+00:00","tweet-2026861402733031663","少し回したらアモアイ出たわ
あと少し回したら天井になるぐらい😢","65","0","0","0"
"Thu Feb 26 03:10:41 +0000 2026","2026-02-26T23:30:03.077165+00:00","tweet-2026857421164224579","Paubos na tissue ko, yung sipon ko hindi pa rin 😵","8","0","0","0"
"Thu Feb 26 03:10:05 +0000 2026","2026-02-26T23:30:03.077165+00:00","tweet-2026857273281360235","Teka ba't parang palala nang palala yung maga? Anong nangyari sa lagnat lang dapat tsaka sipon na sakit?? Di siya nakakabarbie.","10","0","0","0"
"Thu Feb 26 03:10:01 +0000 2026","2026-02-26T23:30:03.077165+00:00","tweet-2026857253865926912","hahahaha pagod na pagod na kami 🥲","27","0","0","0"
"Thu Feb 26 02:26:39 +0000 2026","2026-02-26T23:30:03.077165+00:00","tweet-2026846341788492193","Sobrang pagod na pagod ako, walang pahinga simula pa last week tournament at panay maintenance activities pa. Deserved ko talaga tong 3 days rest day.","14","0","0","0"
"Thu Feb 26 02:22:53 +0000 2026","2026-02-26T23:30:03.077165+00:00","tweet-2026845394102276335","Bat every exam inuubo at sipon ako huhuhu","49","0","0","3"
"Thu Feb 26 01:52:27 +0000 2026","2026-02-26T23:30:03.077165+00:00","tweet-2026837736641151054","baka lalo tumaas lagnat niyan @itswilbertross okay kapa ba??? hahaha","12","0","0","0"
"Thu Feb 26 01:51:45 +0000 2026","2026-02-26T23:30:03.077165+00:00","tweet-2026837558513344993","Bakit feeling ko hindi simpleng lagnat yung kay Shev. 🤷🏻‍♀️ I hope I’m wrong. 

Hoping to see her on Sunday against Ateneo💚🏹","34","0","0","0"
"Thu Feb 26 01:40:06 +0000 2026","2026-02-26T23:30:03.077165+00:00","tweet-2026834627760214041","lord pls let me survive this day,

Quiz sa p6 (self study kasi wla nung tinuro tatlong topic pa yon)
Quiz and UT sa cal (medj engot mag simplify)
+ Masama pakiramdam (lagnat, sakit ng ulo, sakit lalamunan, sipon)

🥰🥰🥰","3","0","0","0"
"Thu Feb 26 01:34:00 +0000 2026","2026-02-26T23:30:03.077165+00:00","tweet-2026833092888113171","may ubo’t sipon na malamig pa rin iniinom 😅","29","0","0","0"
"Thu Feb 26 01:22:09 +0000 2026","2026-02-26T23:30:03.077165+00:00","tweet-2026830110305972462","@jesusfalcis Hala siya. Galing pa talaga sayo? Jesus lang pangalan mo pero ang demonyo ng pagmumukha mo. Di kapa sinasapian pero ying mukha niyo po parang pagod na pagod na sa pagihing ikaw.","5","0","0","0"
"Thu Feb 26 01:14:03 +0000 2026","2026-02-26T23:30:03.077165+00:00","tweet-2026828069407961133","taenang ubo at sipon to dina ako nilubayan eh","20","0","0","0"
"Thu Feb 26 01:12:27 +0000 2026","2026-02-26T23:30:03.077165+00:00","tweet-2026827667472003552","@andreamarizzz pagod na pagod yan sha","5","0","1","0"
"Thu Feb 26 00:42:28 +0000 2026","2026-02-26T23:30:03.077165+00:00","tweet-2026820123244507410","Pasensya at masakit ang katawan hahahaha https://t.co/0YbXQ3XKa6","16","0","0","0"
"Thu Feb 26 00:40:21 +0000 2026","2026-02-26T23:30:04.998422+00:00","tweet-2026819590379216977","Sipon sa mga alaga ko ubo sakin grabe na to","17","0","0","0"
"Thu Feb 26 00:35:51 +0000 2026","2026-02-26T23:30:04.998422+00:00","tweet-2026818457497645296","O sipon layuan mo ako😭
Ang sakit na ng katawan ko at ilong ulo balikat bewang

Ui dating sexbomb char pero huhu masakit talga 😭","103","0","0","2"
"Wed Feb 25 23:53:22 +0000 2026","2026-02-26T23:30:04.998422+00:00","tweet-2026807765486997588","@istaenniereal @malous_clues oo te, kulang pa nga dapat with lupasay effect with matching tulo ng sipon para sumaya sila","44","0","1","1"
"Wed Feb 25 23:52:52 +0000 2026","2026-02-26T23:30:04.998422+00:00","tweet-2026807642891628838","rineresbakan niya si via na may lagnat pero inuga ni kino ng malala","11","0","0","0"
"Wed Feb 25 23:40:56 +0000 2026","2026-02-26T23:30:04.998422+00:00","tweet-2026804635655430230","Doc ****** after hugging me and greeting me  good morning be like

Doc: bat parang pagod na pagod ka 
Me: e sakin lahat ng post op na naka drip lahat 
Doc: “sleep kana, good night”
then nag hug ulit Hahahaah 
Doc: regards pala kay Lance Carr ha nakita ko IG post mo 😅😅😂","37","0","0","0"
"Wed Feb 25 23:39:01 +0000 2026","2026-02-26T23:30:04.998422+00:00","tweet-2026804154476408917","Tangina kagabi lang ang hina ng katawan ko. Ang taas ng lagnat pucha tas ngayon otw ulit sa office😂 parang wlang nangyari!!! Sayang 8 hours pota","1","0","0","0"
"Wed Feb 25 22:48:56 +0000 2026","2026-02-26T23:30:04.998422+00:00","tweet-2026791549871468731","exam szn + sipon + period = 😭🥹😤🤯","3","0","0","0"
"Wed Feb 25 22:48:10 +0000 2026","2026-02-26T23:30:04.998422+00:00","tweet-2026791358049169923","they tallied all the presentations we did, and I had the highest number of presentations. wth?! kaya pala pagod na pagod din ako. halos palaging may presentation, kung di presentation, alay naman at cover. hay.","5","0","1","0"
"Wed Feb 25 22:46:24 +0000 2026","2026-02-26T23:30:04.998422+00:00","tweet-2026790913578774592","Akala ko may lagnat ?? 😆","33","1","0","1"
"Wed Feb 25 22:34:18 +0000 2026","2026-02-26T23:30:04.998422+00:00","tweet-2026787869977940257","nagsabay p tlg sila (no need to worry abt this lagnat lang yan kay baby kari) (i'm too soft for this 😞) 

also the last panel reached like 80 bookmarks and ?! gulat nmn ak, i hope yall are enjoying this 🥹 see u ! 

https://t.co/HgVkf2FevE","267","0","0","9"
"Wed Feb 25 22:26:16 +0000 2026","2026-02-26T23:30:04.998422+00:00","tweet-2026785845286670819","walamg katpusang sipon","9","0","0","0"
"Wed Feb 25 22:08:23 +0000 2026","2026-02-26T23:30:04.998422+00:00","tweet-2026781346715283507","Pagod na pagod!","4","0","0","0"
"Wed Feb 25 22:08:18 +0000 2026","2026-02-26T23:30:04.998422+00:00","tweet-2026781325248827735","Yung Sipon ko naman","3","0","0","0"
"Wed Feb 25 21:54:06 +0000 2026","2026-02-26T23:30:04.998422+00:00","tweet-2026777750984601905","pasok nang nay lagnat","15","0","0","0"
"Wed Feb 25 21:22:41 +0000 2026","2026-02-26T23:30:04.998422+00:00","tweet-2026769844977414490","Anong oras na nakauwi akay kagabi . Pagod na pagod siguro yon.","9","0","0","0"
"Wed Feb 25 21:09:59 +0000 2026","2026-02-26T23:30:04.998422+00:00","tweet-2026766650255749472","pagod na pagod na ko gago","6","0","0","0"
"Wed Feb 25 20:59:12 +0000 2026","2026-02-26T23:30:04.998422+00:00","tweet-2026763937845490022","@iamkairi5 @MaryRose435002 May mga sipon sa utak ang mambabash sa kanila","27","0","1","0"
"Wed Feb 25 20:09:51 +0000 2026","2026-02-26T23:30:04.998422+00:00","tweet-2026751518876352589","@tcnckclnsmaek Pagod na pagod na syang may nag mamanipulate sa kanya hahahaha","318","0","0","0"
"Wed Feb 25 20:05:43 +0000 2026","2026-02-26T23:30:04.998422+00:00","tweet-2026750477736751576","pagod na pagod nako","1","0","0","0"
"Wed Feb 25 19:34:28 +0000 2026","2026-02-26T23:30:04.998422+00:00","tweet-2026742610350714973","letsi pagod na pagod na ako","34","0","1","0"
"Wed Feb 25 19:14:06 +0000 2026","2026-02-26T23:30:08.271122+00:00","tweet-2026737488103092416","@acmain_ Gusto ko may hagulgul na iyak yung may sipon  na lalabas para 10 over 10 ang irarate ko 🤣🤣🤣🤣","122","0","0","0"
"Wed Feb 25 18:53:12 +0000 2026","2026-02-26T23:30:08.271122+00:00","tweet-2026732225581166950","Ay teh daserv ko mag steak and wine after prod potek patatapusin ko lang tong ubo’t sipon ko","25","0","0","0"
"Wed Feb 25 18:41:35 +0000 2026","2026-02-26T23:30:08.271122+00:00","tweet-2026729303363449170","ay letcheng sipon naman 😠","18","0","0","0"
"Wed Feb 25 18:19:13 +0000 2026","2026-02-26T23:30:08.271122+00:00","tweet-2026723674104234263","@ligayaayagil Kaya pala pagod na pagod na tayo nak. We never signed up for this 😭","23","0","1","1"
"Wed Feb 25 18:18:11 +0000 2026","2026-02-26T23:30:08.271122+00:00","tweet-2026723413247893779","nyover sa lagnat, tulog na ako ulit ❤️","75","0","1","0"
"Wed Feb 25 18:17:52 +0000 2026","2026-02-26T23:30:08.271122+00:00","tweet-2026723334830915810","Yung ubo ko pangmalakasan. Ubo sipon at parang magkaka fever pero ayaw ko mag absent kasi naka absent na ako last month. Pag nag stage 1 monitoring ako di ako makapag bank shift. Sayang pera 🥲","60","0","1","0"
"Wed Feb 25 18:15:27 +0000 2026","2026-02-26T23:30:08.271122+00:00","tweet-2026722727013527703","Natatawa at naa-amaze na lang talaga kami tuwing binabalikan namin yung college journey namin. Bwahaha. Paano ba naman, isang course lang kinuha namin pero parang naka ilang propesyon na kami 😭

Kabisado na namin list. Kaya pala pagod na pagod na kami bago pa maka graduate bwahahaha 😭","132","0","3","3"
"Wed Feb 25 18:06:03 +0000 2026","2026-02-26T23:30:08.271122+00:00","tweet-2026720363623883186","ako lang ba? yung lahing nasilip dito sa x para lang malaman kung may update kay wilbert? kung ok na ba sya? mataas pa din ba lagnat n'ya? 
get well soon dawd","15","0","0","0"
"Wed Feb 25 18:05:20 +0000 2026","2026-02-26T23:30:08.271122+00:00","tweet-2026720180278300832","Dama ko mawawala na lagnat nung isa jan para makabakod na ulet eh https://t.co/6ahcfwPnkv","2547","14","0","196"
"Wed Feb 25 18:01:08 +0000 2026","2026-02-26T23:30:08.271122+00:00","tweet-2026719123032735972","haba ng tulog ko halatang pagod na pagod buong 4 na araw na walang pasok eh","17","0","0","0"
"Wed Feb 25 17:57:14 +0000 2026","2026-02-26T23:30:08.271122+00:00","tweet-2026718140986425453","Wala na tumaas na lalo yung lagnat 🤣🤣😭😭","48","0","0","0"
"Wed Feb 25 17:26:23 +0000 2026","2026-02-26T23:30:08.271122+00:00","tweet-2026710377929769046","grabeng sipon to walang awa","6","0","0","0"
"Wed Feb 25 17:21:30 +0000 2026","2026-02-26T23:30:08.271122+00:00","tweet-2026709151368491206","to papasok nang exam nang walanh tulog kahit may lagnat😅","15","0","0","0"
"Wed Feb 25 17:18:39 +0000 2026","2026-02-26T23:30:08.271122+00:00","tweet-2026708431617310850","lagot ka pres pag lalo tumaas lagnat niyan pati blood pressure naku nakuuu HAHAHAHAHA","173","0","0","3"
"Wed Feb 25 17:02:21 +0000 2026","2026-02-26T23:30:08.271122+00:00","tweet-2026704329433035008","Potek lagi nalang kada linggo may lagnat ako",,"0","1","0"
"Wed Feb 25 16:53:19 +0000 2026","2026-02-26T23:30:08.271122+00:00","tweet-2026702055730196758","tangina pagod na pagod ako today, send k pic ng biceps mo pls","46","0","0","0"
"Wed Feb 25 16:48:04 +0000 2026","2026-02-26T23:30:08.271122+00:00","tweet-2026700737024327735","miss q na mag drawing ayoko na mag aral pagod na pagod na q guys😃","200","0","0","0"
"Wed Feb 25 16:37:37 +0000 2026","2026-02-26T23:30:08.271122+00:00","tweet-2026698107958997356","PAGOD NA PAGOD NA AKOOOO","16","0","0","1"
"Wed Feb 25 16:26:19 +0000 2026","2026-02-26T23:30:08.271122+00:00","tweet-2026695262874526111","ANO, ANO RAW??? PARANG TUMATAAS LAGNAT KO AHHAHAHAHA KAYA NAMAN PALA HAYOK MANG ABALA KAGABIII.🤣

*unahan ko na, usa yan nag s send labas ako dyan hahaha cringe na makita pangalan n'ya, ako pa yung tinatabla mo nyan ah HAHAHAHAHAHAHAHA https://t.co/1SNTL06q9h","39","0","1","0"
"Wed Feb 25 16:25:21 +0000 2026","2026-02-26T23:30:08.271122+00:00","tweet-2026695017801363688","@SilverFox_035 may sipon seguro talaga utak nyan hahaha","174","0","1","0"
"Wed Feb 25 16:09:24 +0000 2026","2026-02-26T23:30:12.753704+00:00","tweet-2026691007228817874","Similarities namin ni Wilbert

- taga mindanao
- bisaya
- birth month
- knows how to play a guitar
- may lagnat ngayon
- mahal si bea
- HANGGANG PARINIG LANG https://t.co/v6hXWKTlLx","338","1","2","24"
"Wed Feb 25 16:09:00 +0000 2026","2026-02-26T23:30:12.753704+00:00","tweet-2026690903000363422","PAGOD NA PAGOD NA AKO","1","0","0","0"
"Wed Feb 25 16:01:30 +0000 2026","2026-02-26T23:30:12.753704+00:00","tweet-2026689017505599972","antok na antok at pagod na pagod n k pero need ko pa maligo before mahiga sa kama ko SANA GETS NIYO STRUGGLE KO","61","0","0","0"
"Wed Feb 25 15:51:23 +0000 2026","2026-02-26T23:30:12.753704+00:00","tweet-2026686471009350089","Eto na naman ako sa sitwasyong nahihirapan huminga haha","5","0","0","0"
"Wed Feb 25 15:42:58 +0000 2026","2026-02-26T23:30:12.753704+00:00","tweet-2026684351845642296","outline defense: super taas na lagnat
final defense: tba ????","33","0","0","0"
"Wed Feb 25 15:40:30 +0000 2026","2026-02-26T23:30:12.753704+00:00","tweet-2026683730820215155","Pagod na pagod","1","0","0","0"
"Wed Feb 25 15:38:48 +0000 2026","2026-02-26T23:30:12.753704+00:00","tweet-2026683303395549429","PAGOD NA PAGOD NA PAGOD NA SYA SA STARFISH KISS  HAHAHAHAHA😭😭😭","35","0","0","0"
"Wed Feb 25 15:31:36 +0000 2026","2026-02-26T23:30:12.753704+00:00","tweet-2026681491267174712","what if mag new york ako kasi pagod na pagod na talaga q puta","95","0","1","0"
"Wed Feb 25 15:23:03 +0000 2026","2026-02-26T23:30:12.753704+00:00","tweet-2026679339744698534","ANG APAT NA MAHAHALAGANG BRILYANTE SA ENCAN TWITTER..

❤️ BRILYANTE NG LAGNAT APOY
💙 BRILYANTE NG TIGDAS HANGIN
💚 BRILYANTE NG BULUTONG TUBIG
🤎 BRILYANTE NG KUTONG LUPA

#SanggreTraydor","4702","1","1","12"
"Wed Feb 25 15:21:30 +0000 2026","2026-02-26T23:30:12.753704+00:00","tweet-2026678950286790986","Matic tanggal ang lagnat ni @itswilbertross kaka scroll dito, daming ayuda ni mowm eh!

WILBEA PIÑASaya LOVESHOW
 #GSOTInRobinsonsLasPiñas","105","0","0","0"
"Wed Feb 25 15:20:47 +0000 2026","2026-02-26T23:30:12.753704+00:00","tweet-2026678771923956053","ahahahahahaha pagod na pagod na pagod na ako !","20","0","0","0"
"Wed Feb 25 15:18:51 +0000 2026","2026-02-26T23:30:12.753704+00:00","tweet-2026678284034126037","pagod na pagod na buong pagkato ko bes","14","0","0","0"
"Wed Feb 25 15:18:18 +0000 2026","2026-02-26T23:30:12.753704+00:00","tweet-2026678144498127078","@arizonaskhi Pagod na pagod nako sayong bata ka🫵🏼👊🏼","38","0","0","0"
"Wed Feb 25 15:11:01 +0000 2026","2026-02-26T23:30:12.753704+00:00","tweet-2026676312384114923","@wilbertrosss Sana di tumaas ung lagnat. 😅","117","0","0","1"
"Wed Feb 25 15:05:36 +0000 2026","2026-02-26T23:30:12.753704+00:00","tweet-2026674948031610908","please pagod na pagod na ko sa pcos","45","0","0","0"
"Wed Feb 25 15:04:24 +0000 2026","2026-02-26T23:30:12.753704+00:00","tweet-2026674646968578060","Wag nyo hayaang makita ni Wilbert to ngayon. Jusko baka lalong Lovenatin. Hahahahaha. Tataas lalo lagnat nyan sa kiliggg 😩😂😭","68","0","0","2"
"Wed Feb 25 14:58:11 +0000 2026","2026-02-26T23:30:12.753704+00:00","tweet-2026673083281715417","@cal_reggie @smninews kaya nga ayaw namin maupo si BANGAG eh noon pa man, pagod na pagod kami kasisigaw non, puro kayo panglalait, tapos gusto nyo makiisa kami sa inyo ngayon. 

EDI PABAGSAKIN NYO.
KUNG AYAW MO SA MAGNANAKAW BAKIT NAMIMILI KA LANG NG GUSTONG PATALSIKIN? BAKIT MAY INIIIWAS KAYO?","4","0","0","0"
"Wed Feb 25 14:52:42 +0000 2026","2026-02-26T23:30:12.753704+00:00","tweet-2026671702256886168","pagod na pagod na ko magcensor ng mga pangalan jusmiyo
 #cck_tsohee","7","0","0","0"
"Wed Feb 25 14:51:14 +0000 2026","2026-02-26T23:30:12.753704+00:00","tweet-2026671334181449954","i wanna cryyy 😭 saktong tanong ni jungwon tas ako na pagod na pagod ngayon sa compre 😭 pls lang nakakaiyak na siyaaa ayaw ko na 😭😭","16","0","0","0"
"Wed Feb 25 14:50:28 +0000 2026","2026-02-26T23:30:12.753704+00:00","tweet-2026671142736707675","lumala na lagnat ko tangina pano na magbabasa yan anlabo","32","0","0","0"
"Wed Feb 25 14:47:57 +0000 2026","2026-02-26T23:30:14.340656+00:00","tweet-2026670509233156478","@w1ofbea ayy atee yung ""ugang uga"" pala is pagod na pagod pero para rin siyang hilong hilo","102","0","0","1"
"Wed Feb 25 14:42:42 +0000 2026","2026-02-26T23:30:14.340656+00:00","tweet-2026669187163402473","tangina bibili lang raw ng gamot ano na be!? tataas na naman lagnat ng bata wala parin ung gamot","8","0","0","0"
"Wed Feb 25 14:27:07 +0000 2026","2026-02-26T23:30:14.340656+00:00","tweet-2026665265996681707","Pano kaya kiligin ang may lagnat na wilbert? HAHAHA","65","0","0","3"
"Wed Feb 25 14:24:25 +0000 2026","2026-02-26T23:30:14.340656+00:00","tweet-2026664584116064315","Though deleted na ang post pero sobrang nakaka worry din talaga, I hope Shevy is fine and sana lagnat lang talaga. #UAAPSeason88","29854","2","2","262"
"Wed Feb 25 14:22:14 +0000 2026","2026-02-26T23:30:14.340656+00:00","tweet-2026664037917012312","@AltStarMagic @StarCreativesTV @ofc_iwant ilang takes kaya to? kawawa naman yung mga umiiyak for continuity. ubos yung luha haha! pagod na pagod sguro sila. tama yung observation padilim na.","257","0","0","1"
"Wed Feb 25 14:20:41 +0000 2026","2026-02-26T23:30:14.340656+00:00","tweet-2026663647670616092","joke lang ayaw ko na pala ng sipon. hirap huminga.","6","0","0","0"
"Wed Feb 25 14:18:52 +0000 2026","2026-02-26T23:30:14.340656+00:00","tweet-2026663190453772503","AMBILIS NG YOBMOT NEYSHUN ETO NA GAMOT KO SA LAGNAT","603","0","0","10"
"Wed Feb 25 14:13:04 +0000 2026","2026-02-26T23:30:14.340656+00:00","tweet-2026661728541618563","@ViataminsniKino mahihimatay na tapos na ang lowkey phase pagod na pagod na kasi si NIKi","20","0","0","1"
"Wed Feb 25 14:09:12 +0000 2026","2026-02-26T23:30:14.340656+00:00","tweet-2026660758243913743","Grabeng sipon yan. 🥲","9","0","0","0"
"Wed Feb 25 14:01:49 +0000 2026","2026-02-26T23:30:14.340656+00:00","tweet-2026658899580104971","ang unfair nyo naman? o sige kayo naman. pagod na pagod na ako.","416","0","0","7"
"Wed Feb 25 13:57:23 +0000 2026","2026-02-26T23:30:14.340656+00:00","tweet-2026657782469111860","shuta wala bang trabaho na 3x a week lang pero ganon din bayad pagod na pagod na ako kinginang buhay to gigising na naman ako 5am bukas PUTAAAAAA","68","0","0","2"
"Wed Feb 25 13:56:25 +0000 2026","2026-02-26T23:30:14.340656+00:00","tweet-2026657540180947456","pagod na pagod na pagod","3","0","0","0"
"Wed Feb 25 13:50:35 +0000 2026","2026-02-26T23:30:14.340656+00:00","tweet-2026656070173864039","Pagod na pagod na.","3","0","0","0"
"Wed Feb 25 13:48:11 +0000 2026","2026-02-26T23:30:14.340656+00:00","tweet-2026655467699843455","🫵🏻 kung sakit/lagnat nga ‘to, sagarin mo na","15","0","0","0"
"Wed Feb 25 13:43:15 +0000 2026","2026-02-26T23:30:14.340656+00:00","tweet-2026654226873745433","Pagod na pagod na 🥹 https://t.co/6m6AMCfdNE","875","2","1","64"
"Wed Feb 25 13:43:02 +0000 2026","2026-02-26T23:30:14.340656+00:00","tweet-2026654171257254246","ubos na savings mo, pagod na pagod ka pa","14","0","0","0"
"Wed Feb 25 13:37:50 +0000 2026","2026-02-26T23:30:14.340656+00:00","tweet-2026652861007036850","trangkaso na sya. lagnat, sipon, ubo, pananakit ng katawan AND MOST ESPECIALLY— likod ko! so pray for me 🥲","144","0","0","0"
"Wed Feb 25 13:27:12 +0000 2026","2026-02-26T23:30:14.340656+00:00","tweet-2026650184743346624","ano kaya trip nito sa tuwing pagod na pagod ako sumasabay pa","5","0","0","0"
"Wed Feb 25 13:26:04 +0000 2026","2026-02-26T23:30:14.340656+00:00","tweet-2026649900193296458","(bawat type ko dine tumutulo na yung luha't sipon ko😭)","5","0","0","0"
"Wed Feb 25 13:24:38 +0000 2026","2026-02-26T23:30:14.340656+00:00","tweet-2026649540733055211","ano tawag sa 7 na may lagnat .. edi six seven hahahahha tangina daming problema sa papers namin 💔🔥","13","0","0","0"
"Wed Feb 25 13:14:49 +0000 2026","2026-02-26T23:30:18.125388+00:00","tweet-2026647070229278766","Keia to me: lagyan din kita ng ganyan sa ulo tutal may lagnat ka","234","0","0","2"
"Wed Feb 25 13:13:26 +0000 2026","2026-02-26T23:30:18.125388+00:00","tweet-2026646723435884590","Beh @dustinyuu galingan mo naka like unang scene mo agad mag walling ka na yun standards nila in terms of acting eh kaya kahit out of character dapat umiiyak ka na mamaya with uhog at sipon. Strict pa naman panel of judges natin.","3362","11","0","125"
"Wed Feb 25 13:10:53 +0000 2026","2026-02-26T23:30:18.125388+00:00","tweet-2026646082307137785","saka talaga magdedecide mag-rearrange ng bahay nanay mo kapag pagod na pagod ka e","11","0","0","0"
"Wed Feb 25 13:05:26 +0000 2026","2026-02-26T23:30:18.125388+00:00","tweet-2026644707288428759","@exgangleader Ay.. si Pompom po ba ang may lagnat? 😁🫣","1070","0","1","2"
"Wed Feb 25 13:01:08 +0000 2026","2026-02-26T23:30:18.125388+00:00","tweet-2026643624772173853","isang linggo pa lang ako sa ojt
 pagod na pagod na agad ako e AHHAHAHAHA","12","0","0","0"
"Wed Feb 25 12:58:06 +0000 2026","2026-02-26T23:30:18.125388+00:00","tweet-2026642863191478377","Pagod na pagod na pagod na pagod nako mag trabaho","3","0","0","0"
"Wed Feb 25 12:55:46 +0000 2026","2026-02-26T23:30:18.125388+00:00","tweet-2026642274512417010","PAGOD NA PAGOD NA LAGOD NA PAGOD NA PAGOD","2","0","0","0"
"Wed Feb 25 12:54:24 +0000 2026","2026-02-26T23:30:18.125388+00:00","tweet-2026641930466287728","@eyaaaanggggggg @itswilbertross Walang lagnat lagnat kay bossing","37","0","0","2"
"Wed Feb 25 12:50:13 +0000 2026","2026-02-26T23:30:18.125388+00:00","tweet-2026640878845178052","Kapag pagod na pagod na ako.
These lines I can always relate as someone who used to do it and tell that special person anything that bothers me.","59","0","0","0"
"Wed Feb 25 12:50:04 +0000 2026","2026-02-26T23:30:18.125388+00:00","tweet-2026640840333128050","yey may sinat ako😂 namis ko yung ganitong pakiramdam. HAHAHAHA buang","2","0","0","0"
"Wed Feb 25 12:31:24 +0000 2026","2026-02-26T23:30:18.125388+00:00","tweet-2026636143354404973","""dubai chewy cookie or ilocos empanada?"" ewan pero nakakapagod na kasi, heizen. pagod na pagod na 'ko. kahit gustong-gusto … — TANGINA NAMAN https://t.co/LFIduvhMt1 https://t.co/24nZwUqN2I","206","0","1","2"
"Wed Feb 25 12:25:53 +0000 2026","2026-02-26T23:30:18.125388+00:00","tweet-2026634756465529219","Ain’t no way I slept from 6 till 4 in the morning and slept again at 5 and woke up at 6, pagod na pagod yarn?","18","0","0","0"
"Wed Feb 25 12:20:19 +0000 2026","2026-02-26T23:30:18.125388+00:00","tweet-2026633355836686717","Pagod na pagod na pagod na pagod na ako","4","0","0","0"
"Wed Feb 25 12:13:53 +0000 2026","2026-02-26T23:30:18.125388+00:00","tweet-2026631734503358845","pagod na pagod na kong mapagod sa course na hindi ko naman gusto","8","0","1","0"
"Wed Feb 25 12:11:33 +0000 2026","2026-02-26T23:30:18.125388+00:00","tweet-2026631149368525045","tangina lord pagod na pagod na po ako kailan mo ba ako kukunin??! HAHAHAHAHAHAHATFSHHAHA","4","0","0","0"
"Wed Feb 25 12:11:02 +0000 2026","2026-02-26T23:30:18.125388+00:00","tweet-2026631020142109137","When is the right time to have lagnat? 
Rn, IM CRAVING IT RN. IM CRAVING NA MAGKALAGNAT","7","0","0","0"
"Wed Feb 25 12:07:51 +0000 2026","2026-02-26T23:30:18.125388+00:00","tweet-2026630218690253185","lagnat pa","3","0","0","0"
"Wed Feb 25 12:07:24 +0000 2026","2026-02-26T23:30:18.125388+00:00","tweet-2026630103661453335","Mula ngayon malaya ka na
Magagawa mo na ang lahat ng gusto mo
Kahit masaktan man ang puso ko
Tama na huwag na ako habulin pa

Dahil pagod na pagod na akong masaktan sayo
Tapusin na natin to malaya ka na https://t.co/nCjIkR9Pt6","1801","8","1","73"
"Wed Feb 25 12:04:36 +0000 2026","2026-02-26T23:30:18.125388+00:00","tweet-2026629398053658787","im so tired sobrang pagod na pagod na","19","0","0","0"
"Wed Feb 25 12:04:24 +0000 2026","2026-02-26T23:30:18.125388+00:00","tweet-2026629348372144355","Pagod na pagod ako sa work today tapos ito sila. This made my day 😂😂","43","0","0","1"
"Wed Feb 25 12:03:22 +0000 2026","2026-02-26T23:30:20.282402+00:00","tweet-2026629090112045149","If you want to ""save"" someone from shippers, you should try to save 🌟 from 🦊 first. Minsan naaawa na rin talaga ako kay 🌟. Pagod na pagod na sya kay 🦊. Puro sya ship.","5344","8","2","188"
"Wed Feb 25 12:03:11 +0000 2026","2026-02-26T23:30:20.282402+00:00","tweet-2026629044863910012","pagod na pagod na pagod na ko magcommute!!!!!","5","0","0","0"
"Wed Feb 25 12:02:21 +0000 2026","2026-02-26T23:30:20.282402+00:00","tweet-2026628832837644467","Pagod na pagod ung feeling ko","1","0","0","0"
"Wed Feb 25 11:51:05 +0000 2026","2026-02-26T23:30:20.282402+00:00","tweet-2026625997731414306","Pagod na pagod na pagod na pagod na this February 😞💔","9","0","0","0"
"Wed Feb 25 11:41:08 +0000 2026","2026-02-26T23:30:20.282402+00:00","tweet-2026623494335901959","pagod na pagod","6","0","0","0"
"Wed Feb 25 11:38:45 +0000 2026","2026-02-26T23:30:20.282402+00:00","tweet-2026622894646899182","mas mataas pa 'yung lagnat ko kesa sa grades ko","77","0","4","0"
"Wed Feb 25 11:36:48 +0000 2026","2026-02-26T23:30:20.282402+00:00","tweet-2026622403225465186","baka biglang bumaba lagnat mo boss ha @itswilbertross","65","0","0","2"
"Wed Feb 25 11:27:38 +0000 2026","2026-02-26T23:30:20.282402+00:00","tweet-2026620097448821134","Maski team bahay nayanig nung kinuha ni Bey yung sintra board ni Wilbert eh!! Waaaaa bossing nabawasan lagnat mo no?","140","1","1","7"
"Wed Feb 25 11:27:35 +0000 2026","2026-02-26T23:30:20.282402+00:00","tweet-2026620083389501753","Lala ng ubo tsaka sipon😢","11","0","0","0"
"Wed Feb 25 11:21:00 +0000 2026","2026-02-26T23:30:20.282402+00:00","tweet-2026618425917997114","Pagod na pagod eabab","3","0","0","0"
"Wed Feb 25 11:16:13 +0000 2026","2026-02-26T23:30:20.282402+00:00","tweet-2026617221775241403","@Archers_23 Lagnat laki lang daw po.","1723","0","0","0"
"Wed Feb 25 11:07:37 +0000 2026","2026-02-26T23:30:20.282402+00:00","tweet-2026615061045981285","pagod na pagod na talaga ako","4","0","0","0"
"Wed Feb 25 10:58:39 +0000 2026","2026-02-26T23:30:20.282402+00:00","tweet-2026612804921507997","nagpapagaling sa lagnat ngayon only to bust a lung sa in your fantasy manila sa mga susunod na linggo 🥰🥰🥰🥰🥰🥰 https://t.co/XrTgFU9npg","37","0","0","0"
"Wed Feb 25 10:54:19 +0000 2026","2026-02-26T23:30:20.282402+00:00","tweet-2026611713366483214","pagod na pagod na akong intindihin ka putangina ka","6","0","0","0"
"Wed Feb 25 10:49:13 +0000 2026","2026-02-26T23:30:20.282402+00:00","tweet-2026610428865102098","tinatarantado talaga ako nitong lagnat ko","7","0","0","0"
"Wed Feb 25 10:49:04 +0000 2026","2026-02-26T23:30:20.282402+00:00","tweet-2026610392928334035","pagod na pagod na ako Lord:((((","2","0","0","0"
"Wed Feb 25 10:44:44 +0000 2026","2026-02-26T23:30:20.282402+00:00","tweet-2026609302644121774","Pagod na pagod na kooo aaaaaaaaaaa","2","0","0","0"
"Wed Feb 25 10:44:40 +0000 2026","2026-02-26T23:30:20.282402+00:00","tweet-2026609282553352315","HOY SURE BANG LAGNAT LANG ANG REASON WHY WALA SI SHEV? BA'T KASI GANON ANG MESSAGE NI ANGEL KAY SHEV 😭😭😭😭😭😭😭😭😭😭😭😭

#UAAPSeason88","1217","0","0","5"
"Wed Feb 25 10:39:24 +0000 2026","2026-02-26T23:30:20.282402+00:00","tweet-2026607959422415087","pagod na pagod na ako na laging ako na lang yung umiintindi","7","0","0","0"
"Wed Feb 25 10:39:23 +0000 2026","2026-02-26T23:30:20.282402+00:00","tweet-2026607955958026373","si eshana pa rin POG ko, good ball distribution nhak! tsaka pagod na pagod kakahabol na bola ang naka 😭 #UAAPSeason88","751","0","0","2"
"Wed Feb 25 10:36:47 +0000 2026","2026-02-26T23:30:24.300115+00:00","tweet-2026607301118013879","pagod na pagod","14","0","0","0"
"Wed Feb 25 10:14:36 +0000 2026","2026-02-26T23:30:24.300115+00:00","tweet-2026601715299135561","@kartonlego Pero may chance parin naman sya maging MVP noh? Sobrang sayang nga yung stays, but at least lagnat and not an injury","132","0","1","0"
"Wed Feb 25 10:13:10 +0000 2026","2026-02-26T23:30:24.300115+00:00","tweet-2026601354890981441","@user001231998 May lagnat-laki daw po","146","0","0","2"
"Wed Feb 25 10:11:02 +0000 2026","2026-02-26T23:30:24.300115+00:00","tweet-2026600817873269159","Ganyan ako pag may sipon beh","173","0","0","0"
"Wed Feb 25 09:49:37 +0000 2026","2026-02-26T23:30:24.300115+00:00","tweet-2026595432101708273","kaninang umaga pa ’ko nasusuka tapos nilalamig kahit sobrang tirik ng araw. may sinat pa na 37.8 🥹 hindi pa tapos meetings ko today — may 2 org meetings pa after this. katawan ko pls behave awa nalang","78","0","0","0"
"Wed Feb 25 09:42:13 +0000 2026","2026-02-26T23:30:24.300115+00:00","tweet-2026593567704228342","May lagnat lang si Shev. Wag naman OA ang iba jan 😭","42","0","0","0"
"Wed Feb 25 09:36:20 +0000 2026","2026-02-26T23:30:24.300115+00:00","tweet-2026592087152668971","ako rin willing aq tanggapin yang lagnat mo shev huhu","59","0","0","0"
"Wed Feb 25 09:36:02 +0000 2026","2026-02-26T23:30:24.300115+00:00","tweet-2026592012124950651","@LSLadySpikers May lagnat daw","22","0","1","0"
"Wed Feb 25 09:31:22 +0000 2026","2026-02-26T23:30:24.300115+00:00","tweet-2026590836415410440","time na maglock in review for prelims kahit pagod na pagod na ko sa sem na toh na wala pa sa kalahati 😵‍💫 https://t.co/V5PdD5nXIv","15","0","0","0"
"Wed Feb 25 09:24:57 +0000 2026","2026-02-26T23:30:24.300115+00:00","tweet-2026589224221409349","pagod na pagod na ako : (","1","0","0","0"
"Wed Feb 25 09:21:42 +0000 2026","2026-02-26T23:30:24.300115+00:00","tweet-2026588404264443977","I Believe, si Mama Bear naman ang mag check mamaya if mataas paba lagnat ni Dawd.

WILBEA PIÑASaya LOVESHOW

#GSOTInRobinsonsLasPinas https://t.co/F8JUYxKGaI","96","0","0","2"
"Wed Feb 25 09:21:17 +0000 2026","2026-02-26T23:30:24.300115+00:00","tweet-2026588300006535368","@rensnce @lumot_thingz Lagnat po","1987","0","0","0"
"Wed Feb 25 09:16:24 +0000 2026","2026-02-26T23:30:24.300115+00:00","tweet-2026587069657788455","Sana lagnat lang yung kay Shevana kase hindi naman na specify from the CSR? JUSKO TRAUMA NA AKO NUNG SEASON REDACTED. AND I PRAY MAKAKABALIK NA SI SHEVANA SA SUNDAY🥹🙏🏻","25294","12","6","339"
"Wed Feb 25 09:14:56 +0000 2026","2026-02-26T23:30:24.300115+00:00","tweet-2026586701846737315","lagnat laki lang un mga mhie.","15","0","0","0"
"Wed Feb 25 09:14:48 +0000 2026","2026-02-26T23:30:24.300115+00:00","tweet-2026586669848420455","@archerxlurker may lagnat ata teh","146","0","0","2"
"Wed Feb 25 09:13:27 +0000 2026","2026-02-26T23:30:24.300115+00:00","tweet-2026586326326456756","@animocanino may lagnat daw☹️☹️☹️ alam namang iyakin ako sa mga ganito potaaaaaa","34","0","0","0"
"Wed Feb 25 09:13:04 +0000 2026","2026-02-26T23:30:24.300115+00:00","tweet-2026586232944472508","uso nanaman kasi lagnat shuta ako rin eh nilalagnat ngayon buti nalang off sa work ahdhhwhs","13","0","0","0"
"Wed Feb 25 09:13:03 +0000 2026","2026-02-26T23:30:24.300115+00:00","tweet-2026586229123469579","Lagnat-laki na para bang 5'4 ka lang? Pagaling ka KAP 💚","216","0","0","1"
"Wed Feb 25 09:07:42 +0000 2026","2026-02-26T23:30:24.300115+00:00","tweet-2026584879379656810","kaninang madaling araw feel ko talaga magkakasakit ako tapos biglang nawala juskolord bakit naman hindi mo na lang tinuloy yung lagnat sa akin kesa mabalitaan ko may sakit si shev","237","0","0","3"
"Wed Feb 25 09:07:03 +0000 2026","2026-02-26T23:30:24.300115+00:00","tweet-2026584718247084265","may lagnat si shev??? #UAAPSeason88","338","0","0","0"
"Wed Feb 25 09:04:57 +0000 2026","2026-02-26T23:30:26.142370+00:00","tweet-2026584188108021998","Symptoms nung nasa school: masakit ulo and almost nasusuka
Symptoms sa bahay: Boogsh lahat na lagnat, pagsusuka, tas nahihilo parin","7","0","1","0"
"Wed Feb 25 09:03:35 +0000 2026","2026-02-26T23:30:26.142370+00:00","tweet-2026583845819265162","wala ako lagnat pero bigla akong uminit nung wala nalaman wala si TC SHEV ....","89","0","0","0"
"Wed Feb 25 09:02:34 +0000 2026","2026-02-26T23:30:26.142370+00:00","tweet-2026583588549046764","@RusselSimonRox2 lagnat","5207","0","0","16"
"Wed Feb 25 09:02:05 +0000 2026","2026-02-26T23:30:26.142370+00:00","tweet-2026583466821955857","jusko poooo sino nagbigay ng lagnat kay Shev ipapabarang koOOOAAAHHHH kfjashdfjka nakakaloka hahahahaha dito na talaga malalaman ang kababawan ng bench","4567","0","1","31"
"Wed Feb 25 09:01:28 +0000 2026","2026-02-26T23:30:26.142370+00:00","tweet-2026583311108522085","@tj_canino Waitt I need someone to confirm this, pero by “under the weather” parang trangkaso or lagnat lang yun right and hindi injury???","5820","0","2","7"
"Wed Feb 25 09:01:06 +0000 2026","2026-02-26T23:30:26.142370+00:00","tweet-2026583220259872780","@Yamyam2020x HAHAUAHHA may sipon daw si kuya 😭 

BBS KRYSTAL
BBS CAPRICE
BBS CAPKRYS","861","0","0","0"
"Wed Feb 25 09:01:02 +0000 2026","2026-02-26T23:30:26.142370+00:00","tweet-2026583204724121745","MAY LAGNAT-LAKI LANG SI SHEV, KALMA KAYA NILA 'TO. PAGALING KA, KAP! 😘","43102","68","5","729"
"Wed Feb 25 09:00:14 +0000 2026","2026-02-26T23:30:26.142370+00:00","tweet-2026583001841414188","@ia_lyx May lagnat daw ata nyeta","1090","0","0","0"
"Wed Feb 25 08:59:54 +0000 2026","2026-02-26T23:30:26.142370+00:00","tweet-2026582918450049153","Kapag pagod na pagod na ako

Survey Says BRESNYR",,"0","1","0"
"Wed Feb 25 08:58:43 +0000 2026","2026-02-26T23:30:26.142370+00:00","tweet-2026582622374342706","may lagnat nga, get well soon , shevy! 🙏","19","0","0","0"
"Wed Feb 25 08:57:23 +0000 2026","2026-02-26T23:30:26.142370+00:00","tweet-2026582284535824840","@ariyuh_ lagnat ba? parang ayoko na lang manuod bigla akong nawalan ng gana:(","996","0","2","1"
"Wed Feb 25 08:49:02 +0000 2026","2026-02-26T23:30:26.142370+00:00","tweet-2026580184393257257","@ls12_angel @vsgyaki source? totoo baaaa? sana lagnat lag kinakabaha naman ako 😭","1841","0","1","0"
"Wed Feb 25 08:44:41 +0000 2026","2026-02-26T23:30:26.142370+00:00","tweet-2026579090791391687","@yukixchain either mcdo bff fries + sundae or potato corner + milktea po ❤️❤️❤️ sana mapili po kasi kagagaling ko sa sakit mga 1 month po ako may ubo, sipon at sore throat so di po talaga ako makakakain ng matamis 😭😭💔 and umabot ng 1k+ mga gamot na binili ko po 😢","19","0","0","0"
"Wed Feb 25 08:42:20 +0000 2026","2026-02-26T23:30:26.142370+00:00","tweet-2026578496504607079","kapag pagod na pagod na ako

Survey Says BRESNYR",,"0","1","0"
"Wed Feb 25 08:36:37 +0000 2026","2026-02-26T23:30:26.142370+00:00","tweet-2026577057686368440","Pwede ba mag saturday na? Pagod na pagod na ko gusto ko na lang makita silang Chen 🥹","8","0","0","0"
"Wed Feb 25 08:14:10 +0000 2026","2026-02-26T23:30:26.142370+00:00","tweet-2026571410387443739","pagod na pagod na pagod na pagod na pagod na pagoodddddd na ako","10","0","0","0"
"Wed Feb 25 08:13:54 +0000 2026","2026-02-26T23:30:26.142370+00:00","tweet-2026571341806329953","@HokageCPA30 @gmanetwork sana wag mong maranasan Ang mawalan ng pinaka mamahal mo sa Buhay ,,kung sakali mam baka Yung hagulhol mo malampasan mo Ang acting skills ni Will ,,baka Yung sau me Kasama pang sipon na papunta na sa bibig mo🤪,, bobong to!!!","6","0","0","0"
"Wed Feb 25 08:09:39 +0000 2026","2026-02-26T23:30:26.142370+00:00","tweet-2026570274083336247","""Eliza, kasali ka sa dance prod number tapos kakanta ka pa"" 

""Eliza, baka pwedeng turuan mo ng sayaw ang mga LL? Ot ka 1hr starting next week, 3x a week lang ang practice"" 

NA PARA BANG MAY TALENT FEE AKO DYAN 🫠 BAYARAN NIYO ANG ORAS KO KASE PAGOD NA PAGOD NA PO AKO LITERAL 😶","55","0","1","1"
"Wed Feb 25 08:07:55 +0000 2026","2026-02-26T23:30:26.142370+00:00","tweet-2026569837980561720","easyhan natin kay cassie today kasi pagod na pagod kakahabol ng bola yung atabs ko 😭","9639","34","0","255"
"Wed Feb 25 08:01:12 +0000 2026","2026-02-26T23:30:26.142370+00:00","tweet-2026568146321289510","Pagod na pagod katawang lupa ko tapos training na bukas for Data Processing 🤦‍♀️🤦‍♀️🤦‍♀️","3","0","0","0"
"Wed Feb 25 07:57:53 +0000 2026","2026-02-26T23:30:29.848281+00:00","tweet-2026567311545741597","jk lang yan ayoko na mag-aral pagod na pagod na ako HAHA gusto ko maging tindera na lang ako sa bookstore","11","0","0","0"
"Wed Feb 25 07:57:40 +0000 2026","2026-02-26T23:30:29.848281+00:00","tweet-2026567255065305515","Hahahahahhaha Ate niyo, pagod na pagod","444","0","0","0"
"Wed Feb 25 07:53:03 +0000 2026","2026-02-26T23:30:29.848281+00:00","tweet-2026566097168670788","🍷 Smagen af et sted: Podravje 🇸🇮

Sloveniens kølige vinregion i nordøst.
Friske, aromatiske hvidvine med nerve og mineralitet.
Riesling, Sauvignon Blanc, Pinot Gris og Šipon leverer citrus, grønne æbler og elegant syre.

📍 Du smager landskabet i glasset. https://t.co/rYO5tei6zM","9","1","0","2"
"Wed Feb 25 07:48:19 +0000 2026","2026-02-26T23:30:29.848281+00:00","tweet-2026564904862503376","pagkakaalala ko wala naman lagnat si arkin 

WILBEA PIÑASaya LOVESHOW
WILBEA PIÑASaya LOVESHOW
WILBEA PIÑASaya LOVESHOW

#GSOTInRobinsonsLasPiñas","240","3","1","0"
"Wed Feb 25 07:45:56 +0000 2026","2026-02-26T23:30:29.848281+00:00","tweet-2026564303248396333","Di kaya tumaas lagnat nung isa pag nag dear future husband ng wala siya

WILBEA PIÑASaya LOVESHOW
WILBEA PIÑASaya LOVESHOW

#GSOTInRobinsonsLasPiñas","369","1","0","6"
"Wed Feb 25 07:25:24 +0000 2026","2026-02-26T23:30:29.848281+00:00","tweet-2026559138613047415","pagod na pagod na ako bwiset na pagtarok tooo","9","0","0","0"
"Wed Feb 25 07:11:24 +0000 2026","2026-02-26T23:30:29.848281+00:00","tweet-2026555615557071011","@berlinsoriano_ @glzlbautista Lagnat laki? Lalaki ka na glei. 
Peace! 

KOKOY DE SANTOS
Jobert
#HouseOfLies
#HOLBreakingRules","13","0","1","0"
"Wed Feb 25 07:09:02 +0000 2026","2026-02-26T23:30:29.848281+00:00","tweet-2026555018565087446","@kawaiidona_s @glzlbautista Lagnat laki lang 'yan.

KOKOY DE SANTOS
Jobert
#HouseOfLies
#HOLBreakingRules","10","2","1","2"
"Wed Feb 25 07:06:04 +0000 2026","2026-02-26T23:30:29.848281+00:00","tweet-2026554270078873958","@glzlbautista Ay bakit?  May lagnat? 

KOKOY DE SANTOS
Jobert
#HouseOfLies
#HOLBreakingRules","7","1","1","1"
"Wed Feb 25 06:54:49 +0000 2026","2026-02-26T23:30:29.848281+00:00","tweet-2026551439758340151","Si Zey parang pagod na pagod dumepensa. Wala ka sa marathon te ano ba🫠","27","0","0","0"
"Wed Feb 25 06:35:17 +0000 2026","2026-02-26T23:30:29.848281+00:00","tweet-2026546524008718400","syempre ang mga time back binibigay agad sa mga sipsip pero hindi sa mga pagod na pagod 🙃","7","0","0","0"
"Wed Feb 25 06:30:51 +0000 2026","2026-02-26T23:30:29.848281+00:00","tweet-2026545407464227244","@capkrystala million lang ata te, may sipon siguro si kuya😭","672","0","1","4"
"Wed Feb 25 06:28:33 +0000 2026","2026-02-26T23:30:29.848281+00:00","tweet-2026544830764167487","@kawaiidona_s Bawal may ubo at sipon ako! Hehehehe

KOKOY DE SANTOS
Jobert
#HouseOfLies
#HOLBreakingRules","5","2","1","2"
"Wed Feb 25 06:25:37 +0000 2026","2026-02-26T23:30:29.848281+00:00","tweet-2026544093434937547","@W1LBEAR Baka tumaas lagnat nung isa 🫣","152","0","0","0"
"Wed Feb 25 06:24:48 +0000 2026","2026-02-26T23:30:29.848281+00:00","tweet-2026543887628833086","@cutiechayiee Ako nga rin may sipon at ubo ngayon.

KOKOY DE SANTOS
Jobert
#HouseOfLies
#HOLBreakingRules","1","0","0","0"
"Wed Feb 25 06:19:47 +0000 2026","2026-02-26T23:30:29.848281+00:00","tweet-2026542623822152043","@bautistadanielb pagod na pagod hnd na nga lumapat sa katawan nya ang bola😅😭","1264","0","0","2"
"Wed Feb 25 06:12:38 +0000 2026","2026-02-26T23:30:29.848281+00:00","tweet-2026540825782718530","@W1LBEAR Literal na magsusuper sayan talaga yung inaapoy nang lagnat😭😭","182","0","0","0"
"Wed Feb 25 06:03:31 +0000 2026","2026-02-26T23:30:29.848281+00:00","tweet-2026538529959063680","adjustment day pero may ubo at sipon. 😭 pinipilit kong wag ipahalata. sooo hirap","10","0","0","1"
"Wed Feb 25 06:01:41 +0000 2026","2026-02-26T23:30:29.848281+00:00","tweet-2026538070124933481","andami nangyari tuhday pagod na pagod na ako gudnyt kakayod na naman ang corpo gurlie na to mamaya hayszt","33","0","0","0"
"Wed Feb 25 06:00:46 +0000 2026","2026-02-26T23:30:29.848281+00:00","tweet-2026537836577698092","Ubo at sipon😷🤧","5","0","0","0"
"Wed Feb 25 05:57:54 +0000 2026","2026-02-26T23:30:33.761265+00:00","tweet-2026537115795030087","Wednesday pa lng??

Pagod na pagod naq 😅😅😅😅😅","11","0","0","0"
"Wed Feb 25 05:52:06 +0000 2026","2026-02-26T23:30:33.761265+00:00","tweet-2026535656147882380","please po, gusto ko rin ‘yung sinasabi ni maki na magsusumbong ako kasi pagod na pagod na ako jo","104","1","2","4"
"Wed Feb 25 05:41:19 +0000 2026","2026-02-26T23:30:33.761265+00:00","tweet-2026532944811368769","Mamayang hapon nalang ako pupunta ng pharmacy para makabili antibiotics. Isabay ko nalang din sa pagbili ng kalamansi. Pahamak na ubo at lagnat. Nakakainis. Apakasakit pa umubo. 😭","18","0","0","0"
"Wed Feb 25 05:39:14 +0000 2026","2026-02-26T23:30:33.761265+00:00","tweet-2026532418937930211","pagod na pagod na pagod na akk","16","0","0","0"
"Wed Feb 25 05:29:18 +0000 2026","2026-02-26T23:30:33.761265+00:00","tweet-2026529917316510137","e napuksa ng lagnat💀","35","0","0","0"
"Wed Feb 25 05:27:08 +0000 2026","2026-02-26T23:30:33.761265+00:00","tweet-2026529372535157202","hello sa mga manok na brown/fried chickens dyan or kahit anong manok kayo, pls tapusin na natin to ayoko na pagod na pagod na ako sawang sawa na ako nakakainis nakakairita, bye. charing pero bitaw tabangi mi guys bisan pila na amount lang para mahuman na 🥹🙏🏻

BBS ASHLEY","152","3","0","4"
"Wed Feb 25 05:19:40 +0000 2026","2026-02-26T23:30:33.761265+00:00","tweet-2026527496397885896","@Xsplook1 sana naman, pagod na pagod na kami sa mga pambabash kay ashley oh 😭","3162","0","0","1"
"Wed Feb 25 04:53:08 +0000 2026","2026-02-26T23:30:33.761265+00:00","tweet-2026520816289304863","Power nap pero 1 hr and 35 mins? Pagod na pagod yan siya dipaman tapos duty niya😭🤚🏻","171","0","1","0"
"Wed Feb 25 04:46:46 +0000 2026","2026-02-26T23:30:33.761265+00:00","tweet-2026519215512129625","tapos kahapon wish granted na may sipon na ako halos 1year rin nakapahinga sa sipon. HAHA at ngayon masakit ang lalamunan at ulo. Haruyyy kopo magpakabait na epeeeeeer🤣","13","0","0","0"
"Wed Feb 25 04:45:35 +0000 2026","2026-02-26T23:30:33.761265+00:00","tweet-2026518918232420781","@itswilbertross please never apologize for prioritizing your health!!! dat kahapon pa nag-announce knowing na pataas nang pataas yung lagnat mo. pagaling ka please and always take care of yourself po! 🫂🥹","390","0","0","1"
"Wed Feb 25 04:45:22 +0000 2026","2026-02-26T23:30:33.761265+00:00","tweet-2026518864910233645","Pagod na pagod na si Xielo sakanya 😭","109","1","0","1"
"Wed Feb 25 04:43:22 +0000 2026","2026-02-26T23:30:33.761265+00:00","tweet-2026518358737428984","minsan lang may kapareho kay wilbert, lagnat pa talaga🥲","84","0","0","4"
"Wed Feb 25 04:41:58 +0000 2026","2026-02-26T23:30:33.761265+00:00","tweet-2026518007061819729","pagod na pagod nako ilaban yung sarili ko","3","0","0","0"
"Wed Feb 25 04:41:30 +0000 2026","2026-02-26T23:30:33.761265+00:00","tweet-2026517890460180488","@didhzzkee Leche ka, may lagnat ako at magccatch up pa sa plaza at voting, wag mo kong sisimulan 😫😭😠🤬","289","0","0","0"
"Wed Feb 25 04:41:00 +0000 2026","2026-02-26T23:30:33.761265+00:00","tweet-2026517763414737230","TANGINA, AYOKO NA, PAGOD NA PAGOD NA ANG UTAK KO SA LETCHENG MGA PROBLEMA YAN","178","0","1","3"
"Wed Feb 25 04:35:55 +0000 2026","2026-02-26T23:30:33.761265+00:00","tweet-2026516483967455595","@Tingkiebear Waaahhhh 😭 kaya nga eh kita ko rin, kagabi pa mataas kasi lagnat, nag story siya sa tiktok so expected na hes not feeling well talaga, need niya proper rest talagaaaaa","92","0","0","0"
"Wed Feb 25 04:34:42 +0000 2026","2026-02-26T23:30:33.761265+00:00","tweet-2026516176642449719","@W1LBEAR KWNDJJWBSHA baka dumating bigla si Bert kahit may lagnat Ateeee HHAHAHAHA","463","0","0","3"
"Wed Feb 25 04:31:46 +0000 2026","2026-02-26T23:30:33.761265+00:00","tweet-2026515439854170376","@W1LBEAR Gagi HAHAHA baka lalo tumaas lagnat ng isa jan😭😭","811","1","1","23"
"Wed Feb 25 04:27:21 +0000 2026","2026-02-26T23:30:33.761265+00:00","tweet-2026514329441546742","@itswilbertross no need to be sorry, bert! we all understand, kahapon pa lang na-anticipate na naming baka di ka makapunta kasi mas tumaas pa lagnat mo. focus ka lang sa pagpapagaling dyan, your health should come first.","1636","0","0","15"
"Wed Feb 25 04:24:36 +0000 2026","2026-02-26T23:30:33.761265+00:00","tweet-2026513637859578262","@f20eu may sipon 😆","15","0","0","0"
"Wed Feb 25 04:15:06 +0000 2026","2026-02-26T23:30:35.745632+00:00","tweet-2026511244082164063","sipon layuan mo ako","5","0","0","0"
"Wed Feb 25 04:10:56 +0000 2026","2026-02-26T23:30:35.745632+00:00","tweet-2026510198257623527","@risahontiveros @bamaquino @kikopangilinan @piacayetano @IdolRaffyTulfo @SenImeeMarcos pagod na pagod na kame sa mga gurang na etez.. I think it's time na Kayo naman. Paki-imbestigahan po etong PNVF.","22","1","0","1"
"Wed Feb 25 04:08:54 +0000 2026","2026-02-26T23:30:35.745632+00:00","tweet-2026509686825169171","parang may lagnat nga ang mata ng dudu","43","0","0","0"
"Wed Feb 25 04:06:34 +0000 2026","2026-02-26T23:30:35.745632+00:00","tweet-2026509099685523643","May sipon pa rin 😭
Gusto ko mag halo halo 😅","10","0","0","0"
"Wed Feb 25 04:05:29 +0000 2026","2026-02-26T23:30:35.745632+00:00","tweet-2026508826225381385","may lagnat na yung tao, deadma lg sakanila🤣🤣🤣🤣🤣","3","0","0","0"
"Wed Feb 25 04:03:01 +0000 2026","2026-02-26T23:30:35.745632+00:00","tweet-2026508204121927762","SUPPORTIVE DAUGHTER AND FATHER MUNA KAMI NI DAWD DITO SA BAHAY KASE WE CAN’T GO DAD HAS A LAGNAT AND INAALAGAAN KO PO SIYA🥺 ( please be there for mowm po ingat po kayo dyan )","244","0","0","9"
"Wed Feb 25 03:59:24 +0000 2026","2026-02-26T23:30:35.745632+00:00","tweet-2026507295472103805","dinala sa real world ang lagnat ni larkin 💔 get well soon po @itswilbertross!","225","0","0","9"
"Wed Feb 25 03:59:17 +0000 2026","2026-02-26T23:30:35.745632+00:00","tweet-2026507266946642227","pagod na pagod kaka cover si teh 🤣🤣","135","0","0","0"
"Wed Feb 25 03:51:48 +0000 2026","2026-02-26T23:30:35.745632+00:00","tweet-2026505381250478211","Regular ka nga tapos lagi ka naman nagkaka-lagnat bago or during red days. Tf😩","10","0","0","0"
"Wed Feb 25 03:50:53 +0000 2026","2026-02-26T23:30:35.745632+00:00","tweet-2026505153847894342","@JDGatus @bautistadanielb Pagod na pagod hahahaha.","49","0","0","0"
"Wed Feb 25 03:44:56 +0000 2026","2026-02-26T23:30:35.745632+00:00","tweet-2026503652899496165","@MamaPiaya Ayusin nyo sarsuela nyo pagod na pagod na si Defensor na mag cast ng testigo. Hahaha","10","0","0","0"
"Wed Feb 25 03:35:04 +0000 2026","2026-02-26T23:30:35.745632+00:00","tweet-2026501173453480202","Sana bumaba na lagnat niya😭","13","0","0","0"
"Wed Feb 25 03:25:52 +0000 2026","2026-02-26T23:30:35.745632+00:00","tweet-2026498856985440702","THE TOM AND JERRY OF SHINEE, MINKEY! PERO NEVER BEATING THE OLD COUPLE AGENDA/RUMORS YAN SILA AT PAGOD NA PAGOD NA SI KIBUM HSHAHAHAHA","98","0","0","0"
"Wed Feb 25 03:23:04 +0000 2026","2026-02-26T23:30:35.745632+00:00","tweet-2026498151952318777","@JuicyFruityyy @juicyfruity_gg Anwar sipon","4","0","0","0"
"Wed Feb 25 03:09:12 +0000 2026","2026-02-26T23:30:35.745632+00:00","tweet-2026494661116965227","it’s so funny how everyone (wala naman) assumes i have a jowa just bc !! 

tapos ito ako, pagod na pagod na mag buhat ng convo gusto ko nalang ihagis sa muka niya yung phone!!","5","0","1","0"
"Wed Feb 25 02:59:22 +0000 2026","2026-02-26T23:30:35.745632+00:00","tweet-2026492187043836060","Pag gising sobrang taas ng lagnat😢","104","0","0","0"
"Wed Feb 25 02:47:45 +0000 2026","2026-02-26T23:30:35.745632+00:00","tweet-2026489261923746070","pabear la na po ikaw lagnat? 🥹","1148","1","0","25"
"Wed Feb 25 02:43:56 +0000 2026","2026-02-26T23:30:35.745632+00:00","tweet-2026488301310586996","Pagod na pagod ang gaga😭 final demo na next week tapos wala parin akong gana hayyssss buti nalamg may boyfriend ako HQHAHAHHQ less lugmok sa buhay ok skl bye","6","0","0","1"
"Wed Feb 25 02:43:03 +0000 2026","2026-02-26T23:30:35.745632+00:00","tweet-2026488080132378771","@Iiaisoned sa totoo lang, mes res. pagod na pagod na 'ko, HAHAHA.","25","0","1","0"
"Wed Feb 25 02:21:55 +0000 2026","2026-02-26T23:30:35.745632+00:00","tweet-2026482761998209442","Labas nyo si Pacinio, pagod na pagod mga kakampi, sya ang kalat.
#UAAPSeason88","108","0","0","0"
"Wed Feb 25 02:19:56 +0000 2026","2026-02-26T23:30:38.027233+00:00","tweet-2026482263941333206","iuwi niyo na ako, plz. pagod na pagod na aq rito,,,... 😭💔","4","0","0","0"
"Wed Feb 25 02:18:42 +0000 2026","2026-02-26T23:30:38.027233+00:00","tweet-2026481954477191438","Pagod na pagod na ko ust","10","0","0","0"
"Wed Feb 25 02:05:54 +0000 2026","2026-02-26T23:30:38.027233+00:00","tweet-2026478733931196861","a blood loss of approx 300mL today and an underweight post-HD weight..kaya pagod na pagod yung pakiramdam ko 😭😭","494","0","4","1"
"Wed Feb 25 02:02:22 +0000 2026","2026-02-26T23:30:38.027233+00:00","tweet-2026477841081315511","Ge sipon na sad","4","0","0","0"
"Wed Feb 25 02:00:49 +0000 2026","2026-02-26T23:30:38.027233+00:00","tweet-2026477453447950740","@jellybeansnisoy Sobra. Pagod na pagod","16","0","0","0"
"Wed Feb 25 01:57:55 +0000 2026","2026-02-26T23:30:38.027233+00:00","tweet-2026476720963072018","pahinga na ang may lagnat.. bawal magbasa whole body pero linis pa rin dapat linisin sa katawan para di mangamoy haha","19","0","0","0"
"Wed Feb 25 01:09:27 +0000 2026","2026-02-26T23:30:38.027233+00:00","tweet-2026464524250001621","pagod na pagod na ako :((","1","0","0","0"
"Wed Feb 25 01:05:35 +0000 2026","2026-02-26T23:30:38.027233+00:00","tweet-2026463554568937897","@yjwnsnie le is git, pagod na pagod kahapon eh","23","0","1","0"
"Wed Feb 25 01:03:47 +0000 2026","2026-02-26T23:30:38.027233+00:00","tweet-2026463100384514178","@MeCap86675 @retchilit19881 @tanashiliiii Mas may sipon ang utak ng delulung shipper..","7","0","0","0"
"Wed Feb 25 01:02:42 +0000 2026","2026-02-26T23:30:38.027233+00:00","tweet-2026462827838582865","wawa naman carter ko may sipon","46","0","0","0"
"Wed Feb 25 01:01:45 +0000 2026","2026-02-26T23:30:38.027233+00:00","tweet-2026462587827941812","pabear kumusta po lagnat nyo? Okay ka na po ba? @itswilbertross","112","0","0","1"
"Wed Feb 25 00:53:02 +0000 2026","2026-02-26T23:30:38.027233+00:00","tweet-2026460392445411661","@bautistadanielb Hahaha..pagod na pagod siya🤣","3440","0","0","8"
"Wed Feb 25 00:33:01 +0000 2026","2026-02-26T23:30:38.027233+00:00","tweet-2026455357334372787","Lord, I pray safe po palagi bunso namin lalo na sa everyday commute niya. Sana kumakain siya sa tamang oras araw-araw. Pagalingin nyu na po siya kung may ubo at sipon pa siya. Gabayan nyu po pag aaral niya. Amen 🙏🏻🥺","8","0","0","0"
"Wed Feb 25 00:22:54 +0000 2026","2026-02-26T23:30:38.027233+00:00","tweet-2026452812071350755","grabee, papasok ng masakit ang ulo, may sipon, may ubo, para lang jan sa major na yan","8","0","0","0"
"Wed Feb 25 00:21:50 +0000 2026","2026-02-26T23:30:38.027233+00:00","tweet-2026452542402736307","@cumdumptoplaner In heat or may lagnat?","8","0","0","0"
"Tue Feb 24 23:59:01 +0000 2026","2026-02-26T23:30:38.027233+00:00","tweet-2026446800727715965","Pagod na pagod na si rabin mag jumbo hotdog sa feed ko. Inislow-mo nyo pa talaga 😭😭","407","0","1","7"
"Tue Feb 24 23:54:39 +0000 2026","2026-02-26T23:30:38.027233+00:00","tweet-2026445701786517994","Ok sige tapos magkakasakit ka pag ikaw nagka sipon ewan ko sayo Momoring 😭","1707","0","0","3"
"Tue Feb 24 23:44:19 +0000 2026","2026-02-26T23:30:38.027233+00:00","tweet-2026443102496645502","Good morning, @itswilbertross 
Okay kana ba? Sana bumaba na lagnat mo.","288","0","1","8"
"Tue Feb 24 23:36:00 +0000 2026","2026-02-26T23:30:38.027233+00:00","tweet-2026441008544956842","@AldwinArie7192 @retchilit19881 @tanashiliiii May sipon utak mo hahahah pacheck up pagbmay time ito bente oh","12","0","1","0"
"Tue Feb 24 23:12:30 +0000 2026","2026-02-26T23:30:38.027233+00:00","tweet-2026435094442090842","Uyy! Kinikilig siya kahit may lagnat na.","3","0","0","0"
"Tue Feb 24 23:09:50 +0000 2026","2026-02-26T23:30:39.755113+00:00","tweet-2026434425349935225","Pagod na pagod si Soltones sa likod pero hindi siya nakakatouch ng bola. Nice floor defense Greta! 😆😆😆
#PVL2026
 https://t.co/y5RRz77jb6","526","0","0","2"
"Tue Feb 24 22:59:23 +0000 2026","2026-02-26T23:30:39.755113+00:00","tweet-2026431793151562073","tanginang sipon toh","37","0","0","0"
"Tue Feb 24 22:47:32 +0000 2026","2026-02-26T23:30:39.755113+00:00","tweet-2026428809566880243","Pagod na pagod","6","0","0","0"
"Tue Feb 24 22:39:27 +0000 2026","2026-02-26T23:30:39.755113+00:00","tweet-2026426779133685771","lagnat 😣😣","8","0","0","0"
"Tue Feb 24 22:16:26 +0000 2026","2026-02-26T23:30:39.755113+00:00","tweet-2026420984513966555","@RX931 #IparamdamMoNaMahalMoKo

Heart my ugly/wacky pics in my IG dump, don't just focus on my curated selfies. You should love me even in my pagod na pagod corporate version.🫩🤎

#TheMorningRush","19","0","0","0"
"Tue Feb 24 21:50:46 +0000 2026","2026-02-26T23:30:39.755113+00:00","tweet-2026414524430193147","Pagod na pagod na pagod na talaga ko. Ubos na ubos na talaga.","1","0","0","0"
"Tue Feb 24 21:37:37 +0000 2026","2026-02-26T23:30:39.755113+00:00","tweet-2026411217594757618","@bautistadanielb Soltones ganap na ganap ang pagiging best actress in an action movie! 😂 Pagod na pagod si anteh ng hindi nahahawakan ang bola. Parang bang sinasabi niya na:

""Tay, ako naman. ""

Cheezums.","1193","0","0","24"
"Tue Feb 24 21:33:56 +0000 2026","2026-02-26T23:30:39.755113+00:00","tweet-2026410289173086371","Pagod na pagod nakong ihandle ka😭💔 diko alm kung kaya ko paba gusto ko nang sumuko😭💔","2","0","0","0"
"Tue Feb 24 20:58:01 +0000 2026","2026-02-26T23:30:39.755113+00:00","tweet-2026401252590916079","Pagod na pagod ako shuta","166","0","1","0"
"Tue Feb 24 20:53:25 +0000 2026","2026-02-26T23:30:39.755113+00:00","tweet-2026400091310096769","pinyeta pagod na pagod ns ko pls pls good news lang this week oki na ako","18","0","0","0"
"Tue Feb 24 20:33:15 +0000 2026","2026-02-26T23:30:39.755113+00:00","tweet-2026395019821854845","Be pagod na pagod na ako parang gusto ko na lang sumuko chz","11","0","0","0"
"Tue Feb 24 20:31:14 +0000 2026","2026-02-26T23:30:39.755113+00:00","tweet-2026394508469088470","pagod na pagod na sa lahat","12","0","0","0"
"Tue Feb 24 19:39:44 +0000 2026","2026-02-26T23:30:39.755113+00:00","tweet-2026381550175322139","oh gosh this sipon will be the end of me","6","0","0","0"
"Tue Feb 24 18:45:31 +0000 2026","2026-02-26T23:30:39.755113+00:00","tweet-2026367907425563025","Tanginang sipon to di ako pinapatulog. Kung kelan midterms sa pharma letche","18","0","0","0"
"Tue Feb 24 18:41:26 +0000 2026","2026-02-26T23:30:39.755113+00:00","tweet-2026366877891711284","bakit ba nagiging dramatic kapag may lagnat😩😩😩","89","0","0","2"
"Tue Feb 24 18:30:33 +0000 2026","2026-02-26T23:30:39.755113+00:00","tweet-2026364139929575495","Pagod na pagod buong pagkatao ko today HAHAHAHAHAH
Andami ko inasikaso backoffice stuff sa work1 at bigla nlng nadagdagan responsability ko😭 ang chaotic ng topics ni jah sa cornhub dc, malalang walkathon and buhat naman sa 2nd job at tuluyan na naubos social battery ko.

Omw home na finally","120","0","0","0"
"Tue Feb 24 18:01:45 +0000 2026","2026-02-26T23:30:39.755113+00:00","tweet-2026356893472763998","grabe pagod na pagod katawang lupa ko","53","0","0","0"
"Tue Feb 24 17:33:04 +0000 2026","2026-02-26T23:30:39.755113+00:00","tweet-2026349673582309556","Tulo luha at sipon ko uyyy WillCa!!!! Grabe kayo napakahusay talaga ehhhh 😭😭😭😭
@willashley05  @biancadeveraa","502","4","0","12"
"Tue Feb 24 17:31:33 +0000 2026","2026-02-26T23:30:39.755113+00:00","tweet-2026349290126454931","PAGOD NA PAGOD NA PAGOD SA LAHAT NG PAGDUDUDA, NAKAKADRAIN. WALA AKONG IBANG MAGAWA KUNDI MANAHIMIK AT INTINDIHIN NALANG LAHAT.","10","0","0","0"
"Tue Feb 24 16:46:47 +0000 2026","2026-02-26T23:30:39.755113+00:00","tweet-2026338025849106482","Pagod na pagod na, anong ginawa ko para maranasan to? Wala naman akong ginawang masama para maramdaman lahat ng nararamdaman ko at lahat ng nangyayari sa akin. Eto na naman, tinatanong ng paulit ulit kung bakit. Wala akong tao na masasandalan.","4","0","0","0"
"Tue Feb 24 16:42:36 +0000 2026","2026-02-26T23:30:41.550916+00:00","tweet-2026336974072897852","Ung pagod na pagod ka dahil sa event sa work. Buti n lng nagpost si Steven and may paedit ni @lysanth_14 ung kinilig ka and nabawasan ang pagod. Thanks sa bohai mo @lysanth_14","777","0","2","13"
"Tue Feb 24 16:37:53 +0000 2026","2026-02-26T23:30:41.550916+00:00","tweet-2026335787844018385","fuck lagnat","48","0","0","0"
"Tue Feb 24 16:37:45 +0000 2026","2026-02-26T23:30:41.550916+00:00","tweet-2026335751164879334","@kumotbaluktot Sipon. Di nakapag equalize tenga ko. Hahaha ayun. Sa susunod kelangan uminom pala muna decongestant bago lumipad hahah","36","0","1","0"
"Tue Feb 24 16:33:16 +0000 2026","2026-02-26T23:30:41.550916+00:00","tweet-2026334622729265545","di ako makahinga tanginang sipon to","11","0","0","0"
"Tue Feb 24 16:23:19 +0000 2026","2026-02-26T23:30:41.550916+00:00","tweet-2026332119589679561","ang hirap mag toothbrush pag may sipon😭","6","0","0","0"
"Tue Feb 24 16:09:30 +0000 2026","2026-02-26T23:30:41.550916+00:00","tweet-2026328643333652643","TANGINANG lagnat kasi to","89","0","2","0"
"Tue Feb 24 16:08:37 +0000 2026","2026-02-26T23:30:41.550916+00:00","tweet-2026328419269775573","kaya pala pagod na pagod na sila 😭","69","0","0","0"
"Tue Feb 24 16:02:15 +0000 2026","2026-02-26T23:30:41.550916+00:00","tweet-2026326819948151210","@AlasPilipinasVB @pvlph I swearrr, mag kalat pa kayo at talagang mag pepetition kaming lahat ng Volleyball fans at kukuyugin talaga namen kayo papuntang Senado!!! PAGOD na PAGOD na kame mga pucha kayo 😤🤬","16","0","0","0"
"Tue Feb 24 15:52:56 +0000 2026","2026-02-26T23:30:41.550916+00:00","tweet-2026324471750238684","@xxxClangness Actually! Hahaha! Pero may ubo at sipon din talaga me 😅","113","0","0","0"
"Tue Feb 24 15:31:47 +0000 2026","2026-02-26T23:30:41.550916+00:00","tweet-2026319152491930067","Tamang tama sa atin ito Moytonatics. Alam kong pagod na pagod na pagod na tayo pero wag tayong sumuko.

Kaya yan ibenta lahat ng kayang ibenta. Isanla na ang dapat isanla lol.

BBS HEATH","455","2","0","13"
"Tue Feb 24 15:09:27 +0000 2026","2026-02-26T23:30:41.550916+00:00","tweet-2026313530136576138","boshit mani oie nag tawag raman unta ko pang rant kay liam while gainom og pocari pang recover sa lagnat ngano ipa relapse man ko?! pwede ipa sira ang gym diha #respectpost","18","0","0","0"
"Tue Feb 24 15:08:29 +0000 2026","2026-02-26T23:30:41.550916+00:00","tweet-2026313285541515278","grabe pagod na pagod 😵","18","0","0","1"
"Tue Feb 24 15:00:18 +0000 2026","2026-02-26T23:30:41.550916+00:00","tweet-2026311226251518203","@keharyapatihan Bolak balik solo yang paling berkesan cuma ayam mbah karto tembel sama nasi liwet 😌😌 kalo minumannya es dawet mbah sipon. Dah sisanya ga yg berkesan bgt meskipun banyak variasi","459","1","0","2"
"Tue Feb 24 14:51:27 +0000 2026","2026-02-26T23:30:41.550916+00:00","tweet-2026309000804123005","halu again sipon","3","0","0","0"
"Tue Feb 24 14:48:37 +0000 2026","2026-02-26T23:30:41.550916+00:00","tweet-2026308289995436088","Medj masakit ang ulo kooo guyyssss 💛 https://t.co/9fclRiaQXO","17","0","0","1"
"Tue Feb 24 14:46:13 +0000 2026","2026-02-26T23:30:41.550916+00:00","tweet-2026307684958679249","PAGOD NA PAGOD NAMAN PALA EH.. TAPOS HINHANAP NIYO PA SA PROMO!! LINTIK KAYO! 😂😏🥴","232","0","1","3"
"Tue Feb 24 14:44:07 +0000 2026","2026-02-26T23:30:41.550916+00:00","tweet-2026307155905884536","grabe lala ng sipon at ubo ko, sama na pakiramdam🤒🥲","21","0","0","0"
"Tue Feb 24 14:37:56 +0000 2026","2026-02-26T23:30:41.550916+00:00","tweet-2026305601178140673","Si bro ay on and off ang lagnat 🤟🏻","9","0","0","0"
"Tue Feb 24 14:35:46 +0000 2026","2026-02-26T23:30:41.550916+00:00","tweet-2026305053188059265","mamamatay na akooo dahil ss lagnat 🖕🖕🖕","16","0","0","0"
"Tue Feb 24 14:34:27 +0000 2026","2026-02-26T23:30:41.550916+00:00","tweet-2026304723255738711","wilbert baka mag sexy back ka pa bukas awa nalang, kung mataas pa ang lagnat hawakan mo nalang kamay ni bea habang kumakanta sya ganon, suggestion lang naman oke","2952","21","1","167"
"Tue Feb 24 14:33:57 +0000 2026","2026-02-26T23:30:43.446870+00:00","tweet-2026304599016321293","wala na ko kinalagyan ng tama sa pamilyang to jusko pagod na pagod na ko jo","28","0","1","0"
"Tue Feb 24 14:32:44 +0000 2026","2026-02-26T23:30:43.446870+00:00","tweet-2026304289828921816","sa lahat ng pwedeng maka couple si Bert sa lagnat pa talaga nasama","158","0","0","1"
"Tue Feb 24 14:27:50 +0000 2026","2026-02-26T23:30:43.446870+00:00","tweet-2026303059199197203","Kanino percent magsumbong kapah pagod na pagod na?😭","2","0","0","0"
"Tue Feb 24 14:11:02 +0000 2026","2026-02-26T23:30:43.446870+00:00","tweet-2026298830782910842","nakakairita na yung ubo ko at sipon na 3days na 🤧😮‍💨","18","0","0","0"
"Tue Feb 24 14:02:33 +0000 2026","2026-02-26T23:30:43.446870+00:00","tweet-2026296695496339588","one of those days na pagod na pagod na ako 🥲","361","0","0","1"
"Tue Feb 24 14:02:32 +0000 2026","2026-02-26T23:30:43.446870+00:00","tweet-2026296689888567582","si bunso naman ang may lagnat 😢💔","3","0","0","0"
"Tue Feb 24 14:00:21 +0000 2026","2026-02-26T23:30:43.446870+00:00","tweet-2026296141793595432","may lagnat na nga yung tao, uminit pa lalo. kasalanan mo to, kim.🤒 https://t.co/soe6MXyAZN","230","0","2","3"
"Tue Feb 24 13:56:42 +0000 2026","2026-02-26T23:30:43.446870+00:00","tweet-2026295221420699831","maiinis talaga ako kapag yung idol ko big four tapos hanggang paid partnerships lang, tapos yung evicted na housemate pa yung ginawang brand ambassador 

 BBE #SHUVEE SA ISIPAN NILA 
PLS PAGOD NA PAGOD NA SI SHUVEE","272","0","0","10"
"Tue Feb 24 13:55:22 +0000 2026","2026-02-26T23:30:43.446870+00:00","tweet-2026294887927415103","PAGOD NA PAGOD NA AKO!

PUTANGINAAAAAA! HAHAHAHAHAHAHAHAHAHHAHA

AYOKO NANG MAG WORK! GUSTO KO NA LANG MAGING DISNEY PRINCESS!!!!!!!!! Lol","8","0","0","0"
"Tue Feb 24 13:49:42 +0000 2026","2026-02-26T23:30:43.446870+00:00","tweet-2026293462623265089","Malala pani sa lagnat ya hahaha","5","0","0","0"
"Tue Feb 24 13:44:03 +0000 2026","2026-02-26T23:30:43.446870+00:00","tweet-2026292040397619624","the stress and pagod finally caught up with me and now i am fawkeng sick 😭 yung ubo ko humabol pa talaga post chinese new year grabe sa paputok and yung sipon ko wow so much https://t.co/NrcmSPgk5f","44","0","0","0"
"Tue Feb 24 13:43:25 +0000 2026","2026-02-26T23:30:43.446870+00:00","tweet-2026291878413639685","Off to the gym kahit pagod na pagod na pagod sa trabaho, wala eh ganun talaga, you have to show up if you want results","387","0","0","1"
"Tue Feb 24 13:43:11 +0000 2026","2026-02-26T23:30:43.446870+00:00","tweet-2026291821874467176","@PhilippineStar Walang ebidensiya? Yung gustong maging pangulo ng Pilipinas, bulag sa hustisya. Please po, tama na. Pagod na pagod na ang Pilipinas","1633","0","0","15"
"Tue Feb 24 13:37:18 +0000 2026","2026-02-26T23:30:43.446870+00:00","tweet-2026290340739928458","Nanghina ako sa mockboards te. Namamana ko na yung lagnat ni dawd😭","60","0","0","1"
"Tue Feb 24 13:34:23 +0000 2026","2026-02-26T23:30:43.446870+00:00","tweet-2026289608359919805","grabe pagod na pagod aq this feb need q na ng full body massage 😩","174","0","0","0"
"Tue Feb 24 13:33:15 +0000 2026","2026-02-26T23:30:43.446870+00:00","tweet-2026289320852967443","I really need to rest. Constant headaches, ubo't sipon at twitching of left eye. Na parang kukunin na q ni lord?","14","0","0","0"
"Tue Feb 24 13:31:20 +0000 2026","2026-02-26T23:30:43.446870+00:00","tweet-2026288840823185542","bukas na promise,,,, pagod na pagod na talaga ako tonight amd di ko na kaya kumilos 🥀🥀🥀🥀","20","0","0","0"
"Tue Feb 24 13:31:03 +0000 2026","2026-02-26T23:30:43.446870+00:00","tweet-2026288766697320953","@LeQueen_Nicole pagkatapos niyag alagaan si jc kahit siya yung may lagnat????? was it casual?!?!?","98","0","1","1"
"Tue Feb 24 13:28:25 +0000 2026","2026-02-26T23:30:43.446870+00:00","tweet-2026288106790691293","Ate @Klarissedguzman pwede ba magsumbong sayo kapag pagod na pagod na ako? 🥺","311","0","1","7"
"Tue Feb 24 13:25:52 +0000 2026","2026-02-26T23:30:43.446870+00:00","tweet-2026287462637863332","Pagod na pagod katawang lupa 12hrs duty plus no restday:&gt;","19","0","1","0"
"Tue Feb 24 13:17:11 +0000 2026","2026-02-26T23:30:45.318405+00:00","tweet-2026285277531218170","Ang lala na nitong ubo't sipon q jusq tapos kumikirot pa ulo q???

Wag na wag na","14","0","0","0"
"Tue Feb 24 13:14:33 +0000 2026","2026-02-26T23:30:45.318405+00:00","tweet-2026284615485559185","Tanging gusto ko lamang ngayon ay makatanggap ng isang mahigpit at matagal na yakap mula sa kanya. Gusto kong umiyak sa mga braso niya at sabihing pagod na pagod na ako at ang bigat-bigat na ng lahat:)","15","0","0","0"
"Tue Feb 24 13:06:14 +0000 2026","2026-02-26T23:30:45.318405+00:00","tweet-2026282522892714178","Pagod na pagod former baby ko ah","8","0","0","0"
"Tue Feb 24 12:59:50 +0000 2026","2026-02-26T23:30:45.318405+00:00","tweet-2026280911285674087","PUTANGINA PAGOD NA PAGOD NA PAGOD NA AKO!!!!","5","0","0","0"
"Tue Feb 24 12:59:44 +0000 2026","2026-02-26T23:30:45.318405+00:00","tweet-2026280885268758858","Nabati ata ni alpha sipon ko. Jusko di na natigil 😭","29","0","0","0"
"Tue Feb 24 12:59:41 +0000 2026","2026-02-26T23:30:45.318405+00:00","tweet-2026280873021354398","@Jimidesuu my throat bro i have sipon need to get rid hahaha","9","0","0","0"
"Tue Feb 24 12:54:37 +0000 2026","2026-02-26T23:30:45.318405+00:00","tweet-2026279600758939792","kala ko lagnat ko lang nagaalburoto, pati rin pala dugo ko 🫠","155","0","0","0"
"Tue Feb 24 12:51:40 +0000 2026","2026-02-26T23:30:45.318405+00:00","tweet-2026278855456292990","@wilbertsingsss @beabinene maysakit si Berto.taas ng lagnat.","13","0","0","0"
"Tue Feb 24 12:47:31 +0000 2026","2026-02-26T23:30:45.318405+00:00","tweet-2026277810491601239","final na ba may class bukas bro pagod na pagod na pagod na ako @bongbongmarcos","405","0","1","0"
"Tue Feb 24 12:46:06 +0000 2026","2026-02-26T23:30:45.318405+00:00","tweet-2026277455070433316","Masakit ang dibdib ko.

#sadmood 
#malungkot",,"0","0","0"
"Tue Feb 24 12:43:12 +0000 2026","2026-02-26T23:30:45.318405+00:00","tweet-2026276726767272159","""Jo, ano? Ayaw mo na? Pagod ka na?""

""Oo! Pagod na pagod na pagod na pagod na pagod na pagod na pagod na pagod na pagod--""

CARTON OUR SOULTIMATE
TUESlay WITH CARMELLE https://t.co/wvuBhvGy0q","1170","14","0","74"
"Tue Feb 24 12:42:52 +0000 2026","2026-02-26T23:30:45.318405+00:00","tweet-2026276641182556459","pagod na pagod ako today wtf","5","0","0","0"
"Tue Feb 24 12:40:39 +0000 2026","2026-02-26T23:30:45.318405+00:00","tweet-2026276084015346003","@eightspicy_ pagod na pagod nako 

LELLA TOTOONG TUEnay","22","0","0","0"
"Tue Feb 24 12:38:13 +0000 2026","2026-02-26T23:30:45.318405+00:00","tweet-2026275472225734885","Sobrang liability ni Savi kapag heavy server ang kalaban. Para ba syang pagod na pagod te.","2062","1","0","24"
"Tue Feb 24 12:34:46 +0000 2026","2026-02-26T23:30:45.318405+00:00","tweet-2026274605607034920","lagnat at walang gana😣","23","0","0","0"
"Tue Feb 24 12:27:31 +0000 2026","2026-02-26T23:30:45.318405+00:00","tweet-2026272777259626951","pagod na pagod na ang ea na itu","9","0","0","0"
"Tue Feb 24 12:25:21 +0000 2026","2026-02-26T23:30:45.318405+00:00","tweet-2026272232394420353","pagod na pagod na pagod na pagod na pagod na pagod na pagod na pagod ako today 🧍🏻‍♀️","12","0","0","0"
"Tue Feb 24 12:24:15 +0000 2026","2026-02-26T23:30:45.318405+00:00","tweet-2026271956493037595","Ang taas na ng lagnat mo. Get well soon lods! @itswilbertross https://t.co/T2LyfV3uln","55","0","0","2"
"Tue Feb 24 12:23:25 +0000 2026","2026-02-26T23:30:45.318405+00:00","tweet-2026271747948072981","@Zane99250 @JopanTv76460 @itsmeasherawr pavictim mga kupal! Kayo tong ngumawa kasama sipon nung nagtabi ang atabs namen kay andres 🥴","255","0","0","1"
"Tue Feb 24 12:20:17 +0000 2026","2026-02-26T23:30:45.318405+00:00","tweet-2026270960601739360","kasi, pagod na pagod ako dahil sa lintek na work immersion yan tapos todo asikaso sha sakin","7","0","0","0"
