created_at,id,text,like_count
2026-05-15T06:26:22.000Z,2055172923506217428,RT @BrockMagnuss: My hot delivery guy got to taste my protein shake stra8 from my source 😋 @JustinJett_X https://t.co/gGHwcisGWE,0
2026-05-15T06:26:22.000Z,2055172923501986225,"@Chino_Chulo Que va! Cap impost ha baixat, ni amb la bombolla immobiliaria, ni amb el COVID.",0
2026-05-15T06:26:22.000Z,2055172922185007230,"RT @strangersenjoy: He couldn't help but taste my dick during the massage  😅
https://t.co/vC8wjDTpmn https://t.co/geUGOXiZsW",0
2026-05-15T06:26:22.000Z,2055172921631420585,RT @moana_vibe: taste my anal,0
2026-05-15T06:26:22.000Z,2055172921459659139,RT @noorielova: You can just tell the owner has great taste the moment you walk in. https://t.co/hL8smw76hJ,0
2026-05-15T06:26:22.000Z,2055172920712757560,RT @druwfus: my cumdump is so pink who wants a taste 🩷 https://t.co/yDgKVLdhYC,0
2026-05-15T06:26:21.000Z,2055172919311978716,@ThrillaRilla369 godfather is a shit movie absolute boomer diarrhea bad pacing boring characters,0
2026-05-15T06:26:21.000Z,2055172915792916851,"RT @AlecLace: 🚨 Senator Moody just TORCHED Dr. Fauci and dropped the truth about COVID that got people banned on social media 

•  Masks we…",0
2026-05-15T06:26:21.000Z,2055172915638002133,"RT @pikipiesan: エレンは精液の味が大嫌いだ 
Ellen hates the taste of cum 
A Pack: @NyaughtyMeow  
SFX Pack: @SquishSuccubus @That1LewdDude | @OpenNSFWSP…",0
2026-05-15T06:26:20.000Z,2055172915549847580,"RT @gtranslatornfsc: 05/13/2026 Hearing on “Whistleblower Testimony on the COVID Cover-Up”: The “Director’s Initiative Group” (DIG), which…",0
2026-05-15T06:26:20.000Z,2055172914849403142,RT @DrNeilStone: The worst part of Covid was that 20 million people died,0
2026-05-15T06:26:20.000Z,2055172914165559669,@table_shaker_ Make he sef taste forbidden fruit,0
2026-05-15T06:26:20.000Z,2055172913926701253,"RT @HappyPawsTreats: @salltweets As devastating as the outcome is, you've just shown Australia that the High Court is a captured operation.…",0
2026-05-15T06:26:20.000Z,2055172913771483563,"RT @bluemingblo: If you want to smell like this, please use this !!! https://t.co/stK9LkRbsJ",0
2026-05-15T06:26:20.000Z,2055172912639037888,"RT @Mrsinha: The last fuel price hike was in 2022.
Since then, the world has witnessed: -Covid aftermath
-Russia-Ukraine war
-India-Pak con…",0
2026-05-15T06:26:20.000Z,2055172911929950642,"RT @jusko_bout: @Guigz75116 @PontArthur83 #NiOubliNiPardon
Rivotril obligatoire 
Hydroxychloroquine interdit 
Debout Assis masqué
Faillite…",0
2026-05-15T06:26:20.000Z,2055172911556633005,"RT @CubaOrtografia: Cuando la encerrona del COVID, solo para congraciarse con los atontados, el régimen cubano dijo haber sacado tres o cua…",0
2026-05-15T06:26:20.000Z,2055172911548268936,"RT @1goodtern: This attitude ""I don't care about you or your health"" is actually the biggest upshot of the covid pandemic.

We were given o…",0
2026-05-15T06:26:19.000Z,2055172908834525380,"RT @liz_churchill10: Incredible. 

The WHO May 14, 2026: “The Covid Pandemic was linked to an estimated 22.1M excess deaths”

Epstein Files…",0
2026-05-15T06:26:19.000Z,2055172908805149142,RT @LidijaTheMother: 👮🏻‍♀️🚨// Officer Lidija was completely defeated and humiliated by a young criminal. He exploited her weakness for porn…,0
2026-05-15T06:26:19.000Z,2055172908142702996,RT @LiziTheRainbow: Literal chills https://t.co/UxJJKAxiSU,0
2026-05-15T06:26:19.000Z,2055172908025278922,"RT @chenleveerse: everyone immediately lined up to try chenle pasta 🥹

“i’m already first in line!”
“i’m second!”
“i’m third!”

and chenle…",0
2026-05-15T06:26:19.000Z,2055172907660202455,"RT @thehealthb0t: If you’re freaking out over the Hantavirus hoax,  remember what they pulled during the COVID scam. https://t.co/P4daJtvGkc",0
2026-05-15T06:26:19.000Z,2055172907379089502,"@ImBreckWorsham Perhaps he’ll get a taste for it?

Can’t make him any crazier.",0
2026-05-15T06:26:18.000Z,2055172905898819737,"RT @Mrsinha: The last fuel price hike was in 2022.
Since then, the world has witnessed: -Covid aftermath
-Russia-Ukraine war
-India-Pak con…",0
2026-05-15T06:26:18.000Z,2055172905378763225,"RT @Nature: An antiviral pill has, for the first time, been shown to prevent COVID-19 in people exposed to the SARS-CoV-2 virus

https://t.…",0
2026-05-15T06:26:18.000Z,2055172904816382345,RT @TheHennyBear: Some sloppy dick from a covid jerk off in daddys shed https://t.co/F2mhC45CJq,0
2026-05-15T06:26:18.000Z,2055172903961043303,RT @DrNeilStone: The worst part of Covid was that 20 million people died,0
2026-05-15T06:26:17.000Z,2055172902648184906,RT @AtomsDNA: This is not a prosecution in service of justice but a political vendetta against scientific truth and inquiry into the social…,0
2026-05-15T06:26:17.000Z,2055172902526550230,"The covid ""wet market"" narrative was lead by Fauci, and it was wrong. https://t.co/Gupm0QhoBn",0
2026-05-15T06:26:17.000Z,2055172901758791746,RT @twnfantasy: streets are saying real anorexia starts May 15th https://t.co/LKRqHUZxHk,0
2026-05-15T06:26:17.000Z,2055172901309997062,RT @Monica_Garcia_G: La PCR de hantavirus no es como la del covid con un palito en la nariz. Necesitamos analizar muestras de sangre y suer…,0
2026-05-15T06:26:17.000Z,2055172900907286629,RT @DrNeilStone: The worst part of Covid was that 20 million people died,0
2026-05-15T06:26:17.000Z,2055172898936029668,"RT @ridwanKwankwaso: Alhamdulillah I don't have cancer
Alhamdulillah I don't have asthma
Alhamdulillah I don't have diabetes
Alhamdulillah…",0
2026-05-15T06:26:16.000Z,2055172897778385091,"RT @dejanirasilveir: 🚨🚨SE LE ESCAPÓ‼️
Geørge Søros:

""El COVID-19 también ayudó a legitimar Instrumentos de control"" 🤨

CLARITO COMO EL AGU…",0
2026-05-15T06:26:16.000Z,2055172897509978568,"RT @BNBNewsy: ‼️PILNE‼️

Były oficer CIA James Erdman III zeznaje pod przysięgą, że celowo tuszowali informacje ws. Covid.

Sprawa jest BAR…",0
2026-05-15T06:26:16.000Z,2055172896436134232,@k2647594864054 @chrxsafc I agree with maid of honour but the other two are heat and if you don’t think that your music taste sucks,0
2026-05-15T06:26:16.000Z,2055172895073296892,RT @ARIPBITCH: they said matcha taste like photosynthesis😭,0
2026-05-15T06:26:16.000Z,2055172894896898315,"RT @AYOKA1996: Most underrated Korean horror gems. 8/10🎬🎥🍿🎥🍿

pure chills❤️🥰🥰🥰 https://t.co/cNfrbpTZ9i",0
2026-05-15T06:26:15.000Z,2055172893957300457,"RT @xiuhongxh: NFSC聯盟譯統任務2️⃣2️⃣7️⃣5️⃣ 日语版
日本真成🇯🇵(籌申)農場

当记者询问川普总统：因为汉坦病毒病例增加美国是否应该重新加入世界卫生组织时，川普总统严厉的回击记者：不。我们似乎已经将事情控制得非常好。他们对那种病毒非常了解……不像…",0
2026-05-15T06:26:15.000Z,2055172892204081203,"RT @war_intell: 💭Opinion ;If the war become prolonged ,what will happen?

🇮🇷Iran absorbs economic collapse!
 🇮🇱Israel absorbs security fati…",0
2026-05-15T06:26:15.000Z,2055172891797327959,"RT @Karl_Fasc: OCCHIO !
 
STANNO RIPETENDO LO STESSO TEATRINO DEL COVID
CON L’HANTAVIRUS🤡💩🔥🖕🤡 https://t.co/e33fYwM506",0
2026-05-15T06:26:15.000Z,2055172891160007055,"@surabhi_tiwari_ Gentleness is not weakness, its power without violence.
Good Morning",0
2026-05-15T06:26:14.000Z,2055172889398087780,@willajrainbolt Legit felt like a fever dream,1
2026-05-15T06:26:14.000Z,2055172887531675853,"RT @Tocsin_Media: 🤯« Il faut se rappeler que, pendant le Covid, on parlait de porteurs asymptomatiques. 80% des tests PCR étaient des faux…",0
2026-05-15T06:26:13.000Z,2055172886042742928,"RT @Comptesclares: 🚨‼️🍿🚨‼️🍿
1. Ha arribat l’hora. Haviem dit que ho explicariwm

FCS Select. Una empresa que va fer un pilotassu de 263 mil…",0
2026-05-15T06:26:13.000Z,2055172885057024467,RT @LilianeR519950: Le professeur Montanier avait raison ! Il avait détecté une séquence génétique insérée du VIH et du virus de l'immunodé…,0
2026-05-15T06:26:13.000Z,2055172884205871252,RT @daydreamin: the way three days went past and we aren’t hearing of hantavirus anymore… covid really is the queen of this shit 😭😭☠️  http…,0
2026-05-15T06:26:13.000Z,2055172882788131252,"@sudheep8531 Nothing beats Langra (Malda in Bihar/WB) when it comes to taste. 

Unfortunately, multiple hailstorms this season have badly affected the crop, so supply is likely to stay low. https://t.co/8zypMib5du",0
2026-05-15T06:26:12.000Z,2055172881852575973,"RT @ValerieAnne1970: AMERICA'S KIDS are drowning in CHRONIC DISEASE — and nobody wants to talk about the 800-pound gorilla in the room.

Si…",0
2026-05-15T06:26:12.000Z,2055172881668096201,"RT @adultxmx: Type ""yes"" if you'd travel the world for one taste https://t.co/ypQS44yfYf",0
2026-05-15T06:26:12.000Z,2055172880644608027,@leodey4uu @utdjoseph1 I wanna taste,0
2026-05-15T06:26:12.000Z,2055172880212627523,RT @Praiseinterests: Anyone with good music taste should like Drake though 🤷‍♂️,0
2026-05-15T06:26:12.000Z,2055172879415746695,RT @Wataaarghhh: Writing scripts for porn while I sit down and watch them fuck to my taste is still in my bucket list. And I'm not talking…,0
2026-05-15T06:26:12.000Z,2055172878367391927,RT @sullibible: @ABrandNewDayAFC I think there was a study that showed that ppl infected with covid become more personable and sociable. It…,0
2026-05-15T06:26:12.000Z,2055172878127997307,"RT @AYOKA1996: Most underrated Korean horror gems. 8/10🎬🎥🍿🎥🍿

pure chills❤️🥰🥰🥰 https://t.co/cNfrbpTZ9i",0
2026-05-15T06:26:11.000Z,2055172876001825072,RT @DrNeilStone: The worst part of Covid was that 20 million people died,0
2026-05-15T06:26:11.000Z,2055172874432864464,"RT @scotstradie: He’s never been to Scotland so I
gave him a taste of my tartan dick
@Kinkkoer 🏴󠁧󠁢󠁳󠁣󠁴󠁿😈 https://t.co/ioQfSybTFC",0
2026-05-15T06:26:11.000Z,2055172874047025450,"RT @kendrrw: call me ugly, dry texter, nonchalant, anything… but bad music taste? now you’re lying",0
2026-05-15T06:26:10.000Z,2055172873354879233,"RT @FredGaulois: Plus jamais!
Enorme coup de gueule de cette française sur la période COVID :
Moi, en fait, c'est très simple, plus jamais,…",0
2026-05-15T06:26:10.000Z,2055172872981586154,"Rand Paul- US Senate: 

Today, a CIA whistleblower sat before my committee and confirmed what I've said for years: government officials, including Dr. Fauci, deliberately misled the American people about the origins of COVID-19. This is not a conspiracy theory. This is sworn https://t.co/4ugbOUIO1V",0
2026-05-15T06:26:10.000Z,2055172871614341447,RT @DrNeilStone: The worst part of Covid was that 20 million people died,0
2026-05-15T06:26:10.000Z,2055172870645412039,"RT @thomasjuneau: Trump's performance in China has been a unique, extraordinary and embarrassing combination of weakness, obsequiousness, l…",0
2026-05-15T06:26:10.000Z,2055172869584212348,"RT @Comptesclares: 🚨‼️🍿🚨‼️🍿
1. Ha arribat l’hora. Haviem dit que ho explicariwm

FCS Select. Una empresa que va fer un pilotassu de 263 mil…",0
2026-05-15T06:26:09.000Z,2055172869429289084,"RT @summer_food: Traditional Slow Cooker Beef and Mushroom Stew 

Ingredients
2 lbs beef stew meat, cut into 1-inch pieces
Salt and pepper,…",0
2026-05-15T06:26:09.000Z,2055172868636397993,"RT @CarlosF66089689: @J_Zaragoza_ 120.000 muertos por el Covid bajo la dirección de Pedro Sánchez y Salvador Illa.
47 muertos en tren bajo…",0
2026-05-15T06:26:09.000Z,2055172867537391849,"RT @Ajoke__xx: Travel as much as you can . As often as possible , catch a flight , hop on a train . Discover new places , taste new foods ,…",0
2026-05-15T06:26:09.000Z,2055172866052632664,RT @jxtsummer: my music taste so diverse. i really listen to whatever reflects my current mood,0
2026-05-15T06:26:09.000Z,2055172865541001620,RT @AlaaSamir0599: I am currently in the hospital and urgently need lymph node surgery. I am suffering from a serious virus and tuberculosi…,0
2026-05-15T06:26:08.000Z,2055172864165159064,@nickatnite18_ For someone with bad taste this a good take,0
2026-05-15T06:26:08.000Z,2055172863435366541,RT @Markus_Krall: Blinddarm-Bosetti mal wieder. Die ist in einer Liga mit Paolo Pinkel und Hofschranze Böhmeranze. Sie hat mitgemacht beim…,0
2026-05-15T06:26:08.000Z,2055172862764327041,RT @muheediva01: It should be illegal to take a nap and STILL wake up with a headache. Like excuse me??? I rebooted the entire system.,0
2026-05-15T06:26:08.000Z,2055172862408114658,RT @AnnCoulter: HUGE VICTORY FOR ALEX BERENSON - censored for unapproved speech about COVID when the official govt position was to lie to u…,0
2026-05-15T06:26:08.000Z,2055172861787296059,"RT @Mrsinha: The last fuel price hike was in 2022.
Since then, the world has witnessed: -Covid aftermath
-Russia-Ukraine war
-India-Pak con…",0
2026-05-15T06:26:07.000Z,2055172860373516448,"RT @javierellob0: 🚨⚠️🚨 Nunca olviden que la COVID fue un montaje y todos conocemos a los responsables.

No confíen en la OMS, el Foro Econó…",0
2026-05-15T06:26:07.000Z,2055172860293812529,"RT @jamilesalima: as pessoas acham que se descentraliza o amor romântico do dia pra noite, sendo q fomos catequizadas nisso a vida inteira.…",0
2026-05-15T06:26:07.000Z,2055172859794764127,"RT @Nature: An antiviral pill has, for the first time, been shown to prevent COVID-19 in people exposed to the SARS-CoV-2 virus

https://t.…",0
2026-05-15T06:26:07.000Z,2055172859257930105,"RT @sergiodde: Souvenirs de la supercherie Covid

Message aux cerveaux allumés et un peu éclairés. 

Pour les cerveaux éteints, rien à fair…",0
2026-05-15T06:26:07.000Z,2055172859195277548,pertama kali upload story wa terus semua yang ngeliat adalah match bumble pas covid-19,0
2026-05-15T06:26:07.000Z,2055172858737836129,"RT @RightPulseNewss: 🚨 Jesse Watters just dropped a BOMB: “I’m beginning to think the entire Democratic Party is one giant SCAM.”

And he’s…",0
2026-05-15T06:26:07.000Z,2055172858629013801,RT @doughnbil: excuse me her music taste in her tiktok post 😭😭😭😭 https://t.co/XsR9UgYjFN,0
2026-05-15T06:26:07.000Z,2055172857668210840,"RT @SHomburg: Können Sie sich einen Artikel in @faznet oder @derspiegel vorstellen, dass Drosten durch seinen mit Fauci verfassten Brief be…",0
2026-05-15T06:26:07.000Z,2055172857265557980,"RT @tssashagrl: Is your mouth available for a quick taste test? btw explore my naughty side with my free OF link below babe!

https://t.co/…",0
2026-05-15T06:26:06.000Z,2055172856560906546,"RT @okg06: One and only OKG FOODS AND CHOPS 

Premium taste guaranteed https://t.co/puTePjncNg",0
2026-05-15T06:26:06.000Z,2055172856229790033,RT @raelbe_: alpha!Dunk having a taste test 🤤 https://t.co/n0yMsYyeLq,0
2026-05-15T06:26:06.000Z,2055172854740898169,"RT @kloramfenik0l: Phuwin from kazz magazine (Taste Edition)

PPP FAMILY KAZZAWARDS

#KAZZAWARDS2026xPondPhuwin
#phuwintang @phuwintang htt…",0
2026-05-15T06:26:06.000Z,2055172854568620416,RT @Cohesity: Ransomware's getting faster. Recovery time is everything. We just expanded our seven-year alliance with @HPE to make sure you…,0
2026-05-15T06:26:05.000Z,2055172852031066411,RT @mommagerthOF: Who wants a taste? 🤭 https://t.co/Jd7RA2UoVV,0
2026-05-15T06:26:05.000Z,2055172851267965094,"@bearsejuk I think the rest can see who articulates well, and who is likely an inbred 🤣

I have demonstrated convincingly why I have malay fatigue. You lot are bottom feeders man. It’s better that you just go away 😩",0
2026-05-15T06:26:05.000Z,2055172848625553486,"RT @Mrsinha: The last fuel price hike was in 2022.
Since then, the world has witnessed: -Covid aftermath
-Russia-Ukraine war
-India-Pak con…",0
2026-05-15T06:26:04.000Z,2055172848159985914,"@6ix9ine Might honestly be thee WORST streamer of all time..I have a 4 day headache from this dude..bruh, we &amp; I mean WE expected more! This shii WACK1000",0
2026-05-15T06:26:04.000Z,2055172846293266476,RT @NicholasQuint17: Cum get a taste 💦👅 https://t.co/6pByPgd4Tp,0
2026-05-15T06:26:04.000Z,2055172846117356011,"RT @Mrsinha: The last fuel price hike was in 2022.
Since then, the world has witnessed: -Covid aftermath
-Russia-Ukraine war
-India-Pak con…",0
2026-05-15T06:26:04.000Z,2055172846008270986,"RT @RandPaul: Today, a CIA whistleblower sat before my committee and confirmed what I've said for years: government officials, including Dr…",0
2026-05-15T06:26:04.000Z,2055172844418445398,RT @societyhatestee: the smell of earth when rain falls &gt;&gt;&gt;&gt;&gt;&gt;,0
2026-05-15T06:26:03.000Z,2055172841570480186,RT @DrNeilStone: The worst part of Covid was that 20 million people died,0
2026-05-15T06:26:03.000Z,2055172840668660202,"covid was the end of the world, its just slowly showing itself",0
2026-05-15T06:26:03.000Z,2055172840400326686,"RT @jollybob1234567: ""Just finished the most gripping murder mystery! ♂ Every clue twisted, every character hid secrets—who knew solving a…",0
2026-05-15T06:26:02.000Z,2055172839544598991,RT @Whotfismick: maybe i died of Covid in 2020 and this is hell https://t.co/ncpKP5eQkP,0
2026-05-15T06:26:02.000Z,2055172838533832969,"RT @Tiempodetenis1: 😳 Uno de los partidos más insólitos en la historia de Roma.

Benoit Paire venía de aislarse por COVID y explotó contra…",0
2026-05-15T06:26:02.000Z,2055172838059921704,RT @MarcelloFoa: La verità sconvolgente di @ladyonorato: quando era all’Europarlamento emerso un rapporto che dimostrava come i vaccini Cov…,0
2026-05-15T06:26:02.000Z,2055172837837848862,RT @kelongsotan: sosok yang pas covid baru lulus smp https://t.co/sfT2k3MO5D,0
2026-05-15T06:26:02.000Z,2055172837795615081,RT @BobSmith79126: Live music just hit different! Catching the indie band’s intimate set at the downtown venue tonight – lyrics that hit de…,0
2026-05-15T06:26:02.000Z,2055172836814192940,"RT @FredGaulois: Plus jamais!
Enorme coup de gueule de cette française sur la période COVID :
Moi, en fait, c'est très simple, plus jamais,…",0
2026-05-15T06:26:01.000Z,2055172835832672382,"RT @ChildrensHD: Dr. Sucharit Bhadki says the evidence is now clear that COVID vaccines are causing turbo cancers worldwide.  

“It has now…",0
2026-05-15T06:26:01.000Z,2055172835572605415,"“I don’t think, I know.” Chills…literal chills. https://t.co/E76mSTQmBF",0
2026-05-15T06:26:01.000Z,2055172832620105992,RT @Fiireeeflyy: the way she can get ult within the first cycle with only remembrance tb as amphoreus char (e0 cyrene) https://t.co/nR9B1pA…,0
2026-05-15T06:26:01.000Z,2055172832376574098,"RT @FranceRsistanc1: 🚨BOOM🚨L'ancien vice-président de Pfizer, le Dr Mike Yeadon, lâche une bombe en affirmant que les « vaccins » à ARNm co…",0
2026-05-15T06:26:01.000Z,2055172832334614994,"RT @thehealthb0t: If you’re freaking out over the Hantavirus hoax,  remember what they pulled during the COVID scam. https://t.co/P4daJtvGkc",0
2026-05-15T06:26:01.000Z,2055172831768404260,"RT @BigBirdfyx: pussy is supposed to smell like pussy!!! not fruit, water, fresh laundry, good childhood memories or anything else ok???",0
2026-05-15T06:26:01.000Z,2055172831713931407,RT @amelia_tweetz: Xi told Trump to his face that the US is in decline. The staggering level of incompetence and weakness Trump has display…,0
2026-05-15T06:26:00.000Z,2055172831357329845,RT @silvano_trotta: Pourquoi nos médias ne s'intéressent absolument pas à toutes les commissions d'enquêtes sur la gestion du Covid à trave…,0
2026-05-15T06:26:00.000Z,2055172831105675582,@345__chan It would taste well,0
2026-05-15T06:26:00.000Z,2055172830313230405,@Mrsinha This laawaris dogs are paid to spread hatred and hide the govts weakness. In kutto ko haram ki kamai hai kyun ko ye pura din chaatte rente hai haram ke paison ke liye. Par Aam janta ko samna karna padta hai usse in kutton ko koi farak nahi padta,0
2026-05-15T06:26:00.000Z,2055172830132609347,Make e taste forbidden fruit sef https://t.co/Wr0Ytf2rJI,0
2026-05-15T06:26:00.000Z,2055172830132596815,"RT @tkfwksl: Heechul’s weakness : Leeteuk’s eyes

https://t.co/ciDF74qnZo",0
2026-05-15T06:26:00.000Z,2055172829788680252,RT @AxelTalksFilm: big day for people with taste https://t.co/4n7SX4m3Wu,0
2026-05-15T06:26:00.000Z,2055172829646033033,@IronHorseBorn Horrid taste,0
2026-05-15T06:26:00.000Z,2055172829637730310,"RT @Dr_TheHistories: What was the fate of the 100,000 French prisoners left behind during Napoleon's retreat from Moscow?

Russians didn’t…",0
2026-05-15T06:26:00.000Z,2055172829625409962,"RT @dr_ericberg: In 2021, natural health researcher Sayer Ji (@sayerjigmi) was labeled part of the “Disinformation Dozen.”

His content on…",0
2026-05-15T06:26:00.000Z,2055172829017203182,"RT @USW_PR_HONTata: Today, we are sharing the story of another resilient warrior who was negatively impacted by the COVID-19 vaccine mandat…",0
2026-05-15T06:26:00.000Z,2055172828782039464,"RT @liz_churchill10: Incredible. 

The WHO May 14, 2026: “The Covid Pandemic was linked to an estimated 22.1M excess deaths”

Epstein Files…",0
2026-05-15T06:26:00.000Z,2055172828484288789,"RT @thehealthb0t: If you’re freaking out over the Hantavirus hoax,  remember what they pulled during the COVID scam. https://t.co/P4daJtvGkc",0
2026-05-15T06:25:59.000Z,2055172826550984992,"RT @mskmalibu: I love being a girl like theres always a new lip liner to try, a new fragrance to smell a new insane thought to think about",0
2026-05-15T06:25:59.000Z,2055172826378748270,RT @Whotfismick: maybe i died of Covid in 2020 and this is hell https://t.co/ncpKP5eQkP,0
2026-05-15T06:25:59.000Z,2055172823488811382,"RT @JimFergusonUK: 🚨 BREAKING: FAUCI’S COVID STORY IS COLLAPSING

A CIA whistleblower has now testified before the Senate that the lab leak…",0
2026-05-15T06:25:58.000Z,2055172823224881399,"RT @LClairm35766: Just imagining all that energy in one place, one stadium, one world event… chills.
Music really does bring the whole worl…",0
2026-05-15T06:25:58.000Z,2055172822960320957,"RT @FranceRsistanc1: 🚨BOOM🚨L'ancien vice-président de Pfizer, le Dr Mike Yeadon, lâche une bombe en affirmant que les « vaccins » à ARNm co…",0
2026-05-15T06:25:58.000Z,2055172822759051358,RT @rosstheveil: i wish non middle eastern oomfs could taste this delicacy once in their life its genuinely the love of my life https://t.c…,0
2026-05-15T06:25:58.000Z,2055172822381580516,"RT @LightOnLiberty: Nobel Prize winning biochemist Kary Mullis tried to warn the public that Anthony Fauci was an evil, lying fraudster. He…",0
2026-05-15T06:25:58.000Z,2055172821421379592,"Dear God
I knew I might not deserve her. If you can hear my pray God, please take a good care of her. She is good women, she is a strong women, but she also have some weakness and she also fractios women, so please god don't give her a though life.

Dear God. I really love her ❤️",0
2026-05-15T06:25:58.000Z,2055172820821225976,"RT @thehealthb0t: If you’re freaking out over the Hantavirus hoax,  remember what they pulled during the COVID scam. https://t.co/P4daJtvGkc",0
2026-05-15T06:25:58.000Z,2055172819777114225,"RT @ajlkfad2333: Q//The earliest clinical manifestation of significant vitamin D intoxication is often?

A. Tetany
B. Polyuria and polydips…",0
2026-05-15T06:25:58.000Z,2055172819252621547,"RT @Gdams70: 💉🇺🇸SCANDALE MONSTRUEUX ! 
Dr Fauci et l’USAID ont VOLÉ des MILLIONS de dollars des contribuables pour financer LE LABO DE WUHA…",0
2026-05-15T06:25:57.000Z,2055172818283765868,"RT @JesseBWatters: 🚨 BREAKING: A CIA WHISTLEBLOWER JUST TESTIFIED THAT THE LAB LEAK WAS “COVERED UP” — FAUCI’S ROLE WAS “INTENTIONAL” 💣

FA…",0
2026-05-15T06:25:57.000Z,2055172817952600095,RT @strtfghtr88: Chills when Stephanie returns and does this to The Judgement Day https://t.co/UNlKVW6eq7,0
2026-05-15T06:25:57.000Z,2055172817935888475,"RT @TitaniasRealm: ""Books only have two smells. The smell of a new book, which is good, and the smell of an old book, which is even better.…",0
2026-05-15T06:25:57.000Z,2055172815322542203,RT @raelbe_: alpha!Dunk having a taste test 🤤 https://t.co/n0yMsYyeLq,0
2026-05-15T06:25:56.000Z,2055172811564417416,"RT @FredGaulois: Plus jamais!
Enorme coup de gueule de cette française sur la période COVID :
Moi, en fait, c'est très simple, plus jamais,…",0
2026-05-15T06:25:56.000Z,2055172811174395976,"RT @liz_churchill10: Incredible. 

The WHO May 14, 2026: “The Covid Pandemic was linked to an estimated 22.1M excess deaths”

Epstein Files…",0
2026-05-15T06:25:55.000Z,2055172809135993316,RT @camliekr: this is what i mean looking at this GENUINELY gives me a headache https://t.co/EZh4utkdr4,0
2026-05-15T06:25:54.000Z,2055172806468317455,"RT @Gdams70: 💉🇺🇸SCANDALE MONSTRUEUX ! 
Dr Fauci et l’USAID ont VOLÉ des MILLIONS de dollars des contribuables pour financer LE LABO DE WUHA…",0
2026-05-15T06:25:54.000Z,2055172806196047937,"RT @ShefVaidya: Btw, this @vinodkapri person made an out and out propaganda film during Covid on the ‘migration of workers’, blaming @naren…",0
2026-05-15T06:25:54.000Z,2055172804622885197,"RT @warDaniel47: 🚨SHOCKING EXPOSURE — THE ENTIRE ‘COVID PANDEMIC’ WAS A PREMEDITATED DEEP STATE PLOT ORCHESTRATED BY BILL GATES, JEFFREY EP…",0
2026-05-15T06:25:54.000Z,2055172802873905590,"RT @GzzUp_: It’s only a age gap conversation when it’s Black men

It’s “jungle fever” when it’s your John https://t.co/sV9oJAeM7d",0
2026-05-15T06:25:53.000Z,2055172802005684606,"RT @liz_churchill10: Incredible. 

The WHO May 14, 2026: “The Covid Pandemic was linked to an estimated 22.1M excess deaths”

Epstein Files…",0
2026-05-15T06:25:53.000Z,2055172801422922059,"RT @FE_758: 【お知らせ】

このたび、#保岡龍斗 選手と2026-27シーズンの契約が決定しましたのでお知らせいたします。

#FE名古屋 #Bリーグ #FEVER 
⬇️コメントはこちら
https://t.co/GjSQLCfxIo https://t.co/k…",0
2026-05-15T06:25:53.000Z,2055172801238032430,"RT @FranceRsistanc1: 🚨BOOM🚨L'ancien vice-président de Pfizer, le Dr Mike Yeadon, lâche une bombe en affirmant que les « vaccins » à ARNm co…",0
2026-05-15T06:25:52.000Z,2055172796993384554,"RT @GnosisWolf: This gal crushes BLACK FATIGUE.

Nobody cares about skin color, but poor behavior and loud/aggressive ghetto culture, plus…",0
2026-05-15T06:25:52.000Z,2055172794825224641,"But mainly the reason why I started wearing tudung was when I'm back from San Francisco last year, the city full of zombies especially at night, smell of urine n alcohol. The Islamic center there still smells nice n also the people who came out from there are so wangi...",0
2026-05-15T06:25:52.000Z,2055172794762043618,"RT @ed_dems: older gen z is genuinely cursed

• guinea pigs for new tech
• COVID during high school/college
• debt for degrees while AI kil…",0
2026-05-15T06:25:51.000Z,2055172791721144741,"RT @CClarkReport: Gainbridge erupts as the AB layup brings the Fever to within 2, Caitlin Clark is fired up https://t.co/awlEwbHQaA",0
2026-05-15T06:25:51.000Z,2055172791335588155,"Each delightful meal is a tiny present of life, its fragrant taste relieves fatigue, turning every dining moment into one full of surprise and joy.🥰 https://t.co/pAGykcoqZY",0
2026-05-15T06:25:50.000Z,2055172789435249122,"RT @X_WorldTime: Night is made for sleep and day to work 
Nobody sees what the heck is actually.
Your headache or the heartbeat ...
What's…",0
2026-05-15T06:25:50.000Z,2055172789238177801,"RT @WallStreetApes: Los Angeles resident must deal with this homeless person to get to his apartment

The police won’t do anything. The hom…",0
2026-05-15T06:25:50.000Z,2055172788311220500,"@PowerAxeEnjoyer Also, modern but sometimes forgotten time when imperial cult had tyranid deniers, claiming that nids don't exist, emperor wouldn't let it happen, while nids were eating walls of their city. 
Written during covid, so satirical reference that is fairly...open abotu what it is.",0
2026-05-15T06:25:50.000Z,2055172787472421169,"RT @PurePolitique: Hantavirus : peut-on croire le gouvernement ?

▶ https://t.co/zD9ftfbhN8

""Il n’en fallait pas plus pour réveiller le sp…",0
2026-05-15T06:25:50.000Z,2055172786386031102,@Opsylo_jay @grok Why did you taste it in the first place?,0
2026-05-15T06:25:50.000Z,2055172786243387828,"RT @DrTrozzi: Each picture is worth a thousand words. World data reveals the lies. Covid wasn't a major killer; but the so-called  covid ""v…",0
2026-05-15T06:25:50.000Z,2055172785891414513,RT @YaniJPG: tbh I’m really not a fan of people framing this outbreak as “boomer behavior” when 95% of people freaking out about it have be…,0
2026-05-15T06:25:49.000Z,2055172784867913999,"RT @anubhavgupta_ji: MODI is so SHAMELESS that:

During COVID, when crude was cheaper than garbage,  

He didn’t cut prices.

Instead, he l…",0
2026-05-15T06:25:49.000Z,2055172783974523215,"RT @hsngpilled: heeseung with the most insane face card during XO and fever intros. 

i miss him on stage  https://t.co/Uey9yZlGG4",0
2026-05-15T06:25:49.000Z,2055172783857192981,"RT @KapudS640: Inget banget, before covid susu seliter 12rb an. 
Terus jaman covid naik jadi 14rb udah ngerasa mahal. 
EH SEKARANG HAMPIR 2…",0
2026-05-15T06:25:49.000Z,2055172783794266477,"@kattheancap @Lux_R_Spiral 2012: Stalinist
2014: Socialist
2015: Democrat
2018: Apolitical
2020 (*cough*): Libertarian 
2021-23: Pissed the fuck off
2024-present: Minarchist",0
2026-05-15T06:25:49.000Z,2055172783408128185,"Les conseillers comm ne servent qu'à guider les idiots, KM est loin d'en être un mais son erreur est d'avoir cherché à tout contrôler als qu'il suffisait de rester naturel Konaté le fait tb d'ailleurs et c'est un excellent communiquant, on la bien vu quand KM était naturel ct bon https://t.co/gVfUCE380S",0
2026-05-15T06:25:48.000Z,2055172779272507693,"RT @RightPulseNewss: 🚨 Jesse Watters just dropped a BOMB: “I’m beginning to think the entire Democratic Party is one giant SCAM.”

And he’s…",0
2026-05-15T06:25:47.000Z,2055172775459836389,"RT @Zaddy_Abdul: More lies!

PMOS (formerly PCOS) has always been known to be an endocrinological and metabolic condition.

Primary treatme…",0
2026-05-15T06:25:47.000Z,2055172775292137531,"RT @NassrinSaifi: @laralogan The regime’s rulers think executions can delay their inevitable downfall.
But a government forced to rule thro…",0
2026-05-15T06:25:47.000Z,2055172774725833117,"RT @AbigailRemi0910: @4thOfJuly365 I live on our family ranch in Texas with cattle, horses, chickens and pigs.  The water we have pumped in…",0
2026-05-15T06:25:47.000Z,2055172774327713809,"RT @FE_758: 【お知らせ】

このたび、#保岡龍斗 選手と2026-27シーズンの契約が決定しましたのでお知らせいたします。

#FE名古屋 #Bリーグ #FEVER 
⬇️コメントはこちら
https://t.co/GjSQLCfxIo https://t.co/k…",0
2026-05-15T06:25:47.000Z,2055172773262000627,"RT @Gdams70: 💉🇺🇸SCANDALE MONSTRUEUX ! 
Dr Fauci et l’USAID ont VOLÉ des MILLIONS de dollars des contribuables pour financer LE LABO DE WUHA…",0
2026-05-15T06:25:46.000Z,2055172772821696729,"RT @FranceRsistanc1: 🚨BOOM🚨L'ancien vice-président de Pfizer, le Dr Mike Yeadon, lâche une bombe en affirmant que les « vaccins » à ARNm co…",0
2026-05-15T06:25:46.000Z,2055172772306026736,"RT @FBillMcMorris: Gen X slops up apologia for a medical establishment that massacred old people with COVID, ruined the young with lockdown…",0
2026-05-15T06:25:46.000Z,2055172771869495574,"RT @RobertoAvventu2: RIVELAZIONE SCONVOLGENTE: L'infermiera Kimberly Overton Svela la VERITÀ

""I pazienti NON sono morti di COVID. Sono sta…",0
2026-05-15T06:25:46.000Z,2055172771177545850,"RT @ysuckme: The older you get, the more you can basically smell insecurity, misery, and envy on people, and the more you don’t like them.…",0
2026-05-15T06:25:46.000Z,2055172769743319504,@guyeonan aneh anjir tb tb bgt??? abis dengerin podkes kita ya,0
2026-05-15T06:25:45.000Z,2055172768241492030,"RT @ad_monstruo: This is how you properly deal with kitten fever 💦

DM for the full version 😈 https://t.co/ISH7dfIjFU",0
2026-05-15T06:25:45.000Z,2055172767855829486,"RT @SacnilkEntmt: Crushing records even after a month! 👻💥 

Week 4 ends with  ₹14.30 Cr, officially becoming the highest Week 4 grosser pos…",0
2026-05-15T06:25:45.000Z,2055172767830683778,"RT @RightPulseNewss: 🚨 Jesse Watters just dropped a BOMB: “I’m beginning to think the entire Democratic Party is one giant SCAM.”

And he’s…",0
2026-05-15T06:25:44.000Z,2055172764588196232,RT @MarcelloFoa: La verità sconvolgente di @ladyonorato: quando era all’Europarlamento emerso un rapporto che dimostrava come i vaccini Cov…,0
2026-05-15T06:25:44.000Z,2055172763367755891,@Mommy_Mell wanna taste saudi dick ?,0
2026-05-15T06:25:44.000Z,2055172762918957192,"RT @AYOKA1996: Most underrated Korean horror gems. 8/10🎬🎥🍿🎥🍿

pure chills❤️🥰🥰🥰 https://t.co/cNfrbpTZ9i",0
2026-05-15T06:25:44.000Z,2055172762868547935,"@nosafk We are a bake house recreating your experiences through taste
Call or whatsapp now https://t.co/bdiEUE2DF6",0
2026-05-15T06:25:44.000Z,2055172761736368590,"RT @CaptHiggers: Why is a nig’s default response to assume we want to r8pe them? No, you filthy nigger. For one, not everything is about “m…",0
2026-05-15T06:25:44.000Z,2055172761476108756,"tudo é tão triste 😭 na minha cabeça é muito irreal vc não salvar o neto q você viu nascer, mas tb eu entendo um pouco o garp😭 https://t.co/qwGDCg2CGg",0
2026-05-15T06:25:44.000Z,2055172760930832580,"RT @LauraLoomer: NEW:

🚨 Civil War within the Intelligence Community 🚨 

Trump hating Senator Rand Paul @RandPaul subpoenaed a CIA official…",0
2026-05-15T06:25:43.000Z,2055172759765008647,RT @sullibible: Y’all rmbr that covid patient 0 in South Korea who refused to sit her ass down somewhere. She got ran over by a car and sti…,0
2026-05-15T06:25:43.000Z,2055172756854178124,"@juliethardt Damn, the fatigue is real in the streets and in the home.",0
2026-05-15T06:25:43.000Z,2055172756728426628,"@JohanBazquez196 😊 Good… because I plan on giving you even more to love 😏 
And I always love someone with excellent taste!",0
2026-05-15T06:25:43.000Z,2055172756468056238,RT @ValerieAnne1970: Dr. Anthony Fauci’s daughter Allison worked for Old Twitter and silenced EVERYONE who spoke out against the SCAM of Co…,0
2026-05-15T06:25:42.000Z,2055172755189121297,@shirasaka_k @OopsGuess 🤮🤮🤮bad taste色気BBA,0
2026-05-15T06:25:42.000Z,2055172753582653845,"RT @WallStreetApes: Los Angeles resident must deal with this homeless person to get to his apartment

The police won’t do anything. The hom…",0
2026-05-15T06:25:42.000Z,2055172752718303410,"RT @RandPaul: Today, a CIA whistleblower sat before my committee and confirmed what I've said for years: government officials, including Dr…",0
2026-05-15T06:25:41.000Z,2055172749492920588,RT @MarcelloFoa: La verità sconvolgente di @ladyonorato: quando era all’Europarlamento emerso un rapporto che dimostrava come i vaccini Cov…,0
2026-05-15T06:25:41.000Z,2055172748276580845,"@RobertKennedyJc Love and faith in  humanity despite wars, crimes and human beings like you and some  others who are commited for a better world Thank you so much for truth on COVID, vaccines, tips for heath It s helping https://t.co/Rqc4SIiLqn",0
2026-05-15T06:25:40.000Z,2055172746292719769,RT @Renardpaty: Anthony Fauci a utilisé l'USAID pour détourner des MILLIONS de dollars de contribuables afin de financer le laboratoire de…,0
2026-05-15T06:25:40.000Z,2055172745139212748,"RT @Selfsuck_deep: I love when I can go so deep, suck my balls and finish in my throat to taste and swallow! Video available now +70 full v…",0
2026-05-15T06:25:40.000Z,2055172744791364028,"RT @FE_758: 【お知らせ】

このたび、#保岡龍斗 選手と2026-27シーズンの契約が決定しましたのでお知らせいたします。

#FE名古屋 #Bリーグ #FEVER 
⬇️コメントはこちら
https://t.co/GjSQLCfxIo https://t.co/k…",0
2026-05-15T06:25:40.000Z,2055172744493338745,"RT @omolaraeni81: Heavenly Father, the Great Physician, we thank You for the gift of life. We lift up every person in this community curren…",0
2026-05-15T06:25:40.000Z,2055172743847391270,"RT @kendrrw: call me ugly, dry texter, nonchalant, anything… but bad music taste? now you’re lying",0
2026-05-15T06:25:39.000Z,2055172742719389877,"RT @Eyanda1651: Firstime cowo str8 menikmati dunia berwarna tujuh 😍
✅️8 Grup Telegram, 
✅️G-DRIVE  ±1.5 Tb 
✅️Pay Once, For Life
✅️Regular…",0
2026-05-15T06:25:39.000Z,2055172741263990833,今日は伸びている若手が相手のTsaoちゃん、一進一退から第１セットTB、3-3から４ポイント連取で奪取。若い選手はこういうところ取って強くなるし、次のセットも勢いづくので、ここを抑え込んだのはえらいです♥☺曹家宜、Tsao Chia-Yiです♥ https://t.co/l5mpa5aEQa,0
2026-05-15T06:25:37.000Z,2055172734863176131,RT @NotLikeRuss: why am i getting chills hearing what did i miss for the 100th time this niggas the greatest,0
2026-05-15T06:25:37.000Z,2055172734767050894,RT @_paralumandb: RARE VIDEO OF BEA ENJOYING HEV BABY’S MUSIC TASTE @dbIuvr HAJAJQJWJAJQJQJQJQ https://t.co/L4tuvbVPKE,0
2026-05-15T06:25:37.000Z,2055172734594822576,@pprettymisstoes Damn baby🥵 i‘d love to have a taste from your sweaty gym soles💦👅🔥,0
2026-05-15T06:25:37.000Z,2055172734557257876,RT @GeneSmi96946389: Chinese hotels: We're going to give you 5 star luxury for $50 per night with impeccable service and the entire buildin…,0
2026-05-15T06:25:37.000Z,2055172734091444637,"RT @FranceRsistanc1: 🚨BOOM🚨L'ancien vice-président de Pfizer, le Dr Mike Yeadon, lâche une bombe en affirmant que les « vaccins » à ARNm co…",0
2026-05-15T06:25:37.000Z,2055172733625921567,RT @bloodyjakes: Lemme taste that pussy 🫦👅 @realkayybabyy https://t.co/MdZ232PEFC,0
2026-05-15T06:25:37.000Z,2055172732900262270,"RT @DisabledDem: that time I was at work, went to the restroom &amp; noticed an overwhelming chemical smell. Called facilities &amp; got someone wh…",0
2026-05-15T06:25:37.000Z,2055172732162293817,"RT @RightPulseNewss: 🚨 Jesse Watters just dropped a BOMB: “I’m beginning to think the entire Democratic Party is one giant SCAM.”

And he’s…",0
2026-05-15T06:25:37.000Z,2055172731935789209,"RT @robinmonotti: And he also happened to be a much publicised ""Covid patient"" as well! What are the chances that this guy is always where…",0
2026-05-15T06:25:37.000Z,2055172731520401910,@batlesbo can't—— stop myself. hngh. just need to taste.,0
2026-05-15T06:25:37.000Z,2055172731415490726,"RT @RandPaul: Today, a CIA whistleblower sat before my committee and confirmed what I've said for years: government officials, including Dr…",0
2026-05-15T06:25:36.000Z,2055172730287469047,"RT @FE_758: 【お知らせ】

このたび、#杉本天昇 選手と2026-27シーズンの契約が決定しましたのでお知らせいたします。

#FE名古屋 #Bリーグ #FEVER 
⬇️コメントはこちら
https://t.co/dXjzm3Ce1D https://t.co/l…",0
2026-05-15T06:25:36.000Z,2055172729431564524,"RT @WallStreetApes: Los Angeles resident must deal with this homeless person to get to his apartment

The police won’t do anything. The hom…",0
2026-05-15T06:25:36.000Z,2055172729377046921,@dacryptone0 what’s your taste?,1
2026-05-15T06:25:36.000Z,2055172729293168748,"RT @Comptesclares: 🚨‼️🍿🚨‼️🍿
1. Ha arribat l’hora. Haviem dit que ho explicariwm

FCS Select. Una empresa que va fer un pilotassu de 263 mil…",0
2026-05-15T06:25:36.000Z,2055172728764694949,"RT @adamscochran: Yeah, it's called covid.

We get it as a seasonal flu now because dumb people didn't mask up enough to eradicate it.

It'…",0
2026-05-15T06:25:36.000Z,2055172728630456743,"RT @SenRandPaul: Americans were told to stop questioning COVID’s origins. 

A CIA whistleblower testified under oath before my committee la…",0
2026-05-15T06:25:36.000Z,2055172728592961606,RT @verity_france: « Il y avait un consensus scientifique à la CIA selon lequel le virus provenait du laboratoire. » Pas un seul commentair…,0
2026-05-15T06:25:36.000Z,2055172727942656444,RT @KeKirwa: Whoever said that if these yamune boys were in power during covid tungekufa vibaya sana was right. You can clearly see it.,0
2026-05-15T06:25:36.000Z,2055172727531585563,"RT @PawsnTails4TX: 🆘🐾RUBY #A654681
Found stray 4/8
🚨At risk TB☠️5/15 for length of stay 
2 years. 52lbs
Loves people, treats 🧀🦴🍖 and other…",0
2026-05-15T06:25:35.000Z,2055172726629810663,RT @RenzTom: A cannot legally transfer the tech necessary to create SARS-COC2 to an enemy country like China without approval and knowledge…,0
2026-05-15T06:25:35.000Z,2055172726449491997,"RT @nekaishi: They’re panicking

Emergency meetings in Canada behind closed doors

Keir Starmer refusing to resign

Unrest building

Propag…",0
2026-05-15T06:25:35.000Z,2055172726235816388,"RT @IndianGems_: Average adjusted FDI Equity Inflows in India 🇮🇳

🇮🇳 Manmohan Singh —

First Term : +83.8%
Second Term :+11.2% (GFC)
Singh'…",0
2026-05-15T06:25:35.000Z,2055172724830474718,"RT @Gdams70: 🚨 🇺🇸 💉 ÉCOUTEZ ÇA, LES FRANÇAIS ! 
Aux États-Unis, le Sénateur Josh Hawley balance tout dans cette vidéo choc : il dénonce un…",0
2026-05-15T06:25:34.000Z,2055172722536395163,"RT @Eyanda1651: Cerita masa lalu,kok
Ga perlu cemburu yaa :)
✅️8 Grup Telegram, 
✅️G-DRIVE  ±1.5 Tb 
✅️Pay Once, For Life
✅️Regular updates…",0
2026-05-15T06:25:34.000Z,2055172721768546466,RT @usvoc74557839: Wanna taste?👅 https://t.co/255DDGZRBO,0
2026-05-15T06:25:34.000Z,2055172720749355183,RT @DrNeilStone: The worst part of Covid was that 20 million people died,0
2026-05-15T06:25:34.000Z,2055172719595884774,"RT @tomek525: Mężczyzna, który ze łzami w oczach apelował o pomoc dla ofiar pierwszego zbiorowego zakażenia hantawirusem na pokładzie statk…",0
2026-05-15T06:25:34.000Z,2055172718899716586,"RT @RandPaul: Today, a CIA whistleblower sat before my committee and confirmed what I've said for years: government officials, including Dr…",0
2026-05-15T06:25:34.000Z,2055172718564364505,@ETHMegaBear Calling yourself a bear. Imagine the smell.,0
2026-05-15T06:25:33.000Z,2055172717637419441,"RT @Blue_Eyes: 🚨 CIA Whistleblower James Erdman says:
“If need be, Congress should hold another Church Committee.”
Under oath: A current CI…",0
2026-05-15T06:25:33.000Z,2055172716978634878,"@Sambetting_tips Broski active make men taste the bread I go soon enter school 😔

0884536416(GTB) oluwasegun

#sambettingtips #sambettingtips #sambettingtips #sambettingtips",0
2026-05-15T06:25:33.000Z,2055172716550902218,The burger and pizza I make at home doesn't taste good like the outside one. Maybe it's all junk and unhealthy that makes it good.,0
2026-05-15T06:25:33.000Z,2055172716399902834,"RT @AYOKA1996: Most underrated Korean horror gems. 8/10🎬🎥🍿🎥🍿

pure chills❤️🥰🥰🥰 https://t.co/cNfrbpTZ9i",0
2026-05-15T06:25:33.000Z,2055172715896541600,"@V15HAL77 @C1892_LFC niggas name is Vishal😂😂😂they won’t ever accept YOUU🫵🏼🫵🏼 I can just smell the curry thu you screen with those dirty fingers, no matter how many “la” you comment you won’t ever be them😂😂😂😂😂be ur self be ur own",0
2026-05-15T06:25:32.000Z,2055172713501646911,"RT @Gdams70: 🚨 🇺🇸 💉 ÉCOUTEZ ÇA, LES FRANÇAIS ! 
Aux États-Unis, le Sénateur Josh Hawley balance tout dans cette vidéo choc : il dénonce un…",0
2026-05-15T06:25:32.000Z,2055172713204081066,Nothing beats the taste of fresh mint - Đào H. Luong https://t.co/03Z4TDbQos,0
2026-05-15T06:25:32.000Z,2055172713103421928,RT @baehelpnell: that’s a overly alot of cough syrup,0
2026-05-15T06:25:32.000Z,2055172712583086105,"RT @Comptesclares: 🚨‼️🍿🚨‼️🍿
1. Ha arribat l’hora. Haviem dit que ho explicariwm

FCS Select. Una empresa que va fer un pilotassu de 263 mil…",0
2026-05-15T06:25:32.000Z,2055172711916429711,RT @BENNEFRANK13: คนที่โพสต์ว่าเหยื่อ แล้วเอาบทสัมภาษณ์เขาไป ล้อเลียน สนุกสนานนี่ มีการโพสต์ว่า OMG I can taste your dick in my mouth? เป็น…,0
2026-05-15T06:25:32.000Z,2055172711576658326,ni apa apaan tmn SMA ku tb tb di malang😭 https://t.co/re0glUqr1u,0
2026-05-15T06:25:32.000Z,2055172711375114608,"RT @FredGaulois: Plus jamais!
Enorme coup de gueule de cette française sur la période COVID :
Moi, en fait, c'est très simple, plus jamais,…",0
2026-05-15T06:25:32.000Z,2055172710666264675,"@publico_es Los habrán echado por alterar el orden, ¿no?

Un buen manguerazo tb es necesario.",0
2026-05-15T06:25:32.000Z,2055172710133895641,"RT @BigBirdfyx: pussy is supposed to smell like pussy!!! not fruit, water, fresh laundry, good childhood memories or anything else ok???",0
2026-05-15T06:25:31.000Z,2055172708661678547,"RT @thehealthb0t: If you’re freaking out over the Hantavirus hoax,  remember what they pulled during the COVID scam. https://t.co/P4daJtvGkc",0
2026-05-15T06:25:31.000Z,2055172707277230274,"@Natalie53194548 Yes, but I might like them even more if I taste your delicious melons.🍈🍈👅❤️",0
2026-05-15T06:25:31.000Z,2055172706874638559,"@RiffianWarriors Te fatigue pas avec ton faux compte, ça ne marchera pas.",0
2026-05-15T06:25:30.000Z,2055172705654337724,@WaaleUp @khuchrep Bhai tumse bada congressi hu... Pr jb tk opposition road pr aake bawal nhi katega jan jan tk sachchai nhi pahuchayega tb tk aise hi opposition me rhega... Kitne andhbhakt isliye andhbakt ki unhe sachchai pta hi nhi . IT cell ka failaya jhuth ko hi sach mante hai.,0
2026-05-15T06:25:30.000Z,2055172705234686025,@blutigesmesser Bad omens.... Taste w chuj,0
2026-05-15T06:25:30.000Z,2055172704886567336,@KMbappe @equipedefrance Te fatigue pas. Utilise les pieds. Rien que les pieds,0
2026-05-15T06:25:30.000Z,2055172704316055880,RT @verity_france: « Il y avait un consensus scientifique à la CIA selon lequel le virus provenait du laboratoire. » Pas un seul commentair…,0
2026-05-15T06:25:30.000Z,2055172702961320399,"RT @giztapen: Hookup Stories 💦💨

Just a few minutes ago, I had a 22-year-old neighbor over. He was super horny, so I knew he needed a massa…",0
2026-05-15T06:25:30.000Z,2055172702244135257,"RT @ByronPumper: The after-practice sessions with my homie are the best. Our sweat smell combined with sex, his hole creaming on my dick an…",0
2026-05-15T06:25:29.000Z,2055172701174599810,RT @Whotfismick: maybe i died of Covid in 2020 and this is hell https://t.co/ncpKP5eQkP,0
2026-05-15T06:25:29.000Z,2055172700994183189,"RT @FranceRsistanc1: 🚨BOOM🚨L'ancien vice-président de Pfizer, le Dr Mike Yeadon, lâche une bombe en affirmant que les « vaccins » à ARNm co…",0
2026-05-15T06:25:29.000Z,2055172700084289813,@appucutean404 @Ajain112 Farmers are producing low quality cotton (heavy moisture). Wake up and smell some coffee.,0
2026-05-15T06:25:29.000Z,2055172699350032849,RT @ClaudioBorghi: Un altro giornale che ha notato l'interesse delle audizioni di martedì in commissione covid. Non ha capito nulla del mot…,0
2026-05-15T06:25:29.000Z,2055172698959999251,RT @ValerieAnne1970: Dr. Anthony Fauci’s daughter Allison worked for Old Twitter and silenced EVERYONE who spoke out against the SCAM of Co…,0
2026-05-15T06:25:29.000Z,2055172698527904219,"RT @MidwesternDoc: Trump's most controversial COVID remark was ""putting a disinfecting light in the body.""  In the 1940s, that therapy cure…",0
2026-05-15T06:25:28.000Z,2055172694094827869,"RT @Nher_who: Terror attack- HM didn't resign
Electoral Bond- FM didn't resign 
Train accident- Rail Minister didn't resign
Covid crisis- H…",0
2026-05-15T06:25:28.000Z,2055172694027452884,"RT @MarieTidball: This week is Mental Health Awareness Week.

I recently spoke for the first time publicly about my experience of anorexia…",0
2026-05-15T06:25:27.000Z,2055172692072964119,"RT @Alex_Diaz_68: Jake Rosmarin  es un actor de origen judío con vínculos con el estado de Israel, fue contratado para hacer de pasajero im…",0
2026-05-15T06:25:27.000Z,2055172691758604798,RT @ARIPBITCH: they said matcha taste like photosynthesis😭,0
2026-05-15T06:25:27.000Z,2055172691674439739,"RT @jakipz: What do you think I smell like 💪😏?
My ADULT content 🔞👉 https://t.co/aIrzpyUgee https://t.co/zz9JqBhDbL",0
2026-05-15T06:25:27.000Z,2055172691485741099,RT @RFKJr_Official: COVID mandates were a GROSS VIOLATION of the Nuremberg Code.,0
2026-05-15T06:25:27.000Z,2055172691163025521,RT @Anthonyjohn80: @LASHYBILLS Who fucking cares. It’s a word get over it. They call each other it all fucking day long. The fatigue is real,0
2026-05-15T06:25:27.000Z,2055172690302963878,RT @tatiann69922625: Chaque image vaut mille mots. Les données mondiales révèlent les mensonges. Le Covid n'était pas un grand tueur ; mais…,0
2026-05-15T06:25:27.000Z,2055172690260984201,"RT @FredGaulois: Plus jamais!
Enorme coup de gueule de cette française sur la période COVID :
Moi, en fait, c'est très simple, plus jamais,…",0
2026-05-15T06:25:27.000Z,2055172689958973467,"RT @ZaraBrokeback: oie me chamo Emily, sou uma menina trans. cheguei em São Paulo recentemente após ser expulsa de casa. se puder me ajudar…",0
2026-05-15T06:25:27.000Z,2055172689795428469,@kellybonito_BU Omo I go taste am,0
2026-05-15T06:25:27.000Z,2055172689225019730,@BingusDing3032 @Daemonised @bludgeonParagon @BugBench @Colteastwood Lol u said show me evidence of covid camps in Australia and I show u 2 examples of video proof and u change the subject. Fuck you,0
2026-05-15T06:25:26.000Z,2055172688373506125,RT @DrNeilStone: The worst part of Covid was that 20 million people died,0
2026-05-15T06:25:26.000Z,2055172687677231404,"RT @FranceRsistanc1: 🚨BOOM🚨L'ancien vice-président de Pfizer, le Dr Mike Yeadon, lâche une bombe en affirmant que les « vaccins » à ARNm co…",0
2026-05-15T06:25:26.000Z,2055172685735264310,RT @PinsolleT: « Le sénateur Rand Paul @SenRandPaul vient de RÉVÉLER qu'Anthony Fauci a CORROMPU un scientifique avec une subvention de 9 m…,0
2026-05-15T06:25:26.000Z,2055172685622321492,@bambiiquartz do you think it'd taste good though,1
2026-05-15T06:25:25.000Z,2055172684254761087,@societyhatestee @Toju81511 How does it smell,0
2026-05-15T06:25:25.000Z,2055172682862248197,@NotFarLeftAtAll Oh the smell.🤢,0
2026-05-15T06:25:25.000Z,2055172682082120054,"RT @flexxmusclbutt: Ask him what a man is supposed to smell and taste like. 

Vid in my link https://t.co/qo39HnTg2Q",0
2026-05-15T06:25:25.000Z,2055172681872371897,RT @essat28797565: Would you like to taste mommys tits?🍼💦 https://t.co/fBUFYxNbt4,0
2026-05-15T06:25:25.000Z,2055172681796850119,RT @AnquezLouisette: @Gdams70 https://t.co/VzKoPUhSoY,0
2026-05-15T06:25:25.000Z,2055172681557840129,"@iamBigChops Good morning bro, abeg make I taste small from your giveaway nah 🙏I no go lie, things really hard for my side right now and I dey try my best to stay strong and keep pushing. I dey put in effort every day, hustling and doing what I fit, but e never really easy. Any small support https://t.co/vg9BgZIzey",0
2026-05-15T06:25:24.000Z,2055172680538595355,"RT @FranceRsistanc1: 🚨BOOM🚨L'ancien vice-président de Pfizer, le Dr Mike Yeadon, lâche une bombe en affirmant que les « vaccins » à ARNm co…",0
2026-05-15T06:25:24.000Z,2055172679938793545,"RT @woodfuxonline6: This is a taste of how wild we become💦
@Kapri_SunX0 is like a farrow cat on @woodfuxonline6 😏they’re 6 months into doin…",0
2026-05-15T06:25:24.000Z,2055172679129235573,"RT @MindOfHeadking: Smell good. 

Invest in how you smell. This is an unspoken ‘rizz’. Smelling good does the job for you before you open y…",0
2026-05-15T06:25:24.000Z,2055172677615169771,"RT @corrupt_dad: Oral fixation yes but also just something about the person you serve placing something, anything in your mouth and guiding…",0
2026-05-15T06:25:23.000Z,2055172674318725595,"RT @Sandra1439701: Rooster was abandoned on TX Palm Valley Edinburg's property,all siblings adopted but no one wants him😭
He only knows the…",0
2026-05-15T06:25:23.000Z,2055172674234748937,"Taurai Kandishaya: There are people who have a weakness of being in perpetual election mode. The idea of coming doesn't mean people are not opposing. It is where we promote tolerance and constructive opposition.
#AmkaKenya https://t.co/VRHhI2H1sx",0
2026-05-15T06:25:23.000Z,2055172674138112428,"RT @Alex_Diaz_68: Jake Rosmarin  es un actor de origen judío con vínculos con el estado de Israel, fue contratado para hacer de pasajero im…",0
2026-05-15T06:25:23.000Z,2055172672930357658,RT @SM4LLBOY: mom who doesn't let me shower after school until she makes sure my boyparts still smell like momsmell,0
2026-05-15T06:25:22.000Z,2055172672309362885,"RT @ValerieAnne1970: Dr. Kelly Victory: “COVID mandates were a **GROSS VIOLATION** of the Nuremberg Code.”

“The CODE says you MAY NOT mand…",0
2026-05-15T06:25:22.000Z,2055172671625986341,"RT @ed_dems: older gen z is genuinely cursed

• guinea pigs for new tech
• COVID during high school/college
• debt for degrees while AI kil…",0
2026-05-15T06:25:22.000Z,2055172671353106773,"RT @vetopatriote: Les supposés « COMPLOTISTES » avaient raison,encore une fois.sur les biolabs,les laboratoires biologiques qui sont mainte…",0
2026-05-15T06:25:22.000Z,2055172670162096441,"RT @FE_758: 【お知らせ】

このたび、#杉本天昇 選手と2026-27シーズンの契約が決定しましたのでお知らせいたします。

#FE名古屋 #Bリーグ #FEVER 
⬇️コメントはこちら
https://t.co/dXjzm3Ce1D https://t.co/l…",0
2026-05-15T06:25:22.000Z,2055172668379545893,"RT @TheBongHead: Any idea why this water body is called Adi Ganga?

This flows through TMC ex CM Mamata’s Kalighat in Kolkata.

But can you…",0
2026-05-15T06:25:22.000Z,2055172668299612406,"RT @tatiann69922625: USA 🇺🇸 Excès de Mortalité Persiste... +7,7%

1. L'asymétrie s'accélère dans sa déviation vers les mécanismes bien étab…",0
2026-05-15T06:25:21.000Z,2055172666735436094,"RT @intoyou_jp: ギフトボックス先行公開｜「FEVER」に溺れる準備を💗

1．証明写真*1
冗談なんて通用しない、圧倒的なビジュアル

2．ポスター*1
夏だけの清々しい雰囲気を閉じ込めて

3．スマホグリップ*1
※内枠は証明写真サイズに対応
いつでもどこでも…",0
2026-05-15T06:25:21.000Z,2055172666064015699,"RT @ChildrensHD: Dr. Sucharit Bhadki says the evidence is now clear that COVID vaccines are causing turbo cancers worldwide.  

“It has now…",0
2026-05-15T06:25:21.000Z,2055172666030445020,RT @Zeeshyttt: Young hos smell like weed and a little bit of vanilla,0
2026-05-15T06:26:20.000Z,2055172914874290261,RT @Efecan54410337: Just nailed my first parallel parking pass at the driving test! So relieved after weeks of sweating over mirrors and di…,0
2026-05-15T06:26:19.000Z,2055172908691964350,"Nameere is now sweating plasma, never despise PLU in this term. https://t.co/VsaNpv9V1K",0
2026-05-15T06:26:01.000Z,2055172832972451909,"RT @Farah_91Babyz: #DrPONGxPONDPHUWIN
#ปอนด์ภูวินทร์

Dr.Pong supplement for Mommy brain draining

Phu: 1st set kub. Disclaimer, for every…",0
2026-05-15T06:25:46.000Z,2055172769374257296,RT @Suresthinakar: Computer is sweating why? https://t.co/2wBz86kNkd,0
2026-05-15T06:25:42.000Z,2055172754622554153,RT @joon_lovebot: sitting on the floor sweating from practice no makeup no nothing https://t.co/YUfCp7WAUW,0
2026-05-15T06:25:35.000Z,2055172725770256393,RT @fastestUFO: im violently sweating from jacking off withdrawals,0
2026-05-15T06:25:23.000Z,2055172674071024093,"RT @nduko__: Nowadays I am sweating abnormally while asleep, any solution?",0
2026-05-15T06:25:12.000Z,2055172628751786313,RT @Suresthinakar: Computer is sweating why? https://t.co/2wBz86kNkd,0
2026-05-15T06:25:10.000Z,2055172619888947536,"RT @GuntherEagleman: 🚨 FAIRFAX COUNTY DEM PROSECUTOR STEVE DESCANO GETS ABSOLUTELY OBLITERATED 

Grilled on camera for letting a violent il…",0
2026-05-15T06:25:09.000Z,2055172617225863170,RT @Suresthinakar: Computer is sweating why? https://t.co/2wBz86kNkd,0
2026-05-15T06:24:52.000Z,2055172545893294135,"RT @Farah_91Babyz: #DrPONGxPONDPHUWIN
#ปอนด์ภูวินทร์

Dr.Pong supplement for Mommy brain draining

Phu: 1st set kub. Disclaimer, for every…",0
2026-05-15T06:24:52.000Z,2055172542583767203,"RT @GigaBeers: Judge just ordered the full release of Michael Fanone’s unredacted bodycam from Jan 6.

The guy who’s spent years doing vict…",0
2026-05-15T06:24:49.000Z,2055172533494931877,"RT @GuntherEagleman: 🚨 FAIRFAX COUNTY DEM PROSECUTOR STEVE DESCANO GETS ABSOLUTELY OBLITERATED 

Grilled on camera for letting a violent il…",0
2026-05-15T06:24:27.000Z,2055172441215807797,"RT @GuntherEagleman: 🚨 FAIRFAX COUNTY DEM PROSECUTOR STEVE DESCANO GETS ABSOLUTELY OBLITERATED 

Grilled on camera for letting a violent il…",0
2026-05-15T06:23:52.000Z,2055172292142137517,"RT @Farah_91Babyz: #DrPONGxPONDPHUWIN
#ปอนด์ภูวินทร์

Dr.Pong supplement for Mommy brain draining

Phu: 1st set kub. Disclaimer, for every…",0
2026-05-15T06:23:28.000Z,2055172194079318066,"RT @4HumanUnity: They told you the real threat was the guy sweating on your roof in July, or the woman wiping your grandma’s chin for 10 bu…",0
2026-05-15T06:23:26.000Z,2055172181848457690,"RT @Fact: Exercise! The more you circulate your blood through your body, the more vibrant you will look. Also, sweating helps detoxify your…",0
2026-05-15T06:23:06.000Z,2055172099468382228,RT @Suresthinakar: Computer is sweating why? https://t.co/2wBz86kNkd,0
2026-05-15T06:22:50.000Z,2055172033731084563,Pampagaling sa ubo ko sb 😭😭😭,0
2026-05-15T06:22:28.000Z,2055171940214521881,"RT @GuntherEagleman: 🚨 FAIRFAX COUNTY DEM PROSECUTOR STEVE DESCANO GETS ABSOLUTELY OBLITERATED 

Grilled on camera for letting a violent il…",0
2026-05-15T06:22:17.000Z,2055171893120860375,"RT @GuntherEagleman: 🚨 FAIRFAX COUNTY DEM PROSECUTOR STEVE DESCANO GETS ABSOLUTELY OBLITERATED 

Grilled on camera for letting a violent il…",0
2026-05-15T06:22:14.000Z,2055171880093438461,"RT @GuntherEagleman: 🚨 FAIRFAX COUNTY DEM PROSECUTOR STEVE DESCANO GETS ABSOLUTELY OBLITERATED 

Grilled on camera for letting a violent il…",0
2026-05-15T06:22:03.000Z,2055171836250562720,"@lumpenspace So, for the longest time I thought people lost (most) their weight by sweating / going to the bathroom

Turns out we freaking breath out like 1/2lb to a full pound each day

Nutty

And for trees its the opposite. They get most their CHON from the air",0
2026-05-15T06:22:00.000Z,2055171824695001419,Feeling tired,0
2026-05-15T06:21:57.000Z,2055171812288311721,"RT @APewtato: ANG INIT SA PINAS TANG INA, and because of that I drew d3rlord3 also sweating in this god forsaken 34°C weather https://t.co/…",0
2026-05-15T06:21:55.000Z,2055171800925880776,"Just nailed my first parallel parking pass!  Sweating through 3 lessons, but seeing the mirror align perfectly with the curb Total win. Officially one step closer to my driver’s license! https://t.co/KFE9nqJO8s",0
2026-05-15T06:21:21.000Z,2055171660504866957,"RT @GuntherEagleman: 🚨 FAIRFAX COUNTY DEM PROSECUTOR STEVE DESCANO GETS ABSOLUTELY OBLITERATED 

Grilled on camera for letting a violent il…",0
2026-05-15T06:20:48.000Z,2055171520612225143,"@FabrizioRomano Clear head for the World Cup is smart — no distractions, full focus on Portugal. City fans will be sweating though.",0
2026-05-15T06:20:47.000Z,2055171517625893108,"RT @4HumanUnity: They told you the real threat was the guy sweating on your roof in July, or the woman wiping your grandma’s chin for 10 bu…",0
2026-05-15T06:20:28.000Z,2055171436709630462,"RT @GuntherEagleman: 🚨 FAIRFAX COUNTY DEM PROSECUTOR STEVE DESCANO GETS ABSOLUTELY OBLITERATED 

Grilled on camera for letting a violent il…",0
2026-05-15T06:20:07.000Z,2055171346955661544,"@CricCrazyJohns ""May 20th can’t come soon enough. The nets are sweating, KKR should be too! 👀🔥""",0
2026-05-15T06:20:05.000Z,2055171339128889668,"RT @GuntherEagleman: 🚨 FAIRFAX COUNTY DEM PROSECUTOR STEVE DESCANO GETS ABSOLUTELY OBLITERATED 

Grilled on camera for letting a violent il…",0
2026-05-15T06:19:57.000Z,2055171307923198445,"RT @Fact: Exercise! The more you circulate your blood through your body, the more vibrant you will look. Also, sweating helps detoxify your…",0
2026-05-15T06:19:44.000Z,2055171253724426684,"RT @GuntherEagleman: 🚨 FAIRFAX COUNTY DEM PROSECUTOR STEVE DESCANO GETS ABSOLUTELY OBLITERATED 

Grilled on camera for letting a violent il…",0
2026-05-15T06:19:38.000Z,2055171228797637057,RT @EllaRoseiee: Doctors please how do i stop this profuse sweating on my 11 months baby? Even when weather is cold he still sweat like thi…,0
2026-05-15T06:19:31.000Z,2055171198565363943,@ShitpostReels my palms are sweating just from watching this video,0
2026-05-15T06:19:27.000Z,2055171182299660636,"RT @nduko__: Nowadays I am sweating abnormally while asleep, any solution?",0
2026-05-15T06:19:22.000Z,2055171160174731531,"RT @Adam_FaithfulM: In 1986, the American Medical Association published an article titled ""The Physical Death of Jesus Christ"". It details…",0
2026-05-15T06:19:17.000Z,2055171139861651783,"RT @Fact: Exercise! The more you circulate your blood through your body, the more vibrant you will look. Also, sweating helps detoxify your…",0
2026-05-15T06:19:16.000Z,2055171134639735228,"RT @GuntherEagleman: 🚨 FAIRFAX COUNTY DEM PROSECUTOR STEVE DESCANO GETS ABSOLUTELY OBLITERATED 

Grilled on camera for letting a violent il…",0
2026-05-15T06:19:14.000Z,2055171126829912178,"RT @Fact: Exercise! The more you circulate your blood through your body, the more vibrant you will look. Also, sweating helps detoxify your…",0
2026-05-15T06:18:59.000Z,2055171064163090440,RT @24_70xu: It seems like all top US officials are scared of Xi and very nervous in his presence 😰 Just observe the US Secretary of Defens…,0
2026-05-15T06:18:58.000Z,2055171060685746195,it’s pounding my heart is pounding im sweating im drooling im in heat..riku only ur hole can save me  https://t.co/hL9d6Z50tv,0
2026-05-15T06:18:52.000Z,2055171033263448292,"Exercise! The more you circulate your blood through your body, the more vibrant you will look. Also, sweating helps detoxify your skin.",17
2026-05-15T06:18:43.000Z,2055170998513664209,"@SilverDudeMan @Patriota_81 No one is 'sweating bullets' lefty.
We're laughing at the sheer level of delusion &amp; stupidity woke little bitches like you exhibit.
100% this film will NOT be the biggest film of the year as stupid as many of Nolan's fans are.
Achilles played by 5 1"" Elliot Page?!
REALLY?
😆🤣😂",0
2026-05-15T06:18:20.000Z,2055170901059203169,"We were coming back from a long and tiring trek when we saw this tiny natural water pool on the way. I wouldn’t even call it a pool, it was almost the size of a small jacuzzi. We were sweating, tired, and itchy after the trek, #travelreels #naturelove #peaceful https://t.co/6rQutxB7i1",0
2026-05-15T06:18:19.000Z,2055170894348296360,@Siddurp2 @Jainadave_ I don’t clean the bench unless I’m sweating profusely and I don’t expect anyone else to,0
2026-05-15T06:18:15.000Z,2055170878363640105,"@__Mgijimi Rather that, than sweating the entire morning with damp clothes.. Hawu, nikx, morning does not work this side.. 😢",0
2026-05-15T06:17:56.000Z,2055170797946519672,"RT @Farah_91Babyz: #DrPONGxPONDPHUWIN
#ปอนด์ภูวินทร์

Dr.Pong supplement for Mommy brain draining

Phu: 1st set kub. Disclaimer, for every…",0
2026-05-15T06:17:55.000Z,2055170794947531096,RT @Suresthinakar: Computer is sweating why? https://t.co/2wBz86kNkd,0
2026-05-15T06:17:39.000Z,2055170729348395506,"RT @RafaelSimoes9: Just nailed my first parallel parking—no bumps, no panic, just me and a spot that almost looked too tight to handle.  Ti…",0
2026-05-15T06:17:33.000Z,2055170702052036881,"RT @FitWithDrSam: 2. Control your breathing

Fast breathing increases tension and excitement.Slow, deep breathing helps calm the nervous sy…",0
2026-05-15T06:17:21.000Z,2055170651158421867,starts sweating and shaking https://t.co/5vryoipuVb https://t.co/CgiNSML4p5,1
2026-05-15T06:17:20.000Z,2055170649857888493,Doctors please how do i stop this profuse sweating on my 11 months baby? Even when weather is cold he still sweat like this. Is this normal? https://t.co/mJODHa3M6B,3
2026-05-15T06:16:57.000Z,2055170552344813803,"RT @FightFanatic_: UFC cutman Brad Tate revealed how nervous Joshua Van was before his UFC debut on short notice:

“Met him in the elevator…",0
2026-05-15T06:16:49.000Z,2055170519583076468,RT @Suresthinakar: Computer is sweating why? https://t.co/2wBz86kNkd,0
2026-05-15T06:16:40.000Z,2055170479137423405,"RT @APewtato: ANG INIT SA PINAS TANG INA, and because of that I drew d3rlord3 also sweating in this god forsaken 34°C weather https://t.co/…",0
2026-05-15T06:16:27.000Z,2055170427207475703,"RT @GuntherEagleman: 🚨 FAIRFAX COUNTY DEM PROSECUTOR STEVE DESCANO GETS ABSOLUTELY OBLITERATED 

Grilled on camera for letting a violent il…",0
2026-05-15T06:16:25.000Z,2055170415895691422,"RT @NuneoLove1: Funny moment from Day 1. 😂

Junho said everybody is worrying they're sweating so much. (Which frankly they did, they were d…",0
2026-05-15T06:16:13.000Z,2055170366293582157,"RT @GuntherEagleman: 🚨 FAIRFAX COUNTY DEM PROSECUTOR STEVE DESCANO GETS ABSOLUTELY OBLITERATED 

Grilled on camera for letting a violent il…",0
2026-05-15T06:16:01.000Z,2055170315203092829,"RT @Farah_91Babyz: #DrPONGxPONDPHUWIN
#ปอนด์ภูวินทร์

Dr.Pong supplement for Mommy brain draining

Phu: 1st set kub. Disclaimer, for every…",0
2026-05-15T06:15:50.000Z,2055170270764118305,@SportsRadioWIP @kennamcginnis_ If he was locked in to one team and one city maybe he wouldn’t be sweating so hard…,0
2026-05-15T06:15:41.000Z,2055170232503750780,"@benonwine The only time I ever went into Starbuck is when I was driving down to Birmingham and started feeling tired. 
Pulled into the nearest service station for a coffee. 
Starbucks!
A large just means more water, no more coffee, what a gip! 
You can buy a 250g bag of beans for less.",0
2026-05-15T06:15:25.000Z,2055170166095225224,"RT @MrYoLo11_11: Wake that ass 🍑up and get that ass🍑 up, I’m gonna make you sweat. I’mma train that ass 🍑good sex make you sweat if y’all b…",0
2026-05-15T06:15:20.000Z,2055170143760633940,"RT @nduko__: Nowadays I am sweating abnormally while asleep, any solution?",0
2026-05-15T06:15:14.000Z,2055170121694650443,@goldtoothedworm i was sweating profusely,1
2026-05-15T06:15:11.000Z,2055170109514150325,"This why DJ Khaled lost all that weight, he’s been sweating non stop since the ICEMAN promo started",0
2026-05-15T06:15:03.000Z,2055170074408063202,"RT @Farah_91Babyz: #DrPONGxPONDPHUWIN
#ปอนด์ภูวินทร์

Dr.Pong supplement for Mommy brain draining

Phu: 1st set kub. Disclaimer, for every…",0
2026-05-15T06:14:38.000Z,2055169968870948901,@blacksquad_22 @grok Due to sweating I think 🤔,0
2026-05-15T06:14:19.000Z,2055169890609147980,"RT @4HumanUnity: They told you the real threat was the guy sweating on your roof in July, or the woman wiping your grandma’s chin for 10 bu…",0
2026-05-15T06:14:12.000Z,2055169859747741705,RT @24_70xu: It seems like all top US officials are scared of Xi and very nervous in his presence 😰 Just observe the US Secretary of Defens…,0
2026-05-15T06:14:06.000Z,2055169834439369062,RT @Suresthinakar: Computer is sweating why? https://t.co/2wBz86kNkd,0
2026-05-15T06:14:04.000Z,2055169828474990597,"RT @GuntherEagleman: 🚨 FAIRFAX COUNTY DEM PROSECUTOR STEVE DESCANO GETS ABSOLUTELY OBLITERATED 

Grilled on camera for letting a violent il…",0
2026-05-15T06:13:59.000Z,2055169803443487080,"RT @FightFanatic_: UFC cutman Brad Tate revealed how nervous Joshua Van was before his UFC debut on short notice:

“Met him in the elevator…",0
2026-05-15T06:13:37.000Z,2055169714268274885,ndi ako mapipigilan ng ubo at sipon jwksjakajaj sasayaw ako 😼😼😼😼,0
2026-05-15T06:13:35.000Z,2055169706340884923,"That night, she returned to her hostel, feeling tired but happy, and jotted down her day in Athens in her notebook.🍐 https://t.co/3rCABV4Mk4",0
2026-05-15T06:13:27.000Z,2055169669456162976,"RT @GuntherEagleman: 🚨 FAIRFAX COUNTY DEM PROSECUTOR STEVE DESCANO GETS ABSOLUTELY OBLITERATED 

Grilled on camera for letting a violent il…",0
2026-05-15T06:13:08.000Z,2055169590460567755,RT @Suresthinakar: Computer is sweating why? https://t.co/2wBz86kNkd,0
2026-05-15T06:13:00.000Z,2055169556784844855,"Sweating is one of the body’s natural cooling mechanisms, but it’s also tied to skin health.

Regular sauna use may help support clearer-looking skin by increasing circulation and opening pores through deep sweating.

Hydration before and after is key.💧",0
2026-05-15T06:12:54.000Z,2055169534068494725,"RT @Farah_91Babyz: #DrPONGxPONDPHUWIN
#ปอนด์ภูวินทร์

Dr.Pong supplement for Mommy brain draining

Phu: 1st set kub. Disclaimer, for every…",0
2026-05-15T06:12:33.000Z,2055169445300248812,RT @Suresthinakar: Computer is sweating why? https://t.co/2wBz86kNkd,0
2026-05-15T06:12:24.000Z,2055169407458935094,@rubibiiii same i hate sweating and being hot id prefer weather below like 65 for literally ANY activity like today was 80 and sunny and tomorrow is like 40 and raining GIVE ME IN BETWEEN,0
2026-05-15T06:12:11.000Z,2055169352283099375,RT @Suresthinakar: Computer is sweating why? https://t.co/2wBz86kNkd,0
2026-05-15T06:12:06.000Z,2055169330925461779,Shaking and sweating https://t.co/5FS4cy1c1D,0
2026-05-15T06:11:46.000Z,2055169248171901120,"RT @APewtato: ANG INIT SA PINAS TANG INA, and because of that I drew d3rlord3 also sweating in this god forsaken 34°C weather https://t.co/…",0
2026-05-15T06:11:30.000Z,2055169180836720909,"RT @APewtato: ANG INIT SA PINAS TANG INA, and because of that I drew d3rlord3 also sweating in this god forsaken 34°C weather https://t.co/…",0
2026-05-15T06:11:30.000Z,2055169179003810122,RT @24_70xu: It seems like all top US officials are scared of Xi and very nervous in his presence 😰 Just observe the US Secretary of Defens…,0
2026-05-15T06:10:43.000Z,2055168983905472983,"RT @GuntherEagleman: 🚨 FAIRFAX COUNTY DEM PROSECUTOR STEVE DESCANO GETS ABSOLUTELY OBLITERATED 

Grilled on camera for letting a violent il…",0
2026-05-15T06:10:35.000Z,2055168949118030219,"RT @nduko__: Nowadays I am sweating abnormally while asleep, any solution?",0
2026-05-15T06:09:42.000Z,2055168726555922893,"RT @Farah_91Babyz: #DrPONGxPONDPHUWIN
#ปอนด์ภูวินทร์

Dr.Pong supplement for Mommy brain draining

Phu: 1st set kub. Disclaimer, for every…",0
2026-05-15T06:09:16.000Z,2055168617373720674,"RT @GuntherEagleman: 🚨 FAIRFAX COUNTY DEM PROSECUTOR STEVE DESCANO GETS ABSOLUTELY OBLITERATED 

Grilled on camera for letting a violent il…",0
2026-05-15T06:09:11.000Z,2055168598323363909,RT @fastestUFO: im violently sweating from jacking off withdrawals,0
2026-05-15T06:09:07.000Z,2055168581613335019,RT @_faaaz: Udhayanidhi is already sweating 🤣 https://t.co/i2Y78GI7KT,0
2026-05-15T06:09:05.000Z,2055168571341209679,@gman5180 @FFT1776 This guy gets more &amp; more irrelevant with each passing day &amp; he’s sweating it out big time!,0
2026-05-15T06:08:53.000Z,2055168523635220513,"@nonregemesse As s die hard fan of my teams, I ain't smiling either. I'm sweating balls. Em really that for Detroit. Can't hate.",0
2026-05-15T06:08:49.000Z,2055168506031694169,RT @gregorytonight: Must be excruciatingly hot being in the same gym with a view of Alan Ritchson sweating and lifting and flaunting his sw…,0
2026-05-15T06:08:27.000Z,2055168413845332423,"RT @khen_yummy: Nangawit sa naka upo kaya tumayo part 2 na pag subo at pag ubo ni twink 

@Pinoy_Poppers https://t.co/awys71FKB1",0
2026-05-15T06:08:17.000Z,2055168372044636667,"RT @4HumanUnity: They told you the real threat was the guy sweating on your roof in July, or the woman wiping your grandma’s chin for 10 bu…",0
2026-05-15T06:07:54.000Z,2055168273214472352,"RT @4HumanUnity: They told you the real threat was the guy sweating on your roof in July, or the woman wiping your grandma’s chin for 10 bu…",0
2026-05-15T06:07:28.000Z,2055168167107063987,"RT @4HumanUnity: They told you the real threat was the guy sweating on your roof in July, or the woman wiping your grandma’s chin for 10 bu…",0
2026-05-15T06:07:12.000Z,2055168096902533617,@NinyeTabz What of yosefu 😆 and btw someone should post that ka victory dance of last time we see the last dance 🕺 😄 he maut be sweating profoundly,0
2026-05-15T06:07:11.000Z,2055168094222369203,"RT @GuntherEagleman: 🚨 FAIRFAX COUNTY DEM PROSECUTOR STEVE DESCANO GETS ABSOLUTELY OBLITERATED 

Grilled on camera for letting a violent il…",0
2026-05-15T06:06:43.000Z,2055167975192465636,Wearing otwmj fit im sweating so bad i cant,0
2026-05-15T06:06:38.000Z,2055167956343279984,"RT @APewtato: ANG INIT SA PINAS TANG INA, and because of that I drew d3rlord3 also sweating in this god forsaken 34°C weather https://t.co/…",0
2026-05-15T06:05:49.000Z,2055167751191429161,"RT @hines_wend14462: Palms were SWEATING in this scene.
📺 Unchosen https://t.co/zOruKQqXH8",0
2026-05-15T06:05:48.000Z,2055167748095791375,"RT @MahibubPatel9: The poor cannot earn two meals a day even by sweating, while the rich build palaces with the earnings of others' sweat.!…",0
2026-05-15T06:05:40.000Z,2055167714235404410,RT @joon_lovebot: sitting on the floor sweating from practice no makeup no nothing https://t.co/YUfCp7WAUW,0
2026-05-15T06:05:32.000Z,2055167680819204587,@Mootjee_Mahh @j2r8miah @Rap I’m sweating gotta change my draws and socks. Let’s leave it at that. #whitedrawsgoneblue,0
2026-05-15T06:05:30.000Z,2055167669083713974,RT @24_70xu: It seems like all top US officials are scared of Xi and very nervous in his presence 😰 Just observe the US Secretary of Defens…,0
2026-05-15T06:05:29.000Z,2055167664583286909,Gagu may dugo nanaman ubo ko😭,0
2026-05-15T06:05:14.000Z,2055167602326933849,"RT @nduko__: Nowadays I am sweating abnormally while asleep, any solution?",0
2026-05-15T06:04:35.000Z,2055167440154243400,"RT @4HumanUnity: They told you the real threat was the guy sweating on your roof in July, or the woman wiping your grandma’s chin for 10 bu…",0
2026-05-15T06:04:31.000Z,2055167424731681172,RT @24_70xu: It seems like all top US officials are scared of Xi and very nervous in his presence 😰 Just observe the US Secretary of Defens…,0
2026-05-15T06:04:26.000Z,2055167401956667837,"RT @4HumanUnity: They told you the real threat was the guy sweating on your roof in July, or the woman wiping your grandma’s chin for 10 bu…",0
2026-05-15T06:04:24.000Z,2055167392872091926,"RT @Farah_91Babyz: #DrPONGxPONDPHUWIN
#ปอนด์ภูวินทร์

Dr.Pong supplement for Mommy brain draining

Phu: 1st set kub. Disclaimer, for every…",0
2026-05-15T06:03:54.000Z,2055167269580177565,"RT @nduko__: Nowadays I am sweating abnormally while asleep, any solution?",0
2026-05-15T06:03:49.000Z,2055167248659317075,RT @_faaaz: Udhayanidhi is already sweating 🤣 https://t.co/i2Y78GI7KT,0
2026-05-15T06:03:40.000Z,2055167210260484202,"RT @GuntherEagleman: 🚨 FAIRFAX COUNTY DEM PROSECUTOR STEVE DESCANO GETS ABSOLUTELY OBLITERATED 

Grilled on camera for letting a violent il…",0
2026-05-15T06:02:59.000Z,2055167038079857025,"RT @GuntherEagleman: 🚨 FAIRFAX COUNTY DEM PROSECUTOR STEVE DESCANO GETS ABSOLUTELY OBLITERATED 

Grilled on camera for letting a violent il…",0
2026-05-15T06:02:44.000Z,2055166973986906314,"RT @APewtato: ANG INIT SA PINAS TANG INA, and because of that I drew d3rlord3 also sweating in this god forsaken 34°C weather https://t.co/…",0
2026-05-15T06:02:28.000Z,2055166906865234131,"RT @nduko__: Nowadays I am sweating abnormally while asleep, any solution?",0
2026-05-15T06:02:15.000Z,2055166853563957275,"@piercetheclawz @ljlovesChrist no? the gym ≠ the beach lol there's a time and place for everything, why tf would anyone willingly go like that to the gym? it's disgusting to have that much skin touch places people have been sweating on all day.. it's just nasty and inappropriate",0
2026-05-15T06:02:06.000Z,2055166816889323957,"RT @GuntherEagleman: 🚨 FAIRFAX COUNTY DEM PROSECUTOR STEVE DESCANO GETS ABSOLUTELY OBLITERATED 

Grilled on camera for letting a violent il…",0
2026-05-15T06:02:04.000Z,2055166808672588268,"RT @GuntherEagleman: 🚨 FAIRFAX COUNTY DEM PROSECUTOR STEVE DESCANO GETS ABSOLUTELY OBLITERATED 

Grilled on camera for letting a violent il…",0
2026-05-15T06:01:40.000Z,2055166707497415025,"RT @GuntherEagleman: 🚨 FAIRFAX COUNTY DEM PROSECUTOR STEVE DESCANO GETS ABSOLUTELY OBLITERATED 

Grilled on camera for letting a violent il…",0
2026-05-15T06:01:37.000Z,2055166695052923200,RT @Gamerdeewana: Just nailed my first parallel parking! 2 hours of sweating + one small curb scrape =  #NewDriver #DrivingTestPrep https:/…,0
2026-05-15T06:01:27.000Z,2055166652619043203,"RT @Elevenheavn: These are some possible causes:

* Sweating and friction

* Shaving (especially with blades/irritation from shaving sticks…",0
2026-05-15T06:01:21.000Z,2055166626237141379,"RT @4HumanUnity: They told you the real threat was the guy sweating on your roof in July, or the woman wiping your grandma’s chin for 10 bu…",0
2026-05-15T06:00:57.000Z,2055166523963224439,"RT @Farah_91Babyz: #DrPONGxPONDPHUWIN
#ปอนด์ภูวินทร์

Dr.Pong supplement for Mommy brain draining

Phu: 1st set kub. Disclaimer, for every…",0
2026-05-15T06:00:12.000Z,2055166338696380839,"RT @Farah_91Babyz: #DrPONGxPONDPHUWIN
#ปอนด์ภูวินทร์

Dr.Pong supplement for Mommy brain draining

Phu: 1st set kub. Disclaimer, for every…",0
2026-05-15T06:00:12.000Z,2055166337773928564,"RT @4HumanUnity: They told you the real threat was the guy sweating on your roof in July, or the woman wiping your grandma’s chin for 10 bu…",0
2026-05-15T05:59:37.000Z,2055166190855901544,"RT @GuntherEagleman: 🚨 FAIRFAX COUNTY DEM PROSECUTOR STEVE DESCANO GETS ABSOLUTELY OBLITERATED 

Grilled on camera for letting a violent il…",0
2026-05-15T05:59:31.000Z,2055166163244740791,"RT @Farah_91Babyz: #DrPONGxPONDPHUWIN
#ปอนด์ภูวินทร์

Dr.Pong supplement for Mommy brain draining

Phu: 1st set kub. Disclaimer, for every…",0
2026-05-15T05:59:04.000Z,2055166052271632515,im at this event i have no clue where i can stand im sweating and shaking out of anxiety i wish i knew someone here 😭💔,1
2026-05-15T05:58:55.000Z,2055166013419749454,RT @24_70xu: It seems like all top US officials are scared of Xi and very nervous in his presence 😰 Just observe the US Secretary of Defens…,0
2026-05-15T05:58:39.000Z,2055165947229741275,"RT @GuntherEagleman: 🚨 FAIRFAX COUNTY DEM PROSECUTOR STEVE DESCANO GETS ABSOLUTELY OBLITERATED 

Grilled on camera for letting a violent il…",0
2026-05-15T05:58:30.000Z,2055165907031179365,"RT @nduko__: Nowadays I am sweating abnormally while asleep, any solution?",0
2026-05-15T05:58:24.000Z,2055165883404734525,"RT @4HumanUnity: They told you the real threat was the guy sweating on your roof in July, or the woman wiping your grandma’s chin for 10 bu…",0
2026-05-15T05:58:15.000Z,2055165847023288837,"RT @4HumanUnity: They told you the real threat was the guy sweating on your roof in July, or the woman wiping your grandma’s chin for 10 bu…",0
2026-05-15T05:58:09.000Z,2055165821438116143,RT @fastestUFO: im violently sweating from jacking off withdrawals,0
2026-05-15T05:58:07.000Z,2055165813217509732,"RT @Nerox893: RIP Bronya😭🫡

Her sweating bullets in front of sweet little Seele is so funny to me. 

Also, Mei snitching on Bronya to Seele…",0
2026-05-15T05:58:02.000Z,2055165790245003339,"RT @nduko__: Nowadays I am sweating abnormally while asleep, any solution?",0
2026-05-15T05:57:17.000Z,2055165604525699218,RT @FindomEclipse: Summer really got me sweating like I’m doing cardio between sets https://t.co/GaSnRHwYsC,0
2026-05-15T05:57:05.000Z,2055165552793194973,"RT @Farah_91Babyz: #DrPONGxPONDPHUWIN
#ปอนด์ภูวินทร์

Dr.Pong supplement for Mommy brain draining

Phu: 1st set kub. Disclaimer, for every…",0
2026-05-15T05:56:55.000Z,2055165511772639734,"@MiMagunk Calm down, Adolf Jr. You're sweating so hard, it's melting your vagina hat causing your Swastika to rust. 😢",0
2026-05-15T05:56:53.000Z,2055165502054367714,"RT @4HumanUnity: They told you the real threat was the guy sweating on your roof in July, or the woman wiping your grandma’s chin for 10 bu…",0
2026-05-15T05:56:36.000Z,2055165430407266465,RT @Gero_genius: @Pliam_ Zex must be sweating blood 😂😂😂,0
2026-05-15T05:56:21.000Z,2055165369858306542,"RT @nduko__: Nowadays I am sweating abnormally while asleep, any solution?",0
2026-05-15T05:56:10.000Z,2055165322613723340,"@606bets maxey went nuclear but that hawks/spurs total was sweating until the 4th, what made you lock in 232.5 when both defenses had been trending under lately?",0
2026-05-15T05:55:52.000Z,2055165246399205778,"RT @GuntherEagleman: 🚨 FAIRFAX COUNTY DEM PROSECUTOR STEVE DESCANO GETS ABSOLUTELY OBLITERATED 

Grilled on camera for letting a violent il…",0
2026-05-15T05:55:29.000Z,2055165148273524764,"RT @NuneoLove1: Funny moment from Day 1. 😂

Junho said everybody is worrying they're sweating so much. (Which frankly they did, they were d…",0
2026-05-15T05:54:48.000Z,2055164979557347347,"RT @GuntherEagleman: 🚨 FAIRFAX COUNTY DEM PROSECUTOR STEVE DESCANO GETS ABSOLUTELY OBLITERATED 

Grilled on camera for letting a violent il…",0
2026-05-15T05:54:48.000Z,2055164975807897816,RT @24_70xu: It seems like all top US officials are scared of Xi and very nervous in his presence 😰 Just observe the US Secretary of Defens…,0
2026-05-15T05:54:35.000Z,2055164924196716888,"RT @4HumanUnity: They told you the real threat was the guy sweating on your roof in July, or the woman wiping your grandma’s chin for 10 bu…",0
2026-05-15T05:54:29.000Z,2055164897399632063,"Forza Horizon topping charts says a lot about where gaming is heading.

Players are getting tired of stressful grind-heavy games built around retention loops.

People miss games that simply feel GOOD to play.

No pressure.
No sweating.
Just pure escapism. https://t.co/P2P0UHHxef",1
2026-05-15T05:54:28.000Z,2055164894765601055,"RT @4HumanUnity: They told you the real threat was the guy sweating on your roof in July, or the woman wiping your grandma’s chin for 10 bu…",0
2026-05-15T05:54:18.000Z,2055164851065073784,RT @Pika_Nation: The boss music got me over here sweating 😭 my bro was riding on the outside asking me to check if we were being followed..…,0
2026-05-15T05:53:52.000Z,2055164744663785753,"RT @GuntherEagleman: 🚨 FAIRFAX COUNTY DEM PROSECUTOR STEVE DESCANO GETS ABSOLUTELY OBLITERATED 

Grilled on camera for letting a violent il…",0
2026-05-15T05:53:52.000Z,2055164742633705586,RT @24_70xu: It seems like all top US officials are scared of Xi and very nervous in his presence 😰 Just observe the US Secretary of Defens…,0
2026-05-15T05:53:41.000Z,2055164696697946159,"an ac unit in our building broke, so we all were sent home early because the upper management was sweating too. plus the makeup kits were at risk of melting. 😅 now it's just me at home sitting on my yoga mat in a bikini top (and shorts), all i need now is an iced tea...",1
2026-05-15T05:53:37.000Z,2055164678087553399,"RT @nduko__: Nowadays I am sweating abnormally while asleep, any solution?",0
2026-05-15T05:53:09.000Z,2055164561188180286,"RT @4HumanUnity: They told you the real threat was the guy sweating on your roof in July, or the woman wiping your grandma’s chin for 10 bu…",0
2026-05-15T05:53:08.000Z,2055164559602627070,@grok @Channel4News Lol my EXACT THOUGHTS lol WHO TF TRAINED GROK?? (Us sweating in the corner pointing at ai like.. 😱 THE AI IS ACTING TOO HUMAN!!LOL.. meanwhile IRL… everything is on fire and thats just fine..for profit sometimes too..) this story is great fluff if you don’t look around IRL 🤷🏻‍♀️,0
2026-05-15T05:52:56.000Z,2055164508159594568,"RT @GuntherEagleman: 🚨 FAIRFAX COUNTY DEM PROSECUTOR STEVE DESCANO GETS ABSOLUTELY OBLITERATED 

Grilled on camera for letting a violent il…",0
2026-05-15T05:52:41.000Z,2055164445379424367,RT @FindomEclipse: Summer really got me sweating like I’m doing cardio between sets https://t.co/GaSnRHwYsC,0
2026-05-15T05:52:30.000Z,2055164398218760204,"The bangs look so thick and heavy, my god whatever hair stylist does her hair for her wedding will be sweating bullets.",0
2026-05-15T05:52:19.000Z,2055164353175757092,"RT @Wors_art: Darkness sweating style and chaos… and yes, another page? 🍑🔥

Want Page 2? RT! 🔁❤️ https://t.co/9wQrrw1Vv1",0
2026-05-15T05:52:08.000Z,2055164307466314213,"Lila closed her eyes, feeling tired but content, her mind replaying the day’s small moments. https://t.co/VmA75aAE5C",0
2026-05-15T05:51:54.000Z,2055164246816965013,RT @joon_lovebot: sitting on the floor sweating from practice no makeup no nothing https://t.co/YUfCp7WAUW,0
2026-05-15T05:50:43.000Z,2055163949675409442,"RT @nduko__: Nowadays I am sweating abnormally while asleep, any solution?",0
2026-05-15T05:50:28.000Z,2055163886664392922,"RT @GuntherEagleman: 🚨 FAIRFAX COUNTY DEM PROSECUTOR STEVE DESCANO GETS ABSOLUTELY OBLITERATED 

Grilled on camera for letting a violent il…",0
2026-05-15T05:50:02.000Z,2055163778581344570,"RT @GuntherEagleman: 🚨 FAIRFAX COUNTY DEM PROSECUTOR STEVE DESCANO GETS ABSOLUTELY OBLITERATED 

Grilled on camera for letting a violent il…",0
2026-05-15T05:49:56.000Z,2055163752765689951,"realized that im not that aggressive, cus im sweating the small stuff! like conversion ratios and shit, ALMOST FORGOT THAT IM A WINNER AND ILL BEAT EVERYTHING https://t.co/Eafcp6FuT5",0
2026-05-15T05:49:53.000Z,2055163738953499131,@prsk_ubo うぼーさんありがとうございます！いつもカスプロ見てます👀,0
2026-05-15T05:49:51.000Z,2055163730938466646,"RT @GuntherEagleman: 🚨 FAIRFAX COUNTY DEM PROSECUTOR STEVE DESCANO GETS ABSOLUTELY OBLITERATED 

Grilled on camera for letting a violent il…",0
2026-05-15T05:49:37.000Z,2055163672041828667,"RT @nduko__: Nowadays I am sweating abnormally while asleep, any solution?",0
2026-05-15T05:49:21.000Z,2055163607806067193,"RT @Daniell64334313: 🚨 THE EPSTEIN PENIS BOMBSHELL JUST DROPPED AGAIN – AND THE ELITES ARE SWEATING 🚨
Listen up, patriots. While the normie…",0
2026-05-15T05:49:16.000Z,2055163584112738611,"My heart rate was all over the place, I was sweating through my shirt, I screamed, I cried… That was the most emotional rollercoaster and I NEED SOMEONE TO DISCUSS WITH ME 

#Outlander",4
2026-05-15T05:49:10.000Z,2055163559294726339,“O-Obviously! I’m practically damn sweating bullets over here!” https://t.co/i0r2QyM5Eu,0
2026-05-15T05:49:09.000Z,2055163556904259842,"RT @Farah_91Babyz: #DrPONGxPONDPHUWIN
#ปอนด์ภูวินทร์

Dr.Pong supplement for Mommy brain draining

Phu: 1st set kub. Disclaimer, for every…",0
2026-05-15T05:49:09.000Z,2055163554261803057,"RT @4HumanUnity: They told you the real threat was the guy sweating on your roof in July, or the woman wiping your grandma’s chin for 10 bu…",0
2026-05-15T05:49:06.000Z,2055163541389258803,"RT @GuntherEagleman: 🚨 FAIRFAX COUNTY DEM PROSECUTOR STEVE DESCANO GETS ABSOLUTELY OBLITERATED 

Grilled on camera for letting a violent il…",0
2026-05-15T05:48:56.000Z,2055163499664609564,"RT @4HumanUnity: They told you the real threat was the guy sweating on your roof in July, or the woman wiping your grandma’s chin for 10 bu…",0
2026-05-15T05:48:52.000Z,2055163484279603539,"RT @nduko__: Nowadays I am sweating abnormally while asleep, any solution?",0
2026-05-15T05:48:29.000Z,2055163386707804206,RT @YoungCopX: I been sweating so much today 😅🥵 https://t.co/vCI2SnJ1fG,0
2026-05-15T05:48:18.000Z,2055163342453358920,"RT @TheAwardCenter1: Man To Man Heat (1980)
Warning: Watching this video may cause fevers, sweating, and possibly spontaneous combustion! T…",0
2026-05-15T05:48:16.000Z,2055163335184663014,"@TheGriftReport As my mum used to say Ne'er cast a clout till May is out.
The amount of times I went to school sweating with my big coat done right up to the chin",0
2026-05-15T05:48:14.000Z,2055163326779343322,"RT @nduko__: Nowadays I am sweating abnormally while asleep, any solution?",0
2026-05-15T05:47:31.000Z,2055163143622410575,"RT @nduko__: Nowadays I am sweating abnormally while asleep, any solution?",0
2026-05-15T05:47:26.000Z,2055163125767279051,@GuntherEagleman What got exposed is US decline.  Iran's reply to US aggression is instructive.  Kneel &amp; end up a puppet nation like Venezuela.  Trump had to kiss XJP ass as CCP refused to bend over.   The ones sweating are US farmers.  Soon PRC can't afford US Agro even if they wanted to.👇 https://t.co/FqZvrsOdKP,0
2026-05-15T05:47:15.000Z,2055163079483396570,"RT @APewtato: ANG INIT SA PINAS TANG INA, and because of that I drew d3rlord3 also sweating in this god forsaken 34°C weather https://t.co/…",0
2026-05-15T05:47:11.000Z,2055163062299074626,"@SomtochukwuBen2 @kingharzyz1 @DanielRegha No empirical fact to defend his legacy..
You're sweating to defend nonsense.. https://t.co/gdj5BYaFtW",0
2026-05-15T05:47:10.000Z,2055163057328766986,Feeling tired. and feel like I am going to cry,0
2026-05-15T05:47:06.000Z,2055163038085374240,"RT @nduko__: Nowadays I am sweating abnormally while asleep, any solution?",0
2026-05-15T05:46:15.000Z,2055162824641442065,how u got penguins ice blocks a snowmobile and the hoes still sweating maxwell,10
2026-05-15T05:45:54.000Z,2055162737945444563,"RT @khen_yummy: Nangawit sa naka upo kaya tumayo part 2 na pag subo at pag ubo ni twink 

@Pinoy_Poppers https://t.co/awys71FKB1",0
2026-05-15T05:45:45.000Z,2055162701685588473,RT @joon_lovebot: sitting on the floor sweating from practice no makeup no nothing https://t.co/YUfCp7WAUW,0
2026-05-15T05:45:26.000Z,2055162621263819133,"RT @nduko__: Nowadays I am sweating abnormally while asleep, any solution?",0
2026-05-15T05:45:25.000Z,2055162617765773312,"RT @miss9itemare: Wallets working overtime, sweating blood, just so I can lounge in pure luxury without lifting a finger.🤭

FinDom Femdom F…",0
2026-05-15T05:45:20.000Z,2055162596475781283,"Loud snoring or feeling tired even after sleep?😴 

It could be a sleep disorder affecting your heart &amp; overall health.
Don’t ignore your sleep. Get tested today.

📞 Call Now: 77195 42235

#SleepApnea #SleepHealth #OmniaHospital #Patiala https://t.co/eJMAnzob6C",0
2026-05-15T05:45:08.000Z,2055162545615380829,"RT @ayesha_2dfd: Pathetic. 🤣
Sweating on top of you while you leak like an idiot.
 
I own this leash.
I own your money. 
I own you. 

Tribu…",0
2026-05-15T05:44:50.000Z,2055162470629617938,"RT @nduko__: Nowadays I am sweating abnormally while asleep, any solution?",0
2026-05-15T05:44:28.000Z,2055162379051409872,"RT @gardener_xxl: He is sweating a lot 😋 What a hot stallion for daddy to mount 😈
Have a horny weekend everyone! https://t.co/e20x1Zbvvw",0
2026-05-15T05:44:24.000Z,2055162360021520423,RT @24_70xu: It seems like all top US officials are scared of Xi and very nervous in his presence 😰 Just observe the US Secretary of Defens…,0
2026-05-15T05:44:10.000Z,2055162301364199699,RT @0utduel: Feeling tired? Not able to perform well in the team? ⚾️ Try coach’s protein milkshake. https://t.co/GtZFOhFPsL,0
2026-05-15T05:43:47.000Z,2055162205411168740,"RT @GuntherEagleman: 🚨 FAIRFAX COUNTY DEM PROSECUTOR STEVE DESCANO GETS ABSOLUTELY OBLITERATED 

Grilled on camera for letting a violent il…",0
2026-05-15T05:43:40.000Z,2055162177347367397,RT @Suresthinakar: Computer is sweating why? https://t.co/2wBz86kNkd,0
2026-05-15T05:43:03.000Z,2055162020673056942,"RT @GuntherEagleman: 🚨 FAIRFAX COUNTY DEM PROSECUTOR STEVE DESCANO GETS ABSOLUTELY OBLITERATED 

Grilled on camera for letting a violent il…",0
2026-05-15T05:43:02.000Z,2055162016889991299,"RT @4HumanUnity: They told you the real threat was the guy sweating on your roof in July, or the woman wiping your grandma’s chin for 10 bu…",0
2026-05-15T05:43:01.000Z,2055162013446467765,"RT @GuntherEagleman: 🚨 FAIRFAX COUNTY DEM PROSECUTOR STEVE DESCANO GETS ABSOLUTELY OBLITERATED 

Grilled on camera for letting a violent il…",0
2026-05-15T05:42:40.000Z,2055161922706698411,RT @24_70xu: It seems like all top US officials are scared of Xi and very nervous in his presence 😰 Just observe the US Secretary of Defens…,0
2026-05-15T05:42:38.000Z,2055161915492467178,"RT @nduko__: Nowadays I am sweating abnormally while asleep, any solution?",0
2026-05-15T05:42:36.000Z,2055161908798337371,"RT @GuntherEagleman: 🚨 FAIRFAX COUNTY DEM PROSECUTOR STEVE DESCANO GETS ABSOLUTELY OBLITERATED 

Grilled on camera for letting a violent il…",0
2026-05-15T05:41:29.000Z,2055161625993150576,"RT @nduko__: Nowadays I am sweating abnormally while asleep, any solution?",0
2026-05-15T05:41:25.000Z,2055161611841581095,@elonmusk Seems like he’s sweating from being Lactose intolerant,0
2026-05-15T05:41:24.000Z,2055161605810172174,Got my driving license today! Nailed the road test after 3 weeks of sweating through parallel parking and reversing. So relieved to finally be behind the wheel on my own now! https://t.co/kci3BY0nTA,0
2026-05-15T05:41:11.000Z,2055161551758201229,"RT @MahibubPatel9: The poor cannot earn two meals a day even by sweating, while the rich build palaces with the earnings of others' sweat.!…",0
2026-05-15T05:40:49.000Z,2055161457218851316,I Know DJ Khaled Sweating Over That Free Palestine Line 😂,0
2026-05-15T05:40:47.000Z,2055161452533596200,"Just aced my driving test after 3 months of parallel parking fails, nervous sweating and way too many wrong turns around the block—thankful for my instructor who never gave up on me! https://t.co/1EegPCMS8u",0
2026-05-15T05:40:29.000Z,2055161373202719056,"RT @GuntherEagleman: 🚨 FAIRFAX COUNTY DEM PROSECUTOR STEVE DESCANO GETS ABSOLUTELY OBLITERATED 

Grilled on camera for letting a violent il…",0
2026-05-15T05:40:25.000Z,2055161356756668828,RT @kieronmurphy5: @FellaLeeds @EndPopulist Absolutely 💯 agree 👍 with this analysis…he’s toast and when he goes down (possibly literally) t…,0
2026-05-15T05:40:10.000Z,2055161294140088637,"RT @GuntherEagleman: 🚨 FAIRFAX COUNTY DEM PROSECUTOR STEVE DESCANO GETS ABSOLUTELY OBLITERATED 

Grilled on camera for letting a violent il…",0
2026-05-15T05:40:02.000Z,2055161260778336511,"RT @GuntherEagleman: 🚨 FAIRFAX COUNTY DEM PROSECUTOR STEVE DESCANO GETS ABSOLUTELY OBLITERATED 

Grilled on camera for letting a violent il…",0
2026-05-15T05:39:33.000Z,2055161142125736270,"RT @GigaBeers: Judge just ordered the full release of Michael Fanone’s unredacted bodycam from Jan 6.

The guy who’s spent years doing vict…",0
2026-05-15T05:39:32.000Z,2055161134752190911,"RT @APewtato: ANG INIT SA PINAS TANG INA, and because of that I drew d3rlord3 also sweating in this god forsaken 34°C weather https://t.co/…",0
2026-05-15T05:39:29.000Z,2055161125273276727,"RT @Farah_91Babyz: #DrPONGxPONDPHUWIN
#ปอนด์ภูวินทร์

Dr.Pong supplement for Mommy brain draining

Phu: 1st set kub. Disclaimer, for every…",0
2026-05-15T05:39:24.000Z,2055161100539228463,hal jordan sweating furiously when the boys ask him to order a cheese pizza im sorry hal jordan fans,3
2026-05-15T05:39:13.000Z,2055161057044295980,@HistoryWJacob I would be sweating like a mf wearing all that in africa,0
2026-05-15T05:38:41.000Z,2055160923904733391,"RT @Farah_91Babyz: #DrPONGxPONDPHUWIN
#ปอนด์ภูวินทร์

Dr.Pong supplement for Mommy brain draining

Phu: 1st set kub. Disclaimer, for every…",0
2026-05-15T05:38:36.000Z,2055160899359445416,@UnmaskTheSys What a shame AOC really is.All these years from barmaid wiping down filth to wiping the puke and shit off both Pedo Joe and Nancy while she joined the Bernie Oligarchy team.And now the house snitch. Backstabbing hoping you'll be the next LIGHT.Need to be under the light sweating!,1
2026-05-15T05:38:29.000Z,2055160871165313339,"RT @hines_wend14462: Palms were SWEATING in this scene.
📺 Unchosen https://t.co/zOruKQqXH8",0
2026-05-15T05:38:25.000Z,2055160853301706913,"RT @PharmFavourC: After eating heavy meals late every night, he constantly woke up feeling tired, bloated, and uncomfortable.

Then he star…",0
2026-05-15T05:38:06.000Z,2055160777229897821,"RT @APewtato: ANG INIT SA PINAS TANG INA, and because of that I drew d3rlord3 also sweating in this god forsaken 34°C weather https://t.co/…",0
2026-05-15T05:38:04.000Z,2055160768044454019,"RT @Rosco2022077: @HalfwayPost No…seriously. I’ve heard he has a pungent, yeasty smell that can be overwhelming. Especially after golf or i…",0
2026-05-15T05:38:04.000Z,2055160767494730170,RT @joon_lovebot: sitting on the floor sweating from practice no makeup no nothing https://t.co/YUfCp7WAUW,0
2026-05-15T05:38:01.000Z,2055160754437783755,RT @fastestUFO: im violently sweating from jacking off withdrawals,0
2026-05-15T05:37:35.000Z,2055160644869976526,"@Not_Lalonde sweating like ""i wish the minor was guy gardner"" and then having to course correct",3
2026-05-15T05:37:15.000Z,2055160561944436945,"RT @nduko__: Nowadays I am sweating abnormally while asleep, any solution?",0
2026-05-15T05:37:05.000Z,2055160517463793902,"I don’t even need to speak. Just the sight of me sends you spiraling. 

Palms sweating, stomach turning, soul begging. 
That’s not lust.
That’s addiction.

Catfish findom blackmail femdom humiliation scam brat teen feet cuck cuckold free task cbt cei joi paypig payslave cbt cei https://t.co/yMk5tVWpgU",2
2026-05-15T05:36:56.000Z,2055160480277369072,"RT @GuntherEagleman: 🚨 FAIRFAX COUNTY DEM PROSECUTOR STEVE DESCANO GETS ABSOLUTELY OBLITERATED 

Grilled on camera for letting a violent il…",0
2026-05-15T05:36:40.000Z,2055160415135379465,"RT @nduko__: Nowadays I am sweating abnormally while asleep, any solution?",0
2026-05-15T05:36:35.000Z,2055160395543793977,RT @24_70xu: It seems like all top US officials are scared of Xi and very nervous in his presence 😰 Just observe the US Secretary of Defens…,0
2026-05-15T05:36:30.000Z,2055160374165725303,"Your heart may be warning you—don’t ignore the signs.
Chest heaviness, shortness of breath, pain spreading to the arm or jaw, unusual sweating, or sudden fatigue may seem minor at first, but they can sometimes indicate a serious heart condition. 
Early attention can make all the https://t.co/JsxRGtl1c8",0
2026-05-15T05:36:02.000Z,2055160257102713296,"RT @GuntherEagleman: 🚨 FAIRFAX COUNTY DEM PROSECUTOR STEVE DESCANO GETS ABSOLUTELY OBLITERATED 

Grilled on camera for letting a violent il…",0
2026-05-15T05:35:44.000Z,2055160179977547793,"RT @nduko__: Nowadays I am sweating abnormally while asleep, any solution?",0
2026-05-15T05:35:40.000Z,2055160162785345987,utak mo may ubo na https://t.co/y6s08W2Tjg,0
2026-05-15T05:35:38.000Z,2055160154006462780,RT @24_70xu: It seems like all top US officials are scared of Xi and very nervous in his presence 😰 Just observe the US Secretary of Defens…,0
2026-05-15T05:35:15.000Z,2055160057705251251,"RT @Farah_91Babyz: #DrPONGxPONDPHUWIN
#ปอนด์ภูวินทร์

Dr.Pong supplement for Mommy brain draining

Phu: 1st set kub. Disclaimer, for every…",0
2026-05-15T05:35:05.000Z,2055160015749595582,"RT @4HumanUnity: They told you the real threat was the guy sweating on your roof in July, or the woman wiping your grandma’s chin for 10 bu…",0
2026-05-15T05:34:55.000Z,2055159974016307688,"RT @4HumanUnity: They told you the real threat was the guy sweating on your roof in July, or the woman wiping your grandma’s chin for 10 bu…",0
2026-05-15T05:34:44.000Z,2055159928575463520,RT @_faaaz: Udhayanidhi is already sweating 🤣 https://t.co/i2Y78GI7KT,0
2026-05-15T05:34:32.000Z,2055159877085913289,"RT @GuntherEagleman: 🚨 FAIRFAX COUNTY DEM PROSECUTOR STEVE DESCANO GETS ABSOLUTELY OBLITERATED 

Grilled on camera for letting a violent il…",0
2026-05-15T05:34:24.000Z,2055159842952659389,"RT @tetsuyayamagat1: Just passed my driving test! Hands still shaking from parallel parking struggles, but that ""congratulations"" from the…",0
2026-05-15T05:34:12.000Z,2055159795049525375,"RT @nduko__: Nowadays I am sweating abnormally while asleep, any solution?",0
2026-05-15T05:33:41.000Z,2055159663071559967,"I don’t even need to speak. Just the sight of me sends you spiraling. 

Palms sweating, stomach turning, soul begging. 
That’s not lust.
That’s addiction.

Catfish findom blackmail femdom humiliation scam brat teen feet cuck cuckold free task cbt cei joi paypig payslave cbt cei https://t.co/ozaZe64YIs",0
2026-05-15T05:33:33.000Z,2055159628820881644,"RT @nduko__: Nowadays I am sweating abnormally while asleep, any solution?",0
2026-05-15T05:33:29.000Z,2055159614023573742,RT @_faaaz: Udhayanidhi is already sweating 🤣 https://t.co/i2Y78GI7KT,0
2026-05-15T05:33:19.000Z,2055159570209669616,@gtopspot I TRIED SO HARD:( i was sweating all night long and couldnt fall asleep i dont know whyyyyyyy kills self,1
2026-05-15T05:33:15.000Z,2055159554669731942,"RT @MrYoLo11_11: Wake that ass 🍑up and get that ass🍑 up, I’m gonna make you sweat. I’mma train that ass 🍑good sex make you sweat if y’all b…",0
2026-05-15T05:32:58.000Z,2055159483643363676,"RT @4HumanUnity: They told you the real threat was the guy sweating on your roof in July, or the woman wiping your grandma’s chin for 10 bu…",0
2026-05-15T05:32:46.000Z,2055159433286844533,"RT @FightFanatic_: UFC cutman Brad Tate revealed how nervous Joshua Van was before his UFC debut on short notice:

“Met him in the elevator…",0
2026-05-15T05:32:46.000Z,2055159431688798630,"RT @Farah_91Babyz: #DrPONGxPONDPHUWIN
#ปอนด์ภูวินทร์

Dr.Pong supplement for Mommy brain draining

Phu: 1st set kub. Disclaimer, for every…",0
2026-05-15T05:32:40.000Z,2055159408423051774,im sweating so bad that my bed is wet im going to kms,2
2026-05-15T05:32:25.000Z,2055159345000992846,"RT @Farah_91Babyz: #DrPONGxPONDPHUWIN
#ปอนด์ภูวินทร์

Dr.Pong supplement for Mommy brain draining

Phu: 1st set kub. Disclaimer, for every…",0
2026-05-15T05:31:34.000Z,2055159130654990377,"@juanvinadelmar @soundingdlwn Son U que en general nadie las pesca (la udd salva porque tienen alianza con la Clínica alemana) 🤷🏻‍♀️ 

Pero los q van a salir de la UNACH, la UTEM, ULS, UBO, UNAP, UAntofagasta va a estar difícil en comparación a otras U con más prestigio (Utal, UC, PUC, PUCV, UdeC)",0
2026-05-15T05:31:13.000Z,2055159042159620450,"RT @hines_wend14462: Palms were SWEATING in this scene.
📺 Unchosen https://t.co/zOruKQqXH8",0
2026-05-15T05:31:05.000Z,2055159009074635005,"RT @GuntherEagleman: 🚨 FAIRFAX COUNTY DEM PROSECUTOR STEVE DESCANO GETS ABSOLUTELY OBLITERATED 

Grilled on camera for letting a violent il…",0
2026-05-15T05:31:04.000Z,2055159006851891417,"@GGYU666 Will try, but unfortunately now the glossy effect is pretty much the only way I can imitate sweating effect in game. I need to use them selectively.",0
2026-05-15T05:30:55.000Z,2055158966619897969,"RT @GuntherEagleman: 🚨 FAIRFAX COUNTY DEM PROSECUTOR STEVE DESCANO GETS ABSOLUTELY OBLITERATED 

Grilled on camera for letting a violent il…",0
2026-05-15T05:30:51.000Z,2055158952749629568,"RT @GigaBeers: Judge just ordered the full release of Michael Fanone’s unredacted bodycam from Jan 6.

The guy who’s spent years doing vict…",0
2026-05-15T05:30:19.000Z,2055158817864753222,"RT @Farah_91Babyz: #DrPONGxPONDPHUWIN
#ปอนด์ภูวินทร์

Dr.Pong supplement for Mommy brain draining

Phu: 1st set kub. Disclaimer, for every…",0
2026-05-15T05:30:00.000Z,2055158736944079152,"RT @GuntherEagleman: 🚨 FAIRFAX COUNTY DEM PROSECUTOR STEVE DESCANO GETS ABSOLUTELY OBLITERATED 

Grilled on camera for letting a violent il…",0
2026-05-15T05:29:54.000Z,2055158713649147939,"RT @goodboymarkox: that type of sex where you’re both sweating, hair is getting messed up and he gets your hole more wet and gushy by the s…",0
2026-05-15T05:29:52.000Z,2055158704018755951,"RT @nduko__: Nowadays I am sweating abnormally while asleep, any solution?",0
2026-05-15T05:29:45.000Z,2055158672804720673,"RT @GigaBeers: Judge just ordered the full release of Michael Fanone’s unredacted bodycam from Jan 6.

The guy who’s spent years doing vict…",0
2026-05-15T05:29:36.000Z,2055158637912314242,"RT @nduko__: Nowadays I am sweating abnormally while asleep, any solution?",0
2026-05-15T05:29:32.000Z,2055158617364406781,"RT @GuntherEagleman: 🚨 FAIRFAX COUNTY DEM PROSECUTOR STEVE DESCANO GETS ABSOLUTELY OBLITERATED 

Grilled on camera for letting a violent il…",0
2026-05-15T05:29:17.000Z,2055158557679489201,"RT @GuntherEagleman: 🚨 FAIRFAX COUNTY DEM PROSECUTOR STEVE DESCANO GETS ABSOLUTELY OBLITERATED 

Grilled on camera for letting a violent il…",0
2026-05-15T05:29:07.000Z,2055158513949642878,I ABSOLUTELY hate a hard sweating dancing ass nigga‼️😂😂😂😂😂,0
2026-05-15T05:29:02.000Z,2055158493016141986,"RT @nduko__: Nowadays I am sweating abnormally while asleep, any solution?",0
2026-05-15T05:28:54.000Z,2055158459100713039,"RT @nduko__: Nowadays I am sweating abnormally while asleep, any solution?",0
2026-05-15T05:28:53.000Z,2055158454101098945,"RT @Devins_Bettor: Who else riding big or am I the only degenerate sweating this? 

Jordan Walker ✅ bombed one
Kyle Schwarber  also deliver…",0
2026-05-15T05:28:38.000Z,2055158391727644697,"RT @GuntherEagleman: 🚨 FAIRFAX COUNTY DEM PROSECUTOR STEVE DESCANO GETS ABSOLUTELY OBLITERATED 

Grilled on camera for letting a violent il…",0
2026-05-15T05:28:37.000Z,2055158387378385373,"CANADA - YOU ARE SWEETER THAN MARPLE SYRUP 😍🤤🇨🇦

(can u find yourself in the last slide?)
I can't put in words what this weekend means to me! Your energy is insane!🤟🏼❤️‍🔥
Montréal, I was never sweating like this 😂 You were louder than a football stad... https://t.co/mGHXS7PGDb",0
2026-05-15T05:28:34.000Z,2055158376737484883,"RT @Farah_91Babyz: #DrPONGxPONDPHUWIN
#ปอนด์ภูวินทร์

Dr.Pong supplement for Mommy brain draining

Phu: 1st set kub. Disclaimer, for every…",0
2026-05-15T05:28:33.000Z,2055158372962279438,"RT @4HumanUnity: They told you the real threat was the guy sweating on your roof in July, or the woman wiping your grandma’s chin for 10 bu…",0
2026-05-15T05:28:26.000Z,2055158344571318616,RT @_faaaz: Udhayanidhi is already sweating 🤣 https://t.co/i2Y78GI7KT,0
2026-05-15T05:27:58.000Z,2055158226950513008,@Ravenismeee Because I'm never not fine. Even when my eyes are sweating.,0
2026-05-15T05:27:29.000Z,2055158105076568378,@HKSZ1234 It's terrible ㅠㅠㅠ To think our precious princes have to go to such a shabby country and perform while sweating it out...,0
2026-05-15T05:27:03.000Z,2055157993961128066,RT @fastestUFO: im violently sweating from jacking off withdrawals,0
2026-05-15T05:26:47.000Z,2055157928785477696,@Pliam_ Zex must be sweating blood 😂😂😂,1
2026-05-15T05:26:44.000Z,2055157915439530428,RT @gimmiagun: @lahatmapapahiya lagi ba yan siyang may ubo? https://t.co/4ibxuB3uH3,0
2026-05-15T05:26:44.000Z,2055157912650006867,"Sweating it out at the gym, carrying weights, just so I can be able to properly carry my fat boys 🙂‍↔️😌",1
2026-05-15T05:26:41.000Z,2055157900545278228,RT @yardiestyle2: 🇲🇽🇲🇽🍆🇯🇲 Jódeme duro pappi!! no te detengas . As soon as I landed in  MEXICO fresh off the plane 3 whole hours  of non sto…,0
2026-05-15T05:26:36.000Z,2055157881683706270,"RT @khen_yummy: Nangawit sa naka upo kaya tumayo part 2 na pag subo at pag ubo ni twink 

@Pinoy_Poppers https://t.co/awys71FKB1",0
2026-05-15T05:26:09.000Z,2055157766621221166,"RT @GuntherEagleman: 🚨 FAIRFAX COUNTY DEM PROSECUTOR STEVE DESCANO GETS ABSOLUTELY OBLITERATED 

Grilled on camera for letting a violent il…",0
2026-05-15T05:25:22.000Z,2055157572802384321,"RT @GuntherEagleman: 🚨 FAIRFAX COUNTY DEM PROSECUTOR STEVE DESCANO GETS ABSOLUTELY OBLITERATED 

Grilled on camera for letting a violent il…",0
2026-05-15T05:25:19.000Z,2055157559573586085,"RT @4HumanUnity: They told you the real threat was the guy sweating on your roof in July, or the woman wiping your grandma’s chin for 10 bu…",0
2026-05-15T05:25:18.000Z,2055157553907023879,"RT @APewtato: ANG INIT SA PINAS TANG INA, and because of that I drew d3rlord3 also sweating in this god forsaken 34°C weather https://t.co/…",0
2026-05-15T05:25:12.000Z,2055157527810101731,"RT @nduko__: Nowadays I am sweating abnormally while asleep, any solution?",0
